
OS:Version,
  {9cbb6aac-c85c-44c5-942f-6b54d50ab3dc}, !- Handle
  3.7.0;                                  !- Version Identifier

OS:WeatherFile,
  {0d7d7f4c-6fc0-4c93-bf2a-4b467e9079a3}, !- Handle
  Tallahassee Regional Ap  Isis,          !- City
  FL,                                     !- State Province Region
  USA,                                    !- Country
  TMY3,                                   !- Data Source
  722140,                                 !- WMO Number
  30.38,                                  !- Latitude {deg}
  -84.37,                                 !- Longitude {deg}
  -5,                                     !- Time Zone {hr}
  21,                                     !- Elevation {m}
  /weather/G1302530.epw,                  !- Url
  BA4BE2F9,                               !- Checksum
  ,                                       !- Start Date Actual Year
  Sunday;                                 !- Start Day of Week

OS:YearDescription,
  {df49e067-2961-4119-8293-4504de744ec1}, !- Handle
  2018,                                   !- Calendar Year
  ,                                       !- Day of Week for Start Day
  ;                                       !- Is Leap Year

OS:Site,
  {17ec0789-d4c1-47f8-99be-d361f2671bc7}, !- Handle
  Tallahassee Regional Ap  Isis_FL_USA,   !- Name
  30.38,                                  !- Latitude {deg}
  -84.37,                                 !- Longitude {deg}
  -5,                                     !- Time Zone {hr}
  21,                                     !- Elevation {m}
  Suburbs;                                !- Terrain

OS:RunPeriodControl:DaylightSavingTime,
  {127b10ec-3431-4af2-bf60-a22094d48a1a}, !- Handle
  Mar 12,                                 !- Start Date
  Nov 5;                                  !- End Date

OS:Site:GroundTemperature:Shallow,
  {912781b0-ba30-4591-ae83-3450e6b20af3}, !- Handle
  16.3546663980125,                       !- January Surface Ground Temperature {C}
  15.0592964613324,                       !- February Surface Ground Temperature {C}
  14.9555585913301,                       !- March Surface Ground Temperature {C}
  15.5702778150259,                       !- April Surface Ground Temperature {C}
  18.038032949685,                        !- May Surface Ground Temperature {C}
  20.49429223405,                         !- June Surface Ground Temperature {C}
  22.6237377606621,                       !- July Surface Ground Temperature {C}
  23.9726891291255,                       !- August Surface Ground Temperature {C}
  24.0872899571397,                       !- September Surface Ground Temperature {C}
  22.9901447466756,                       !- October Surface Ground Temperature {C}
  20.9150013312211,                       !- November Surface Ground Temperature {C}
  18.5340900771804;                       !- December Surface Ground Temperature {C}

OS:SimulationControl,
  {46c7f117-c70f-49b8-ae0a-77852cdd989f}, !- Handle
  ,                                       !- Do Zone Sizing Calculation
  ,                                       !- Do System Sizing Calculation
  ,                                       !- Do Plant Sizing Calculation
  No;                                     !- Run Simulation for Sizing Periods

OS:Timestep,
  {7a278390-04f2-43d0-ab64-e93ed7c7882a}, !- Handle
  4;                                      !- Number of Timesteps per Hour

OS:ShadowCalculation,
  {0afdc344-52d2-4b51-aff5-dc875aa4e96d}, !- Handle
  PolygonClipping,                        !- Shading Calculation Method
  ,                                       !- Shading Calculation Update Frequency Method
  20,                                     !- Shading Calculation Update Frequency
  200,                                    !- Maximum Figures in Shadow Overlap Calculations
  ,                                       !- Polygon Clipping Algorithm
  512,                                    !- Pixel Counting Resolution
  ,                                       !- Sky Diffuse Modeling Algorithm
  No,                                     !- Output External Shading Calculation Results
  No,                                     !- Disable Self-Shading Within Shading Zone Groups
  No;                                     !- Disable Self-Shading From Shading Zone Groups to Other Zones

OS:SurfaceConvectionAlgorithm:Outside,
  {65ef3867-051c-45e3-a041-466c1dbcc084}, !- Handle
  DOE-2;                                  !- Algorithm

OS:SurfaceConvectionAlgorithm:Inside,
  {22b1f906-701c-44a2-a410-998b76519a91}, !- Handle
  TARP;                                   !- Algorithm

OS:ZoneCapacitanceMultiplier:ResearchSpecial,
  {535f3cfa-e02a-4f1c-8bbb-30f6230b091d}, !- Handle
  1,                                      !- Temperature Capacity Multiplier
  15,                                     !- Humidity Capacity Multiplier
  ;                                       !- Carbon Dioxide Capacity Multiplier

OS:ConvergenceLimits,
  {238adb05-e5d2-4341-b778-3fed5b019dca}, !- Handle
  0;                                      !- Minimum System Timestep {minutes}

OS:RunPeriod,
  {b6344dad-568e-454b-90b7-070df33a826f}, !- Handle
  Run Period 1,                           !- Name
  1,                                      !- Begin Month
  1,                                      !- Begin Day of Month
  12,                                     !- End Month
  31,                                     !- End Day of Month
  ,                                       !- Use Weather File Holidays and Special Days
  ,                                       !- Use Weather File Daylight Saving Period
  ,                                       !- Apply Weekend Holiday Rule
  ,                                       !- Use Weather File Rain Indicators
  ,                                       !- Use Weather File Snow Indicators
  ;                                       !- Number of Times Runperiod to be Repeated

OS:PerformancePrecisionTradeoffs,
  {574794cd-42a3-4df8-ae83-d2b0d67e05d3}, !- Handle
  ,                                       !- Use Coil Direct Solutions
  CarrollMRT;                             !- Zone Radiant Exchange Algorithm

OS:ThermalZone,
  {94e82864-d97b-409a-8a34-e0c56475184d}, !- Handle
  conditioned space,                      !- Name
  1,                                      !- Multiplier
  ,                                       !- Ceiling Height {m}
  278.184700919808,                       !- Volume {m3}
  ,                                       !- Floor Area {m2}
  ,                                       !- Zone Inside Convection Algorithm
  ,                                       !- Zone Outside Convection Algorithm
  ,                                       !- Zone Conditioning Equipment List Name
  {4ce68a9b-4f13-430b-9a7b-24d29de84f33}, !- Zone Air Inlet Port List
  {9a2ae2c1-cb3c-462a-a3b9-30f12d47ec12}, !- Zone Air Exhaust Port List
  {5f3c0c61-643a-477f-9e1b-594abbb8a25b}, !- Zone Air Node Name
  {b4494612-dce3-43a1-bf3a-6bc2557af36e}, !- Zone Return Air Port List
  ,                                       !- Primary Daylighting Control Name
  ,                                       !- Fraction of Zone Controlled by Primary Daylighting Control
  ,                                       !- Secondary Daylighting Control Name
  ,                                       !- Fraction of Zone Controlled by Secondary Daylighting Control
  ,                                       !- Illuminance Map Name
  ,                                       !- Group Rendering Name
  {50fde846-e70c-43cf-9821-5858966c1122}, !- Thermostat Name
  No;                                     !- Use Ideal Air Loads

OS:Node,
  {baac562c-c76c-46ce-8228-8c5a5ba1fb19}, !- Handle
  Node 1,                                 !- Name
  {5f3c0c61-643a-477f-9e1b-594abbb8a25b}, !- Inlet Port
  ;                                       !- Outlet Port

OS:Connection,
  {5f3c0c61-643a-477f-9e1b-594abbb8a25b}, !- Handle
  {94e82864-d97b-409a-8a34-e0c56475184d}, !- Source Object
  11,                                     !- Outlet Port
  {baac562c-c76c-46ce-8228-8c5a5ba1fb19}, !- Target Object
  2;                                      !- Inlet Port

OS:PortList,
  {4ce68a9b-4f13-430b-9a7b-24d29de84f33}, !- Handle
  {94e82864-d97b-409a-8a34-e0c56475184d}, !- HVAC Component
  {5498c6b7-782f-41fc-9339-215efd6b235e}; !- Port 1

OS:PortList,
  {9a2ae2c1-cb3c-462a-a3b9-30f12d47ec12}, !- Handle
  {94e82864-d97b-409a-8a34-e0c56475184d}; !- HVAC Component

OS:PortList,
  {b4494612-dce3-43a1-bf3a-6bc2557af36e}, !- Handle
  {94e82864-d97b-409a-8a34-e0c56475184d}, !- HVAC Component
  {ee34ca12-02ec-4827-b969-86d2fbad5dbc}; !- Port 1

OS:Sizing:Zone,
  {f25f6d85-2c89-4a37-9b53-b2e47ec15c09}, !- Handle
  {94e82864-d97b-409a-8a34-e0c56475184d}, !- Zone or ZoneList Name
  SupplyAirTemperature,                   !- Zone Cooling Design Supply Air Temperature Input Method
  14,                                     !- Zone Cooling Design Supply Air Temperature {C}
  11.11,                                  !- Zone Cooling Design Supply Air Temperature Difference {deltaC}
  SupplyAirTemperature,                   !- Zone Heating Design Supply Air Temperature Input Method
  40,                                     !- Zone Heating Design Supply Air Temperature {C}
  11.11,                                  !- Zone Heating Design Supply Air Temperature Difference {deltaC}
  0.0085,                                 !- Zone Cooling Design Supply Air Humidity Ratio {kg-H2O/kg-air}
  0.008,                                  !- Zone Heating Design Supply Air Humidity Ratio {kg-H2O/kg-air}
  ,                                       !- Zone Heating Sizing Factor
  ,                                       !- Zone Cooling Sizing Factor
  DesignDay,                              !- Cooling Design Air Flow Method
  ,                                       !- Cooling Design Air Flow Rate {m3/s}
  ,                                       !- Cooling Minimum Air Flow per Zone Floor Area {m3/s-m2}
  ,                                       !- Cooling Minimum Air Flow {m3/s}
  ,                                       !- Cooling Minimum Air Flow Fraction
  DesignDay,                              !- Heating Design Air Flow Method
  ,                                       !- Heating Design Air Flow Rate {m3/s}
  ,                                       !- Heating Maximum Air Flow per Zone Floor Area {m3/s-m2}
  ,                                       !- Heating Maximum Air Flow {m3/s}
  ,                                       !- Heating Maximum Air Flow Fraction
  No,                                     !- Account for Dedicated Outdoor Air System
  NeutralSupplyAir,                       !- Dedicated Outdoor Air System Control Strategy
  autosize,                               !- Dedicated Outdoor Air Low Setpoint Temperature for Design {C}
  autosize,                               !- Dedicated Outdoor Air High Setpoint Temperature for Design {C}
  Sensible Load Only No Latent Load,      !- Zone Load Sizing Method
  HumidityRatioDifference,                !- Zone Latent Cooling Design Supply Air Humidity Ratio Input Method
  ,                                       !- Zone Dehumidification Design Supply Air Humidity Ratio {kgWater/kgDryAir}
  0.005,                                  !- Zone Cooling Design Supply Air Humidity Ratio Difference {kgWater/kgDryAir}
  HumidityRatioDifference,                !- Zone Latent Heating Design Supply Air Humidity Ratio Input Method
  ,                                       !- Zone Humidification Design Supply Air Humidity Ratio {kgWater/kgDryAir}
  0.005;                                  !- Zone Humidification Design Supply Air Humidity Ratio Difference {kgWater/kgDryAir}

OS:ZoneHVAC:EquipmentList,
  {fd8c61c6-baab-4aab-905d-28fe4c3e4ed0}, !- Handle
  Zone HVAC Equipment List 1,             !- Name
  {94e82864-d97b-409a-8a34-e0c56475184d}, !- Thermal Zone
  ,                                       !- Load Distribution Scheme
  {71a89eff-b4a9-4b7e-b8d4-69b867fd1b47}, !- Zone Equipment 1
  1,                                      !- Zone Equipment Cooling Sequence 1
  1,                                      !- Zone Equipment Heating or No-Load Sequence 1
  {d8a62c13-9467-41c6-a208-deaf34d0dd8a}, !- Zone Equipment Sequential Cooling Fraction Schedule Name 1
  {b930f289-9df9-46b3-9cc6-af27719de9c4}; !- Zone Equipment Sequential Heating Fraction Schedule Name 1

OS:AdditionalProperties,
  {e26d8cae-531f-4461-a238-0b052c6239d0}, !- Handle
  {94e82864-d97b-409a-8a34-e0c56475184d}, !- Object Name
  ObjectType,                             !- Feature Name 1
  String,                                 !- Feature Data Type 1
  conditioned space;                      !- Feature Value 1

OS:Space,
  {ebd3c336-575b-4630-bea9-fcaa44ab29b9}, !- Handle
  conditioned space 1,                    !- Name
  ,                                       !- Space Type Name
  ,                                       !- Default Construction Set Name
  ,                                       !- Default Schedule Set Name
  ,                                       !- Direction of Relative North {deg}
  ,                                       !- X Origin {m}
  ,                                       !- Y Origin {m}
  ,                                       !- Z Origin {m}
  ,                                       !- Building Story Name
  {94e82864-d97b-409a-8a34-e0c56475184d}, !- Thermal Zone Name
  ,                                       !- Part of Total Floor Area
  ,                                       !- Design Specification Outdoor Air Object Name
  {10fb000f-ea01-4237-a83d-dedc65ce5a78}, !- Building Unit Name
  278.184700919808;                       !- Volume {m3}

OS:Schedule:Ruleset,
  {d10a0863-0672-476f-a526-eb096d3c18df}, !- Handle
  heating setpoint,                       !- Name
  {28f274e0-b357-4608-ba2d-17b09bb982a2}, !- Schedule Type Limits Name
  {cd9171b8-bd7e-48d1-aae7-d4a290738a24}; !- Default Day Schedule Name

OS:Schedule:Day,
  {cd9171b8-bd7e-48d1-aae7-d4a290738a24}, !- Handle
  heating setpoint default day,           !- Name
  {28f274e0-b357-4608-ba2d-17b09bb982a2}, !- Schedule Type Limits Name
  ,                                       !- Interpolate to Timestep
  24,                                     !- Hour 1
  0,                                      !- Minute 1
  0;                                      !- Value Until Time 1

OS:Schedule:Rule,
  {1e906530-05b5-42e0-88ee-9fe682e47c1f}, !- Handle
  heating setpoint allday ruleset1,       !- Name
  {d10a0863-0672-476f-a526-eb096d3c18df}, !- Schedule Ruleset Name
  0,                                      !- Rule Order
  {067390d2-93a9-4292-aed2-c7c613afe1a5}, !- Day Schedule Name
  Yes,                                    !- Apply Sunday
  Yes,                                    !- Apply Monday
  Yes,                                    !- Apply Tuesday
  Yes,                                    !- Apply Wednesday
  Yes,                                    !- Apply Thursday
  Yes,                                    !- Apply Friday
  Yes,                                    !- Apply Saturday
  DateRange,                              !- Date Specification Type
  1,                                      !- Start Month
  1,                                      !- Start Day
  12,                                     !- End Month
  31;                                     !- End Day

OS:Schedule:Day,
  {067390d2-93a9-4292-aed2-c7c613afe1a5}, !- Handle
  heating setpoint allday1,               !- Name
  {28f274e0-b357-4608-ba2d-17b09bb982a2}, !- Schedule Type Limits Name
  ,                                       !- Interpolate to Timestep
  24,                                     !- Hour 1
  0,                                      !- Minute 1
  20;                                     !- Value Until Time 1

OS:Schedule:Ruleset,
  {d12d33f1-9b81-4caf-b50b-392b1a1a6db5}, !- Handle
  cooling setpoint,                       !- Name
  {28f274e0-b357-4608-ba2d-17b09bb982a2}, !- Schedule Type Limits Name
  {a2f4f705-e9c2-4b13-9142-a6887974a2b9}; !- Default Day Schedule Name

OS:Schedule:Day,
  {a2f4f705-e9c2-4b13-9142-a6887974a2b9}, !- Handle
  cooling setpoint default day,           !- Name
  {28f274e0-b357-4608-ba2d-17b09bb982a2}, !- Schedule Type Limits Name
  ,                                       !- Interpolate to Timestep
  24,                                     !- Hour 1
  0,                                      !- Minute 1
  0;                                      !- Value Until Time 1

OS:Schedule:Rule,
  {0e1b260c-98b8-459f-a3bd-d9b47cdbba6d}, !- Handle
  cooling setpoint allday ruleset1,       !- Name
  {d12d33f1-9b81-4caf-b50b-392b1a1a6db5}, !- Schedule Ruleset Name
  0,                                      !- Rule Order
  {355d1188-a704-4d1a-a3b5-bee20904982c}, !- Day Schedule Name
  Yes,                                    !- Apply Sunday
  Yes,                                    !- Apply Monday
  Yes,                                    !- Apply Tuesday
  Yes,                                    !- Apply Wednesday
  Yes,                                    !- Apply Thursday
  Yes,                                    !- Apply Friday
  Yes,                                    !- Apply Saturday
  DateRange,                              !- Date Specification Type
  1,                                      !- Start Month
  1,                                      !- Start Day
  12,                                     !- End Month
  31;                                     !- End Day

OS:Schedule:Day,
  {355d1188-a704-4d1a-a3b5-bee20904982c}, !- Handle
  cooling setpoint allday1,               !- Name
  {28f274e0-b357-4608-ba2d-17b09bb982a2}, !- Schedule Type Limits Name
  ,                                       !- Interpolate to Timestep
  24,                                     !- Hour 1
  0,                                      !- Minute 1
  25.5555555555556;                       !- Value Until Time 1

OS:ThermostatSetpoint:DualSetpoint,
  {50fde846-e70c-43cf-9821-5858966c1122}, !- Handle
  conditioned space temperature setpoint, !- Name
  {d10a0863-0672-476f-a526-eb096d3c18df}, !- Heating Setpoint Temperature Schedule Name
  {d12d33f1-9b81-4caf-b50b-392b1a1a6db5}; !- Cooling Setpoint Temperature Schedule Name

OS:ScheduleTypeLimits,
  {28f274e0-b357-4608-ba2d-17b09bb982a2}, !- Handle
  Temperature,                            !- Name
  ,                                       !- Lower Limit Value
  ,                                       !- Upper Limit Value
  Continuous,                             !- Numeric Type
  Temperature;                            !- Unit Type

OS:Surface,
  {2e74d2d9-e4e8-4a2b-b8e3-639456b70514}, !- Handle
  Roof1,                                  !- Name
  RoofCeiling,                            !- Surface Type
  {48b08624-573c-49c9-ade0-bcb8d76c2acd}, !- Construction Name
  {685f02b5-e525-4b97-bfdf-29605a1cb691}, !- Space Name
  Outdoors,                               !- Outside Boundary Condition
  ,                                       !- Outside Boundary Condition Object
  SunExposed,                             !- Sun Exposure
  WindExposed,                            !- Wind Exposure
  ,                                       !- View Factor to Ground
  ,                                       !- Number of Vertices
  -13.9950067126023, 6.00889657989783, 2.4384, !- X,Y,Z Vertex 1 {m}
  -6.8520136727065, 6.00889667525054, 6.00989651994791, !- X,Y,Z Vertex 2 {m}
  -6.85201377931407, 13.995005675258, 6.00989651994791, !- X,Y,Z Vertex 3 {m}
  -13.9950068192099, 13.9950055799053, 2.4384; !- X,Y,Z Vertex 4 {m}

OS:AdditionalProperties,
  {53d358d6-70dd-4e4d-a91a-4ecaf36f691f}, !- Handle
  {2e74d2d9-e4e8-4a2b-b8e3-639456b70514}, !- Object Name
  Length,                                 !- Feature Name 1
  Double,                                 !- Feature Data Type 1
  26.201145013147801,                     !- Feature Value 1
  Width,                                  !- Feature Name 2
  Double,                                 !- Feature Data Type 2
  26.201145013147805,                     !- Feature Value 2
  Azimuth,                                !- Feature Name 3
  Integer,                                !- Feature Data Type 3
  270,                                    !- Feature Value 3
  Tilt,                                   !- Feature Name 4
  Double,                                 !- Feature Data Type 4
  0.5,                                    !- Feature Value 4
  SurfaceType,                            !- Feature Name 5
  String,                                 !- Feature Data Type 5
  Roof;                                   !- Feature Value 5

OS:ThermalZone,
  {174bd611-3974-4d3e-9df7-91e6a9eb9234}, !- Handle
  attic - vented,                         !- Name
  1,                                      !- Multiplier
  ,                                       !- Ceiling Height {m}
  90.8251629401347,                       !- Volume {m3}
  ,                                       !- Floor Area {m2}
  ,                                       !- Zone Inside Convection Algorithm
  ,                                       !- Zone Outside Convection Algorithm
  ,                                       !- Zone Conditioning Equipment List Name
  {56c4c4e2-1c5f-450d-baba-44b6bf8f1b91}, !- Zone Air Inlet Port List
  {8678c8b5-e14e-4e1a-addb-3b4ce8649e8b}, !- Zone Air Exhaust Port List
  {17a8735a-5849-42c7-9f00-ae06218d91c0}, !- Zone Air Node Name
  {7c7453b4-7afb-473e-8c1a-fe6365364502}, !- Zone Return Air Port List
  ,                                       !- Primary Daylighting Control Name
  ,                                       !- Fraction of Zone Controlled by Primary Daylighting Control
  ,                                       !- Secondary Daylighting Control Name
  ,                                       !- Fraction of Zone Controlled by Secondary Daylighting Control
  ,                                       !- Illuminance Map Name
  ,                                       !- Group Rendering Name
  ,                                       !- Thermostat Name
  No;                                     !- Use Ideal Air Loads

OS:Node,
  {42608588-b0d5-465e-bf86-e38cb1655561}, !- Handle
  Node 2,                                 !- Name
  {17a8735a-5849-42c7-9f00-ae06218d91c0}, !- Inlet Port
  ;                                       !- Outlet Port

OS:Connection,
  {17a8735a-5849-42c7-9f00-ae06218d91c0}, !- Handle
  {174bd611-3974-4d3e-9df7-91e6a9eb9234}, !- Source Object
  11,                                     !- Outlet Port
  {42608588-b0d5-465e-bf86-e38cb1655561}, !- Target Object
  2;                                      !- Inlet Port

OS:PortList,
  {56c4c4e2-1c5f-450d-baba-44b6bf8f1b91}, !- Handle
  {174bd611-3974-4d3e-9df7-91e6a9eb9234}; !- HVAC Component

OS:PortList,
  {8678c8b5-e14e-4e1a-addb-3b4ce8649e8b}, !- Handle
  {174bd611-3974-4d3e-9df7-91e6a9eb9234}; !- HVAC Component

OS:PortList,
  {7c7453b4-7afb-473e-8c1a-fe6365364502}, !- Handle
  {174bd611-3974-4d3e-9df7-91e6a9eb9234}; !- HVAC Component

OS:Sizing:Zone,
  {f1df9a96-d384-4d85-8755-a407e3fcbc61}, !- Handle
  {174bd611-3974-4d3e-9df7-91e6a9eb9234}, !- Zone or ZoneList Name
  SupplyAirTemperature,                   !- Zone Cooling Design Supply Air Temperature Input Method
  14,                                     !- Zone Cooling Design Supply Air Temperature {C}
  11.11,                                  !- Zone Cooling Design Supply Air Temperature Difference {deltaC}
  SupplyAirTemperature,                   !- Zone Heating Design Supply Air Temperature Input Method
  40,                                     !- Zone Heating Design Supply Air Temperature {C}
  11.11,                                  !- Zone Heating Design Supply Air Temperature Difference {deltaC}
  0.0085,                                 !- Zone Cooling Design Supply Air Humidity Ratio {kg-H2O/kg-air}
  0.008,                                  !- Zone Heating Design Supply Air Humidity Ratio {kg-H2O/kg-air}
  ,                                       !- Zone Heating Sizing Factor
  ,                                       !- Zone Cooling Sizing Factor
  DesignDay,                              !- Cooling Design Air Flow Method
  ,                                       !- Cooling Design Air Flow Rate {m3/s}
  ,                                       !- Cooling Minimum Air Flow per Zone Floor Area {m3/s-m2}
  ,                                       !- Cooling Minimum Air Flow {m3/s}
  ,                                       !- Cooling Minimum Air Flow Fraction
  DesignDay,                              !- Heating Design Air Flow Method
  ,                                       !- Heating Design Air Flow Rate {m3/s}
  ,                                       !- Heating Maximum Air Flow per Zone Floor Area {m3/s-m2}
  ,                                       !- Heating Maximum Air Flow {m3/s}
  ,                                       !- Heating Maximum Air Flow Fraction
  No,                                     !- Account for Dedicated Outdoor Air System
  NeutralSupplyAir,                       !- Dedicated Outdoor Air System Control Strategy
  autosize,                               !- Dedicated Outdoor Air Low Setpoint Temperature for Design {C}
  autosize,                               !- Dedicated Outdoor Air High Setpoint Temperature for Design {C}
  Sensible Load Only No Latent Load,      !- Zone Load Sizing Method
  HumidityRatioDifference,                !- Zone Latent Cooling Design Supply Air Humidity Ratio Input Method
  ,                                       !- Zone Dehumidification Design Supply Air Humidity Ratio {kgWater/kgDryAir}
  0.005,                                  !- Zone Cooling Design Supply Air Humidity Ratio Difference {kgWater/kgDryAir}
  HumidityRatioDifference,                !- Zone Latent Heating Design Supply Air Humidity Ratio Input Method
  ,                                       !- Zone Humidification Design Supply Air Humidity Ratio {kgWater/kgDryAir}
  0.005;                                  !- Zone Humidification Design Supply Air Humidity Ratio Difference {kgWater/kgDryAir}

OS:ZoneHVAC:EquipmentList,
  {e85c0470-eea6-46e9-b89b-ada493d9d476}, !- Handle
  Zone HVAC Equipment List 2,             !- Name
  {174bd611-3974-4d3e-9df7-91e6a9eb9234}; !- Thermal Zone

OS:AdditionalProperties,
  {e440c520-d0cc-4673-9504-e10d83832a8a}, !- Handle
  {174bd611-3974-4d3e-9df7-91e6a9eb9234}, !- Object Name
  ObjectType,                             !- Feature Name 1
  String,                                 !- Feature Data Type 1
  attic - vented;                         !- Feature Value 1

OS:Space,
  {685f02b5-e525-4b97-bfdf-29605a1cb691}, !- Handle
  attic - vented 1,                       !- Name
  ,                                       !- Space Type Name
  ,                                       !- Default Construction Set Name
  ,                                       !- Default Schedule Set Name
  ,                                       !- Direction of Relative North {deg}
  ,                                       !- X Origin {m}
  ,                                       !- Y Origin {m}
  ,                                       !- Z Origin {m}
  ,                                       !- Building Story Name
  {174bd611-3974-4d3e-9df7-91e6a9eb9234}, !- Thermal Zone Name
  ,                                       !- Part of Total Floor Area
  ,                                       !- Design Specification Outdoor Air Object Name
  {10fb000f-ea01-4237-a83d-dedc65ce5a78}, !- Building Unit Name
  90.8251629401347;                       !- Volume {m3}

OS:Material,
  {3db18e45-f48e-44a5-b16f-71aca68ddc8a}, !- Handle
  asphalt or fiberglass shingles,         !- Name
  Rough,                                  !- Roughness
  0.00635,                                !- Thickness {m}
  0.162714,                               !- Conductivity {W/m-K}
  1121.4,                                 !- Density {kg/m3}
  1465.45,                                !- Specific Heat {J/kg-K}
  0.9,                                    !- Thermal Absorptance
  0.85,                                   !- Solar Absorptance
  0.85;                                   !- Visible Absorptance

OS:Material,
  {e849ea39-3f2e-4315-879a-61eff8dccade}, !- Handle
  roof rigid ins,                         !- Name
  Rough,                                  !- Roughness
  0.0028163194147757,                     !- Thickness {m}
  0.029427,                               !- Conductivity {W/m-K}
  32.04,                                  !- Density {kg/m3}
  1214.23,                                !- Specific Heat {J/kg-K}
  0.9,                                    !- Thermal Absorptance
  0.7,                                    !- Solar Absorptance
  0.7;                                    !- Visible Absorptance

OS:Material,
  {7e12b3d4-8da6-420a-b780-567affd1457d}, !- Handle
  osb sheathing 0.5 in.,                  !- Name
  Rough,                                  !- Roughness
  0.0127,                                 !- Thickness {m}
  0.1154577,                              !- Conductivity {W/m-K}
  512.64,                                 !- Density {kg/m3}
  1214.23,                                !- Specific Heat {J/kg-K}
  0.9,                                    !- Thermal Absorptance
  0.6,                                    !- Solar Absorptance
  0.6;                                    !- Visible Absorptance

OS:Construction,
  {48b08624-573c-49c9-ade0-bcb8d76c2acd}, !- Handle
  Roof1 construction,                     !- Name
  ,                                       !- Surface Rendering Name
  {3db18e45-f48e-44a5-b16f-71aca68ddc8a}, !- Layer 1
  {e849ea39-3f2e-4315-879a-61eff8dccade}, !- Layer 2
  {7e12b3d4-8da6-420a-b780-567affd1457d}; !- Layer 3

OS:Surface,
  {3cba1cf9-c0e8-4946-acdb-a2c88d6325a6}, !- Handle
  Roof2,                                  !- Name
  RoofCeiling,                            !- Surface Type
  {97bc466c-1aca-4376-b5c4-319d99fab977}, !- Construction Name
  {685f02b5-e525-4b97-bfdf-29605a1cb691}, !- Space Name
  Outdoors,                               !- Outside Boundary Condition
  ,                                       !- Outside Boundary Condition Object
  SunExposed,                             !- Sun Exposure
  WindExposed,                            !- Wind Exposure
  ,                                       !- View Factor to Ground
  ,                                       !- Number of Vertices
  13.9950065521753, -6.00889695354001, 2.4384, !- X,Y,Z Vertex 1 {m}
  6.85201351227948, -6.0088968581873, 6.00989651994791, !- X,Y,Z Vertex 2 {m}
  6.85201340567191, -13.9950058581947, 6.00989651994791, !- X,Y,Z Vertex 3 {m}
  13.9950064455677, -13.9950059535475, 2.4384; !- X,Y,Z Vertex 4 {m}

OS:AdditionalProperties,
  {23c27087-96a9-489b-976b-70200503c2b2}, !- Handle
  {3cba1cf9-c0e8-4946-acdb-a2c88d6325a6}, !- Object Name
  Length,                                 !- Feature Name 1
  Double,                                 !- Feature Data Type 1
  26.201145013147801,                     !- Feature Value 1
  Width,                                  !- Feature Name 2
  Double,                                 !- Feature Data Type 2
  26.201145013147805,                     !- Feature Value 2
  Azimuth,                                !- Feature Name 3
  Integer,                                !- Feature Data Type 3
  90,                                     !- Feature Value 3
  Tilt,                                   !- Feature Name 4
  Double,                                 !- Feature Data Type 4
  0.5,                                    !- Feature Value 4
  SurfaceType,                            !- Feature Name 5
  String,                                 !- Feature Data Type 5
  Roof;                                   !- Feature Value 5

OS:Construction,
  {97bc466c-1aca-4376-b5c4-319d99fab977}, !- Handle
  Roof2 construction,                     !- Name
  ,                                       !- Surface Rendering Name
  {3db18e45-f48e-44a5-b16f-71aca68ddc8a}, !- Layer 1
  {e849ea39-3f2e-4315-879a-61eff8dccade}, !- Layer 2
  {7e12b3d4-8da6-420a-b780-567affd1457d}; !- Layer 3

OS:Surface,
  {a2602cf4-8c1c-40bd-8916-26c152d4ead4}, !- Handle
  Wall1,                                  !- Name
  Wall,                                   !- Surface Type
  {19bc3469-cfbd-4a5c-942f-bf6ad615e854}, !- Construction Name
  {ebd3c336-575b-4630-bea9-fcaa44ab29b9}, !- Space Name
  Outdoors,                               !- Outside Boundary Condition
  ,                                       !- Outside Boundary Condition Object
  SunExposed,                             !- Sun Exposure
  WindExposed,                            !- Wind Exposure
  ,                                       !- View Factor to Ground
  ,                                       !- Number of Vertices
  -13.9950056760533, -11.9850027769933, 0, !- X,Y,Z Vertex 1 {m}
  -13.9950056760533, -11.9850027769933, 2.4384, !- X,Y,Z Vertex 2 {m}
  -13.9950061810947, 0.626097223006682, 2.4384, !- X,Y,Z Vertex 3 {m}
  -13.9950061810947, 0.626097223006682, 0; !- X,Y,Z Vertex 4 {m}

OS:AdditionalProperties,
  {bfe6ed9c-784b-4151-aa38-2a8c3ac7621d}, !- Handle
  {a2602cf4-8c1c-40bd-8916-26c152d4ead4}, !- Object Name
  Length,                                 !- Feature Name 1
  Double,                                 !- Feature Data Type 1
  41.375,                                 !- Feature Value 1
  Azimuth,                                !- Feature Name 2
  Integer,                                !- Feature Data Type 2
  270,                                    !- Feature Value 2
  Tilt,                                   !- Feature Name 3
  Double,                                 !- Feature Data Type 3
  90,                                     !- Feature Value 3
  SurfaceType,                            !- Feature Name 4
  String,                                 !- Feature Data Type 4
  Wall;                                   !- Feature Value 4

OS:Material,
  {dbf25e41-2cf3-43e0-8cfa-8e8ef3e5da16}, !- Handle
  stucco,                                 !- Name
  Rough,                                  !- Roughness
  0.0254,                                 !- Thickness {m}
  0.649125,                               !- Conductivity {W/m-K}
  1281.6,                                 !- Density {kg/m3}
  879.27,                                 !- Specific Heat {J/kg-K}
  0.9,                                    !- Thermal Absorptance
  0.5,                                    !- Solar Absorptance
  0.5;                                    !- Visible Absorptance

OS:Material,
  {d38fa7c4-bba6-4402-b47e-9418e05f0046}, !- Handle
  wall rigid ins,                         !- Name
  Rough,                                  !- Roughness
  0.051816,                               !- Thickness {m}
  0.029427,                               !- Conductivity {W/m-K}
  32.04,                                  !- Density {kg/m3}
  1214.23,                                !- Specific Heat {J/kg-K}
  0.9,                                    !- Thermal Absorptance
  0.7,                                    !- Solar Absorptance
  0.7;                                    !- Visible Absorptance

OS:Material,
  {3559db18-8638-442f-9b9b-933a4329a811}, !- Handle
  osb sheathing 0.5 in. 1,                !- Name
  Rough,                                  !- Roughness
  0.0127,                                 !- Thickness {m}
  0.1154577,                              !- Conductivity {W/m-K}
  512.64,                                 !- Density {kg/m3}
  1214.23,                                !- Specific Heat {J/kg-K}
  0.9,                                    !- Thermal Absorptance
  0.7,                                    !- Solar Absorptance
  0.7;                                    !- Visible Absorptance

OS:Material,
  {9b1ad67f-78c7-471b-a6bb-330dc12f5302}, !- Handle
  wall layer 1,                           !- Name
  Rough,                                  !- Roughness
  0.2032,                                 !- Thickness {m}
  0.870203809203726,                      !- Conductivity {W/m-K}
  1762.2,                                 !- Density {kg/m3}
  795.53,                                 !- Specific Heat {J/kg-K}
  0.9,                                    !- Thermal Absorptance
  0.7,                                    !- Solar Absorptance
  0.7;                                    !- Visible Absorptance

OS:Material,
  {4ec06eb7-9c2a-4a26-a83d-8fc29bbb6c55}, !- Handle
  gypsum board,                           !- Name
  Rough,                                  !- Roughness
  0.0127,                                 !- Thickness {m}
  0.1602906,                              !- Conductivity {W/m-K}
  801,                                    !- Density {kg/m3}
  837.4,                                  !- Specific Heat {J/kg-K}
  0.9,                                    !- Thermal Absorptance
  0.6,                                    !- Solar Absorptance
  0.6;                                    !- Visible Absorptance

OS:Construction,
  {19bc3469-cfbd-4a5c-942f-bf6ad615e854}, !- Handle
  Wall1 construction,                     !- Name
  ,                                       !- Surface Rendering Name
  {dbf25e41-2cf3-43e0-8cfa-8e8ef3e5da16}, !- Layer 1
  {d38fa7c4-bba6-4402-b47e-9418e05f0046}, !- Layer 2
  {3559db18-8638-442f-9b9b-933a4329a811}, !- Layer 3
  {9b1ad67f-78c7-471b-a6bb-330dc12f5302}, !- Layer 4
  {4ec06eb7-9c2a-4a26-a83d-8fc29bbb6c55}; !- Layer 5

OS:Surface,
  {49ec098f-a5d9-4cc5-9c32-ecfa8cc7e816}, !- Handle
  Wall2,                                  !- Name
  Wall,                                   !- Surface Type
  {cb84851f-e407-4d51-827d-ceb0810feca3}, !- Construction Name
  {ebd3c336-575b-4630-bea9-fcaa44ab29b9}, !- Space Name
  Outdoors,                               !- Outside Boundary Condition
  ,                                       !- Outside Boundary Condition Object
  SunExposed,                             !- Sun Exposure
  WindExposed,                            !- Wind Exposure
  ,                                       !- View Factor to Ground
  ,                                       !- Number of Vertices
  3.74105837228856, 13.9950063285427, 0,  !- X,Y,Z Vertex 1 {m}
  3.74105837228856, 13.9950063285427, 2.4384, !- X,Y,Z Vertex 2 {m}
  10.7476483722886, 13.9950063285427, 2.4384, !- X,Y,Z Vertex 3 {m}
  10.7476483722886, 13.9950063285427, 0;  !- X,Y,Z Vertex 4 {m}

OS:AdditionalProperties,
  {f2d53646-d02e-44db-a3e1-d6adaa20ec25}, !- Handle
  {49ec098f-a5d9-4cc5-9c32-ecfa8cc7e816}, !- Object Name
  Length,                                 !- Feature Name 1
  Double,                                 !- Feature Data Type 1
  22.987500000000001,                     !- Feature Value 1
  Azimuth,                                !- Feature Name 2
  Integer,                                !- Feature Data Type 2
  0,                                      !- Feature Value 2
  Tilt,                                   !- Feature Name 3
  Double,                                 !- Feature Data Type 3
  90,                                     !- Feature Value 3
  SurfaceType,                            !- Feature Name 4
  String,                                 !- Feature Data Type 4
  Wall;                                   !- Feature Value 4

OS:Construction,
  {cb84851f-e407-4d51-827d-ceb0810feca3}, !- Handle
  Wall2 construction,                     !- Name
  ,                                       !- Surface Rendering Name
  {dbf25e41-2cf3-43e0-8cfa-8e8ef3e5da16}, !- Layer 1
  {d38fa7c4-bba6-4402-b47e-9418e05f0046}, !- Layer 2
  {3559db18-8638-442f-9b9b-933a4329a811}, !- Layer 3
  {9b1ad67f-78c7-471b-a6bb-330dc12f5302}, !- Layer 4
  {4ec06eb7-9c2a-4a26-a83d-8fc29bbb6c55}; !- Layer 5

OS:Surface,
  {2d4eecba-2153-454f-92f1-dbc9afe041a2}, !- Handle
  Wall3,                                  !- Name
  Wall,                                   !- Surface Type
  {f73ff057-00b7-4c52-af3f-6b6f6b317265}, !- Construction Name
  {ebd3c336-575b-4630-bea9-fcaa44ab29b9}, !- Space Name
  Outdoors,                               !- Outside Boundary Condition
  ,                                       !- Outside Boundary Condition Object
  SunExposed,                             !- Sun Exposure
  WindExposed,                            !- Wind Exposure
  ,                                       !- View Factor to Ground
  ,                                       !- Number of Vertices
  13.9950059620858, 13.0659758318369, 0,  !- X,Y,Z Vertex 1 {m}
  13.9950059620858, 13.0659758318369, 2.4384, !- X,Y,Z Vertex 2 {m}
  13.9950061202609, 1.21687583183691, 2.4384, !- X,Y,Z Vertex 3 {m}
  13.9950061202609, 1.21687583183691, 0;  !- X,Y,Z Vertex 4 {m}

OS:AdditionalProperties,
  {4295836b-9c3b-4315-b7e8-1aef5443d100}, !- Handle
  {2d4eecba-2153-454f-92f1-dbc9afe041a2}, !- Object Name
  Length,                                 !- Feature Name 1
  Double,                                 !- Feature Data Type 1
  38.875,                                 !- Feature Value 1
  Azimuth,                                !- Feature Name 2
  Integer,                                !- Feature Data Type 2
  90,                                     !- Feature Value 2
  Tilt,                                   !- Feature Name 3
  Double,                                 !- Feature Data Type 3
  90,                                     !- Feature Value 3
  SurfaceType,                            !- Feature Name 4
  String,                                 !- Feature Data Type 4
  Wall;                                   !- Feature Value 4

OS:Construction,
  {f73ff057-00b7-4c52-af3f-6b6f6b317265}, !- Handle
  Wall3 construction,                     !- Name
  ,                                       !- Surface Rendering Name
  {dbf25e41-2cf3-43e0-8cfa-8e8ef3e5da16}, !- Layer 1
  {d38fa7c4-bba6-4402-b47e-9418e05f0046}, !- Layer 2
  {3559db18-8638-442f-9b9b-933a4329a811}, !- Layer 3
  {9b1ad67f-78c7-471b-a6bb-330dc12f5302}, !- Layer 4
  {4ec06eb7-9c2a-4a26-a83d-8fc29bbb6c55}; !- Layer 5

OS:Surface,
  {c58339e2-33ee-4845-abc8-b0dded472579}, !- Handle
  Wall4,                                  !- Name
  Wall,                                   !- Surface Type
  {38e978d9-e190-4811-a30a-a83b54c373b3}, !- Construction Name
  {ebd3c336-575b-4630-bea9-fcaa44ab29b9}, !- Space Name
  Outdoors,                               !- Outside Boundary Condition
  ,                                       !- Outside Boundary Condition Object
  SunExposed,                             !- Sun Exposure
  WindExposed,                            !- Wind Exposure
  ,                                       !- View Factor to Ground
  ,                                       !- Number of Vertices
  -3.74105799864639, -13.9950064284224, 0, !- X,Y,Z Vertex 1 {m}
  -3.74105799864639, -13.9950064284224, 2.4384, !- X,Y,Z Vertex 2 {m}
  -10.7476479986464, -13.9950066154861, 2.4384, !- X,Y,Z Vertex 3 {m}
  -10.7476479986464, -13.9950066154861, 0; !- X,Y,Z Vertex 4 {m}

OS:AdditionalProperties,
  {0058cde2-4d19-4a74-933f-1fde0506fcb4}, !- Handle
  {c58339e2-33ee-4845-abc8-b0dded472579}, !- Object Name
  Length,                                 !- Feature Name 1
  Double,                                 !- Feature Data Type 1
  22.987500000000001,                     !- Feature Value 1
  Azimuth,                                !- Feature Name 2
  Integer,                                !- Feature Data Type 2
  180,                                    !- Feature Value 2
  Tilt,                                   !- Feature Name 3
  Double,                                 !- Feature Data Type 3
  90,                                     !- Feature Value 3
  SurfaceType,                            !- Feature Name 4
  String,                                 !- Feature Data Type 4
  Wall;                                   !- Feature Value 4

OS:Construction,
  {38e978d9-e190-4811-a30a-a83b54c373b3}, !- Handle
  Wall4 construction,                     !- Name
  ,                                       !- Surface Rendering Name
  {dbf25e41-2cf3-43e0-8cfa-8e8ef3e5da16}, !- Layer 1
  {d38fa7c4-bba6-4402-b47e-9418e05f0046}, !- Layer 2
  {3559db18-8638-442f-9b9b-933a4329a811}, !- Layer 3
  {9b1ad67f-78c7-471b-a6bb-330dc12f5302}, !- Layer 4
  {4ec06eb7-9c2a-4a26-a83d-8fc29bbb6c55}; !- Layer 5

OS:Surface,
  {9b63147d-3e6f-48db-87f7-78ff054eee15}, !- Handle
  Wall5,                                  !- Name
  Wall,                                   !- Surface Type
  {c5a6d2a6-99dc-415a-b6c7-51a91e05f739}, !- Construction Name
  {685f02b5-e525-4b97-bfdf-29605a1cb691}, !- Space Name
  Outdoors,                               !- Outside Boundary Condition
  ,                                       !- Outside Boundary Condition Object
  SunExposed,                             !- Sun Exposure
  WindExposed,                            !- Wind Exposure
  ,                                       !- View Factor to Ground
  ,                                       !- Number of Vertices
  -0.43790202771144, 13.9950062476832, 0, !- X,Y,Z Vertex 1 {m}
  -0.43790202771144, 13.9950062476832, 2.4384, !- X,Y,Z Vertex 2 {m}
  2.81202797228856, 13.9950062476832, 2.4384, !- X,Y,Z Vertex 3 {m}
  2.81202797228856, 13.9950062476832, 0;  !- X,Y,Z Vertex 4 {m}

OS:AdditionalProperties,
  {1c357d83-9e18-4cd4-9ec5-ec934ae76b4b}, !- Handle
  {9b63147d-3e6f-48db-87f7-78ff054eee15}, !- Object Name
  Length,                                 !- Feature Name 1
  Double,                                 !- Feature Data Type 1
  10.6625,                                !- Feature Value 1
  Azimuth,                                !- Feature Name 2
  Integer,                                !- Feature Data Type 2
  0,                                      !- Feature Value 2
  Tilt,                                   !- Feature Name 3
  Double,                                 !- Feature Data Type 3
  90,                                     !- Feature Value 3
  SurfaceType,                            !- Feature Name 4
  String,                                 !- Feature Data Type 4
  Wall;                                   !- Feature Value 4

OS:Material,
  {7df5df29-c29a-4649-b656-88c243c15c20}, !- Handle
  wall stud and cavity,                   !- Name
  Rough,                                  !- Roughness
  0.1397,                                 !- Thickness {m}
  0.348569238304257,                      !- Conductivity {W/m-K}
  139.0536,                               !- Density {kg/m3}
  1170.23755760369,                       !- Specific Heat {J/kg-K}
  0.9,                                    !- Thermal Absorptance
  0.6,                                    !- Solar Absorptance
  0.6;                                    !- Visible Absorptance

OS:Construction,
  {c5a6d2a6-99dc-415a-b6c7-51a91e05f739}, !- Handle
  Wall5 construction,                     !- Name
  ,                                       !- Surface Rendering Name
  {dbf25e41-2cf3-43e0-8cfa-8e8ef3e5da16}, !- Layer 1
  {3559db18-8638-442f-9b9b-933a4329a811}, !- Layer 2
  {7df5df29-c29a-4649-b656-88c243c15c20}; !- Layer 3

OS:Surface,
  {8eef7daa-38d6-412c-9737-ca7c029d2f85}, !- Handle
  Wall6,                                  !- Name
  Wall,                                   !- Surface Type
  {8a76ad5d-57ab-48f0-9e44-3e8aa9cc2596}, !- Construction Name
  {685f02b5-e525-4b97-bfdf-29605a1cb691}, !- Space Name
  Outdoors,                               !- Outside Boundary Condition
  ,                                       !- Outside Boundary Condition Object
  SunExposed,                             !- Sun Exposure
  WindExposed,                            !- Wind Exposure
  ,                                       !- View Factor to Ground
  ,                                       !- Number of Vertices
  0.437902401353601, -13.995006235992, 0, !- X,Y,Z Vertex 1 {m}
  0.437902401353601, -13.995006235992, 2.4384, !- X,Y,Z Vertex 2 {m}
  -2.8120275986464, -13.9950063227594, 2.4384, !- X,Y,Z Vertex 3 {m}
  -2.8120275986464, -13.9950063227594, 0; !- X,Y,Z Vertex 4 {m}

OS:AdditionalProperties,
  {4319bd03-5650-4fa3-b88e-57bae4d31a93}, !- Handle
  {8eef7daa-38d6-412c-9737-ca7c029d2f85}, !- Object Name
  Length,                                 !- Feature Name 1
  Double,                                 !- Feature Data Type 1
  10.6625,                                !- Feature Value 1
  Azimuth,                                !- Feature Name 2
  Integer,                                !- Feature Data Type 2
  180,                                    !- Feature Value 2
  Tilt,                                   !- Feature Name 3
  Double,                                 !- Feature Data Type 3
  90,                                     !- Feature Value 3
  SurfaceType,                            !- Feature Name 4
  String,                                 !- Feature Data Type 4
  Wall;                                   !- Feature Value 4

OS:Construction,
  {8a76ad5d-57ab-48f0-9e44-3e8aa9cc2596}, !- Handle
  Wall6 construction,                     !- Name
  ,                                       !- Surface Rendering Name
  {dbf25e41-2cf3-43e0-8cfa-8e8ef3e5da16}, !- Layer 1
  {3559db18-8638-442f-9b9b-933a4329a811}, !- Layer 2
  {7df5df29-c29a-4649-b656-88c243c15c20}; !- Layer 3

OS:Surface,
  {a6de8a82-c4f6-4a9d-b7ac-331e8f07ad0a}, !- Handle
  Floor1,                                 !- Name
  RoofCeiling,                            !- Surface Type
  {bcad7bf8-e44c-42db-843f-141b0c0b9f5e}, !- Construction Name
  {ebd3c336-575b-4630-bea9-fcaa44ab29b9}, !- Space Name
  Surface,                                !- Outside Boundary Condition
  {29f26e01-1132-408e-ba50-c96c500050b6}, !- Outside Boundary Condition Object
  NoSun,                                  !- Sun Exposure
  NoWind,                                 !- Wind Exposure
  ,                                       !- View Factor to Ground
  ,                                       !- Number of Vertices
  5.34052743462666, -5.34052743462666, 2.4384, !- X,Y,Z Vertex 1 {m}
  5.34052743462666, 5.34052743462666, 2.4384, !- X,Y,Z Vertex 2 {m}
  -5.34052743462666, 5.34052743462666, 2.4384, !- X,Y,Z Vertex 3 {m}
  -5.34052743462666, -5.34052743462666, 2.4384; !- X,Y,Z Vertex 4 {m}

OS:AdditionalProperties,
  {e39543f8-bf3a-43b8-b310-7ea6cfe65c3b}, !- Handle
  {a6de8a82-c4f6-4a9d-b7ac-331e8f07ad0a}, !- Object Name
  SurfaceType,                            !- Feature Name 1
  String,                                 !- Feature Data Type 1
  Ceiling,                                !- Feature Value 1
  Tilt,                                   !- Feature Name 2
  Double,                                 !- Feature Data Type 2
  0;                                      !- Feature Value 2

OS:Surface,
  {29f26e01-1132-408e-ba50-c96c500050b6}, !- Handle
  Surface 1 Reversed,                     !- Name
  Floor,                                  !- Surface Type
  {1a1ea384-43dd-4e0b-95be-045f8474e0df}, !- Construction Name
  {685f02b5-e525-4b97-bfdf-29605a1cb691}, !- Space Name
  Surface,                                !- Outside Boundary Condition
  {a6de8a82-c4f6-4a9d-b7ac-331e8f07ad0a}, !- Outside Boundary Condition Object
  NoSun,                                  !- Sun Exposure
  NoWind,                                 !- Wind Exposure
  ,                                       !- View Factor to Ground
  ,                                       !- Number of Vertices
  -5.34052743462666, -5.34052743462666, 2.4384, !- X,Y,Z Vertex 1 {m}
  -5.34052743462666, 5.34052743462666, 2.4384, !- X,Y,Z Vertex 2 {m}
  5.34052743462666, 5.34052743462666, 2.4384, !- X,Y,Z Vertex 3 {m}
  5.34052743462666, -5.34052743462666, 2.4384; !- X,Y,Z Vertex 4 {m}

OS:AdditionalProperties,
  {3d1f8c6a-413d-4bc2-93d5-659c867efadd}, !- Handle
  {29f26e01-1132-408e-ba50-c96c500050b6}, !- Object Name
  SurfaceType,                            !- Feature Name 1
  String,                                 !- Feature Data Type 1
  Ceiling;                                !- Feature Value 1

OS:Material,
  {67959053-0b6d-4ccb-ac2a-19bc07e22779}, !- Handle
  ceiling loosefill ins,                  !- Name
  Rough,                                  !- Roughness
  0.0846666666666667,                     !- Thickness {m}
  0.0480833333333333,                     !- Conductivity {W/m-K}
  16.02,                                  !- Density {kg/m3}
  1046.75,                                !- Specific Heat {J/kg-K}
  0.9,                                    !- Thermal Absorptance
  0.7,                                    !- Solar Absorptance
  0.7;                                    !- Visible Absorptance

OS:Material,
  {b7655cac-b7b1-4989-a40f-fc3047211f16}, !- Handle
  ceiling stud and cavity,                !- Name
  Rough,                                  !- Roughness
  0.1397,                                 !- Thickness {m}
  0.0920384787563589,                     !- Conductivity {W/m-K}
  65.682,                                 !- Density {kg/m3}
  1177.46609756098,                       !- Specific Heat {J/kg-K}
  0.9,                                    !- Thermal Absorptance
  0.7,                                    !- Solar Absorptance
  0.7;                                    !- Visible Absorptance

OS:Construction,
  {bcad7bf8-e44c-42db-843f-141b0c0b9f5e}, !- Handle
  Floor1 construction,                    !- Name
  ,                                       !- Surface Rendering Name
  {67959053-0b6d-4ccb-ac2a-19bc07e22779}, !- Layer 1
  {b7655cac-b7b1-4989-a40f-fc3047211f16}, !- Layer 2
  {4ec06eb7-9c2a-4a26-a83d-8fc29bbb6c55}; !- Layer 3

OS:Construction,
  {1a1ea384-43dd-4e0b-95be-045f8474e0df}, !- Handle
  Floor1 construction Reversed,           !- Name
  ,                                       !- Surface Rendering Name
  {4ec06eb7-9c2a-4a26-a83d-8fc29bbb6c55}, !- Layer 1
  {b7655cac-b7b1-4989-a40f-fc3047211f16}, !- Layer 2
  {67959053-0b6d-4ccb-ac2a-19bc07e22779}; !- Layer 3

OS:Surface,
  {56459db9-a80c-4f21-98ee-31abdab26165}, !- Handle
  Slab1,                                  !- Name
  Floor,                                  !- Surface Type
  {eaae4f73-6412-4186-90d7-804c42ff3f2c}, !- Construction Name
  {ebd3c336-575b-4630-bea9-fcaa44ab29b9}, !- Space Name
  Foundation,                             !- Outside Boundary Condition
  {2fc38616-7d80-4a32-abe9-309cffc06ca7}, !- Outside Boundary Condition Object
  NoSun,                                  !- Sun Exposure
  NoWind,                                 !- Wind Exposure
  ,                                       !- View Factor to Ground
  ,                                       !- Number of Vertices
  -7.17045637190069, -3.97760362809931, 0, !- X,Y,Z Vertex 1 {m}
  -7.17045637190069, 3.97760362809931, 0, !- X,Y,Z Vertex 2 {m}
  7.17045637190069, 3.97760362809931, 0,  !- X,Y,Z Vertex 3 {m}
  7.17045637190069, -3.97760362809931, 0; !- X,Y,Z Vertex 4 {m}

OS:AdditionalProperties,
  {d84bfae5-acad-4eb8-827d-6230580fa936}, !- Handle
  {56459db9-a80c-4f21-98ee-31abdab26165}, !- Object Name
  SurfaceType,                            !- Feature Name 1
  String,                                 !- Feature Data Type 1
  Slab;                                   !- Feature Value 1

OS:Foundation:Kiva,
  {2fc38616-7d80-4a32-abe9-309cffc06ca7}, !- Handle
  Foundation Kiva 1,                      !- Name
  20.2577658303465,                       !- Initial Indoor Air Temperature {C}
  ,                                       !- Interior Horizontal Insulation Material Name
  ,                                       !- Interior Horizontal Insulation Depth {m}
  ,                                       !- Interior Horizontal Insulation Width {m}
  ,                                       !- Interior Vertical Insulation Material Name
  ,                                       !- Interior Vertical Insulation Depth {m}
  ,                                       !- Exterior Horizontal Insulation Material Name
  ,                                       !- Exterior Horizontal Insulation Depth {m}
  ,                                       !- Exterior Horizontal Insulation Width {m}
  {5b4c86dc-11a9-4c3c-8ef6-49a4a00e2fa2}, !- Exterior Vertical Insulation Material Name
  0.6096,                                 !- Exterior Vertical Insulation Depth {m}
  0.1016,                                 !- Wall Height Above Grade {m}
  0.2032,                                 !- Wall Depth Below Slab {m}
  ,                                       !- Footing Wall Construction Name
  ,                                       !- Footing Material Name
  ;                                       !- Footing Depth {m}

OS:Material,
  {5b4c86dc-11a9-4c3c-8ef6-49a4a00e2fa2}, !- Handle
  exterior vertical ins,                  !- Name
  Rough,                                  !- Roughness
  0.051816,                               !- Thickness {m}
  0.029427,                               !- Conductivity {W/m-K}
  32.04,                                  !- Density {kg/m3}
  1214.23;                                !- Specific Heat {J/kg-K}

OS:Foundation:Kiva:Settings,
  {6df10890-43d0-47db-bfe6-1d3b908ad96a}, !- Handle
  1.9041,                                 !- Soil Conductivity {W/m-K}
  1842.3,                                 !- Soil Density {kg/m3}
  418.7,                                  !- Soil Specific Heat {J/kg-K}
  0.9,                                    !- Ground Solar Absorptivity {dimensionless}
  0.9,                                    !- Ground Thermal Absorptivity {dimensionless}
  0.03,                                   !- Ground Surface Roughness {m}
  40,                                     !- Far-Field Width {m}
  ZeroFlux,                               !- Deep-Ground Boundary Condition
  40,                                     !- Deep-Ground Depth {m}
  0.2,                                    !- Minimum Cell Dimension {m}
  3,                                      !- Maximum Cell Growth Coefficient {dimensionless}
  Timestep;                               !- Simulation Timestep

OS:Material,
  {5aae09f3-c1b5-4ccc-9e4e-591d65ca2bff}, !- Handle
  concrete 4.0 in.,                       !- Name
  Rough,                                  !- Roughness
  0.1016,                                 !- Thickness {m}
  1.803125,                               !- Conductivity {W/m-K}
  2242.8,                                 !- Density {kg/m3}
  837.4,                                  !- Specific Heat {J/kg-K}
  0.9,                                    !- Thermal Absorptance
  0.7,                                    !- Solar Absorptance
  0.7;                                    !- Visible Absorptance

OS:Material,
  {76f6333f-11b2-479b-aeb1-c89eea375625}, !- Handle
  floor covering,                         !- Name
  Rough,                                  !- Roughness
  0.0127,                                 !- Thickness {m}
  0.045078125,                            !- Conductivity {W/m-K}
  54.468,                                 !- Density {kg/m3}
  1339.84,                                !- Specific Heat {J/kg-K}
  0.9,                                    !- Thermal Absorptance
  0.9,                                    !- Solar Absorptance
  0.9;                                    !- Visible Absorptance

OS:Construction,
  {eaae4f73-6412-4186-90d7-804c42ff3f2c}, !- Handle
  Slab1 construction,                     !- Name
  ,                                       !- Surface Rendering Name
  {5aae09f3-c1b5-4ccc-9e4e-591d65ca2bff}, !- Layer 1
  {76f6333f-11b2-479b-aeb1-c89eea375625}; !- Layer 2

OS:SurfaceProperty:ExposedFoundationPerimeter,
  {e8139e7f-c8ac-49a9-84a3-f0a790111ad7}, !- Handle
  {56459db9-a80c-4f21-98ee-31abdab26165}, !- Surface Name
  TotalExposedPerimeter,                  !- Exposed Perimeter Calculation Method
  44.59224;                               !- Total Exposed Perimeter {m}

OS:Surface,
  {f0142839-6e7b-492f-ad3b-a2f999f59701}, !- Handle
  surface Window1,                        !- Name
  Wall,                                   !- Surface Type
  {db7bf4fa-b0db-4a6c-b2c3-3a6c24472c95}, !- Construction Name
  {ebd3c336-575b-4630-bea9-fcaa44ab29b9}, !- Space Name
  Outdoors,                               !- Outside Boundary Condition
  ,                                       !- Outside Boundary Condition Object
  SunExposed,                             !- Sun Exposure
  WindExposed,                            !- Wind Exposure
  ,                                       !- View Factor to Ground
  ,                                       !- Number of Vertices
  -13.9950063383801, 1.55459734621874, -0.000530276787936435, !- X,Y,Z Vertex 1 {m}
  -13.9950063383801, 1.55459734621874, 1.18925027678794, !- X,Y,Z Vertex 2 {m}
  -13.9950064795791, 5.08039636133308, 1.18925027678794, !- X,Y,Z Vertex 3 {m}
  -13.9950064795791, 5.08039636133308, -0.000530276787936435; !- X,Y,Z Vertex 4 {m}

OS:AdditionalProperties,
  {1ef1ef31-acd1-4f31-9963-1bd52a2defd7}, !- Handle
  {f0142839-6e7b-492f-ad3b-a2f999f59701}, !- Object Name
  Length,                                 !- Feature Name 1
  Double,                                 !- Feature Data Type 1
  11.564102564102564,                     !- Feature Value 1
  Azimuth,                                !- Feature Name 2
  Integer,                                !- Feature Data Type 2
  270,                                    !- Feature Value 2
  Tilt,                                   !- Feature Name 3
  Double,                                 !- Feature Data Type 3
  90,                                     !- Feature Value 3
  SurfaceType,                            !- Feature Name 4
  String,                                 !- Feature Data Type 4
  Window;                                 !- Feature Value 4

OS:SubSurface,
  {8bf5490f-cbeb-4c03-8586-b683a6cdb43d}, !- Handle
  Window1,                                !- Name
  FixedWindow,                            !- Sub Surface Type
  {e58b0df8-c99c-4752-8e0f-79066926b4c1}, !- Construction Name
  {f0142839-6e7b-492f-ad3b-a2f999f59701}, !- Surface Name
  ,                                       !- Outside Boundary Condition Object
  ,                                       !- View Factor to Ground
  ,                                       !- Frame and Divider Name
  ,                                       !- Multiplier
  ,                                       !- Number of Vertices
  -13.9950063384013, 1.55512762300668, 0, !- X,Y,Z Vertex 1 {m}
  -13.9950063384013, 1.55512762300668, 1.18872, !- X,Y,Z Vertex 2 {m}
  -13.9950064795579, 5.07986608454514, 1.18872, !- X,Y,Z Vertex 3 {m}
  -13.9950064795579, 5.07986608454514, 0; !- X,Y,Z Vertex 4 {m}

OS:ShadingSurfaceGroup,
  {90f85eb6-64ce-4585-be21-4fc8bc18a604}, !- Handle
  Window1 Shading Surfaces,               !- Name
  Space,                                  !- Shading Surface Type
  {ebd3c336-575b-4630-bea9-fcaa44ab29b9}, !- Space Name
  ,                                       !- Direction of Relative North {deg}
  ,                                       !- X Origin {m}
  ,                                       !- Y Origin {m}
  ,                                       !- Z Origin {m}
  {8bf5490f-cbeb-4c03-8586-b683a6cdb43d}; !- Shaded Object Name

OS:ShadingSurface,
  {3d2fc0d3-a26e-4fd4-8177-fffbd7e490cd}, !- Handle
  Window1 overhangs,                      !- Name
  ,                                       !- Construction Name
  {90f85eb6-64ce-4585-be21-4fc8bc18a604}, !- Shading Surface Group Name
  ,                                       !- Transmittance Schedule Name
  ,                                       !- Number of Vertices
  -13.9950063261949, 1.25032762300668, 1.49352, !- X,Y,Z Vertex 1 {m}
  -13.9950064917643, 5.38466608454514, 1.49352, !- X,Y,Z Vertex 2 {m}
  -14.6046064917643, 5.38466606013226, 1.49352, !- X,Y,Z Vertex 3 {m}
  -14.6046063261949, 1.2503275985938, 1.49352; !- X,Y,Z Vertex 4 {m}

OS:WindowMaterial:SimpleGlazingSystem,
  {85b1064b-3207-47f2-9063-9885f8732b5d}, !- Handle
  WindowMaterial,                         !- Name
  6.58648,                                !- U-Factor {W/m2-K}
  0.76;                                   !- Solar Heat Gain Coefficient

OS:Construction,
  {e58b0df8-c99c-4752-8e0f-79066926b4c1}, !- Handle
  WindowConstruction,                     !- Name
  ,                                       !- Surface Rendering Name
  {85b1064b-3207-47f2-9063-9885f8732b5d}; !- Layer 1

OS:Schedule:Ruleset,
  {4be9bc90-c923-449c-843b-925ecb994bc2}, !- Handle
  trans schedule winter=0.85 summer=0.7,  !- Name
  {e3188119-cea3-4bc3-bf19-1ff5badafaf3}, !- Schedule Type Limits Name
  {b64894e7-8c72-4396-bb1f-0522f542ecbe}; !- Default Day Schedule Name

OS:Schedule:Day,
  {b64894e7-8c72-4396-bb1f-0522f542ecbe}, !- Handle
  trans schedule winter=0.85 summer=0.7 default day, !- Name
  {e3188119-cea3-4bc3-bf19-1ff5badafaf3}, !- Schedule Type Limits Name
  ,                                       !- Interpolate to Timestep
  24,                                     !- Hour 1
  0,                                      !- Minute 1
  0;                                      !- Value Until Time 1

OS:Schedule:Rule,
  {14a3673e-6a99-4ccc-9caa-76206ac22c92}, !- Handle
  trans schedule winter=0.85 summer=0.7 allday ruleset1, !- Name
  {4be9bc90-c923-449c-843b-925ecb994bc2}, !- Schedule Ruleset Name
  2,                                      !- Rule Order
  {004abe2f-0912-4977-9c9a-e73fd33aa22d}, !- Day Schedule Name
  Yes,                                    !- Apply Sunday
  Yes,                                    !- Apply Monday
  Yes,                                    !- Apply Tuesday
  Yes,                                    !- Apply Wednesday
  Yes,                                    !- Apply Thursday
  Yes,                                    !- Apply Friday
  Yes,                                    !- Apply Saturday
  DateRange,                              !- Date Specification Type
  1,                                      !- Start Month
  1,                                      !- Start Day
  2,                                      !- End Month
  28;                                     !- End Day

OS:Schedule:Day,
  {004abe2f-0912-4977-9c9a-e73fd33aa22d}, !- Handle
  trans schedule winter=0.85 summer=0.7 allday1, !- Name
  {e3188119-cea3-4bc3-bf19-1ff5badafaf3}, !- Schedule Type Limits Name
  ,                                       !- Interpolate to Timestep
  24,                                     !- Hour 1
  0,                                      !- Minute 1
  0.85;                                   !- Value Until Time 1

OS:Schedule:Rule,
  {d58d2d9c-9ec3-42b1-998b-aef8650f6b51}, !- Handle
  trans schedule winter=0.85 summer=0.7 allday ruleset60, !- Name
  {4be9bc90-c923-449c-843b-925ecb994bc2}, !- Schedule Ruleset Name
  1,                                      !- Rule Order
  {7ce9f687-b9cc-4769-bbe6-ef036e226532}, !- Day Schedule Name
  Yes,                                    !- Apply Sunday
  Yes,                                    !- Apply Monday
  Yes,                                    !- Apply Tuesday
  Yes,                                    !- Apply Wednesday
  Yes,                                    !- Apply Thursday
  Yes,                                    !- Apply Friday
  Yes,                                    !- Apply Saturday
  DateRange,                              !- Date Specification Type
  3,                                      !- Start Month
  1,                                      !- Start Day
  11,                                     !- End Month
  30;                                     !- End Day

OS:Schedule:Day,
  {7ce9f687-b9cc-4769-bbe6-ef036e226532}, !- Handle
  trans schedule winter=0.85 summer=0.7 allday60, !- Name
  {e3188119-cea3-4bc3-bf19-1ff5badafaf3}, !- Schedule Type Limits Name
  ,                                       !- Interpolate to Timestep
  24,                                     !- Hour 1
  0,                                      !- Minute 1
  0.7;                                    !- Value Until Time 1

OS:Schedule:Rule,
  {2897f3b0-3f92-4da1-8a20-80c9b4a934af}, !- Handle
  trans schedule winter=0.85 summer=0.7 allday ruleset335, !- Name
  {4be9bc90-c923-449c-843b-925ecb994bc2}, !- Schedule Ruleset Name
  0,                                      !- Rule Order
  {27890e27-01d1-406f-9c11-7fcfd144bc76}, !- Day Schedule Name
  Yes,                                    !- Apply Sunday
  Yes,                                    !- Apply Monday
  Yes,                                    !- Apply Tuesday
  Yes,                                    !- Apply Wednesday
  Yes,                                    !- Apply Thursday
  Yes,                                    !- Apply Friday
  Yes,                                    !- Apply Saturday
  DateRange,                              !- Date Specification Type
  12,                                     !- Start Month
  1,                                      !- Start Day
  12,                                     !- End Month
  31;                                     !- End Day

OS:Schedule:Day,
  {27890e27-01d1-406f-9c11-7fcfd144bc76}, !- Handle
  trans schedule winter=0.85 summer=0.7 allday335, !- Name
  {e3188119-cea3-4bc3-bf19-1ff5badafaf3}, !- Schedule Type Limits Name
  ,                                       !- Interpolate to Timestep
  24,                                     !- Hour 1
  0,                                      !- Minute 1
  0.85;                                   !- Value Until Time 1

OS:ScheduleTypeLimits,
  {e3188119-cea3-4bc3-bf19-1ff5badafaf3}, !- Handle
  Fractional,                             !- Name
  0,                                      !- Lower Limit Value
  1,                                      !- Upper Limit Value
  Continuous;                             !- Numeric Type

OS:SurfaceProperty:IncidentSolarMultiplier,
  {a6318b02-93f3-469d-9cd5-e04537b226ae}, !- Handle
  {8bf5490f-cbeb-4c03-8586-b683a6cdb43d}, !- Surface Name
  1,                                      !- Incident Solar Multiplier {dimensionless}
  {4be9bc90-c923-449c-843b-925ecb994bc2}; !- Incident Solar Multiplier Schedule Name

OS:Surface,
  {7938e51d-1fd8-4d47-a0ac-25170e0cb5b7}, !- Handle
  surface Window2,                        !- Name
  Wall,                                   !- Surface Type
  {db7bf4fa-b0db-4a6c-b2c3-3a6c24472c95}, !- Construction Name
  {ebd3c336-575b-4630-bea9-fcaa44ab29b9}, !- Space Name
  Outdoors,                               !- Outside Boundary Condition
  ,                                       !- Outside Boundary Condition Object
  SunExposed,                             !- Sun Exposure
  WindExposed,                            !- Wind Exposure
  ,                                       !- View Factor to Ground
  ,                                       !- Number of Vertices
  11.6759270442301, 13.9950064031842, -0.000751728058438483, !- X,Y,Z Vertex 1 {m}
  11.6759270442301, 13.9950064031842, 1.00659172805844, !- X,Y,Z Vertex 2 {m}
  13.9957577730743, 13.9950064031842, 1.00659172805844, !- X,Y,Z Vertex 3 {m}
  13.9957577730743, 13.9950064031842, -0.000751728058438483; !- X,Y,Z Vertex 4 {m}

OS:AdditionalProperties,
  {2208dca2-7f9f-432c-b83a-baefea3fe7c2}, !- Handle
  {7938e51d-1fd8-4d47-a0ac-25170e0cb5b7}, !- Object Name
  Length,                                 !- Feature Name 1
  Double,                                 !- Feature Data Type 1
  7.6060606060606073,                     !- Feature Value 1
  Azimuth,                                !- Feature Name 2
  Integer,                                !- Feature Data Type 2
  0,                                      !- Feature Value 2
  Tilt,                                   !- Feature Name 3
  Double,                                 !- Feature Data Type 3
  90,                                     !- Feature Value 3
  SurfaceType,                            !- Feature Name 4
  String,                                 !- Feature Data Type 4
  Window;                                 !- Feature Value 4

OS:SubSurface,
  {66838fb7-64c3-4c0d-842d-cacb95840553}, !- Handle
  Window2,                                !- Name
  FixedWindow,                            !- Sub Surface Type
  {60f7567e-cfaf-447a-b63b-c232072ec911}, !- Construction Name
  {7938e51d-1fd8-4d47-a0ac-25170e0cb5b7}, !- Surface Name
  ,                                       !- Outside Boundary Condition Object
  ,                                       !- View Factor to Ground
  ,                                       !- Frame and Divider Name
  ,                                       !- Multiplier
  ,                                       !- Number of Vertices
  11.6766787722886, 13.9950064031842, 0,  !- X,Y,Z Vertex 1 {m}
  11.6766787722886, 13.9950064031842, 1.00584, !- X,Y,Z Vertex 2 {m}
  13.9950060450158, 13.9950064031842, 1.00584, !- X,Y,Z Vertex 3 {m}
  13.9950060450158, 13.9950064031842, 0;  !- X,Y,Z Vertex 4 {m}

OS:ShadingSurfaceGroup,
  {b690ba46-5d5f-491a-bf5d-81c5fbd07624}, !- Handle
  Window2 Shading Surfaces,               !- Name
  Space,                                  !- Shading Surface Type
  {ebd3c336-575b-4630-bea9-fcaa44ab29b9}, !- Space Name
  ,                                       !- Direction of Relative North {deg}
  ,                                       !- X Origin {m}
  ,                                       !- Y Origin {m}
  ,                                       !- Z Origin {m}
  {66838fb7-64c3-4c0d-842d-cacb95840553}; !- Shaded Object Name

OS:ShadingSurface,
  {1d8cdc34-e003-4e1e-b771-593ea45c1a9b}, !- Handle
  Window2 overhangs,                      !- Name
  ,                                       !- Construction Name
  {b690ba46-5d5f-491a-bf5d-81c5fbd07624}, !- Shading Surface Group Name
  ,                                       !- Transmittance Schedule Name
  ,                                       !- Number of Vertices
  11.3718787722886, 13.9950064031842, 1.31064, !- X,Y,Z Vertex 1 {m}
  14.2998060450158, 13.9950064031842, 1.31064, !- X,Y,Z Vertex 2 {m}
  14.2998060450158, 14.6046064031842, 1.31064, !- X,Y,Z Vertex 3 {m}
  11.3718787722886, 14.6046064031842, 1.31064; !- X,Y,Z Vertex 4 {m}

OS:Construction,
  {60f7567e-cfaf-447a-b63b-c232072ec911}, !- Handle
  WindowConstruction 1,                   !- Name
  ,                                       !- Surface Rendering Name
  {85b1064b-3207-47f2-9063-9885f8732b5d}; !- Layer 1

OS:SurfaceProperty:IncidentSolarMultiplier,
  {52f50254-e3c3-42b4-8c89-5444ba6f8fea}, !- Handle
  {66838fb7-64c3-4c0d-842d-cacb95840553}, !- Surface Name
  1,                                      !- Incident Solar Multiplier {dimensionless}
  {4be9bc90-c923-449c-843b-925ecb994bc2}; !- Incident Solar Multiplier Schedule Name

OS:Surface,
  {0f5165ac-4b18-430f-9c6a-c169e51acc72}, !- Handle
  surface Window3,                        !- Name
  Wall,                                   !- Surface Type
  {db7bf4fa-b0db-4a6c-b2c3-3a6c24472c95}, !- Construction Name
  {ebd3c336-575b-4630-bea9-fcaa44ab29b9}, !- Space Name
  Outdoors,                               !- Outside Boundary Condition
  ,                                       !- Outside Boundary Condition Object
  SunExposed,                             !- Sun Exposure
  WindExposed,                            !- Wind Exposure
  ,                                       !- View Factor to Ground
  ,                                       !- Number of Vertices
  13.9950062476709, 0.288375708624853, -0.000530276787936435, !- X,Y,Z Vertex 1 {m}
  13.9950062476709, 0.288375708624853, 1.18925027678794, !- X,Y,Z Vertex 2 {m}
  13.9950062947373, -3.23742330648949, 1.18925027678794, !- X,Y,Z Vertex 3 {m}
  13.9950062947373, -3.23742330648949, -0.000530276787936435; !- X,Y,Z Vertex 4 {m}

OS:AdditionalProperties,
  {7b269f33-642f-46b2-90f4-087b7c994aba}, !- Handle
  {0f5165ac-4b18-430f-9c6a-c169e51acc72}, !- Object Name
  Length,                                 !- Feature Name 1
  Double,                                 !- Feature Data Type 1
  11.564102564102564,                     !- Feature Value 1
  Azimuth,                                !- Feature Name 2
  Integer,                                !- Feature Data Type 2
  90,                                     !- Feature Value 2
  Tilt,                                   !- Feature Name 3
  Double,                                 !- Feature Data Type 3
  90,                                     !- Feature Value 3
  SurfaceType,                            !- Feature Name 4
  String,                                 !- Feature Data Type 4
  Window;                                 !- Feature Value 4

OS:SubSurface,
  {d8b8411e-5445-488f-9d0e-c430ff43839c}, !- Handle
  Window3,                                !- Name
  FixedWindow,                            !- Sub Surface Type
  {0fcb4556-cccb-482a-ba20-fc7454d43a30}, !- Construction Name
  {0f5165ac-4b18-430f-9c6a-c169e51acc72}, !- Surface Name
  ,                                       !- Outside Boundary Condition Object
  ,                                       !- View Factor to Ground
  ,                                       !- Frame and Divider Name
  ,                                       !- Multiplier
  ,                                       !- Number of Vertices
  13.995006247678, 0.287845431836913, 0,  !- X,Y,Z Vertex 1 {m}
  13.995006247678, 0.287845431836913, 1.18872, !- X,Y,Z Vertex 2 {m}
  13.9950062947302, -3.23689302970155, 1.18872, !- X,Y,Z Vertex 3 {m}
  13.9950062947302, -3.23689302970155, 0; !- X,Y,Z Vertex 4 {m}

OS:ShadingSurfaceGroup,
  {2903680c-dbca-4045-8f87-0debba4adefb}, !- Handle
  Window3 Shading Surfaces,               !- Name
  Space,                                  !- Shading Surface Type
  {ebd3c336-575b-4630-bea9-fcaa44ab29b9}, !- Space Name
  ,                                       !- Direction of Relative North {deg}
  ,                                       !- X Origin {m}
  ,                                       !- Y Origin {m}
  ,                                       !- Z Origin {m}
  {d8b8411e-5445-488f-9d0e-c430ff43839c}; !- Shaded Object Name

OS:ShadingSurface,
  {259f0946-9630-4723-9219-ec521bf48084}, !- Handle
  Window3 overhangs,                      !- Name
  ,                                       !- Construction Name
  {2903680c-dbca-4045-8f87-0debba4adefb}, !- Shading Surface Group Name
  ,                                       !- Transmittance Schedule Name
  ,                                       !- Number of Vertices
  13.9950062436092, 0.592645431836913, 1.49352, !- X,Y,Z Vertex 1 {m}
  13.995006298799, -3.54169302970155, 1.49352, !- X,Y,Z Vertex 2 {m}
  14.604606298799, -3.54169302156392, 1.49352, !- X,Y,Z Vertex 3 {m}
  14.6046062436092, 0.592645439974542, 1.49352; !- X,Y,Z Vertex 4 {m}

OS:Construction,
  {0fcb4556-cccb-482a-ba20-fc7454d43a30}, !- Handle
  WindowConstruction 2,                   !- Name
  ,                                       !- Surface Rendering Name
  {85b1064b-3207-47f2-9063-9885f8732b5d}; !- Layer 1

OS:SurfaceProperty:IncidentSolarMultiplier,
  {0ac36158-a34e-44aa-9bcd-9221288b0acb}, !- Handle
  {d8b8411e-5445-488f-9d0e-c430ff43839c}, !- Surface Name
  1,                                      !- Incident Solar Multiplier {dimensionless}
  {4be9bc90-c923-449c-843b-925ecb994bc2}; !- Incident Solar Multiplier Schedule Name

OS:Surface,
  {aba4752a-3ac4-4b90-8fdd-36325c6f814e}, !- Handle
  surface Window4,                        !- Name
  Wall,                                   !- Surface Type
  {db7bf4fa-b0db-4a6c-b2c3-3a6c24472c95}, !- Construction Name
  {ebd3c336-575b-4630-bea9-fcaa44ab29b9}, !- Space Name
  Outdoors,                               !- Outside Boundary Condition
  ,                                       !- Outside Boundary Condition Object
  SunExposed,                             !- Sun Exposure
  WindExposed,                            !- Wind Exposure
  ,                                       !- View Factor to Ground
  ,                                       !- Number of Vertices
  -11.675926670588, -13.995006714911, -0.000751728058438483, !- X,Y,Z Vertex 1 {m}
  -11.675926670588, -13.995006714911, 1.00659172805844, !- X,Y,Z Vertex 2 {m}
  -13.9957573994321, -13.9950067768464, 1.00659172805844, !- X,Y,Z Vertex 3 {m}
  -13.9957573994321, -13.9950067768464, -0.000751728058438483; !- X,Y,Z Vertex 4 {m}

OS:AdditionalProperties,
  {e997b11e-c44c-4a33-909b-8fcd7338d4d1}, !- Handle
  {aba4752a-3ac4-4b90-8fdd-36325c6f814e}, !- Object Name
  Length,                                 !- Feature Name 1
  Double,                                 !- Feature Data Type 1
  7.6060606060606073,                     !- Feature Value 1
  Azimuth,                                !- Feature Name 2
  Integer,                                !- Feature Data Type 2
  180,                                    !- Feature Value 2
  Tilt,                                   !- Feature Name 3
  Double,                                 !- Feature Data Type 3
  90,                                     !- Feature Value 3
  SurfaceType,                            !- Feature Name 4
  String,                                 !- Feature Data Type 4
  Window;                                 !- Feature Value 4

OS:SubSurface,
  {2f7f1cf3-9900-4925-a3f9-7b8a906a1b91}, !- Handle
  Window4,                                !- Name
  FixedWindow,                            !- Sub Surface Type
  {08de896c-2640-4823-a034-c2fc66108237}, !- Construction Name
  {aba4752a-3ac4-4b90-8fdd-36325c6f814e}, !- Surface Name
  ,                                       !- Outside Boundary Condition Object
  ,                                       !- View Factor to Ground
  ,                                       !- Frame and Divider Name
  ,                                       !- Multiplier
  ,                                       !- Number of Vertices
  -11.6766783986464, -13.9950067149311, 0, !- X,Y,Z Vertex 1 {m}
  -11.6766783986464, -13.9950067149311, 1.00584, !- X,Y,Z Vertex 2 {m}
  -13.9950056713737, -13.9950067768263, 1.00584, !- X,Y,Z Vertex 3 {m}
  -13.9950056713737, -13.9950067768263, 0; !- X,Y,Z Vertex 4 {m}

OS:ShadingSurfaceGroup,
  {eb3fbf2b-b7ce-4953-94e3-013ba22212da}, !- Handle
  Window4 Shading Surfaces,               !- Name
  Space,                                  !- Shading Surface Type
  {ebd3c336-575b-4630-bea9-fcaa44ab29b9}, !- Space Name
  ,                                       !- Direction of Relative North {deg}
  ,                                       !- X Origin {m}
  ,                                       !- Y Origin {m}
  ,                                       !- Z Origin {m}
  {2f7f1cf3-9900-4925-a3f9-7b8a906a1b91}; !- Shaded Object Name

OS:ShadingSurface,
  {73e49e3d-fbc6-4037-9780-1e9cdc58f3e8}, !- Handle
  Window4 overhangs,                      !- Name
  ,                                       !- Construction Name
  {eb3fbf2b-b7ce-4953-94e3-013ba22212da}, !- Shading Surface Group Name
  ,                                       !- Transmittance Schedule Name
  ,                                       !- Number of Vertices
  -11.3718783986464, -13.9950067067934, 1.31064, !- X,Y,Z Vertex 1 {m}
  -14.2998056713737, -13.995006784964, 1.31064, !- X,Y,Z Vertex 2 {m}
  -14.2998056550984, -14.604606784964, 1.31064, !- X,Y,Z Vertex 3 {m}
  -11.3718783823711, -14.6046067067934, 1.31064; !- X,Y,Z Vertex 4 {m}

OS:Construction,
  {08de896c-2640-4823-a034-c2fc66108237}, !- Handle
  WindowConstruction 3,                   !- Name
  ,                                       !- Surface Rendering Name
  {85b1064b-3207-47f2-9063-9885f8732b5d}; !- Layer 1

OS:SurfaceProperty:IncidentSolarMultiplier,
  {1e149afe-17e8-441d-9892-cd5d173443bf}, !- Handle
  {2f7f1cf3-9900-4925-a3f9-7b8a906a1b91}, !- Surface Name
  1,                                      !- Incident Solar Multiplier {dimensionless}
  {4be9bc90-c923-449c-843b-925ecb994bc2}; !- Incident Solar Multiplier Schedule Name

OS:Material,
  {de70d0c0-a8b9-4f65-a685-9777b5935342}, !- Handle
  wood siding,                            !- Name
  Rough,                                  !- Roughness
  0.0254,                                 !- Thickness {m}
  0.1024175,                              !- Conductivity {W/m-K}
  544.68,                                 !- Density {kg/m3}
  1172.36;                                !- Specific Heat {J/kg-K}

OS:Material,
  {cf254c4c-10de-4f66-bf61-554c0b3e8aa9}, !- Handle
  wall rigid ins 1,                       !- Name
  Rough,                                  !- Roughness
  0.5129784,                              !- Thickness {m}
  0.029427,                               !- Conductivity {W/m-K}
  32.04,                                  !- Density {kg/m3}
  1214.23,                                !- Specific Heat {J/kg-K}
  0.9,                                    !- Thermal Absorptance
  0.7,                                    !- Solar Absorptance
  0.7;                                    !- Visible Absorptance

OS:Material,
  {07448ec8-b8e4-4383-8056-726658bf49b8}, !- Handle
  wall stud and cavity 1,                 !- Name
  Rough,                                  !- Roughness
  0.0889,                                 !- Thickness {m}
  0.380278417457636,                      !- Conductivity {W/m-K}
  52.34794524,                            !- Density {kg/m3}
  1209.88641434781,                       !- Specific Heat {J/kg-K}
  0.9,                                    !- Thermal Absorptance
  0.7,                                    !- Solar Absorptance
  0.7;                                    !- Visible Absorptance

OS:Construction,
  {db7bf4fa-b0db-4a6c-b2c3-3a6c24472c95}, !- Handle
  AdiabaticWallConstruction,              !- Name
  ,                                       !- Surface Rendering Name
  {de70d0c0-a8b9-4f65-a685-9777b5935342}, !- Layer 1
  {cf254c4c-10de-4f66-bf61-554c0b3e8aa9}, !- Layer 2
  {07448ec8-b8e4-4383-8056-726658bf49b8}, !- Layer 3
  {4ec06eb7-9c2a-4a26-a83d-8fc29bbb6c55}; !- Layer 4

OS:Surface,
  {fbf6f1ee-aab2-4819-b9bf-88912e249ec4}, !- Handle
  surface Door1,                          !- Name
  Wall,                                   !- Surface Type
  {57352f4b-e7c6-43b1-8917-66ebdfc431dc}, !- Construction Name
  {ebd3c336-575b-4630-bea9-fcaa44ab29b9}, !- Space Name
  Outdoors,                               !- Outside Boundary Condition
  ,                                       !- Outside Boundary Condition Object
  SunExposed,                             !- Sun Exposure
  WindExposed,                            !- Wind Exposure
  ,                                       !- View Factor to Ground
  ,                                       !- Number of Vertices
  13.9950063491486, -4.16507558543359, -0.000847844267953146, !- X,Y,Z Vertex 1 {m}
  13.9950063491486, -4.16507558543359, 2.03386384426795, !- X,Y,Z Vertex 2 {m}
  13.9950063613716, -5.08071430245526, 2.03386384426795, !- X,Y,Z Vertex 3 {m}
  13.9950063613716, -5.08071430245526, -0.000847844267953146; !- X,Y,Z Vertex 4 {m}

OS:AdditionalProperties,
  {4d8ff7e9-a1fc-43ea-b52b-2d873544cbe7}, !- Handle
  {fbf6f1ee-aab2-4819-b9bf-88912e249ec4}, !- Object Name
  Length,                                 !- Feature Name 1
  Double,                                 !- Feature Data Type 1
  2.9985007496251876,                     !- Feature Value 1
  Azimuth,                                !- Feature Name 2
  Integer,                                !- Feature Data Type 2
  90,                                     !- Feature Value 2
  Tilt,                                   !- Feature Name 3
  Double,                                 !- Feature Data Type 3
  90,                                     !- Feature Value 3
  SurfaceType,                            !- Feature Name 4
  String,                                 !- Feature Data Type 4
  Door;                                   !- Feature Value 4

OS:SubSurface,
  {50661e72-2a19-4a27-8216-780517aa06ab}, !- Handle
  Door1,                                  !- Name
  Door,                                   !- Sub Surface Type
  {5d560159-9e34-434f-bd2a-047d96aeed98}, !- Construction Name
  {fbf6f1ee-aab2-4819-b9bf-88912e249ec4}, !- Surface Name
  ,                                       !- Outside Boundary Condition Object
  ,                                       !- View Factor to Ground
  ,                                       !- Frame and Divider Name
  ,                                       !- Multiplier
  ,                                       !- Number of Vertices
  13.9950063491599, -4.16592342970155, 0, !- X,Y,Z Vertex 1 {m}
  13.9950063491599, -4.16592342970155, 2.033016, !- X,Y,Z Vertex 2 {m}
  13.9950063613603, -5.0798664581873, 2.033016, !- X,Y,Z Vertex 3 {m}
  13.9950063613603, -5.0798664581873, 0;  !- X,Y,Z Vertex 4 {m}

OS:Material,
  {d71b0648-c2ae-4eca-bb86-33837751a4e0}, !- Handle
  door material,                          !- Name
  Rough,                                  !- Roughness
  0.04445,                                !- Thickness {m}
  0.0612266553480475,                     !- Conductivity {W/m-K}
  512.64,                                 !- Density {kg/m3}
  1214.23,                                !- Specific Heat {J/kg-K}
  0.9,                                    !- Thermal Absorptance
  0.7,                                    !- Solar Absorptance
  0.7;                                    !- Visible Absorptance

OS:Construction,
  {5d560159-9e34-434f-bd2a-047d96aeed98}, !- Handle
  Door,                                   !- Name
  ,                                       !- Surface Rendering Name
  {d71b0648-c2ae-4eca-bb86-33837751a4e0}; !- Layer 1

OS:Material,
  {3ca93805-1d5f-4c01-a6b1-453a9a700644}, !- Handle
  wood siding 1,                          !- Name
  Rough,                                  !- Roughness
  0.0254,                                 !- Thickness {m}
  0.1024175,                              !- Conductivity {W/m-K}
  544.68,                                 !- Density {kg/m3}
  1172.36;                                !- Specific Heat {J/kg-K}

OS:Construction,
  {57352f4b-e7c6-43b1-8917-66ebdfc431dc}, !- Handle
  AdiabaticWallConstruction 1,            !- Name
  ,                                       !- Surface Rendering Name
  {3ca93805-1d5f-4c01-a6b1-453a9a700644}, !- Layer 1
  {cf254c4c-10de-4f66-bf61-554c0b3e8aa9}, !- Layer 2
  {07448ec8-b8e4-4383-8056-726658bf49b8}, !- Layer 3
  {4ec06eb7-9c2a-4a26-a83d-8fc29bbb6c55}; !- Layer 4

OS:InternalMass:Definition,
  {1858f65f-975e-49a4-a2ca-e40d649eb9f3}, !- Handle
  partition wall mass,                    !- Name
  {918e72ab-28b5-4dd0-96a8-f8a1a05ceeb7}, !- Construction Name
  SurfaceArea,                            !- Design Level Calculation Method
  114.08493312,                           !- Surface Area {m2}
  ,                                       !- Surface Area per Space Floor Area {dimensionless}
  ;                                       !- Surface Area per Person {m2/person}

OS:InternalMass,
  {dba4858a-24d2-46ca-aea3-6015d23fa260}, !- Handle
  partition wall mass,                    !- Name
  {1858f65f-975e-49a4-a2ca-e40d649eb9f3}, !- Internal Mass Definition Name
  {ebd3c336-575b-4630-bea9-fcaa44ab29b9}, !- Space or SpaceType Name
  1;                                      !- Multiplier

OS:Material,
  {e5e82b13-df04-4d5c-9236-fd0349f903d0}, !- Handle
  wall stud and cavity 2,                 !- Name
  Rough,                                  !- Roughness
  0.0889,                                 !- Thickness {m}
  0.391763531157105,                      !- Conductivity {W/m-K}
  83.034082224,                           !- Density {kg/m3}
  1211.67419087611,                       !- Specific Heat {J/kg-K}
  0.9,                                    !- Thermal Absorptance
  0.7,                                    !- Solar Absorptance
  0.7;                                    !- Visible Absorptance

OS:Construction,
  {918e72ab-28b5-4dd0-96a8-f8a1a05ceeb7}, !- Handle
  PartitionWallConstruction,              !- Name
  ,                                       !- Surface Rendering Name
  {4ec06eb7-9c2a-4a26-a83d-8fc29bbb6c55}, !- Layer 1
  {e5e82b13-df04-4d5c-9236-fd0349f903d0}, !- Layer 2
  {4ec06eb7-9c2a-4a26-a83d-8fc29bbb6c55}; !- Layer 3

OS:InternalMass:Definition,
  {a3f180c2-b74a-4089-bbad-dd83d9361f3f}, !- Handle
  furniture mass conditioned space 1,     !- Name
  {318d9637-9579-4209-96a6-f047279869a8}, !- Construction Name
  SurfaceArea,                            !- Design Level Calculation Method
  45.633973248,                           !- Surface Area {m2}
  ,                                       !- Surface Area per Space Floor Area {dimensionless}
  ;                                       !- Surface Area per Person {m2/person}

OS:InternalMass,
  {ab167075-ab5d-4050-b0b8-2849c4f1234f}, !- Handle
  furniture mass conditioned space 1,     !- Name
  {a3f180c2-b74a-4089-bbad-dd83d9361f3f}, !- Internal Mass Definition Name
  {ebd3c336-575b-4630-bea9-fcaa44ab29b9}, !- Space or SpaceType Name
  1;                                      !- Multiplier

OS:Material,
  {ef7100bc-4788-4544-b71b-2d96be790bc0}, !- Handle
  furniture material conditioned space 1, !- Name
  Rough,                                  !- Roughness
  0.1524,                                 !- Thickness {m}
  0.1154577,                              !- Conductivity {W/m-K}
  640.8,                                  !- Density {kg/m3}
  1214.23,                                !- Specific Heat {J/kg-K}
  0.9,                                    !- Thermal Absorptance
  0.6,                                    !- Solar Absorptance
  0.6;                                    !- Visible Absorptance

OS:Construction,
  {318d9637-9579-4209-96a6-f047279869a8}, !- Handle
  furniture construction conditioned space 1, !- Name
  ,                                       !- Surface Rendering Name
  {ef7100bc-4788-4544-b71b-2d96be790bc0}; !- Layer 1

OS:ShadingSurface,
  {d67a4018-b294-47ca-93df-d3fc4ba92669}, !- Handle
  Neighbor azimuth 180 distance 15.0,     !- Name
  ,                                       !- Construction Name
  {124a64b5-3afb-47e2-a0ea-79ca2f900e4f}, !- Shading Surface Group Name
  ,                                       !- Transmittance Schedule Name
  ,                                       !- Number of Vertices
  13.9950065407224, -18.5670058581948, 0, !- X,Y,Z Vertex 1 {m}
  13.9950065407224, -18.5670058581948, 2.4384, !- X,Y,Z Vertex 2 {m}
  -13.9950055493092, -18.5670066054791, 2.4384, !- X,Y,Z Vertex 3 {m}
  -13.9950055493092, -18.5670066054791, 0; !- X,Y,Z Vertex 4 {m}

OS:AdditionalProperties,
  {a1489418-90a4-43f4-9084-68e574d870ef}, !- Handle
  {d67a4018-b294-47ca-93df-d3fc4ba92669}, !- Object Name
  Azimuth,                                !- Feature Name 1
  Integer,                                !- Feature Data Type 1
  180,                                    !- Feature Value 1
  Distance,                               !- Feature Name 2
  Double,                                 !- Feature Data Type 2
  15;                                     !- Feature Value 2

OS:ShadingSurface,
  {3dd49d52-2ca7-4c0c-b5ad-5011c294ac7b}, !- Handle
  Neighbor azimuth 0 distance 15.0,       !- Name
  ,                                       !- Construction Name
  {124a64b5-3afb-47e2-a0ea-79ca2f900e4f}, !- Shading Surface Group Name
  ,                                       !- Transmittance Schedule Name
  ,                                       !- Number of Vertices
  -13.9950060450158, 18.5670062318369, 0, !- X,Y,Z Vertex 1 {m}
  -13.9950060450158, 18.5670062318369, 2.4384, !- X,Y,Z Vertex 2 {m}
  13.9950060450158, 18.5670062318369, 2.4384, !- X,Y,Z Vertex 3 {m}
  13.9950060450158, 18.5670062318369, 0;  !- X,Y,Z Vertex 4 {m}

OS:AdditionalProperties,
  {8b7a4d57-91f0-4ebf-a300-e6a8e377388b}, !- Handle
  {3dd49d52-2ca7-4c0c-b5ad-5011c294ac7b}, !- Object Name
  Azimuth,                                !- Feature Name 1
  Integer,                                !- Feature Data Type 1
  0,                                      !- Feature Value 1
  Distance,                               !- Feature Name 2
  Double,                                 !- Feature Data Type 2
  15;                                     !- Feature Value 2

OS:ShadingSurfaceGroup,
  {124a64b5-3afb-47e2-a0ea-79ca2f900e4f}, !- Handle
  neighbors,                              !- Name
  Building;                               !- Shading Surface Type

OS:Schedule:File,
  {42a8c09b-0828-4f99-b88b-3c70decc1bc2}, !- Handle
  occupants,                              !- Name
  {e3188119-cea3-4bc3-bf19-1ff5badafaf3}, !- Schedule Type Limits Name
  {5428cbb8-7415-4adb-a528-e66ae2962926}, !- External File Name
  1,                                      !- Column Number
  1,                                      !- Rows to Skip at Top
  8760,                                   !- Number of Hours of Data
  ,                                       !- Column Separator
  ,                                       !- Interpolate to Timestep
  15,                                     !- Minutes per Item
  ,                                       !- Adjust Schedule for Daylight Savings
  Yes;                                    !- Translate File With Relative Path

OS:External:File,
  {5428cbb8-7415-4adb-a528-e66ae2962926}, !- Handle
  External File 1,                        !- Name
  in.schedules.csv;                       !- File Name

OS:Schedule:Constant,
  {f785d73a-d63d-4197-98a0-99eb16afaf72}, !- Handle
  occupants activity schedule,            !- Name
  {a2bda9a1-89f5-49af-921d-fffa19e7e0a5}, !- Schedule Type Limits Name
  117.228428068889;                       !- Value

OS:People:Definition,
  {8d5e353c-2b38-461f-b52c-db455adfcdcc}, !- Handle
  occupants,                              !- Name
  People,                                 !- Number of People Calculation Method
  2,                                      !- Number of People {people}
  ,                                       !- People per Space Floor Area {person/m2}
  ,                                       !- Space Floor Area per Person {m2/person}
  0.314170909090909,                      !- Fraction Radiant
  0.563030303030303,                      !- Sensible Heat Fraction
  0,                                      !- Carbon Dioxide Generation Rate {m3/s-W}
  No,                                     !- Enable ASHRAE 55 Comfort Warnings
  ZoneAveraged;                           !- Mean Radiant Temperature Calculation Type

OS:People,
  {68ed91c6-4a56-4f02-8f8d-84ab8a7ecb54}, !- Handle
  occupants,                              !- Name
  {8d5e353c-2b38-461f-b52c-db455adfcdcc}, !- People Definition Name
  {ebd3c336-575b-4630-bea9-fcaa44ab29b9}, !- Space or SpaceType Name
  {42a8c09b-0828-4f99-b88b-3c70decc1bc2}, !- Number of People Schedule Name
  {f785d73a-d63d-4197-98a0-99eb16afaf72}, !- Activity Level Schedule Name
  ,                                       !- Surface Name/Angle Factor List Name
  ,                                       !- Work Efficiency Schedule Name
  ,                                       !- Clothing Insulation Schedule Name
  ,                                       !- Air Velocity Schedule Name
  1;                                      !- Multiplier

OS:ScheduleTypeLimits,
  {a2bda9a1-89f5-49af-921d-fffa19e7e0a5}, !- Handle
  ActivityLevel,                          !- Name
  0,                                      !- Lower Limit Value
  ,                                       !- Upper Limit Value
  Continuous,                             !- Numeric Type
  ActivityLevel;                          !- Unit Type

OS:Curve:Biquadratic,
  {e3929b51-796e-4a05-a8f5-923096b69a8f}, !- Handle
  Cool-CAP-fT1,                           !- Name
  1.557359706,                            !- Coefficient1 Constant
  -0.0744481692,                          !- Coefficient2 x
  0.00309859668,                          !- Coefficient3 x**2
  0.0014595786,                           !- Coefficient4 y
  -4.1148e-05,                            !- Coefficient5 y**2
  -0.00042671448,                         !- Coefficient6 x*y
  -100,                                   !- Minimum Value of x
  100,                                    !- Maximum Value of x
  -100,                                   !- Minimum Value of y
  100;                                    !- Maximum Value of y

OS:Curve:Biquadratic,
  {bfaa85f7-1fdc-4794-8846-e4b43bba4574}, !- Handle
  Cool-EIR-fT1,                           !- Name
  -0.350447695,                           !- Coefficient1 Constant
  0.116809893,                            !- Coefficient2 x
  -0.00339950844,                         !- Coefficient3 x**2
  -0.001226088,                           !- Coefficient4 y
  0.0006008094,                           !- Coefficient5 y**2
  -0.000466884,                           !- Coefficient6 x*y
  -100,                                   !- Minimum Value of x
  100,                                    !- Maximum Value of x
  -100,                                   !- Minimum Value of y
  100;                                    !- Maximum Value of y

OS:Curve:Quadratic,
  {ffc4ecb2-e2ff-4b95-a438-9bcdcdbf0336}, !- Handle
  Cool-CAP-fFF1,                          !- Name
  0.718664047,                            !- Coefficient1 Constant
  0.41797409,                             !- Coefficient2 x
  -0.136638137,                           !- Coefficient3 x**2
  0,                                      !- Minimum Value of x
  2,                                      !- Maximum Value of x
  0,                                      !- Minimum Curve Output
  2;                                      !- Maximum Curve Output

OS:Curve:Quadratic,
  {af63958b-d8d1-4662-bea7-33e57404209a}, !- Handle
  Cool-EIR-fFF1,                          !- Name
  1.143487507,                            !- Coefficient1 Constant
  -0.13943972,                            !- Coefficient2 x
  -0.004047787,                           !- Coefficient3 x**2
  0,                                      !- Minimum Value of x
  2,                                      !- Maximum Value of x
  0,                                      !- Minimum Curve Output
  2;                                      !- Maximum Curve Output

OS:Curve:Quadratic,
  {2594aa24-070b-4449-995e-6277661d1e62}, !- Handle
  Cool-PLF-fPLR1,                         !- Name
  0.8,                                    !- Coefficient1 Constant
  0.2,                                    !- Coefficient2 x
  0,                                      !- Coefficient3 x**2
  0,                                      !- Minimum Value of x
  1,                                      !- Maximum Value of x
  0.7,                                    !- Minimum Curve Output
  1;                                      !- Maximum Curve Output

OS:Schedule:Constant,
  {772134ef-f20f-468a-a465-ea0085c064a4}, !- Handle
  Always On Discrete,                     !- Name
  {f7e879d0-56ee-4a54-8368-aa78cf761c5f}, !- Schedule Type Limits Name
  1;                                      !- Value

OS:ScheduleTypeLimits,
  {f7e879d0-56ee-4a54-8368-aa78cf761c5f}, !- Handle
  OnOff,                                  !- Name
  0,                                      !- Lower Limit Value
  1,                                      !- Upper Limit Value
  Discrete,                               !- Numeric Type
  Availability;                           !- Unit Type

OS:Coil:Cooling:DX:SingleSpeed,
  {2c729f5e-b030-4e9a-8575-ea38aa4b036a}, !- Handle
  air source heat pump clg coil,          !- Name
  {772134ef-f20f-468a-a465-ea0085c064a4}, !- Availability Schedule Name
  14202.8087814887,                       !- Rated Total Cooling Capacity {W}
  0.730031800184905,                      !- Rated Sensible Heat Ratio
  2.9626,                                 !- Rated COP {W/W}
  0.730849244693426,                      !- Rated Air Flow Rate {m3/s}
  773.3,                                  !- Rated Evaporator Fan Power Per Volume Flow Rate 2017 {W/(m3/s)}
  934.4,                                  !- Rated Evaporator Fan Power Per Volume Flow Rate 2023 {W/(m3/s)}
  ,                                       !- Air Inlet Node Name
  ,                                       !- Air Outlet Node Name
  {e3929b51-796e-4a05-a8f5-923096b69a8f}, !- Total Cooling Capacity Function of Temperature Curve Name
  {ffc4ecb2-e2ff-4b95-a438-9bcdcdbf0336}, !- Total Cooling Capacity Function of Flow Fraction Curve Name
  {bfaa85f7-1fdc-4794-8846-e4b43bba4574}, !- Energy Input Ratio Function of Temperature Curve Name
  {af63958b-d8d1-4662-bea7-33e57404209a}, !- Energy Input Ratio Function of Flow Fraction Curve Name
  {2594aa24-070b-4449-995e-6277661d1e62}, !- Part Load Fraction Correlation Curve Name
  -25,                                    !- Minimum Outdoor Dry-Bulb Temperature for Compressor Operation {C}
  1000,                                   !- Nominal Time for Condensate Removal to Begin {s}
  1.5,                                    !- Ratio of Initial Moisture Evaporation Rate and Steady State Latent Capacity {dimensionless}
  3,                                      !- Maximum Cycling Rate {cycles/hr}
  45,                                     !- Latent Capacity Time Constant {s}
  ,                                       !- Condenser Air Inlet Node Name
  AirCooled,                              !- Condenser Type
  0.9,                                    !- Evaporative Condenser Effectiveness {dimensionless}
  autosize,                               !- Evaporative Condenser Air Flow Rate {m3/s}
  autosize,                               !- Evaporative Condenser Pump Rated Power Consumption {W}
  50,                                     !- Crankcase Heater Capacity {W}
  ,                                       !- Crankcase Heater Capacity Function of Temperature Curve Name
  10,                                     !- Maximum Outdoor Dry-Bulb Temperature for Crankcase Heater Operation {C}
  ,                                       !- Supply Water Storage Tank Name
  ,                                       !- Condensate Collection Water Storage Tank Name
  0,                                      !- Basin Heater Capacity {W/K}
  2;                                      !- Basin Heater Setpoint Temperature {C}

OS:AdditionalProperties,
  {b70edcb8-55f6-4fa7-b6b5-3736dd1a430f}, !- Handle
  {2c729f5e-b030-4e9a-8575-ea38aa4b036a}, !- Object Name
  HPXML_ID,                               !- Feature Name 1
  String,                                 !- Feature Data Type 1
  HeatPump1;                              !- Feature Value 1

OS:Curve:Biquadratic,
  {b05f435b-7d37-4c4d-961b-6be74dbc63bf}, !- Handle
  Heat-CAP-fT1,                           !- Name
  0.905106689142857,                      !- Coefficient1 Constant
  -0.0041461452,                          !- Coefficient2 x
  0,                                      !- Coefficient3 x**2
  0.0246428571428571,                     !- Coefficient4 y
  0,                                      !- Coefficient5 y**2
  0,                                      !- Coefficient6 x*y
  -100,                                   !- Minimum Value of x
  100,                                    !- Maximum Value of x
  -100,                                   !- Minimum Value of y
  100;                                    !- Maximum Value of y

OS:Curve:Biquadratic,
  {5d4f28d3-ad50-4731-a848-5ae623e4a5d8}, !- Handle
  Heat-EIR-fT1,                           !- Name
  0.716518071,                            !- Coefficient1 Constant
  0.0102759012,                           !- Coefficient2 x
  0.00046073448,                          !- Coefficient3 x**2
  -0.0064803654,                          !- Coefficient4 y
  0.000456354,                            !- Coefficient5 y**2
  -0.00069764004,                         !- Coefficient6 x*y
  -100,                                   !- Minimum Value of x
  100,                                    !- Maximum Value of x
  -100,                                   !- Minimum Value of y
  100;                                    !- Maximum Value of y

OS:Curve:Quadratic,
  {9018295b-f5bf-42a7-9394-d93a7175d9cb}, !- Handle
  Heat-CAP-fFF1,                          !- Name
  0.694045465,                            !- Coefficient1 Constant
  0.474207981,                            !- Coefficient2 x
  -0.168253446,                           !- Coefficient3 x**2
  0,                                      !- Minimum Value of x
  2,                                      !- Maximum Value of x
  0,                                      !- Minimum Curve Output
  2;                                      !- Maximum Curve Output

OS:Curve:Quadratic,
  {c8b4fadd-0066-4cae-a45b-1eab0c7f0ce4}, !- Handle
  Heat-EIR-fFF1,                          !- Name
  2.185418751,                            !- Coefficient1 Constant
  -1.942827919,                           !- Coefficient2 x
  0.757409168,                            !- Coefficient3 x**2
  0,                                      !- Minimum Value of x
  2,                                      !- Maximum Value of x
  0,                                      !- Minimum Curve Output
  2;                                      !- Maximum Curve Output

OS:Curve:Quadratic,
  {05edb640-4c4b-4bb3-bbef-eade8041d6fc}, !- Handle
  Heat-PLF-fPLR1,                         !- Name
  0.8,                                    !- Coefficient1 Constant
  0.2,                                    !- Coefficient2 x
  0,                                      !- Coefficient3 x**2
  0,                                      !- Minimum Value of x
  1,                                      !- Maximum Value of x
  0.7,                                    !- Minimum Curve Output
  1;                                      !- Maximum Curve Output

OS:Coil:Heating:DX:SingleSpeed,
  {0c57f22e-2d79-49f3-b0e4-caf29ad185e4}, !- Handle
  air source heat pump htg coil,          !- Name
  {772134ef-f20f-468a-a465-ea0085c064a4}, !- Availability Schedule Name
  13457.519685643,                        !- Rated Total Heating Capacity {W}
  2.506852,                               !- Rated COP {W/W}
  0.712123782056684,                      !- Rated Air Flow Rate {m3/s}
  773.3,                                  !- Rated Supply Fan Power Per Volume Flow Rate 2017 {W/(m3/s)}
  934.4,                                  !- Rated Supply Fan Power Per Volume Flow Rate 2023 {W/(m3/s)}
  ,                                       !- Air Inlet Node Name
  ,                                       !- Air Outlet Node Name
  {b05f435b-7d37-4c4d-961b-6be74dbc63bf}, !- Total Heating Capacity Function of Temperature Curve Name
  {9018295b-f5bf-42a7-9394-d93a7175d9cb}, !- Total Heating Capacity Function of Flow Fraction Curve Name
  {5d4f28d3-ad50-4731-a848-5ae623e4a5d8}, !- Energy Input Ratio Function of Temperature Curve Name
  {c8b4fadd-0066-4cae-a45b-1eab0c7f0ce4}, !- Energy Input Ratio Function of Flow Fraction Curve Name
  {05edb640-4c4b-4bb3-bbef-eade8041d6fc}, !- Part Load Fraction Correlation Curve Name
  {b84bc22f-b8b3-42e0-af5c-a6578741a247}, !- Defrost Energy Input Ratio Function of Temperature Curve Name
  -17.7777777777778,                      !- Minimum Outdoor Dry-Bulb Temperature for Compressor Operation {C}
  4.44444444444444,                       !- Maximum Outdoor Dry-Bulb Temperature for Defrost Operation {C}
  50,                                     !- Crankcase Heater Capacity {W}
  ,                                       !- Crankcase Heater Capacity Function of Temperature Curve Name
  10,                                     !- Maximum Outdoor Dry-Bulb Temperature for Crankcase Heater Operation {C}
  ReverseCycle,                           !- Defrost Strategy
  Timed,                                  !- Defrost Control
  0.166667,                               !- Defrost Time Period Fraction
  2000;                                   !- Resistive Defrost Heater Capacity {W}

OS:Curve:Biquadratic,
  {b84bc22f-b8b3-42e0-af5c-a6578741a247}, !- Handle
  Defrosteir,                             !- Name
  0.1528,                                 !- Coefficient1 Constant
  0,                                      !- Coefficient2 x
  0,                                      !- Coefficient3 x**2
  0,                                      !- Coefficient4 y
  0,                                      !- Coefficient5 y**2
  0,                                      !- Coefficient6 x*y
  -100,                                   !- Minimum Value of x
  100,                                    !- Maximum Value of x
  -100,                                   !- Minimum Value of y
  100;                                    !- Maximum Value of y

OS:AdditionalProperties,
  {06f7e1ab-232d-4918-8761-6031dc3b5069}, !- Handle
  {0c57f22e-2d79-49f3-b0e4-caf29ad185e4}, !- Object Name
  HPXML_ID,                               !- Feature Name 1
  String,                                 !- Feature Data Type 1
  HeatPump1;                              !- Feature Value 1

OS:Coil:Heating:Electric,
  {c2070a5b-53ff-4ac5-bfe9-7290e031ee01}, !- Handle
  air source heat pump backup htg coil,   !- Name
  {772134ef-f20f-468a-a465-ea0085c064a4}, !- Availability Schedule Name
  1,                                      !- Efficiency
  12018.8445877628,                       !- Nominal Capacity {W}
  ,                                       !- Air Inlet Node Name
  ;                                       !- Air Outlet Node Name

OS:AdditionalProperties,
  {6b938ec5-e38d-4eb6-8915-28f3ec4f617d}, !- Handle
  {c2070a5b-53ff-4ac5-bfe9-7290e031ee01}, !- Object Name
  HPXML_ID,                               !- Feature Name 1
  String,                                 !- Feature Data Type 1
  HeatPump1,                              !- Feature Value 1
  IsHeatPumpBackup,                       !- Feature Name 2
  Boolean,                                !- Feature Data Type 2
  true;                                   !- Feature Value 2

OS:Fan:SystemModel,
  {e30125f2-5721-485c-ba6a-ca545ea9f913}, !- Handle
  air source heat pump supply fan,        !- Name
  {772134ef-f20f-468a-a465-ea0085c064a4}, !- Availability Schedule Name
  ,                                       !- Air Inlet Node Name
  ,                                       !- Air Outlet Node Name
  0.6833798977536,                        !- Design Maximum Air Flow Rate {m3/s}
  Discrete,                               !- Speed Control Method
  0.2,                                    !- Electric Power Minimum Flow Rate Fraction
  794.580001233493,                       !- Design Pressure Rise {Pa}
  1,                                      !- Motor Efficiency
  1,                                      !- Motor In Air Stream Fraction
  autosize,                               !- Design Electric Power Consumption {W}
  TotalEfficiencyAndPressure,             !- Design Power Sizing Method
  840,                                    !- Electric Power Per Unit Flow Rate {W/(m3/s)}
  1.66667,                                !- Electric Power Per Unit Flow Rate Per Unit Pressure {W-s/m3-Pa}
  0.75,                                   !- Fan Total Efficiency
  ,                                       !- Electric Power Function of Flow Fraction Curve Name
  ,                                       !- Night Ventilation Mode Pressure Rise {Pa}
  ,                                       !- Night Ventilation Mode Flow Fraction
  ,                                       !- Motor Loss Zone Name
  0,                                      !- Motor Loss Radiative Fraction
  supply fan,                             !- End-Use Subcategory
  0.84738,                                !- Speed Flow Fraction 1
  0.60845,                                !- Speed Electric Power Fraction 1
  1,                                      !- Speed Flow Fraction 2
  1;                                      !- Speed Electric Power Fraction 2

OS:EnergyManagementSystem:Sensor,
  {22b2156b-5e8f-47c4-88f9-6b8ce0cba328}, !- Handle
  air_source_heat_pump_supply_fan_s,      !- Name
  air source heat pump supply fan,        !- Output Variable or Output Meter Index Key Name
  Fan Electricity Energy;                 !- Output Variable or Output Meter Name

OS:EnergyManagementSystem:Sensor,
  {f709a641-4774-40a4-9167-34373279bffd}, !- Handle
  air_source_heat_pump_clg_coil_s,        !- Name
  air source heat pump clg coil,          !- Output Variable or Output Meter Index Key Name
  Cooling Coil Total Cooling Energy;      !- Output Variable or Output Meter Name

OS:EnergyManagementSystem:Sensor,
  {c744bc8d-0791-4c99-8f0d-99a72fa34970}, !- Handle
  air_source_heat_pump_htg_coil_s,        !- Name
  air source heat pump htg coil,          !- Output Variable or Output Meter Index Key Name
  Heating Coil Heating Energy;            !- Output Variable or Output Meter Name

OS:EnergyManagementSystem:Sensor,
  {ed04c6b5-ec48-4b16-95cd-4616eb4d8033}, !- Handle
  air_source_heat_pump_backup_htg_coil_s, !- Name
  air source heat pump backup htg coil,   !- Output Variable or Output Meter Index Key Name
  Heating Coil Heating Energy;            !- Output Variable or Output Meter Name

OS:EnergyManagementSystem:Program,
  {fdc67112-6b9b-45fd-82f2-23cd1ab0bf28}, !- Handle
  air_source_heat_pump_supply_fan_disaggregate_program, !- Name
  Set air_source_heat_pump_supply_fan_clg = 0, !- Program Line 1
  Set air_source_heat_pump_supply_fan_primary_htg = 0, !- Program Line 2
  Set air_source_heat_pump_supply_fan_backup_htg = 0, !- Program Line 3
  If air_source_heat_pump_clg_coil_s > 0, !- Program Line 4
  Set air_source_heat_pump_supply_fan_clg = air_source_heat_pump_supply_fan_s, !- Program Line 5
  ElseIf air_source_heat_pump_htg_coil_s > 0 && (air_source_heat_pump_backup_htg_coil_s > 0), !- Program Line 6
  Set air_source_heat_pump_supply_fan_primary_htg = air_source_heat_pump_supply_fan_s * air_source_heat_pump_htg_coil_s / (air_source_heat_pump_htg_coil_s + air_source_heat_pump_backup_htg_coil_s), !- Program Line 7
  Set air_source_heat_pump_supply_fan_backup_htg = air_source_heat_pump_supply_fan_s * air_source_heat_pump_backup_htg_coil_s / (air_source_heat_pump_htg_coil_s + air_source_heat_pump_backup_htg_coil_s), !- Program Line 8
  ElseIf air_source_heat_pump_htg_coil_s > 0, !- Program Line 9
  Set air_source_heat_pump_supply_fan_primary_htg = air_source_heat_pump_supply_fan_s, !- Program Line 10
  Else,                                   !- Program Line 11
  Set air_source_heat_pump_supply_fan_backup_htg = air_source_heat_pump_supply_fan_s, !- Program Line 12
  EndIf;                                  !- Program Line 13

OS:EnergyManagementSystem:ProgramCallingManager,
  {822ae128-af43-4928-8b6d-a64d621d735b}, !- Handle
  air source heat pump supply fan disaggregate program calling manager, !- Name
  EndOfSystemTimestepBeforeHVACReporting, !- EnergyPlus Model Calling Point
  {fdc67112-6b9b-45fd-82f2-23cd1ab0bf28}; !- Program Name 1

OS:EnergyManagementSystem:OutputVariable,
  {561bdb69-397d-48ea-8626-0fe153241f30}, !- Handle
  air source heat pump supply fan disaggregate clg, !- Name
  air_source_heat_pump_supply_fan_clg,    !- EMS Variable Name
  Summed,                                 !- Type of Data in Variable
  SystemTimestep,                         !- Update Frequency
  {fdc67112-6b9b-45fd-82f2-23cd1ab0bf28}, !- EMS Program or Subroutine Name
  J;                                      !- Units

OS:AdditionalProperties,
  {de839319-2c50-4b2b-97a3-eac3f92372ae}, !- Handle
  {561bdb69-397d-48ea-8626-0fe153241f30}, !- Object Name
  HPXML_ID,                               !- Feature Name 1
  String,                                 !- Feature Data Type 1
  HeatPump1,                              !- Feature Value 1
  ObjectType,                             !- Feature Name 2
  String,                                 !- Feature Data Type 2
  disaggregate clg;                       !- Feature Value 2

OS:EnergyManagementSystem:OutputVariable,
  {5af10249-0fad-4767-8214-6a0ad4739083}, !- Handle
  air source heat pump supply fan disaggregate htg primary, !- Name
  air_source_heat_pump_supply_fan_primary_htg, !- EMS Variable Name
  Summed,                                 !- Type of Data in Variable
  SystemTimestep,                         !- Update Frequency
  {fdc67112-6b9b-45fd-82f2-23cd1ab0bf28}, !- EMS Program or Subroutine Name
  J;                                      !- Units

OS:AdditionalProperties,
  {6b047d51-306d-411e-b343-3686e9c90f7b}, !- Handle
  {5af10249-0fad-4767-8214-6a0ad4739083}, !- Object Name
  HPXML_ID,                               !- Feature Name 1
  String,                                 !- Feature Data Type 1
  HeatPump1,                              !- Feature Value 1
  ObjectType,                             !- Feature Name 2
  String,                                 !- Feature Data Type 2
  disaggregate htg primary;               !- Feature Value 2

OS:EnergyManagementSystem:OutputVariable,
  {1c9dde93-36b6-403a-aa73-4844640d6ed4}, !- Handle
  air source heat pump supply fan disaggregate htg backup, !- Name
  air_source_heat_pump_supply_fan_backup_htg, !- EMS Variable Name
  Summed,                                 !- Type of Data in Variable
  SystemTimestep,                         !- Update Frequency
  {fdc67112-6b9b-45fd-82f2-23cd1ab0bf28}, !- EMS Program or Subroutine Name
  J;                                      !- Units

OS:AdditionalProperties,
  {9610787c-83ba-4c9a-9aa1-0c92a524c0b0}, !- Handle
  {1c9dde93-36b6-403a-aa73-4844640d6ed4}, !- Object Name
  HPXML_ID,                               !- Feature Name 1
  String,                                 !- Feature Data Type 1
  HeatPump1,                              !- Feature Value 1
  ObjectType,                             !- Feature Name 2
  String,                                 !- Feature Data Type 2
  disaggregate htg backup;                !- Feature Value 2

OS:Schedule:Constant,
  {25e6e2c2-4a00-4734-b3f1-8693b25345de}, !- Handle
  air source heat pump auto fan schedule, !- Name
  {f7e879d0-56ee-4a54-8368-aa78cf761c5f}, !- Schedule Type Limits Name
  0;                                      !- Value

OS:AirLoopHVAC:UnitarySystem,
  {844c5f5f-548b-4cfb-9518-fcce3a4362cf}, !- Handle
  air source heat pump unitary system,    !- Name
  Load,                                   !- Control Type
  {94e82864-d97b-409a-8a34-e0c56475184d}, !- Controlling Zone or Thermostat Location
  None,                                   !- Dehumidification Control Type
  {772134ef-f20f-468a-a465-ea0085c064a4}, !- Availability Schedule Name
  {f8b0bfd8-2db1-4c01-860c-3d8826132a0a}, !- Air Inlet Node Name
  {260118fd-56f9-4729-a344-b7c956a17951}, !- Air Outlet Node Name
  {e30125f2-5721-485c-ba6a-ca545ea9f913}, !- Supply Fan Name
  BlowThrough,                            !- Fan Placement
  {25e6e2c2-4a00-4734-b3f1-8693b25345de}, !- Supply Air Fan Operating Mode Schedule Name
  {0c57f22e-2d79-49f3-b0e4-caf29ad185e4}, !- Heating Coil Name
  1,                                      !- DX Heating Coil Sizing Ratio
  {2c729f5e-b030-4e9a-8575-ea38aa4b036a}, !- Cooling Coil Name
  No,                                     !- Use DOAS DX Cooling Coil
  2,                                      !- DOAS DX Cooling Coil Leaving Minimum Air Temperature {C}
  SensibleOnlyLoadControl,                !- Latent Load Control
  {c2070a5b-53ff-4ac5-bfe9-7290e031ee01}, !- Supplemental Heating Coil Name
  SupplyAirFlowRate,                      !- Supply Air Flow Rate Method During Cooling Operation
  0.6833798977536,                        !- Supply Air Flow Rate During Cooling Operation {m3/s}
  ,                                       !- Supply Air Flow Rate Per Floor Area During Cooling Operation {m3/s-m2}
  ,                                       !- Fraction of Autosized Design Cooling Supply Air Flow Rate
  ,                                       !- Design Supply Air Flow Rate Per Unit of Capacity During Cooling Operation {m3/s-W}
  SupplyAirFlowRate,                      !- Supply Air Flow Rate Method During Heating Operation
  0.5790795128064,                        !- Supply Air Flow Rate During Heating Operation {m3/s}
  ,                                       !- Supply Air Flow Rate Per Floor Area during Heating Operation {m3/s-m2}
  ,                                       !- Fraction of Autosized Design Heating Supply Air Flow Rate
  ,                                       !- Design Supply Air Flow Rate Per Unit of Capacity During Heating Operation {m3/s-W}
  SupplyAirFlowRate,                      !- Supply Air Flow Rate Method When No Cooling or Heating is Required
  0,                                      !- Supply Air Flow Rate When No Cooling or Heating is Required {m3/s}
  ,                                       !- Supply Air Flow Rate Per Floor Area When No Cooling or Heating is Required {m3/s-m2}
  ,                                       !- Fraction of Autosized Design Cooling Supply Air Flow Rate When No Cooling or Heating is Required
  ,                                       !- Fraction of Autosized Design Heating Supply Air Flow Rate When No Cooling or Heating is Required
  ,                                       !- Design Supply Air Flow Rate Per Unit of Capacity During Cooling Operation When No Cooling or Heating is Required {m3/s-W}
  ,                                       !- Design Supply Air Flow Rate Per Unit of Capacity During Heating Operation When No Cooling or Heating is Required {m3/s-W}
  93.3333333333333,                       !- Maximum Supply Air Temperature {C}
  4.44444444444444,                       !- Maximum Outdoor Dry-Bulb Temperature for Supplemental Heater Operation {C}
  ,                                       !- Outdoor Dry-Bulb Temperature Sensor Node Name
  0,                                      !- Ancilliary On-Cycle Electric Power {W}
  0;                                      !- Ancilliary Off-Cycle Electric Power {W}

OS:AirLoopHVAC,
  {9c8429a7-b15e-4232-9e09-2652d3cb7777}, !- Handle
  air source heat pump airloop,           !- Name
  ,                                       !- Controller List Name
  {772134ef-f20f-468a-a465-ea0085c064a4}, !- Availability Schedule
  {e2d7cbf9-b865-4b55-a8c1-4abed570daa7}, !- Availability Manager List Name
  0.6833798977536,                        !- Design Supply Air Flow Rate {m3/s}
  1,                                      !- Design Return Air Flow Fraction of Supply Air Flow
  ,                                       !- Branch List Name
  ,                                       !- Connector List Name
  {1f6e8730-dcc1-40d2-9c40-bf917a84c48a}, !- Supply Side Inlet Node Name
  {1fe74b0b-3f9b-4f99-912c-77a638ef08cc}, !- Demand Side Outlet Node Name
  {2a3da9f2-87eb-412f-a2ab-be0446b0814b}, !- Demand Side Inlet Node A
  {03a33206-62e3-4819-a98f-0e4f48c075c2}, !- Supply Side Outlet Node A
  ,                                       !- Demand Side Inlet Node B
  ,                                       !- Supply Side Outlet Node B
  ,                                       !- Return Air Bypass Flow Temperature Setpoint Schedule Name
  {f9204d18-26e6-4cb1-b321-980da1615fa0}, !- Demand Mixer Name
  {cd5c0fe1-0388-4d2a-8f50-4ac62355d9fe}, !- Demand Splitter A Name
  ,                                       !- Demand Splitter B Name
  ;                                       !- Supply Splitter Name

OS:Node,
  {b4bb78af-e13d-4895-9e6c-8f77873492f3}, !- Handle
  Node 3,                                 !- Name
  {1f6e8730-dcc1-40d2-9c40-bf917a84c48a}, !- Inlet Port
  {f8b0bfd8-2db1-4c01-860c-3d8826132a0a}; !- Outlet Port

OS:Node,
  {8d1b9879-18b6-4179-bc78-30a6151f780b}, !- Handle
  Node 4,                                 !- Name
  {260118fd-56f9-4729-a344-b7c956a17951}, !- Inlet Port
  {03a33206-62e3-4819-a98f-0e4f48c075c2}; !- Outlet Port

OS:Connection,
  {1f6e8730-dcc1-40d2-9c40-bf917a84c48a}, !- Handle
  {9c8429a7-b15e-4232-9e09-2652d3cb7777}, !- Source Object
  9,                                      !- Outlet Port
  {b4bb78af-e13d-4895-9e6c-8f77873492f3}, !- Target Object
  2;                                      !- Inlet Port

OS:Connection,
  {03a33206-62e3-4819-a98f-0e4f48c075c2}, !- Handle
  {8d1b9879-18b6-4179-bc78-30a6151f780b}, !- Source Object
  3,                                      !- Outlet Port
  {9c8429a7-b15e-4232-9e09-2652d3cb7777}, !- Target Object
  12;                                     !- Inlet Port

OS:Node,
  {bf939616-c23c-4f0c-bf77-ee5393533091}, !- Handle
  Node 5,                                 !- Name
  {2a3da9f2-87eb-412f-a2ab-be0446b0814b}, !- Inlet Port
  {99a765f8-4af6-45c3-bcc9-814b5c9b706d}; !- Outlet Port

OS:Node,
  {ce94f1ee-db84-4d25-9516-4aaa63853d80}, !- Handle
  Node 6,                                 !- Name
  {a3372f48-b734-433b-ad56-6dcbb7dc88f9}, !- Inlet Port
  {1fe74b0b-3f9b-4f99-912c-77a638ef08cc}; !- Outlet Port

OS:Node,
  {25dc8a90-1d74-48a5-9df0-fc3c057743c2}, !- Handle
  Node 7,                                 !- Name
  {83d9111a-4bc6-457e-a5b3-30beeb5130c9}, !- Inlet Port
  {5498c6b7-782f-41fc-9339-215efd6b235e}; !- Outlet Port

OS:Connection,
  {2a3da9f2-87eb-412f-a2ab-be0446b0814b}, !- Handle
  {9c8429a7-b15e-4232-9e09-2652d3cb7777}, !- Source Object
  11,                                     !- Outlet Port
  {bf939616-c23c-4f0c-bf77-ee5393533091}, !- Target Object
  2;                                      !- Inlet Port

OS:Connection,
  {1fe74b0b-3f9b-4f99-912c-77a638ef08cc}, !- Handle
  {ce94f1ee-db84-4d25-9516-4aaa63853d80}, !- Source Object
  3,                                      !- Outlet Port
  {9c8429a7-b15e-4232-9e09-2652d3cb7777}, !- Target Object
  10;                                     !- Inlet Port

OS:AirLoopHVAC:ZoneSplitter,
  {cd5c0fe1-0388-4d2a-8f50-4ac62355d9fe}, !- Handle
  air source heat pump zone splitter,     !- Name
  {99a765f8-4af6-45c3-bcc9-814b5c9b706d}, !- Inlet Node Name
  {4ef8de32-9efe-4333-9c9e-693856b1fc24}; !- Outlet Node Name 1

OS:AirLoopHVAC:ZoneMixer,
  {f9204d18-26e6-4cb1-b321-980da1615fa0}, !- Handle
  air source heat pump zone mixer,        !- Name
  {a3372f48-b734-433b-ad56-6dcbb7dc88f9}, !- Outlet Node Name
  {03e50afe-3234-49a4-927d-1b4da8933f39}; !- Inlet Node Name 1

OS:Connection,
  {99a765f8-4af6-45c3-bcc9-814b5c9b706d}, !- Handle
  {bf939616-c23c-4f0c-bf77-ee5393533091}, !- Source Object
  3,                                      !- Outlet Port
  {cd5c0fe1-0388-4d2a-8f50-4ac62355d9fe}, !- Target Object
  2;                                      !- Inlet Port

OS:Connection,
  {a3372f48-b734-433b-ad56-6dcbb7dc88f9}, !- Handle
  {f9204d18-26e6-4cb1-b321-980da1615fa0}, !- Source Object
  2,                                      !- Outlet Port
  {ce94f1ee-db84-4d25-9516-4aaa63853d80}, !- Target Object
  2;                                      !- Inlet Port

OS:Sizing:System,
  {6686eab4-67ea-4efb-be63-5db5016e4580}, !- Handle
  {9c8429a7-b15e-4232-9e09-2652d3cb7777}, !- AirLoop Name
  ,                                       !- Type of Load to Size On
  ,                                       !- Design Outdoor Air Flow Rate {m3/s}
  0.3,                                    !- Central Heating Maximum System Air Flow Ratio
  7,                                      !- Preheat Design Temperature {C}
  0.008,                                  !- Preheat Design Humidity Ratio {kg-H2O/kg-Air}
  12.8,                                   !- Precool Design Temperature {C}
  0.008,                                  !- Precool Design Humidity Ratio {kg-H2O/kg-Air}
  12.8,                                   !- Central Cooling Design Supply Air Temperature {C}
  16.7,                                   !- Central Heating Design Supply Air Temperature {C}
  ,                                       !- Sizing Option
  Yes,                                    !- 100% Outdoor Air in Cooling
  Yes,                                    !- 100% Outdoor Air in Heating
  0.0085,                                 !- Central Cooling Design Supply Air Humidity Ratio {kg-H2O/kg-Air}
  ,                                       !- Central Heating Design Supply Air Humidity Ratio {kg-H2O/kg-Air}
  ,                                       !- Cooling Design Air Flow Method
  ,                                       !- Cooling Design Air Flow Rate {m3/s}
  ,                                       !- Heating Design Air Flow Method
  ,                                       !- Heating Design Air Flow Rate {m3/s}
  ,                                       !- System Outdoor Air Method
  1,                                      !- Zone Maximum Outdoor Air Fraction {dimensionless}
  0.0099676501,                           !- Cooling Supply Air Flow Rate Per Floor Area {m3/s-m2}
  1,                                      !- Cooling Fraction of Autosized Cooling Supply Air Flow Rate
  3.9475456e-05,                          !- Cooling Supply Air Flow Rate Per Unit Cooling Capacity {m3/s-W}
  0.0099676501,                           !- Heating Supply Air Flow Rate Per Floor Area {m3/s-m2}
  1,                                      !- Heating Fraction of Autosized Heating Supply Air Flow Rate
  1,                                      !- Heating Fraction of Autosized Cooling Supply Air Flow Rate
  3.1588213e-05,                          !- Heating Supply Air Flow Rate Per Unit Heating Capacity {m3/s-W}
  CoolingDesignCapacity,                  !- Cooling Design Capacity Method
  autosize,                               !- Cooling Design Capacity {W}
  234.7,                                  !- Cooling Design Capacity Per Floor Area {W/m2}
  1,                                      !- Fraction of Autosized Cooling Design Capacity
  HeatingDesignCapacity,                  !- Heating Design Capacity Method
  autosize,                               !- Heating Design Capacity {W}
  157,                                    !- Heating Design Capacity Per Floor Area {W/m2}
  1,                                      !- Fraction of Autosized Heating Design Capacity
  OnOff,                                  !- Central Cooling Capacity Control Method
  autosize;                               !- Occupant Diversity

OS:AvailabilityManagerAssignmentList,
  {e2d7cbf9-b865-4b55-a8c1-4abed570daa7}, !- Handle
  Air Loop HVAC 1 AvailabilityManagerAssignmentList; !- Name

OS:Connection,
  {f8b0bfd8-2db1-4c01-860c-3d8826132a0a}, !- Handle
  {b4bb78af-e13d-4895-9e6c-8f77873492f3}, !- Source Object
  3,                                      !- Outlet Port
  {844c5f5f-548b-4cfb-9518-fcce3a4362cf}, !- Target Object
  6;                                      !- Inlet Port

OS:Connection,
  {260118fd-56f9-4729-a344-b7c956a17951}, !- Handle
  {844c5f5f-548b-4cfb-9518-fcce3a4362cf}, !- Source Object
  7,                                      !- Outlet Port
  {8d1b9879-18b6-4179-bc78-30a6151f780b}, !- Target Object
  2;                                      !- Inlet Port

OS:AirTerminal:SingleDuct:ConstantVolume:NoReheat,
  {71a89eff-b4a9-4b7e-b8d4-69b867fd1b47}, !- Handle
  air source heat pump terminal,          !- Name
  {772134ef-f20f-468a-a465-ea0085c064a4}, !- Availability Schedule Name
  {6e6f3b97-a9f3-48bf-aa38-c9eba400bde2}, !- Air Inlet Node Name
  {83d9111a-4bc6-457e-a5b3-30beeb5130c9}, !- Air Outlet Node Name
  0.6833798977536;                        !- Maximum Air Flow Rate {m3/s}

OS:Node,
  {78765e61-a7df-4661-a65f-1a3d0ff0e648}, !- Handle
  Node 8,                                 !- Name
  {ee34ca12-02ec-4827-b969-86d2fbad5dbc}, !- Inlet Port
  {5a24aece-7942-4982-8b92-1c8af8f78164}; !- Outlet Port

OS:Connection,
  {5498c6b7-782f-41fc-9339-215efd6b235e}, !- Handle
  {25dc8a90-1d74-48a5-9df0-fc3c057743c2}, !- Source Object
  3,                                      !- Outlet Port
  {4ce68a9b-4f13-430b-9a7b-24d29de84f33}, !- Target Object
  2;                                      !- Inlet Port

OS:Connection,
  {ee34ca12-02ec-4827-b969-86d2fbad5dbc}, !- Handle
  {b4494612-dce3-43a1-bf3a-6bc2557af36e}, !- Source Object
  2,                                      !- Outlet Port
  {78765e61-a7df-4661-a65f-1a3d0ff0e648}, !- Target Object
  2;                                      !- Inlet Port

OS:Node,
  {a0026352-4070-409a-976b-9d585a641287}, !- Handle
  Node 9,                                 !- Name
  {4ef8de32-9efe-4333-9c9e-693856b1fc24}, !- Inlet Port
  {6e6f3b97-a9f3-48bf-aa38-c9eba400bde2}; !- Outlet Port

OS:Connection,
  {4ef8de32-9efe-4333-9c9e-693856b1fc24}, !- Handle
  {cd5c0fe1-0388-4d2a-8f50-4ac62355d9fe}, !- Source Object
  3,                                      !- Outlet Port
  {a0026352-4070-409a-976b-9d585a641287}, !- Target Object
  2;                                      !- Inlet Port

OS:Connection,
  {6e6f3b97-a9f3-48bf-aa38-c9eba400bde2}, !- Handle
  {a0026352-4070-409a-976b-9d585a641287}, !- Source Object
  3,                                      !- Outlet Port
  {71a89eff-b4a9-4b7e-b8d4-69b867fd1b47}, !- Target Object
  3;                                      !- Inlet Port

OS:Connection,
  {83d9111a-4bc6-457e-a5b3-30beeb5130c9}, !- Handle
  {71a89eff-b4a9-4b7e-b8d4-69b867fd1b47}, !- Source Object
  4,                                      !- Outlet Port
  {25dc8a90-1d74-48a5-9df0-fc3c057743c2}, !- Target Object
  2;                                      !- Inlet Port

OS:Schedule:Constant,
  {b930f289-9df9-46b3-9cc6-af27719de9c4}, !- Handle
  Sequential Fraction Schedule,           !- Name
  {e3188119-cea3-4bc3-bf19-1ff5badafaf3}, !- Schedule Type Limits Name
  1;                                      !- Value

OS:Schedule:Constant,
  {d8a62c13-9467-41c6-a208-deaf34d0dd8a}, !- Handle
  Sequential Fraction Schedule 1,         !- Name
  {e3188119-cea3-4bc3-bf19-1ff5badafaf3}, !- Schedule Type Limits Name
  1;                                      !- Value

OS:Schedule:File,
  {5527423b-868c-4cb7-abad-915e1e87b2bb}, !- Handle
  ceiling_fan,                            !- Name
  {e3188119-cea3-4bc3-bf19-1ff5badafaf3}, !- Schedule Type Limits Name
  {5428cbb8-7415-4adb-a528-e66ae2962926}, !- External File Name
  8,                                      !- Column Number
  1,                                      !- Rows to Skip at Top
  8760,                                   !- Number of Hours of Data
  ,                                       !- Column Separator
  ,                                       !- Interpolate to Timestep
  15,                                     !- Minutes per Item
  ,                                       !- Adjust Schedule for Daylight Savings
  Yes;                                    !- Translate File With Relative Path

OS:ElectricEquipment:Definition,
  {87dd668a-e005-4f8f-889b-8bae23733574}, !- Handle
  ceiling fan,                            !- Name
  EquipmentLevel,                         !- Design Level Calculation Method
  29.0402197783317,                       !- Design Level {W}
  ,                                       !- Watts per Space Floor Area {W/m2}
  ,                                       !- Watts per Person {W/person}
  0,                                      !- Fraction Latent
  0.558,                                  !- Fraction Radiant
  0;                                      !- Fraction Lost

OS:ElectricEquipment,
  {10c88983-8c2b-4e54-989f-6f05731c25d5}, !- Handle
  ceiling fan,                            !- Name
  {87dd668a-e005-4f8f-889b-8bae23733574}, !- Electric Equipment Definition Name
  {ebd3c336-575b-4630-bea9-fcaa44ab29b9}, !- Space or SpaceType Name
  {5527423b-868c-4cb7-abad-915e1e87b2bb}, !- Schedule Name
  ,                                       !- Multiplier
  ceiling fan;                            !- End-Use Subcategory

OS:PlantLoop,
  {46f23081-35c3-4eaa-aab8-eb049c5552ee}, !- Handle
  dhw loop,                               !- Name
  ,                                       !- Fluid Type
  0,                                      !- Glycol Concentration
  ,                                       !- User Defined Fluid Type
  ,                                       !- Plant Equipment Operation Heating Load
  ,                                       !- Plant Equipment Operation Cooling Load
  ,                                       !- Primary Plant Equipment Operation Scheme
  {6187b990-36bc-4821-a0bb-c3a98ecb2212}, !- Loop Temperature Setpoint Node Name
  ,                                       !- Maximum Loop Temperature {C}
  ,                                       !- Minimum Loop Temperature {C}
  0.01,                                   !- Maximum Loop Flow Rate {m3/s}
  ,                                       !- Minimum Loop Flow Rate {m3/s}
  0.003,                                  !- Plant Loop Volume {m3}
  {0d13c6de-d9d2-4903-af46-7d62ca39b338}, !- Plant Side Inlet Node Name
  {e01b91d4-1feb-444f-9e7a-59cc720d9a48}, !- Plant Side Outlet Node Name
  ,                                       !- Plant Side Branch List Name
  {3af8da35-d81f-46b9-aa7d-516f75364b9f}, !- Demand Side Inlet Node Name
  {876dae0d-781e-4067-8c47-d7f516d12da3}, !- Demand Side Outlet Node Name
  ,                                       !- Demand Side Branch List Name
  ,                                       !- Demand Side Connector List Name
  Optimal,                                !- Load Distribution Scheme
  {43489f01-8fd6-410e-bf58-44ef6bf53240}, !- Availability Manager List Name
  ,                                       !- Plant Loop Demand Calculation Scheme
  ,                                       !- Common Pipe Simulation
  ,                                       !- Pressure Simulation Type
  ,                                       !- Plant Equipment Operation Heating Load Schedule
  ,                                       !- Plant Equipment Operation Cooling Load Schedule
  ,                                       !- Primary Plant Equipment Operation Scheme Schedule
  ,                                       !- Component Setpoint Operation Scheme Schedule
  {302c4b28-2f19-493d-957f-8512b3ce8ad4}, !- Demand Mixer Name
  {590d6379-40d1-45ab-aa9e-b898432d0e5d}, !- Demand Splitter Name
  {5ff02983-f42d-4519-b7f8-5b425900ed31}, !- Supply Mixer Name
  {d1c0d5b3-3731-4c62-834a-8ca792b46e2e}; !- Supply Splitter Name

OS:Node,
  {accc81db-de2d-48ef-ae8c-c46bdeeeb81b}, !- Handle
  Node 10,                                !- Name
  {0d13c6de-d9d2-4903-af46-7d62ca39b338}, !- Inlet Port
  {da48e9b6-d242-42eb-8ff3-8f28c6b25004}; !- Outlet Port

OS:Node,
  {6187b990-36bc-4821-a0bb-c3a98ecb2212}, !- Handle
  Node 11,                                !- Name
  {58147aff-866a-439c-8aad-2b2c5cb124bd}, !- Inlet Port
  {e01b91d4-1feb-444f-9e7a-59cc720d9a48}; !- Outlet Port

OS:Node,
  {0d6ca708-2750-4135-bea4-362cb0f1c651}, !- Handle
  Node 12,                                !- Name
  {bd93750f-ddc0-4eaa-93a5-68cd7667bad0}, !- Inlet Port
  {e3cce574-e85f-45bb-bb75-cbe61370c383}; !- Outlet Port

OS:Connector:Mixer,
  {5ff02983-f42d-4519-b7f8-5b425900ed31}, !- Handle
  Connector Mixer 1,                      !- Name
  {7fc0a164-c54c-4a47-bccb-bdf9e6c3a137}, !- Outlet Branch Name
  {d3beca19-e9a4-48d8-be9d-3e3da8c6a263}, !- Inlet Branch Name 1
  {460f4f64-c85e-4137-9019-f8d95e1f1ab0}; !- Inlet Branch Name 2

OS:Connector:Splitter,
  {d1c0d5b3-3731-4c62-834a-8ca792b46e2e}, !- Handle
  Connector Splitter 1,                   !- Name
  {a150cf3b-4754-422e-abd0-ea7d3c4e31f2}, !- Inlet Branch Name
  {bd93750f-ddc0-4eaa-93a5-68cd7667bad0}, !- Outlet Branch Name 1
  {b4824d6c-a275-4ee0-84c8-e2a6fcbc9014}; !- Outlet Branch Name 2

OS:Connection,
  {0d13c6de-d9d2-4903-af46-7d62ca39b338}, !- Handle
  {46f23081-35c3-4eaa-aab8-eb049c5552ee}, !- Source Object
  14,                                     !- Outlet Port
  {accc81db-de2d-48ef-ae8c-c46bdeeeb81b}, !- Target Object
  2;                                      !- Inlet Port

OS:Connection,
  {bd93750f-ddc0-4eaa-93a5-68cd7667bad0}, !- Handle
  {d1c0d5b3-3731-4c62-834a-8ca792b46e2e}, !- Source Object
  3,                                      !- Outlet Port
  {0d6ca708-2750-4135-bea4-362cb0f1c651}, !- Target Object
  2;                                      !- Inlet Port

OS:Connection,
  {e01b91d4-1feb-444f-9e7a-59cc720d9a48}, !- Handle
  {6187b990-36bc-4821-a0bb-c3a98ecb2212}, !- Source Object
  3,                                      !- Outlet Port
  {46f23081-35c3-4eaa-aab8-eb049c5552ee}, !- Target Object
  15;                                     !- Inlet Port

OS:Node,
  {954ccc54-c8c2-41e8-80dd-213c5a7ac4e9}, !- Handle
  Node 13,                                !- Name
  {3af8da35-d81f-46b9-aa7d-516f75364b9f}, !- Inlet Port
  {7d720120-5b8e-4120-b7fe-95a74db04d9d}; !- Outlet Port

OS:Node,
  {58785bcc-6026-41b0-9b68-649c8bc4da5b}, !- Handle
  Node 14,                                !- Name
  {4da8886b-4a06-4896-9e4a-2c7b5f61142e}, !- Inlet Port
  {876dae0d-781e-4067-8c47-d7f516d12da3}; !- Outlet Port

OS:Node,
  {e3731dc3-eaac-4a10-a1d2-556bb681bda2}, !- Handle
  Node 15,                                !- Name
  {90277baf-84d3-4122-bc9c-7463acac2386}, !- Inlet Port
  {51ef7d39-5d1d-4418-901f-ba5b9d0ee9c1}; !- Outlet Port

OS:Connector:Mixer,
  {302c4b28-2f19-493d-957f-8512b3ce8ad4}, !- Handle
  Connector Mixer 2,                      !- Name
  {4da8886b-4a06-4896-9e4a-2c7b5f61142e}, !- Outlet Branch Name
  {b4d5cca9-c7c5-4b6a-92b2-d05cf40d1613}; !- Inlet Branch Name 1

OS:Connector:Splitter,
  {590d6379-40d1-45ab-aa9e-b898432d0e5d}, !- Handle
  Connector Splitter 2,                   !- Name
  {7d720120-5b8e-4120-b7fe-95a74db04d9d}, !- Inlet Branch Name
  {90277baf-84d3-4122-bc9c-7463acac2386}; !- Outlet Branch Name 1

OS:Connection,
  {3af8da35-d81f-46b9-aa7d-516f75364b9f}, !- Handle
  {46f23081-35c3-4eaa-aab8-eb049c5552ee}, !- Source Object
  17,                                     !- Outlet Port
  {954ccc54-c8c2-41e8-80dd-213c5a7ac4e9}, !- Target Object
  2;                                      !- Inlet Port

OS:Connection,
  {7d720120-5b8e-4120-b7fe-95a74db04d9d}, !- Handle
  {954ccc54-c8c2-41e8-80dd-213c5a7ac4e9}, !- Source Object
  3,                                      !- Outlet Port
  {590d6379-40d1-45ab-aa9e-b898432d0e5d}, !- Target Object
  2;                                      !- Inlet Port

OS:Connection,
  {90277baf-84d3-4122-bc9c-7463acac2386}, !- Handle
  {590d6379-40d1-45ab-aa9e-b898432d0e5d}, !- Source Object
  3,                                      !- Outlet Port
  {e3731dc3-eaac-4a10-a1d2-556bb681bda2}, !- Target Object
  2;                                      !- Inlet Port

OS:Connection,
  {4da8886b-4a06-4896-9e4a-2c7b5f61142e}, !- Handle
  {302c4b28-2f19-493d-957f-8512b3ce8ad4}, !- Source Object
  2,                                      !- Outlet Port
  {58785bcc-6026-41b0-9b68-649c8bc4da5b}, !- Target Object
  2;                                      !- Inlet Port

OS:Connection,
  {876dae0d-781e-4067-8c47-d7f516d12da3}, !- Handle
  {58785bcc-6026-41b0-9b68-649c8bc4da5b}, !- Source Object
  3,                                      !- Outlet Port
  {46f23081-35c3-4eaa-aab8-eb049c5552ee}, !- Target Object
  18;                                     !- Inlet Port

OS:Sizing:Plant,
  {3085b9e7-3467-4c8e-8790-01619731476c}, !- Handle
  {46f23081-35c3-4eaa-aab8-eb049c5552ee}, !- Plant or Condenser Loop Name
  Heating,                                !- Loop Type
  52.6666666666667,                       !- Design Loop Exit Temperature {C}
  5.55555555555556,                       !- Loop Design Temperature Difference {deltaC}
  NonCoincident,                          !- Sizing Option
  1,                                      !- Zone Timesteps in Averaging Window
  None;                                   !- Coincident Sizing Factor Mode

OS:AvailabilityManagerAssignmentList,
  {43489f01-8fd6-410e-bf58-44ef6bf53240}, !- Handle
  Plant Loop 1 AvailabilityManagerAssignmentList; !- Name

OS:Pipe:Adiabatic,
  {243825f5-14c9-42e1-a557-5ad2a6b247c1}, !- Handle
  Pipe Adiabatic 1,                       !- Name
  {e3cce574-e85f-45bb-bb75-cbe61370c383}, !- Inlet Node Name
  {e806a248-c99d-4c1e-bfe0-a77b102737f4}; !- Outlet Node Name

OS:Pipe:Adiabatic,
  {c1c91073-3b83-4818-a3b1-82ce30bc961d}, !- Handle
  Pipe Adiabatic 2,                       !- Name
  {b009da71-f52c-468a-8cd0-67dc534ec56a}, !- Inlet Node Name
  {58147aff-866a-439c-8aad-2b2c5cb124bd}; !- Outlet Node Name

OS:Node,
  {bc3e250c-6b02-4f5b-a8b7-cf097bda36f9}, !- Handle
  Node 16,                                !- Name
  {e806a248-c99d-4c1e-bfe0-a77b102737f4}, !- Inlet Port
  {d3beca19-e9a4-48d8-be9d-3e3da8c6a263}; !- Outlet Port

OS:Connection,
  {e3cce574-e85f-45bb-bb75-cbe61370c383}, !- Handle
  {0d6ca708-2750-4135-bea4-362cb0f1c651}, !- Source Object
  3,                                      !- Outlet Port
  {243825f5-14c9-42e1-a557-5ad2a6b247c1}, !- Target Object
  2;                                      !- Inlet Port

OS:Connection,
  {e806a248-c99d-4c1e-bfe0-a77b102737f4}, !- Handle
  {243825f5-14c9-42e1-a557-5ad2a6b247c1}, !- Source Object
  3,                                      !- Outlet Port
  {bc3e250c-6b02-4f5b-a8b7-cf097bda36f9}, !- Target Object
  2;                                      !- Inlet Port

OS:Connection,
  {d3beca19-e9a4-48d8-be9d-3e3da8c6a263}, !- Handle
  {bc3e250c-6b02-4f5b-a8b7-cf097bda36f9}, !- Source Object
  3,                                      !- Outlet Port
  {5ff02983-f42d-4519-b7f8-5b425900ed31}, !- Target Object
  3;                                      !- Inlet Port

OS:Node,
  {205d862a-6651-4f3c-ae9f-bc21a3c69f3d}, !- Handle
  Node 17,                                !- Name
  {7fc0a164-c54c-4a47-bccb-bdf9e6c3a137}, !- Inlet Port
  {b009da71-f52c-468a-8cd0-67dc534ec56a}; !- Outlet Port

OS:Connection,
  {7fc0a164-c54c-4a47-bccb-bdf9e6c3a137}, !- Handle
  {5ff02983-f42d-4519-b7f8-5b425900ed31}, !- Source Object
  2,                                      !- Outlet Port
  {205d862a-6651-4f3c-ae9f-bc21a3c69f3d}, !- Target Object
  2;                                      !- Inlet Port

OS:Connection,
  {b009da71-f52c-468a-8cd0-67dc534ec56a}, !- Handle
  {205d862a-6651-4f3c-ae9f-bc21a3c69f3d}, !- Source Object
  3,                                      !- Outlet Port
  {c1c91073-3b83-4818-a3b1-82ce30bc961d}, !- Target Object
  2;                                      !- Inlet Port

OS:Connection,
  {58147aff-866a-439c-8aad-2b2c5cb124bd}, !- Handle
  {c1c91073-3b83-4818-a3b1-82ce30bc961d}, !- Source Object
  3,                                      !- Outlet Port
  {6187b990-36bc-4821-a0bb-c3a98ecb2212}, !- Target Object
  2;                                      !- Inlet Port

OS:Pump:VariableSpeed,
  {6cc632b0-ae40-47a7-9560-99ed8d6ce048}, !- Handle
  Pump Variable Speed 1,                  !- Name
  {da48e9b6-d242-42eb-8ff3-8f28c6b25004}, !- Inlet Node Name
  {fa78efe9-1c13-4337-9279-a7fbbf79b736}, !- Outlet Node Name
  0.01,                                   !- Rated Flow Rate {m3/s}
  1,                                      !- Rated Pump Head {Pa}
  0,                                      !- Rated Power Consumption {W}
  1,                                      !- Motor Efficiency
  0,                                      !- Fraction of Motor Inefficiencies to Fluid Stream
  0,                                      !- Coefficient 1 of the Part Load Performance Curve
  1,                                      !- Coefficient 2 of the Part Load Performance Curve
  0,                                      !- Coefficient 3 of the Part Load Performance Curve
  0,                                      !- Coefficient 4 of the Part Load Performance Curve
  ,                                       !- Minimum Flow Rate {m3/s}
  Intermittent,                           !- Pump Control Type
  ,                                       !- Pump Flow Rate Schedule Name
  ,                                       !- Pump Curve Name
  ,                                       !- Impeller Diameter {m}
  ,                                       !- VFD Control Type
  ,                                       !- Pump RPM Schedule Name
  ,                                       !- Minimum Pressure Schedule {Pa}
  ,                                       !- Maximum Pressure Schedule {Pa}
  ,                                       !- Minimum RPM Schedule {rev/min}
  ,                                       !- Maximum RPM Schedule {rev/min}
  ,                                       !- Zone Name
  0.5,                                    !- Skin Loss Radiative Fraction
  PowerPerFlowPerPressure,                !- Design Power Sizing Method
  348701.1,                               !- Design Electric Power per Unit Flow Rate {W/(m3/s)}
  1.282051282,                            !- Design Shaft Power per Unit Flow Rate per Unit Head {W-s/m3-Pa}
  0,                                      !- Design Minimum Flow Rate Fraction
  General;                                !- End-Use Subcategory

OS:Node,
  {61fd521d-9355-42d3-af83-e7b66a916b17}, !- Handle
  Node 18,                                !- Name
  {fa78efe9-1c13-4337-9279-a7fbbf79b736}, !- Inlet Port
  {a150cf3b-4754-422e-abd0-ea7d3c4e31f2}; !- Outlet Port

OS:Connection,
  {da48e9b6-d242-42eb-8ff3-8f28c6b25004}, !- Handle
  {accc81db-de2d-48ef-ae8c-c46bdeeeb81b}, !- Source Object
  3,                                      !- Outlet Port
  {6cc632b0-ae40-47a7-9560-99ed8d6ce048}, !- Target Object
  2;                                      !- Inlet Port

OS:Connection,
  {fa78efe9-1c13-4337-9279-a7fbbf79b736}, !- Handle
  {6cc632b0-ae40-47a7-9560-99ed8d6ce048}, !- Source Object
  3,                                      !- Outlet Port
  {61fd521d-9355-42d3-af83-e7b66a916b17}, !- Target Object
  2;                                      !- Inlet Port

OS:Connection,
  {a150cf3b-4754-422e-abd0-ea7d3c4e31f2}, !- Handle
  {61fd521d-9355-42d3-af83-e7b66a916b17}, !- Source Object
  3,                                      !- Outlet Port
  {d1c0d5b3-3731-4c62-834a-8ca792b46e2e}, !- Target Object
  2;                                      !- Inlet Port

OS:Schedule:Constant,
  {c84bfa79-f038-4d9e-b5ae-3a349122fad0}, !- Handle
  dhw temp,                               !- Name
  {28f274e0-b357-4608-ba2d-17b09bb982a2}, !- Schedule Type Limits Name
  52.6666666666667;                       !- Value

OS:SetpointManager:Scheduled,
  {61ab6eb4-8975-45ff-a52e-18bccb61ef34}, !- Handle
  Setpoint Manager Scheduled 1,           !- Name
  Temperature,                            !- Control Variable
  {c84bfa79-f038-4d9e-b5ae-3a349122fad0}, !- Schedule Name
  {6187b990-36bc-4821-a0bb-c3a98ecb2212}; !- Setpoint Node or NodeList Name

OS:WaterHeater:Mixed,
  {573396d7-b90a-4f98-843e-6824d69aeec5}, !- Handle
  water heater,                           !- Name
  0.170343530278643,                      !- Tank Volume {m3}
  {6fbf2500-823d-4e78-a515-e4cba6fec661}, !- Setpoint Temperature Schedule Name
  2,                                      !- Deadband Temperature Difference {deltaC}
  99,                                     !- Maximum Temperature Limit {C}
  Cycle,                                  !- Heater Control Type
  5500.06477392209,                       !- Heater Maximum Capacity {W}
  0,                                      !- Heater Minimum Capacity {W}
  ,                                       !- Heater Ignition Minimum Flow Rate {m3/s}
  ,                                       !- Heater Ignition Delay {s}
  Electricity,                            !- Heater Fuel Type
  1,                                      !- Heater Thermal Efficiency
  ,                                       !- Part Load Factor Curve Name
  0,                                      !- Off Cycle Parasitic Fuel Consumption Rate {W}
  Electricity,                            !- Off Cycle Parasitic Fuel Type
  0,                                      !- Off Cycle Parasitic Heat Fraction to Tank
  0,                                      !- On Cycle Parasitic Fuel Consumption Rate {W}
  Electricity,                            !- On Cycle Parasitic Fuel Type
  0,                                      !- On Cycle Parasitic Heat Fraction to Tank
  ThermalZone,                            !- Ambient Temperature Indicator
  ,                                       !- Ambient Temperature Schedule Name
  {94e82864-d97b-409a-8a34-e0c56475184d}, !- Ambient Temperature Thermal Zone Name
  ,                                       !- Ambient Temperature Outdoor Air Node Name
  1.16350637011013,                       !- Off Cycle Loss Coefficient to Ambient Temperature {W/K}
  1,                                      !- Off Cycle Loss Fraction to Thermal Zone
  1.16350637011013,                       !- On Cycle Loss Coefficient to Ambient Temperature {W/K}
  1,                                      !- On Cycle Loss Fraction to Thermal Zone
  ,                                       !- Peak Use Flow Rate {m3/s}
  ,                                       !- Use Flow Rate Fraction Schedule Name
  ,                                       !- Cold Water Supply Temperature Schedule Name
  {f372bb2f-9270-4d1d-a187-c7f6ccd17c3b}, !- Use Side Inlet Node Name
  {bc0386c9-4478-49c7-a263-3022ee9cc506}, !- Use Side Outlet Node Name
  1,                                      !- Use Side Effectiveness
  ,                                       !- Source Side Inlet Node Name
  ,                                       !- Source Side Outlet Node Name
  1,                                      !- Source Side Effectiveness
  autosize,                               !- Use Side Design Flow Rate {m3/s}
  autosize,                               !- Source Side Design Flow Rate {m3/s}
  1.5,                                    !- Indirect Water Heating Recovery Time {hr}
  IndirectHeatPrimarySetpoint,            !- Source Side Flow Control Mode
  ,                                       !- Indirect Alternate Setpoint Temperature Schedule Name
  General;                                !- End-Use Subcategory

OS:WaterHeater:Sizing,
  {96cec610-89c2-46de-bdbe-ee544ac62124}, !- Handle
  {573396d7-b90a-4f98-843e-6824d69aeec5}, !- WaterHeater Name
  PeakDraw,                               !- Design Mode
  0.538503,                               !- Time Storage Can Meet Peak Draw {hr}
  0,                                      !- Time for Tank Recovery {hr}
  1;                                      !- Nominal Tank Volume for Autosizing Plant Connections {m3}

OS:Schedule:Constant,
  {6fbf2500-823d-4e78-a515-e4cba6fec661}, !- Handle
  water heater setpoint,                  !- Name
  {28f274e0-b357-4608-ba2d-17b09bb982a2}, !- Schedule Type Limits Name
  52.6666666666667;                       !- Value

OS:AdditionalProperties,
  {aa5e6718-97cd-4c49-925c-8334bbd7b125}, !- Handle
  {573396d7-b90a-4f98-843e-6824d69aeec5}, !- Object Name
  HPXML_ID,                               !- Feature Name 1
  String,                                 !- Feature Data Type 1
  WaterHeatingSystem1;                    !- Feature Value 1

OS:Node,
  {30dd92d2-4c96-42ba-8884-4671f1a13795}, !- Handle
  Node 19,                                !- Name
  {b4824d6c-a275-4ee0-84c8-e2a6fcbc9014}, !- Inlet Port
  {f372bb2f-9270-4d1d-a187-c7f6ccd17c3b}; !- Outlet Port

OS:Connection,
  {b4824d6c-a275-4ee0-84c8-e2a6fcbc9014}, !- Handle
  {d1c0d5b3-3731-4c62-834a-8ca792b46e2e}, !- Source Object
  4,                                      !- Outlet Port
  {30dd92d2-4c96-42ba-8884-4671f1a13795}, !- Target Object
  2;                                      !- Inlet Port

OS:Node,
  {a1e0e558-5878-44e4-8677-6d4877ef50d3}, !- Handle
  Node 20,                                !- Name
  {bc0386c9-4478-49c7-a263-3022ee9cc506}, !- Inlet Port
  {460f4f64-c85e-4137-9019-f8d95e1f1ab0}; !- Outlet Port

OS:Connection,
  {f372bb2f-9270-4d1d-a187-c7f6ccd17c3b}, !- Handle
  {30dd92d2-4c96-42ba-8884-4671f1a13795}, !- Source Object
  3,                                      !- Outlet Port
  {573396d7-b90a-4f98-843e-6824d69aeec5}, !- Target Object
  31;                                     !- Inlet Port

OS:Connection,
  {bc0386c9-4478-49c7-a263-3022ee9cc506}, !- Handle
  {573396d7-b90a-4f98-843e-6824d69aeec5}, !- Source Object
  32,                                     !- Outlet Port
  {a1e0e558-5878-44e4-8677-6d4877ef50d3}, !- Target Object
  2;                                      !- Inlet Port

OS:Connection,
  {460f4f64-c85e-4137-9019-f8d95e1f1ab0}, !- Handle
  {a1e0e558-5878-44e4-8677-6d4877ef50d3}, !- Source Object
  3,                                      !- Outlet Port
  {5ff02983-f42d-4519-b7f8-5b425900ed31}, !- Target Object
  4;                                      !- Inlet Port

OS:OtherEquipment:Definition,
  {21915efd-dff1-4b78-a768-543fee8fe072}, !- Handle
  water heater energy adjustment1,        !- Name
  EquipmentLevel,                         !- Design Level Calculation Method
  0.01,                                   !- Design Level {W}
  ,                                       !- Watts per Space Floor Area {W/m2}
  ,                                       !- Watts per Person {W/Person}
  0,                                      !- Fraction Latent
  0,                                      !- Fraction Radiant
  1;                                      !- Fraction Lost

OS:OtherEquipment,
  {82ead38d-da40-49c5-ad3f-816ffa1855ab}, !- Handle
  water heater energy adjustment1,        !- Name
  {21915efd-dff1-4b78-a768-543fee8fe072}, !- Other Equipment Definition Name
  {ebd3c336-575b-4630-bea9-fcaa44ab29b9}, !- Space or SpaceType Name
  {772134ef-f20f-468a-a465-ea0085c064a4}, !- Schedule Name
  ,                                       !- Multiplier
  Electricity,                            !- Fuel Type
  water heater energy adjustment1;        !- End-Use Subcategory

OS:AdditionalProperties,
  {4e3513f8-0a7e-45b5-accf-eeadacb7d935}, !- Handle
  {82ead38d-da40-49c5-ad3f-816ffa1855ab}, !- Object Name
  HPXML_ID,                               !- Feature Name 1
  String,                                 !- Feature Data Type 1
  WaterHeatingSystem1;                    !- Feature Value 1

OS:EnergyManagementSystem:Sensor,
  {f8645a23-de39-45a9-91fd-32f1b14fe209}, !- Handle
  water_heater_energy,                    !- Name
  water heater,                           !- Output Variable or Output Meter Index Key Name
  Water Heater Electricity Rate;          !- Output Variable or Output Meter Name

OS:EnergyManagementSystem:Sensor,
  {55aff4aa-8855-41fe-8c48-50b28e2ff901}, !- Handle
  water_heater_on_cycle_parasitic,        !- Name
  water heater,                           !- Output Variable or Output Meter Index Key Name
  Water Heater On Cycle Parasitic Electricity Rate; !- Output Variable or Output Meter Name

OS:EnergyManagementSystem:Sensor,
  {61bb6540-71c1-43ac-b2fc-ceedb2e1a2de}, !- Handle
  water_heater_off_cycle_parasitic,       !- Name
  water heater,                           !- Output Variable or Output Meter Index Key Name
  Water Heater Off Cycle Parasitic Electricity Rate; !- Output Variable or Output Meter Name

OS:EnergyManagementSystem:Actuator,
  {66b78171-0140-4b03-8dae-f2c414819a30}, !- Handle
  water_heater_ec_adj_act,                !- Name
  {82ead38d-da40-49c5-ad3f-816ffa1855ab}, !- Actuated Component Name
  OtherEquipment,                         !- Actuated Component Type
  Power Level,                            !- Actuated Component Control Type
  {ebd3c336-575b-4630-bea9-fcaa44ab29b9}; !- Zone or Space Name

OS:EnergyManagementSystem:Program,
  {414cc30d-1b7e-4fa2-893e-f2dc50168168}, !- Handle
  water_heater_EC_adj,                    !- Name
  Set dhw_e_cons = water_heater_energy + water_heater_on_cycle_parasitic + water_heater_off_cycle_parasitic, !- Program Line 1
  Set water_heater_ec_adj_act = 0.0 * dhw_e_cons / 1; !- Program Line 2

OS:EnergyManagementSystem:ProgramCallingManager,
  {8d907f9a-d658-4b5f-ae8c-ece683bd355d}, !- Handle
  water heater EC_adj ProgramManager,     !- Name
  EndOfSystemTimestepBeforeHVACReporting, !- EnergyPlus Model Calling Point
  {414cc30d-1b7e-4fa2-893e-f2dc50168168}; !- Program Name 1

OS:WaterUse:Connections,
  {d5120bd3-dac1-4a88-ac27-34dc50c308c5}, !- Handle
  Water Use Connections 1,                !- Name
  {51ef7d39-5d1d-4418-901f-ba5b9d0ee9c1}, !- Inlet Node Name
  {ea4a69b1-b3d2-4cf0-9f39-6eb1515f52f5}, !- Outlet Node Name
  ,                                       !- Supply Water Storage Tank Name
  ,                                       !- Reclamation Water Storage Tank Name
  ,                                       !- Hot Water Supply Temperature Schedule Name
  ,                                       !- Cold Water Supply Temperature Schedule Name
  None,                                   !- Drain Water Heat Exchanger Type
  Plant,                                  !- Drain Water Heat Exchanger Destination
  ,                                       !- Drain Water Heat Exchanger U-Factor Times Area {W/K}
  {c0217da2-57e4-4a03-8ea5-f4df2c30d606}, !- Water Use Equipment Name 1
  {1ed58835-373e-40de-a394-f0da03582870}, !- Water Use Equipment Name 2
  {2706c5a1-1b04-4a09-870e-588d214dc282}, !- Water Use Equipment Name 3
  {c0c312e5-ec7d-4736-83e1-3a62b74fd0bf}; !- Water Use Equipment Name 4

OS:AdditionalProperties,
  {4d17573d-46d4-41cb-bec0-06a45160f24e}, !- Handle
  {d5120bd3-dac1-4a88-ac27-34dc50c308c5}, !- Object Name
  HPXML_ID,                               !- Feature Name 1
  String,                                 !- Feature Data Type 1
  WaterHeatingSystem1;                    !- Feature Value 1

OS:Node,
  {1906dacf-f291-4a7a-a7a6-cb4e2dbe825a}, !- Handle
  Node 21,                                !- Name
  {ea4a69b1-b3d2-4cf0-9f39-6eb1515f52f5}, !- Inlet Port
  {b4d5cca9-c7c5-4b6a-92b2-d05cf40d1613}; !- Outlet Port

OS:Connection,
  {51ef7d39-5d1d-4418-901f-ba5b9d0ee9c1}, !- Handle
  {e3731dc3-eaac-4a10-a1d2-556bb681bda2}, !- Source Object
  3,                                      !- Outlet Port
  {d5120bd3-dac1-4a88-ac27-34dc50c308c5}, !- Target Object
  2;                                      !- Inlet Port

OS:Connection,
  {ea4a69b1-b3d2-4cf0-9f39-6eb1515f52f5}, !- Handle
  {d5120bd3-dac1-4a88-ac27-34dc50c308c5}, !- Source Object
  3,                                      !- Outlet Port
  {1906dacf-f291-4a7a-a7a6-cb4e2dbe825a}, !- Target Object
  2;                                      !- Inlet Port

OS:Connection,
  {b4d5cca9-c7c5-4b6a-92b2-d05cf40d1613}, !- Handle
  {1906dacf-f291-4a7a-a7a6-cb4e2dbe825a}, !- Source Object
  3,                                      !- Outlet Port
  {302c4b28-2f19-493d-957f-8512b3ce8ad4}, !- Target Object
  3;                                      !- Inlet Port

OS:Schedule:File,
  {6e921cca-f301-4af4-a121-a02ad0703aca}, !- Handle
  clothes_washer,                         !- Name
  {e3188119-cea3-4bc3-bf19-1ff5badafaf3}, !- Schedule Type Limits Name
  {5428cbb8-7415-4adb-a528-e66ae2962926}, !- External File Name
  6,                                      !- Column Number
  1,                                      !- Rows to Skip at Top
  8760,                                   !- Number of Hours of Data
  ,                                       !- Column Separator
  ,                                       !- Interpolate to Timestep
  15,                                     !- Minutes per Item
  ,                                       !- Adjust Schedule for Daylight Savings
  Yes;                                    !- Translate File With Relative Path

OS:ElectricEquipment:Definition,
  {99187d6b-6835-4c13-80f7-23280984f49e}, !- Handle
  clothes washer,                         !- Name
  EquipmentLevel,                         !- Design Level Calculation Method
  217.670516171762,                       !- Design Level {W}
  ,                                       !- Watts per Space Floor Area {W/m2}
  ,                                       !- Watts per Person {W/person}
  0.03,                                   !- Fraction Latent
  0.162,                                  !- Fraction Radiant
  0.7;                                    !- Fraction Lost

OS:ElectricEquipment,
  {a37a04c9-e23f-464e-b261-91ee444fa0bc}, !- Handle
  clothes washer,                         !- Name
  {99187d6b-6835-4c13-80f7-23280984f49e}, !- Electric Equipment Definition Name
  {ebd3c336-575b-4630-bea9-fcaa44ab29b9}, !- Space or SpaceType Name
  {6e921cca-f301-4af4-a121-a02ad0703aca}, !- Schedule Name
  ,                                       !- Multiplier
  clothes washer;                         !- End-Use Subcategory

OS:Schedule:File,
  {1554c54e-3de3-4125-aeb4-7e9085440794}, !- Handle
  clothes_dryer,                          !- Name
  {e3188119-cea3-4bc3-bf19-1ff5badafaf3}, !- Schedule Type Limits Name
  {5428cbb8-7415-4adb-a528-e66ae2962926}, !- External File Name
  7,                                      !- Column Number
  1,                                      !- Rows to Skip at Top
  8760,                                   !- Number of Hours of Data
  ,                                       !- Column Separator
  ,                                       !- Interpolate to Timestep
  15,                                     !- Minutes per Item
  ,                                       !- Adjust Schedule for Daylight Savings
  Yes;                                    !- Translate File With Relative Path

OS:ElectricEquipment:Definition,
  {59dacfcc-1572-4ff2-b066-ae08fd7439ec}, !- Handle
  clothes dryer,                          !- Name
  EquipmentLevel,                         !- Design Level Calculation Method
  3183.77106403616,                       !- Design Level {W}
  ,                                       !- Watts per Space Floor Area {W/m2}
  ,                                       !- Watts per Person {W/person}
  0.015,                                  !- Fraction Latent
  0.081,                                  !- Fraction Radiant
  0.85;                                   !- Fraction Lost

OS:ElectricEquipment,
  {3f6a2d37-5c1d-41f8-950e-c7d70e3be034}, !- Handle
  clothes dryer,                          !- Name
  {59dacfcc-1572-4ff2-b066-ae08fd7439ec}, !- Electric Equipment Definition Name
  {ebd3c336-575b-4630-bea9-fcaa44ab29b9}, !- Space or SpaceType Name
  {1554c54e-3de3-4125-aeb4-7e9085440794}, !- Schedule Name
  ,                                       !- Multiplier
  clothes dryer;                          !- End-Use Subcategory

OS:Schedule:File,
  {38a06988-5295-43d2-8498-d85ef2c72745}, !- Handle
  dishwasher,                             !- Name
  {e3188119-cea3-4bc3-bf19-1ff5badafaf3}, !- Schedule Type Limits Name
  {5428cbb8-7415-4adb-a528-e66ae2962926}, !- External File Name
  5,                                      !- Column Number
  1,                                      !- Rows to Skip at Top
  8760,                                   !- Number of Hours of Data
  ,                                       !- Column Separator
  ,                                       !- Interpolate to Timestep
  15,                                     !- Minutes per Item
  ,                                       !- Adjust Schedule for Daylight Savings
  Yes;                                    !- Translate File With Relative Path

OS:ElectricEquipment:Definition,
  {392777c5-65d9-4d32-9a3a-af93607e8c15}, !- Handle
  dishwasher,                             !- Name
  EquipmentLevel,                         !- Design Level Calculation Method
  935.7483157898,                         !- Design Level {W}
  ,                                       !- Watts per Space Floor Area {W/m2}
  ,                                       !- Watts per Person {W/person}
  0.3,                                    !- Fraction Latent
  0.18,                                   !- Fraction Radiant
  0.4;                                    !- Fraction Lost

OS:ElectricEquipment,
  {2d6f2808-f89b-4a26-91b2-6538950ef493}, !- Handle
  dishwasher,                             !- Name
  {392777c5-65d9-4d32-9a3a-af93607e8c15}, !- Electric Equipment Definition Name
  {ebd3c336-575b-4630-bea9-fcaa44ab29b9}, !- Space or SpaceType Name
  {38a06988-5295-43d2-8498-d85ef2c72745}, !- Schedule Name
  ,                                       !- Multiplier
  dishwasher;                             !- End-Use Subcategory

OS:Schedule:Ruleset,
  {8ba85d61-9290-42c5-a96e-03f5849e2030}, !- Handle
  fridge schedule,                        !- Name
  {e3188119-cea3-4bc3-bf19-1ff5badafaf3}, !- Schedule Type Limits Name
  {74cc1e5f-a65a-45ed-8ca8-622c9a7543b7}; !- Default Day Schedule Name

OS:Schedule:Day,
  {74cc1e5f-a65a-45ed-8ca8-622c9a7543b7}, !- Handle
  fridge schedule default day,            !- Name
  {e3188119-cea3-4bc3-bf19-1ff5badafaf3}, !- Schedule Type Limits Name
  ,                                       !- Interpolate to Timestep
  24,                                     !- Hour 1
  0,                                      !- Minute 1
  0;                                      !- Value Until Time 1

OS:Schedule:Rule,
  {b6e02b7a-a723-4274-8315-2e5ffc146f69}, !- Handle
  fridge schedule allday ruleset1,        !- Name
  {8ba85d61-9290-42c5-a96e-03f5849e2030}, !- Schedule Ruleset Name
  6,                                      !- Rule Order
  {3afb3c6a-ed70-401b-a024-397cde66091e}, !- Day Schedule Name
  Yes,                                    !- Apply Sunday
  Yes,                                    !- Apply Monday
  Yes,                                    !- Apply Tuesday
  Yes,                                    !- Apply Wednesday
  Yes,                                    !- Apply Thursday
  Yes,                                    !- Apply Friday
  Yes,                                    !- Apply Saturday
  DateRange,                              !- Date Specification Type
  1,                                      !- Start Month
  1,                                      !- Start Day
  1,                                      !- End Month
  31;                                     !- End Day

OS:Schedule:Day,
  {3afb3c6a-ed70-401b-a024-397cde66091e}, !- Handle
  fridge schedule allday1,                !- Name
  {e3188119-cea3-4bc3-bf19-1ff5badafaf3}, !- Schedule Type Limits Name
  ,                                       !- Interpolate to Timestep
  1,                                      !- Hour 1
  0,                                      !- Minute 1
  0.610948905109489,                      !- Value Until Time 1
  2,                                      !- Hour 2
  0,                                      !- Minute 2
  0.595675182481752,                      !- Value Until Time 2
  3,                                      !- Hour 3
  0,                                      !- Minute 3
  0.580401459854014,                      !- Value Until Time 3
  4,                                      !- Hour 4
  0,                                      !- Minute 4
  0.565127737226277,                      !- Value Until Time 4
  6,                                      !- Hour 5
  0,                                      !- Minute 5
  0.54985401459854,                       !- Value Until Time 5
  7,                                      !- Hour 6
  0,                                      !- Minute 6
  0.580401459854014,                      !- Value Until Time 6
  8,                                      !- Hour 7
  0,                                      !- Minute 7
  0.610948905109489,                      !- Value Until Time 7
  10,                                     !- Hour 8
  0,                                      !- Minute 8
  0.626222627737226,                      !- Value Until Time 8
  12,                                     !- Hour 9
  0,                                      !- Minute 9
  0.610948905109489,                      !- Value Until Time 9
  15,                                     !- Hour 10
  0,                                      !- Minute 10
  0.641496350364963,                      !- Value Until Time 10
  16,                                     !- Hour 11
  0,                                      !- Minute 11
  0.626222627737226,                      !- Value Until Time 11
  17,                                     !- Hour 12
  0,                                      !- Minute 12
  0.672043795620438,                      !- Value Until Time 12
  18,                                     !- Hour 13
  0,                                      !- Minute 13
  0.733138686131387,                      !- Value Until Time 13
  19,                                     !- Hour 14
  0,                                      !- Minute 14
  0.763686131386861,                      !- Value Until Time 14
  20,                                     !- Hour 15
  0,                                      !- Minute 15
  0.733138686131387,                      !- Value Until Time 15
  21,                                     !- Hour 16
  0,                                      !- Minute 16
  0.717864963503649,                      !- Value Until Time 16
  22,                                     !- Hour 17
  0,                                      !- Minute 17
  0.702591240875912,                      !- Value Until Time 17
  23,                                     !- Hour 18
  0,                                      !- Minute 18
  0.672043795620438,                      !- Value Until Time 18
  24,                                     !- Hour 19
  0,                                      !- Minute 19
  0.626222627737226;                      !- Value Until Time 19

OS:Schedule:Rule,
  {b217b355-bb85-4f16-8732-0e0536915e2d}, !- Handle
  fridge schedule allday ruleset2,        !- Name
  {8ba85d61-9290-42c5-a96e-03f5849e2030}, !- Schedule Ruleset Name
  5,                                      !- Rule Order
  {7fc6df62-2084-471a-9b41-e78fbe2565dc}, !- Day Schedule Name
  Yes,                                    !- Apply Sunday
  Yes,                                    !- Apply Monday
  Yes,                                    !- Apply Tuesday
  Yes,                                    !- Apply Wednesday
  Yes,                                    !- Apply Thursday
  Yes,                                    !- Apply Friday
  Yes,                                    !- Apply Saturday
  DateRange,                              !- Date Specification Type
  2,                                      !- Start Month
  1,                                      !- Start Day
  2,                                      !- End Month
  28;                                     !- End Day

OS:Schedule:Day,
  {7fc6df62-2084-471a-9b41-e78fbe2565dc}, !- Handle
  fridge schedule allday2,                !- Name
  {e3188119-cea3-4bc3-bf19-1ff5badafaf3}, !- Schedule Type Limits Name
  ,                                       !- Interpolate to Timestep
  1,                                      !- Hour 1
  0,                                      !- Minute 1
  0.60948905109489,                       !- Value Until Time 1
  2,                                      !- Hour 2
  0,                                      !- Minute 2
  0.594251824817518,                      !- Value Until Time 2
  3,                                      !- Hour 3
  0,                                      !- Minute 3
  0.579014598540146,                      !- Value Until Time 3
  4,                                      !- Hour 4
  0,                                      !- Minute 4
  0.563777372262774,                      !- Value Until Time 4
  6,                                      !- Hour 5
  0,                                      !- Minute 5
  0.548540145985401,                      !- Value Until Time 5
  7,                                      !- Hour 6
  0,                                      !- Minute 6
  0.579014598540146,                      !- Value Until Time 6
  8,                                      !- Hour 7
  0,                                      !- Minute 7
  0.60948905109489,                       !- Value Until Time 7
  10,                                     !- Hour 8
  0,                                      !- Minute 8
  0.624726277372263,                      !- Value Until Time 8
  12,                                     !- Hour 9
  0,                                      !- Minute 9
  0.60948905109489,                       !- Value Until Time 9
  15,                                     !- Hour 10
  0,                                      !- Minute 10
  0.639963503649635,                      !- Value Until Time 10
  16,                                     !- Hour 11
  0,                                      !- Minute 11
  0.624726277372263,                      !- Value Until Time 11
  17,                                     !- Hour 12
  0,                                      !- Minute 12
  0.670437956204379,                      !- Value Until Time 12
  18,                                     !- Hour 13
  0,                                      !- Minute 13
  0.731386861313868,                      !- Value Until Time 13
  19,                                     !- Hour 14
  0,                                      !- Minute 14
  0.761861313868613,                      !- Value Until Time 14
  20,                                     !- Hour 15
  0,                                      !- Minute 15
  0.731386861313868,                      !- Value Until Time 15
  21,                                     !- Hour 16
  0,                                      !- Minute 16
  0.716149635036496,                      !- Value Until Time 16
  22,                                     !- Hour 17
  0,                                      !- Minute 17
  0.700912408759124,                      !- Value Until Time 17
  23,                                     !- Hour 18
  0,                                      !- Minute 18
  0.670437956204379,                      !- Value Until Time 18
  24,                                     !- Hour 19
  0,                                      !- Minute 19
  0.624726277372263;                      !- Value Until Time 19

OS:Schedule:Rule,
  {b3084caf-f8aa-4ea7-b6bd-bfd1e8434240}, !- Handle
  fridge schedule allday ruleset3,        !- Name
  {8ba85d61-9290-42c5-a96e-03f5849e2030}, !- Schedule Ruleset Name
  4,                                      !- Rule Order
  {242051f9-b9bd-4bdf-a076-cacf16fddea6}, !- Day Schedule Name
  Yes,                                    !- Apply Sunday
  Yes,                                    !- Apply Monday
  Yes,                                    !- Apply Tuesday
  Yes,                                    !- Apply Wednesday
  Yes,                                    !- Apply Thursday
  Yes,                                    !- Apply Friday
  Yes,                                    !- Apply Saturday
  DateRange,                              !- Date Specification Type
  3,                                      !- Start Month
  1,                                      !- Start Day
  5,                                      !- End Month
  31;                                     !- End Day

OS:Schedule:Day,
  {242051f9-b9bd-4bdf-a076-cacf16fddea6}, !- Handle
  fridge schedule allday3,                !- Name
  {e3188119-cea3-4bc3-bf19-1ff5badafaf3}, !- Schedule Type Limits Name
  ,                                       !- Interpolate to Timestep
  1,                                      !- Hour 1
  0,                                      !- Minute 1
  0.791240875912409,                      !- Value Until Time 1
  2,                                      !- Hour 2
  0,                                      !- Minute 2
  0.771459854014598,                      !- Value Until Time 2
  3,                                      !- Hour 3
  0,                                      !- Minute 3
  0.751678832116788,                      !- Value Until Time 3
  4,                                      !- Hour 4
  0,                                      !- Minute 4
  0.731897810218978,                      !- Value Until Time 4
  6,                                      !- Hour 5
  0,                                      !- Minute 5
  0.712116788321168,                      !- Value Until Time 5
  7,                                      !- Hour 6
  0,                                      !- Minute 6
  0.751678832116788,                      !- Value Until Time 6
  8,                                      !- Hour 7
  0,                                      !- Minute 7
  0.791240875912409,                      !- Value Until Time 7
  10,                                     !- Hour 8
  0,                                      !- Minute 8
  0.811021897810219,                      !- Value Until Time 8
  12,                                     !- Hour 9
  0,                                      !- Minute 9
  0.791240875912409,                      !- Value Until Time 9
  15,                                     !- Hour 10
  0,                                      !- Minute 10
  0.830802919708029,                      !- Value Until Time 10
  16,                                     !- Hour 11
  0,                                      !- Minute 11
  0.811021897810219,                      !- Value Until Time 11
  17,                                     !- Hour 12
  0,                                      !- Minute 12
  0.87036496350365,                       !- Value Until Time 12
  18,                                     !- Hour 13
  0,                                      !- Minute 13
  0.949489051094891,                      !- Value Until Time 13
  19,                                     !- Hour 14
  0,                                      !- Minute 14
  0.989051094890511,                      !- Value Until Time 14
  20,                                     !- Hour 15
  0,                                      !- Minute 15
  0.949489051094891,                      !- Value Until Time 15
  21,                                     !- Hour 16
  0,                                      !- Minute 16
  0.92970802919708,                       !- Value Until Time 16
  22,                                     !- Hour 17
  0,                                      !- Minute 17
  0.90992700729927,                       !- Value Until Time 17
  23,                                     !- Hour 18
  0,                                      !- Minute 18
  0.87036496350365,                       !- Value Until Time 18
  24,                                     !- Hour 19
  0,                                      !- Minute 19
  0.811021897810219;                      !- Value Until Time 19

OS:Schedule:Rule,
  {c2940c20-7ffe-4f1c-b025-bb16c6d561c6}, !- Handle
  fridge schedule allday ruleset6,        !- Name
  {8ba85d61-9290-42c5-a96e-03f5849e2030}, !- Schedule Ruleset Name
  3,                                      !- Rule Order
  {28e99200-e397-41e3-9c82-9516cc4e7d82}, !- Day Schedule Name
  Yes,                                    !- Apply Sunday
  Yes,                                    !- Apply Monday
  Yes,                                    !- Apply Tuesday
  Yes,                                    !- Apply Wednesday
  Yes,                                    !- Apply Thursday
  Yes,                                    !- Apply Friday
  Yes,                                    !- Apply Saturday
  DateRange,                              !- Date Specification Type
  6,                                      !- Start Month
  1,                                      !- Start Day
  9,                                      !- End Month
  30;                                     !- End Day

OS:Schedule:Day,
  {28e99200-e397-41e3-9c82-9516cc4e7d82}, !- Handle
  fridge schedule allday6,                !- Name
  {e3188119-cea3-4bc3-bf19-1ff5badafaf3}, !- Schedule Type Limits Name
  ,                                       !- Interpolate to Timestep
  1,                                      !- Hour 1
  0,                                      !- Minute 1
  0.8,                                    !- Value Until Time 1
  2,                                      !- Hour 2
  0,                                      !- Minute 2
  0.78,                                   !- Value Until Time 2
  3,                                      !- Hour 3
  0,                                      !- Minute 3
  0.76,                                   !- Value Until Time 3
  4,                                      !- Hour 4
  0,                                      !- Minute 4
  0.74,                                   !- Value Until Time 4
  6,                                      !- Hour 5
  0,                                      !- Minute 5
  0.72,                                   !- Value Until Time 5
  7,                                      !- Hour 6
  0,                                      !- Minute 6
  0.76,                                   !- Value Until Time 6
  8,                                      !- Hour 7
  0,                                      !- Minute 7
  0.8,                                    !- Value Until Time 7
  10,                                     !- Hour 8
  0,                                      !- Minute 8
  0.82,                                   !- Value Until Time 8
  12,                                     !- Hour 9
  0,                                      !- Minute 9
  0.8,                                    !- Value Until Time 9
  15,                                     !- Hour 10
  0,                                      !- Minute 10
  0.84,                                   !- Value Until Time 10
  16,                                     !- Hour 11
  0,                                      !- Minute 11
  0.82,                                   !- Value Until Time 11
  17,                                     !- Hour 12
  0,                                      !- Minute 12
  0.88,                                   !- Value Until Time 12
  18,                                     !- Hour 13
  0,                                      !- Minute 13
  0.96,                                   !- Value Until Time 13
  19,                                     !- Hour 14
  0,                                      !- Minute 14
  1,                                      !- Value Until Time 14
  20,                                     !- Hour 15
  0,                                      !- Minute 15
  0.96,                                   !- Value Until Time 15
  21,                                     !- Hour 16
  0,                                      !- Minute 16
  0.94,                                   !- Value Until Time 16
  22,                                     !- Hour 17
  0,                                      !- Minute 17
  0.92,                                   !- Value Until Time 17
  23,                                     !- Hour 18
  0,                                      !- Minute 18
  0.88,                                   !- Value Until Time 18
  24,                                     !- Hour 19
  0,                                      !- Minute 19
  0.82;                                   !- Value Until Time 19

OS:Schedule:Rule,
  {83ecdab4-f9ef-45a0-bad9-70fe5635452c}, !- Handle
  fridge schedule allday ruleset10,       !- Name
  {8ba85d61-9290-42c5-a96e-03f5849e2030}, !- Schedule Ruleset Name
  2,                                      !- Rule Order
  {7ff389ee-15db-4c47-8e1e-c7bdc939fcad}, !- Day Schedule Name
  Yes,                                    !- Apply Sunday
  Yes,                                    !- Apply Monday
  Yes,                                    !- Apply Tuesday
  Yes,                                    !- Apply Wednesday
  Yes,                                    !- Apply Thursday
  Yes,                                    !- Apply Friday
  Yes,                                    !- Apply Saturday
  DateRange,                              !- Date Specification Type
  10,                                     !- Start Month
  1,                                      !- Start Day
  10,                                     !- End Month
  31;                                     !- End Day

OS:Schedule:Day,
  {7ff389ee-15db-4c47-8e1e-c7bdc939fcad}, !- Handle
  fridge schedule allday10,               !- Name
  {e3188119-cea3-4bc3-bf19-1ff5badafaf3}, !- Schedule Type Limits Name
  ,                                       !- Interpolate to Timestep
  1,                                      !- Hour 1
  0,                                      !- Minute 1
  0.67956204379562,                       !- Value Until Time 1
  2,                                      !- Hour 2
  0,                                      !- Minute 2
  0.66257299270073,                       !- Value Until Time 2
  3,                                      !- Hour 3
  0,                                      !- Minute 3
  0.645583941605839,                      !- Value Until Time 3
  4,                                      !- Hour 4
  0,                                      !- Minute 4
  0.628594890510949,                      !- Value Until Time 4
  6,                                      !- Hour 5
  0,                                      !- Minute 5
  0.611605839416058,                      !- Value Until Time 5
  7,                                      !- Hour 6
  0,                                      !- Minute 6
  0.645583941605839,                      !- Value Until Time 6
  8,                                      !- Hour 7
  0,                                      !- Minute 7
  0.67956204379562,                       !- Value Until Time 7
  10,                                     !- Hour 8
  0,                                      !- Minute 8
  0.696551094890511,                      !- Value Until Time 8
  12,                                     !- Hour 9
  0,                                      !- Minute 9
  0.67956204379562,                       !- Value Until Time 9
  15,                                     !- Hour 10
  0,                                      !- Minute 10
  0.713540145985401,                      !- Value Until Time 10
  16,                                     !- Hour 11
  0,                                      !- Minute 11
  0.696551094890511,                      !- Value Until Time 11
  17,                                     !- Hour 12
  0,                                      !- Minute 12
  0.747518248175182,                      !- Value Until Time 12
  18,                                     !- Hour 13
  0,                                      !- Minute 13
  0.815474452554744,                      !- Value Until Time 13
  19,                                     !- Hour 14
  0,                                      !- Minute 14
  0.849452554744526,                      !- Value Until Time 14
  20,                                     !- Hour 15
  0,                                      !- Minute 15
  0.815474452554744,                      !- Value Until Time 15
  21,                                     !- Hour 16
  0,                                      !- Minute 16
  0.798485401459854,                      !- Value Until Time 16
  22,                                     !- Hour 17
  0,                                      !- Minute 17
  0.781496350364963,                      !- Value Until Time 17
  23,                                     !- Hour 18
  0,                                      !- Minute 18
  0.747518248175182,                      !- Value Until Time 18
  24,                                     !- Hour 19
  0,                                      !- Minute 19
  0.696551094890511;                      !- Value Until Time 19

OS:Schedule:Rule,
  {5843197c-6507-4ee5-88cc-4b5596d5d98d}, !- Handle
  fridge schedule allday ruleset11,       !- Name
  {8ba85d61-9290-42c5-a96e-03f5849e2030}, !- Schedule Ruleset Name
  1,                                      !- Rule Order
  {b3082f18-0dd8-46ad-ab59-d12c6e0fb8b0}, !- Day Schedule Name
  Yes,                                    !- Apply Sunday
  Yes,                                    !- Apply Monday
  Yes,                                    !- Apply Tuesday
  Yes,                                    !- Apply Wednesday
  Yes,                                    !- Apply Thursday
  Yes,                                    !- Apply Friday
  Yes,                                    !- Apply Saturday
  DateRange,                              !- Date Specification Type
  11,                                     !- Start Month
  1,                                      !- Start Day
  11,                                     !- End Month
  30;                                     !- End Day

OS:Schedule:Day,
  {b3082f18-0dd8-46ad-ab59-d12c6e0fb8b0}, !- Handle
  fridge schedule allday11,               !- Name
  {e3188119-cea3-4bc3-bf19-1ff5badafaf3}, !- Schedule Type Limits Name
  ,                                       !- Interpolate to Timestep
  1,                                      !- Hour 1
  0,                                      !- Minute 1
  0.675182481751825,                      !- Value Until Time 1
  2,                                      !- Hour 2
  0,                                      !- Minute 2
  0.658302919708029,                      !- Value Until Time 2
  3,                                      !- Hour 3
  0,                                      !- Minute 3
  0.641423357664234,                      !- Value Until Time 3
  4,                                      !- Hour 4
  0,                                      !- Minute 4
  0.624543795620438,                      !- Value Until Time 4
  6,                                      !- Hour 5
  0,                                      !- Minute 5
  0.607664233576642,                      !- Value Until Time 5
  7,                                      !- Hour 6
  0,                                      !- Minute 6
  0.641423357664234,                      !- Value Until Time 6
  8,                                      !- Hour 7
  0,                                      !- Minute 7
  0.675182481751825,                      !- Value Until Time 7
  10,                                     !- Hour 8
  0,                                      !- Minute 8
  0.69206204379562,                       !- Value Until Time 8
  12,                                     !- Hour 9
  0,                                      !- Minute 9
  0.675182481751825,                      !- Value Until Time 9
  15,                                     !- Hour 10
  0,                                      !- Minute 10
  0.708941605839416,                      !- Value Until Time 10
  16,                                     !- Hour 11
  0,                                      !- Minute 11
  0.69206204379562,                       !- Value Until Time 11
  17,                                     !- Hour 12
  0,                                      !- Minute 12
  0.742700729927007,                      !- Value Until Time 12
  18,                                     !- Hour 13
  0,                                      !- Minute 13
  0.81021897810219,                       !- Value Until Time 13
  19,                                     !- Hour 14
  0,                                      !- Minute 14
  0.843978102189781,                      !- Value Until Time 14
  20,                                     !- Hour 15
  0,                                      !- Minute 15
  0.81021897810219,                       !- Value Until Time 15
  21,                                     !- Hour 16
  0,                                      !- Minute 16
  0.793339416058394,                      !- Value Until Time 16
  22,                                     !- Hour 17
  0,                                      !- Minute 17
  0.776459854014598,                      !- Value Until Time 17
  23,                                     !- Hour 18
  0,                                      !- Minute 18
  0.742700729927007,                      !- Value Until Time 18
  24,                                     !- Hour 19
  0,                                      !- Minute 19
  0.69206204379562;                       !- Value Until Time 19

OS:Schedule:Rule,
  {60e1f7e0-b689-4a98-b980-d373cd31b6de}, !- Handle
  fridge schedule allday ruleset12,       !- Name
  {8ba85d61-9290-42c5-a96e-03f5849e2030}, !- Schedule Ruleset Name
  0,                                      !- Rule Order
  {45d709fd-893a-4e23-bbe9-c37af425890c}, !- Day Schedule Name
  Yes,                                    !- Apply Sunday
  Yes,                                    !- Apply Monday
  Yes,                                    !- Apply Tuesday
  Yes,                                    !- Apply Wednesday
  Yes,                                    !- Apply Thursday
  Yes,                                    !- Apply Friday
  Yes,                                    !- Apply Saturday
  DateRange,                              !- Date Specification Type
  12,                                     !- Start Month
  1,                                      !- Start Day
  12,                                     !- End Month
  31;                                     !- End Day

OS:Schedule:Day,
  {45d709fd-893a-4e23-bbe9-c37af425890c}, !- Handle
  fridge schedule allday12,               !- Name
  {e3188119-cea3-4bc3-bf19-1ff5badafaf3}, !- Schedule Type Limits Name
  ,                                       !- Interpolate to Timestep
  1,                                      !- Hour 1
  0,                                      !- Minute 1
  0.610948905109489,                      !- Value Until Time 1
  2,                                      !- Hour 2
  0,                                      !- Minute 2
  0.595675182481752,                      !- Value Until Time 2
  3,                                      !- Hour 3
  0,                                      !- Minute 3
  0.580401459854014,                      !- Value Until Time 3
  4,                                      !- Hour 4
  0,                                      !- Minute 4
  0.565127737226277,                      !- Value Until Time 4
  6,                                      !- Hour 5
  0,                                      !- Minute 5
  0.54985401459854,                       !- Value Until Time 5
  7,                                      !- Hour 6
  0,                                      !- Minute 6
  0.580401459854014,                      !- Value Until Time 6
  8,                                      !- Hour 7
  0,                                      !- Minute 7
  0.610948905109489,                      !- Value Until Time 7
  10,                                     !- Hour 8
  0,                                      !- Minute 8
  0.626222627737226,                      !- Value Until Time 8
  12,                                     !- Hour 9
  0,                                      !- Minute 9
  0.610948905109489,                      !- Value Until Time 9
  15,                                     !- Hour 10
  0,                                      !- Minute 10
  0.641496350364963,                      !- Value Until Time 10
  16,                                     !- Hour 11
  0,                                      !- Minute 11
  0.626222627737226,                      !- Value Until Time 11
  17,                                     !- Hour 12
  0,                                      !- Minute 12
  0.672043795620438,                      !- Value Until Time 12
  18,                                     !- Hour 13
  0,                                      !- Minute 13
  0.733138686131387,                      !- Value Until Time 13
  19,                                     !- Hour 14
  0,                                      !- Minute 14
  0.763686131386861,                      !- Value Until Time 14
  20,                                     !- Hour 15
  0,                                      !- Minute 15
  0.733138686131387,                      !- Value Until Time 15
  21,                                     !- Hour 16
  0,                                      !- Minute 16
  0.717864963503649,                      !- Value Until Time 16
  22,                                     !- Hour 17
  0,                                      !- Minute 17
  0.702591240875912,                      !- Value Until Time 17
  23,                                     !- Hour 18
  0,                                      !- Minute 18
  0.672043795620438,                      !- Value Until Time 18
  24,                                     !- Hour 19
  0,                                      !- Minute 19
  0.626222627737226;                      !- Value Until Time 19

OS:ElectricEquipment:Definition,
  {0c9195d8-72bd-428b-a11e-41122a40c341}, !- Handle
  fridge,                                 !- Name
  EquipmentLevel,                         !- Design Level Calculation Method
  68.1859070737623,                       !- Design Level {W}
  ,                                       !- Watts per Space Floor Area {W/m2}
  ,                                       !- Watts per Person {W/person}
  0,                                      !- Fraction Latent
  0.6,                                    !- Fraction Radiant
  0;                                      !- Fraction Lost

OS:ElectricEquipment,
  {b9e59d25-55c5-45ce-bfaa-88fee674b0a0}, !- Handle
  fridge,                                 !- Name
  {0c9195d8-72bd-428b-a11e-41122a40c341}, !- Electric Equipment Definition Name
  {ebd3c336-575b-4630-bea9-fcaa44ab29b9}, !- Space or SpaceType Name
  {8ba85d61-9290-42c5-a96e-03f5849e2030}, !- Schedule Name
  ,                                       !- Multiplier
  fridge;                                 !- End-Use Subcategory

OS:Schedule:Ruleset,
  {9e8ed081-1863-40f9-986d-5f7178ec98d2}, !- Handle
  fridge schedule 1,                      !- Name
  {e3188119-cea3-4bc3-bf19-1ff5badafaf3}, !- Schedule Type Limits Name
  {5db47073-e0e2-4799-9606-43c0c00adcbb}; !- Default Day Schedule Name

OS:Schedule:Day,
  {5db47073-e0e2-4799-9606-43c0c00adcbb}, !- Handle
  fridge schedule default day 1,          !- Name
  {e3188119-cea3-4bc3-bf19-1ff5badafaf3}, !- Schedule Type Limits Name
  ,                                       !- Interpolate to Timestep
  24,                                     !- Hour 1
  0,                                      !- Minute 1
  0;                                      !- Value Until Time 1

OS:Schedule:Rule,
  {21ffa328-08bf-47ce-a517-5e5bf7371b00}, !- Handle
  fridge schedule allday ruleset1 1,      !- Name
  {9e8ed081-1863-40f9-986d-5f7178ec98d2}, !- Schedule Ruleset Name
  6,                                      !- Rule Order
  {deffc575-e93a-427b-af02-cf201ca5d814}, !- Day Schedule Name
  Yes,                                    !- Apply Sunday
  Yes,                                    !- Apply Monday
  Yes,                                    !- Apply Tuesday
  Yes,                                    !- Apply Wednesday
  Yes,                                    !- Apply Thursday
  Yes,                                    !- Apply Friday
  Yes,                                    !- Apply Saturday
  DateRange,                              !- Date Specification Type
  1,                                      !- Start Month
  1,                                      !- Start Day
  1,                                      !- End Month
  31;                                     !- End Day

OS:Schedule:Day,
  {deffc575-e93a-427b-af02-cf201ca5d814}, !- Handle
  fridge schedule allday1 1,              !- Name
  {e3188119-cea3-4bc3-bf19-1ff5badafaf3}, !- Schedule Type Limits Name
  ,                                       !- Interpolate to Timestep
  1,                                      !- Hour 1
  0,                                      !- Minute 1
  0.610948905109489,                      !- Value Until Time 1
  2,                                      !- Hour 2
  0,                                      !- Minute 2
  0.595675182481752,                      !- Value Until Time 2
  3,                                      !- Hour 3
  0,                                      !- Minute 3
  0.580401459854014,                      !- Value Until Time 3
  4,                                      !- Hour 4
  0,                                      !- Minute 4
  0.565127737226277,                      !- Value Until Time 4
  6,                                      !- Hour 5
  0,                                      !- Minute 5
  0.54985401459854,                       !- Value Until Time 5
  7,                                      !- Hour 6
  0,                                      !- Minute 6
  0.580401459854014,                      !- Value Until Time 6
  8,                                      !- Hour 7
  0,                                      !- Minute 7
  0.610948905109489,                      !- Value Until Time 7
  10,                                     !- Hour 8
  0,                                      !- Minute 8
  0.626222627737226,                      !- Value Until Time 8
  12,                                     !- Hour 9
  0,                                      !- Minute 9
  0.610948905109489,                      !- Value Until Time 9
  15,                                     !- Hour 10
  0,                                      !- Minute 10
  0.641496350364963,                      !- Value Until Time 10
  16,                                     !- Hour 11
  0,                                      !- Minute 11
  0.626222627737226,                      !- Value Until Time 11
  17,                                     !- Hour 12
  0,                                      !- Minute 12
  0.672043795620438,                      !- Value Until Time 12
  18,                                     !- Hour 13
  0,                                      !- Minute 13
  0.733138686131387,                      !- Value Until Time 13
  19,                                     !- Hour 14
  0,                                      !- Minute 14
  0.763686131386861,                      !- Value Until Time 14
  20,                                     !- Hour 15
  0,                                      !- Minute 15
  0.733138686131387,                      !- Value Until Time 15
  21,                                     !- Hour 16
  0,                                      !- Minute 16
  0.717864963503649,                      !- Value Until Time 16
  22,                                     !- Hour 17
  0,                                      !- Minute 17
  0.702591240875912,                      !- Value Until Time 17
  23,                                     !- Hour 18
  0,                                      !- Minute 18
  0.672043795620438,                      !- Value Until Time 18
  24,                                     !- Hour 19
  0,                                      !- Minute 19
  0.626222627737226;                      !- Value Until Time 19

OS:Schedule:Rule,
  {8d397315-2156-459f-9a7e-57c0c34b48d8}, !- Handle
  fridge schedule allday ruleset2 1,      !- Name
  {9e8ed081-1863-40f9-986d-5f7178ec98d2}, !- Schedule Ruleset Name
  5,                                      !- Rule Order
  {64a2d146-7754-4203-ac46-4d20d091fd9d}, !- Day Schedule Name
  Yes,                                    !- Apply Sunday
  Yes,                                    !- Apply Monday
  Yes,                                    !- Apply Tuesday
  Yes,                                    !- Apply Wednesday
  Yes,                                    !- Apply Thursday
  Yes,                                    !- Apply Friday
  Yes,                                    !- Apply Saturday
  DateRange,                              !- Date Specification Type
  2,                                      !- Start Month
  1,                                      !- Start Day
  2,                                      !- End Month
  28;                                     !- End Day

OS:Schedule:Day,
  {64a2d146-7754-4203-ac46-4d20d091fd9d}, !- Handle
  fridge schedule allday2 1,              !- Name
  {e3188119-cea3-4bc3-bf19-1ff5badafaf3}, !- Schedule Type Limits Name
  ,                                       !- Interpolate to Timestep
  1,                                      !- Hour 1
  0,                                      !- Minute 1
  0.60948905109489,                       !- Value Until Time 1
  2,                                      !- Hour 2
  0,                                      !- Minute 2
  0.594251824817518,                      !- Value Until Time 2
  3,                                      !- Hour 3
  0,                                      !- Minute 3
  0.579014598540146,                      !- Value Until Time 3
  4,                                      !- Hour 4
  0,                                      !- Minute 4
  0.563777372262774,                      !- Value Until Time 4
  6,                                      !- Hour 5
  0,                                      !- Minute 5
  0.548540145985401,                      !- Value Until Time 5
  7,                                      !- Hour 6
  0,                                      !- Minute 6
  0.579014598540146,                      !- Value Until Time 6
  8,                                      !- Hour 7
  0,                                      !- Minute 7
  0.60948905109489,                       !- Value Until Time 7
  10,                                     !- Hour 8
  0,                                      !- Minute 8
  0.624726277372263,                      !- Value Until Time 8
  12,                                     !- Hour 9
  0,                                      !- Minute 9
  0.60948905109489,                       !- Value Until Time 9
  15,                                     !- Hour 10
  0,                                      !- Minute 10
  0.639963503649635,                      !- Value Until Time 10
  16,                                     !- Hour 11
  0,                                      !- Minute 11
  0.624726277372263,                      !- Value Until Time 11
  17,                                     !- Hour 12
  0,                                      !- Minute 12
  0.670437956204379,                      !- Value Until Time 12
  18,                                     !- Hour 13
  0,                                      !- Minute 13
  0.731386861313868,                      !- Value Until Time 13
  19,                                     !- Hour 14
  0,                                      !- Minute 14
  0.761861313868613,                      !- Value Until Time 14
  20,                                     !- Hour 15
  0,                                      !- Minute 15
  0.731386861313868,                      !- Value Until Time 15
  21,                                     !- Hour 16
  0,                                      !- Minute 16
  0.716149635036496,                      !- Value Until Time 16
  22,                                     !- Hour 17
  0,                                      !- Minute 17
  0.700912408759124,                      !- Value Until Time 17
  23,                                     !- Hour 18
  0,                                      !- Minute 18
  0.670437956204379,                      !- Value Until Time 18
  24,                                     !- Hour 19
  0,                                      !- Minute 19
  0.624726277372263;                      !- Value Until Time 19

OS:Schedule:Rule,
  {e005db49-20a5-45b9-84e9-6503846a9216}, !- Handle
  fridge schedule allday ruleset3 1,      !- Name
  {9e8ed081-1863-40f9-986d-5f7178ec98d2}, !- Schedule Ruleset Name
  4,                                      !- Rule Order
  {59507bc0-2c50-4cda-b992-c8e869885b6d}, !- Day Schedule Name
  Yes,                                    !- Apply Sunday
  Yes,                                    !- Apply Monday
  Yes,                                    !- Apply Tuesday
  Yes,                                    !- Apply Wednesday
  Yes,                                    !- Apply Thursday
  Yes,                                    !- Apply Friday
  Yes,                                    !- Apply Saturday
  DateRange,                              !- Date Specification Type
  3,                                      !- Start Month
  1,                                      !- Start Day
  5,                                      !- End Month
  31;                                     !- End Day

OS:Schedule:Day,
  {59507bc0-2c50-4cda-b992-c8e869885b6d}, !- Handle
  fridge schedule allday3 1,              !- Name
  {e3188119-cea3-4bc3-bf19-1ff5badafaf3}, !- Schedule Type Limits Name
  ,                                       !- Interpolate to Timestep
  1,                                      !- Hour 1
  0,                                      !- Minute 1
  0.791240875912409,                      !- Value Until Time 1
  2,                                      !- Hour 2
  0,                                      !- Minute 2
  0.771459854014598,                      !- Value Until Time 2
  3,                                      !- Hour 3
  0,                                      !- Minute 3
  0.751678832116788,                      !- Value Until Time 3
  4,                                      !- Hour 4
  0,                                      !- Minute 4
  0.731897810218978,                      !- Value Until Time 4
  6,                                      !- Hour 5
  0,                                      !- Minute 5
  0.712116788321168,                      !- Value Until Time 5
  7,                                      !- Hour 6
  0,                                      !- Minute 6
  0.751678832116788,                      !- Value Until Time 6
  8,                                      !- Hour 7
  0,                                      !- Minute 7
  0.791240875912409,                      !- Value Until Time 7
  10,                                     !- Hour 8
  0,                                      !- Minute 8
  0.811021897810219,                      !- Value Until Time 8
  12,                                     !- Hour 9
  0,                                      !- Minute 9
  0.791240875912409,                      !- Value Until Time 9
  15,                                     !- Hour 10
  0,                                      !- Minute 10
  0.830802919708029,                      !- Value Until Time 10
  16,                                     !- Hour 11
  0,                                      !- Minute 11
  0.811021897810219,                      !- Value Until Time 11
  17,                                     !- Hour 12
  0,                                      !- Minute 12
  0.87036496350365,                       !- Value Until Time 12
  18,                                     !- Hour 13
  0,                                      !- Minute 13
  0.949489051094891,                      !- Value Until Time 13
  19,                                     !- Hour 14
  0,                                      !- Minute 14
  0.989051094890511,                      !- Value Until Time 14
  20,                                     !- Hour 15
  0,                                      !- Minute 15
  0.949489051094891,                      !- Value Until Time 15
  21,                                     !- Hour 16
  0,                                      !- Minute 16
  0.92970802919708,                       !- Value Until Time 16
  22,                                     !- Hour 17
  0,                                      !- Minute 17
  0.90992700729927,                       !- Value Until Time 17
  23,                                     !- Hour 18
  0,                                      !- Minute 18
  0.87036496350365,                       !- Value Until Time 18
  24,                                     !- Hour 19
  0,                                      !- Minute 19
  0.811021897810219;                      !- Value Until Time 19

OS:Schedule:Rule,
  {c0d72b69-c23b-43b9-942c-6ab18997e41b}, !- Handle
  fridge schedule allday ruleset6 1,      !- Name
  {9e8ed081-1863-40f9-986d-5f7178ec98d2}, !- Schedule Ruleset Name
  3,                                      !- Rule Order
  {8ba7822a-2708-4832-9450-75b1464729ac}, !- Day Schedule Name
  Yes,                                    !- Apply Sunday
  Yes,                                    !- Apply Monday
  Yes,                                    !- Apply Tuesday
  Yes,                                    !- Apply Wednesday
  Yes,                                    !- Apply Thursday
  Yes,                                    !- Apply Friday
  Yes,                                    !- Apply Saturday
  DateRange,                              !- Date Specification Type
  6,                                      !- Start Month
  1,                                      !- Start Day
  9,                                      !- End Month
  30;                                     !- End Day

OS:Schedule:Day,
  {8ba7822a-2708-4832-9450-75b1464729ac}, !- Handle
  fridge schedule allday6 1,              !- Name
  {e3188119-cea3-4bc3-bf19-1ff5badafaf3}, !- Schedule Type Limits Name
  ,                                       !- Interpolate to Timestep
  1,                                      !- Hour 1
  0,                                      !- Minute 1
  0.8,                                    !- Value Until Time 1
  2,                                      !- Hour 2
  0,                                      !- Minute 2
  0.78,                                   !- Value Until Time 2
  3,                                      !- Hour 3
  0,                                      !- Minute 3
  0.76,                                   !- Value Until Time 3
  4,                                      !- Hour 4
  0,                                      !- Minute 4
  0.74,                                   !- Value Until Time 4
  6,                                      !- Hour 5
  0,                                      !- Minute 5
  0.72,                                   !- Value Until Time 5
  7,                                      !- Hour 6
  0,                                      !- Minute 6
  0.76,                                   !- Value Until Time 6
  8,                                      !- Hour 7
  0,                                      !- Minute 7
  0.8,                                    !- Value Until Time 7
  10,                                     !- Hour 8
  0,                                      !- Minute 8
  0.82,                                   !- Value Until Time 8
  12,                                     !- Hour 9
  0,                                      !- Minute 9
  0.8,                                    !- Value Until Time 9
  15,                                     !- Hour 10
  0,                                      !- Minute 10
  0.84,                                   !- Value Until Time 10
  16,                                     !- Hour 11
  0,                                      !- Minute 11
  0.82,                                   !- Value Until Time 11
  17,                                     !- Hour 12
  0,                                      !- Minute 12
  0.88,                                   !- Value Until Time 12
  18,                                     !- Hour 13
  0,                                      !- Minute 13
  0.96,                                   !- Value Until Time 13
  19,                                     !- Hour 14
  0,                                      !- Minute 14
  1,                                      !- Value Until Time 14
  20,                                     !- Hour 15
  0,                                      !- Minute 15
  0.96,                                   !- Value Until Time 15
  21,                                     !- Hour 16
  0,                                      !- Minute 16
  0.94,                                   !- Value Until Time 16
  22,                                     !- Hour 17
  0,                                      !- Minute 17
  0.92,                                   !- Value Until Time 17
  23,                                     !- Hour 18
  0,                                      !- Minute 18
  0.88,                                   !- Value Until Time 18
  24,                                     !- Hour 19
  0,                                      !- Minute 19
  0.82;                                   !- Value Until Time 19

OS:Schedule:Rule,
  {ce312d50-3072-4d57-8896-f6bf9114b71e}, !- Handle
  fridge schedule allday ruleset10 1,     !- Name
  {9e8ed081-1863-40f9-986d-5f7178ec98d2}, !- Schedule Ruleset Name
  2,                                      !- Rule Order
  {5d845484-c90c-467b-914a-441a5e6b0c8e}, !- Day Schedule Name
  Yes,                                    !- Apply Sunday
  Yes,                                    !- Apply Monday
  Yes,                                    !- Apply Tuesday
  Yes,                                    !- Apply Wednesday
  Yes,                                    !- Apply Thursday
  Yes,                                    !- Apply Friday
  Yes,                                    !- Apply Saturday
  DateRange,                              !- Date Specification Type
  10,                                     !- Start Month
  1,                                      !- Start Day
  10,                                     !- End Month
  31;                                     !- End Day

OS:Schedule:Day,
  {5d845484-c90c-467b-914a-441a5e6b0c8e}, !- Handle
  fridge schedule allday10 1,             !- Name
  {e3188119-cea3-4bc3-bf19-1ff5badafaf3}, !- Schedule Type Limits Name
  ,                                       !- Interpolate to Timestep
  1,                                      !- Hour 1
  0,                                      !- Minute 1
  0.67956204379562,                       !- Value Until Time 1
  2,                                      !- Hour 2
  0,                                      !- Minute 2
  0.66257299270073,                       !- Value Until Time 2
  3,                                      !- Hour 3
  0,                                      !- Minute 3
  0.645583941605839,                      !- Value Until Time 3
  4,                                      !- Hour 4
  0,                                      !- Minute 4
  0.628594890510949,                      !- Value Until Time 4
  6,                                      !- Hour 5
  0,                                      !- Minute 5
  0.611605839416058,                      !- Value Until Time 5
  7,                                      !- Hour 6
  0,                                      !- Minute 6
  0.645583941605839,                      !- Value Until Time 6
  8,                                      !- Hour 7
  0,                                      !- Minute 7
  0.67956204379562,                       !- Value Until Time 7
  10,                                     !- Hour 8
  0,                                      !- Minute 8
  0.696551094890511,                      !- Value Until Time 8
  12,                                     !- Hour 9
  0,                                      !- Minute 9
  0.67956204379562,                       !- Value Until Time 9
  15,                                     !- Hour 10
  0,                                      !- Minute 10
  0.713540145985401,                      !- Value Until Time 10
  16,                                     !- Hour 11
  0,                                      !- Minute 11
  0.696551094890511,                      !- Value Until Time 11
  17,                                     !- Hour 12
  0,                                      !- Minute 12
  0.747518248175182,                      !- Value Until Time 12
  18,                                     !- Hour 13
  0,                                      !- Minute 13
  0.815474452554744,                      !- Value Until Time 13
  19,                                     !- Hour 14
  0,                                      !- Minute 14
  0.849452554744526,                      !- Value Until Time 14
  20,                                     !- Hour 15
  0,                                      !- Minute 15
  0.815474452554744,                      !- Value Until Time 15
  21,                                     !- Hour 16
  0,                                      !- Minute 16
  0.798485401459854,                      !- Value Until Time 16
  22,                                     !- Hour 17
  0,                                      !- Minute 17
  0.781496350364963,                      !- Value Until Time 17
  23,                                     !- Hour 18
  0,                                      !- Minute 18
  0.747518248175182,                      !- Value Until Time 18
  24,                                     !- Hour 19
  0,                                      !- Minute 19
  0.696551094890511;                      !- Value Until Time 19

OS:Schedule:Rule,
  {9f27bdae-1498-4393-b2d5-dfb7ece9d41b}, !- Handle
  fridge schedule allday ruleset11 1,     !- Name
  {9e8ed081-1863-40f9-986d-5f7178ec98d2}, !- Schedule Ruleset Name
  1,                                      !- Rule Order
  {5dbce990-5041-4367-8a9e-f05e02d31d8a}, !- Day Schedule Name
  Yes,                                    !- Apply Sunday
  Yes,                                    !- Apply Monday
  Yes,                                    !- Apply Tuesday
  Yes,                                    !- Apply Wednesday
  Yes,                                    !- Apply Thursday
  Yes,                                    !- Apply Friday
  Yes,                                    !- Apply Saturday
  DateRange,                              !- Date Specification Type
  11,                                     !- Start Month
  1,                                      !- Start Day
  11,                                     !- End Month
  30;                                     !- End Day

OS:Schedule:Day,
  {5dbce990-5041-4367-8a9e-f05e02d31d8a}, !- Handle
  fridge schedule allday11 1,             !- Name
  {e3188119-cea3-4bc3-bf19-1ff5badafaf3}, !- Schedule Type Limits Name
  ,                                       !- Interpolate to Timestep
  1,                                      !- Hour 1
  0,                                      !- Minute 1
  0.675182481751825,                      !- Value Until Time 1
  2,                                      !- Hour 2
  0,                                      !- Minute 2
  0.658302919708029,                      !- Value Until Time 2
  3,                                      !- Hour 3
  0,                                      !- Minute 3
  0.641423357664234,                      !- Value Until Time 3
  4,                                      !- Hour 4
  0,                                      !- Minute 4
  0.624543795620438,                      !- Value Until Time 4
  6,                                      !- Hour 5
  0,                                      !- Minute 5
  0.607664233576642,                      !- Value Until Time 5
  7,                                      !- Hour 6
  0,                                      !- Minute 6
  0.641423357664234,                      !- Value Until Time 6
  8,                                      !- Hour 7
  0,                                      !- Minute 7
  0.675182481751825,                      !- Value Until Time 7
  10,                                     !- Hour 8
  0,                                      !- Minute 8
  0.69206204379562,                       !- Value Until Time 8
  12,                                     !- Hour 9
  0,                                      !- Minute 9
  0.675182481751825,                      !- Value Until Time 9
  15,                                     !- Hour 10
  0,                                      !- Minute 10
  0.708941605839416,                      !- Value Until Time 10
  16,                                     !- Hour 11
  0,                                      !- Minute 11
  0.69206204379562,                       !- Value Until Time 11
  17,                                     !- Hour 12
  0,                                      !- Minute 12
  0.742700729927007,                      !- Value Until Time 12
  18,                                     !- Hour 13
  0,                                      !- Minute 13
  0.81021897810219,                       !- Value Until Time 13
  19,                                     !- Hour 14
  0,                                      !- Minute 14
  0.843978102189781,                      !- Value Until Time 14
  20,                                     !- Hour 15
  0,                                      !- Minute 15
  0.81021897810219,                       !- Value Until Time 15
  21,                                     !- Hour 16
  0,                                      !- Minute 16
  0.793339416058394,                      !- Value Until Time 16
  22,                                     !- Hour 17
  0,                                      !- Minute 17
  0.776459854014598,                      !- Value Until Time 17
  23,                                     !- Hour 18
  0,                                      !- Minute 18
  0.742700729927007,                      !- Value Until Time 18
  24,                                     !- Hour 19
  0,                                      !- Minute 19
  0.69206204379562;                       !- Value Until Time 19

OS:Schedule:Rule,
  {235d0092-96f1-4484-aa62-687980d5949f}, !- Handle
  fridge schedule allday ruleset12 1,     !- Name
  {9e8ed081-1863-40f9-986d-5f7178ec98d2}, !- Schedule Ruleset Name
  0,                                      !- Rule Order
  {37ee53c7-f979-4018-9e07-cf1912f32a7a}, !- Day Schedule Name
  Yes,                                    !- Apply Sunday
  Yes,                                    !- Apply Monday
  Yes,                                    !- Apply Tuesday
  Yes,                                    !- Apply Wednesday
  Yes,                                    !- Apply Thursday
  Yes,                                    !- Apply Friday
  Yes,                                    !- Apply Saturday
  DateRange,                              !- Date Specification Type
  12,                                     !- Start Month
  1,                                      !- Start Day
  12,                                     !- End Month
  31;                                     !- End Day

OS:Schedule:Day,
  {37ee53c7-f979-4018-9e07-cf1912f32a7a}, !- Handle
  fridge schedule allday12 1,             !- Name
  {e3188119-cea3-4bc3-bf19-1ff5badafaf3}, !- Schedule Type Limits Name
  ,                                       !- Interpolate to Timestep
  1,                                      !- Hour 1
  0,                                      !- Minute 1
  0.610948905109489,                      !- Value Until Time 1
  2,                                      !- Hour 2
  0,                                      !- Minute 2
  0.595675182481752,                      !- Value Until Time 2
  3,                                      !- Hour 3
  0,                                      !- Minute 3
  0.580401459854014,                      !- Value Until Time 3
  4,                                      !- Hour 4
  0,                                      !- Minute 4
  0.565127737226277,                      !- Value Until Time 4
  6,                                      !- Hour 5
  0,                                      !- Minute 5
  0.54985401459854,                       !- Value Until Time 5
  7,                                      !- Hour 6
  0,                                      !- Minute 6
  0.580401459854014,                      !- Value Until Time 6
  8,                                      !- Hour 7
  0,                                      !- Minute 7
  0.610948905109489,                      !- Value Until Time 7
  10,                                     !- Hour 8
  0,                                      !- Minute 8
  0.626222627737226,                      !- Value Until Time 8
  12,                                     !- Hour 9
  0,                                      !- Minute 9
  0.610948905109489,                      !- Value Until Time 9
  15,                                     !- Hour 10
  0,                                      !- Minute 10
  0.641496350364963,                      !- Value Until Time 10
  16,                                     !- Hour 11
  0,                                      !- Minute 11
  0.626222627737226,                      !- Value Until Time 11
  17,                                     !- Hour 12
  0,                                      !- Minute 12
  0.672043795620438,                      !- Value Until Time 12
  18,                                     !- Hour 13
  0,                                      !- Minute 13
  0.733138686131387,                      !- Value Until Time 13
  19,                                     !- Hour 14
  0,                                      !- Minute 14
  0.763686131386861,                      !- Value Until Time 14
  20,                                     !- Hour 15
  0,                                      !- Minute 15
  0.733138686131387,                      !- Value Until Time 15
  21,                                     !- Hour 16
  0,                                      !- Minute 16
  0.717864963503649,                      !- Value Until Time 16
  22,                                     !- Hour 17
  0,                                      !- Minute 17
  0.702591240875912,                      !- Value Until Time 17
  23,                                     !- Hour 18
  0,                                      !- Minute 18
  0.672043795620438,                      !- Value Until Time 18
  24,                                     !- Hour 19
  0,                                      !- Minute 19
  0.626222627737226;                      !- Value Until Time 19

OS:ElectricEquipment:Definition,
  {74a5713e-c894-485d-adb9-9dc77362cbd2}, !- Handle
  fridge 2,                               !- Name
  EquipmentLevel,                         !- Design Level Calculation Method
  64.9389591178689,                       !- Design Level {W}
  ,                                       !- Watts per Space Floor Area {W/m2}
  ,                                       !- Watts per Person {W/person}
  0,                                      !- Fraction Latent
  0.6,                                    !- Fraction Radiant
  0;                                      !- Fraction Lost

OS:ElectricEquipment,
  {e7be5362-2d2f-444f-a0e4-942a1aacc1cc}, !- Handle
  fridge 1,                               !- Name
  {74a5713e-c894-485d-adb9-9dc77362cbd2}, !- Electric Equipment Definition Name
  {ebd3c336-575b-4630-bea9-fcaa44ab29b9}, !- Space or SpaceType Name
  {9e8ed081-1863-40f9-986d-5f7178ec98d2}, !- Schedule Name
  ,                                       !- Multiplier
  fridge;                                 !- End-Use Subcategory

OS:Schedule:File,
  {918c8ffd-b468-47a9-b8fb-f54bed3d15e4}, !- Handle
  cooking_range,                          !- Name
  {e3188119-cea3-4bc3-bf19-1ff5badafaf3}, !- Schedule Type Limits Name
  {5428cbb8-7415-4adb-a528-e66ae2962926}, !- External File Name
  4,                                      !- Column Number
  1,                                      !- Rows to Skip at Top
  8760,                                   !- Number of Hours of Data
  ,                                       !- Column Separator
  ,                                       !- Interpolate to Timestep
  15,                                     !- Minutes per Item
  ,                                       !- Adjust Schedule for Daylight Savings
  Yes;                                    !- Translate File With Relative Path

OS:ElectricEquipment:Definition,
  {26779151-9ee5-4ea6-b2a3-e7d445d75396}, !- Handle
  cooking range,                          !- Name
  EquipmentLevel,                         !- Design Level Calculation Method
  2971.72939861609,                       !- Design Level {W}
  ,                                       !- Watts per Space Floor Area {W/m2}
  ,                                       !- Watts per Person {W/person}
  0.0799999999999999,                     !- Fraction Latent
  0.432,                                  !- Fraction Radiant
  0.2;                                    !- Fraction Lost

OS:ElectricEquipment,
  {da138c3a-211c-42dc-b241-bb18c665bbef}, !- Handle
  cooking range,                          !- Name
  {26779151-9ee5-4ea6-b2a3-e7d445d75396}, !- Electric Equipment Definition Name
  {ebd3c336-575b-4630-bea9-fcaa44ab29b9}, !- Space or SpaceType Name
  {918c8ffd-b468-47a9-b8fb-f54bed3d15e4}, !- Schedule Name
  ,                                       !- Multiplier
  cooking range;                          !- End-Use Subcategory

OS:Schedule:FixedInterval,
  {c012cb27-29a7-43da-9e36-6cc94df3d2cd}, !- Handle
  mains temperature schedule,             !- Name
  {28f274e0-b357-4608-ba2d-17b09bb982a2}, !- Schedule Type Limits Name
  ,                                       !- Translate to Schedule File
  ,                                       !- Interpolate to Timestep
  1440,                                   !- Interval Length {minutes}
  ,                                       !- Out Of Range Value
  1,                                      !- Start Month
  1,                                      !- Start Day
  17.8933333333333,                       !- Value 1
  17.8544444444444,                       !- Value 2
  17.8166666666667,                       !- Value 3
  17.7805555555556,                       !- Value 4
  17.7455555555556,                       !- Value 5
  17.7122222222222,                       !- Value 6
  17.6805555555556,                       !- Value 7
  17.65,                                  !- Value 8
  17.6211111111111,                       !- Value 9
  17.5933333333333,                       !- Value 10
  17.5677777777778,                       !- Value 11
  17.5433333333333,                       !- Value 12
  17.5205555555556,                       !- Value 13
  17.4988888888889,                       !- Value 14
  17.4794444444444,                       !- Value 15
  17.4611111111111,                       !- Value 16
  17.4444444444444,                       !- Value 17
  17.4288888888889,                       !- Value 18
  17.4155555555556,                       !- Value 19
  17.4033333333333,                       !- Value 20
  17.3927777777778,                       !- Value 21
  17.3838888888889,                       !- Value 22
  17.3766666666667,                       !- Value 23
  17.3711111111111,                       !- Value 24
  17.3666666666667,                       !- Value 25
  17.3638888888889,                       !- Value 26
  17.3633333333333,                       !- Value 27
  17.3633333333333,                       !- Value 28
  17.3655555555556,                       !- Value 29
  17.3694444444444,                       !- Value 30
  17.3744444444444,                       !- Value 31
  17.3816666666667,                       !- Value 32
  17.39,                                  !- Value 33
  17.4,                                   !- Value 34
  17.4111111111111,                       !- Value 35
  17.4244444444444,                       !- Value 36
  17.4388888888889,                       !- Value 37
  17.455,                                 !- Value 38
  17.4727777777778,                       !- Value 39
  17.4922222222222,                       !- Value 40
  17.5127777777778,                       !- Value 41
  17.5355555555556,                       !- Value 42
  17.5594444444444,                       !- Value 43
  17.5844444444444,                       !- Value 44
  17.6116666666667,                       !- Value 45
  17.64,                                  !- Value 46
  17.67,                                  !- Value 47
  17.7011111111111,                       !- Value 48
  17.7338888888889,                       !- Value 49
  17.7683333333333,                       !- Value 50
  17.8044444444444,                       !- Value 51
  17.8416666666667,                       !- Value 52
  17.88,                                  !- Value 53
  17.92,                                  !- Value 54
  17.9616666666667,                       !- Value 55
  18.0044444444444,                       !- Value 56
  18.0488888888889,                       !- Value 57
  18.0944444444444,                       !- Value 58
  18.1416666666667,                       !- Value 59
  18.19,                                  !- Value 60
  18.2394444444444,                       !- Value 61
  18.2905555555556,                       !- Value 62
  18.3427777777778,                       !- Value 63
  18.3966666666667,                       !- Value 64
  18.4511111111111,                       !- Value 65
  18.5072222222222,                       !- Value 66
  18.565,                                 !- Value 67
  18.6233333333333,                       !- Value 68
  18.6833333333333,                       !- Value 69
  18.7438888888889,                       !- Value 70
  18.8061111111111,                       !- Value 71
  18.8694444444444,                       !- Value 72
  18.9338888888889,                       !- Value 73
  18.9994444444444,                       !- Value 74
  19.0661111111111,                       !- Value 75
  19.1338888888889,                       !- Value 76
  19.2022222222222,                       !- Value 77
  19.2722222222222,                       !- Value 78
  19.3427777777778,                       !- Value 79
  19.4144444444444,                       !- Value 80
  19.4872222222222,                       !- Value 81
  19.5611111111111,                       !- Value 82
  19.6355555555556,                       !- Value 83
  19.7111111111111,                       !- Value 84
  19.7877777777778,                       !- Value 85
  19.865,                                 !- Value 86
  19.9427777777778,                       !- Value 87
  20.0216666666667,                       !- Value 88
  20.1016666666667,                       !- Value 89
  20.1816666666667,                       !- Value 90
  20.2627777777778,                       !- Value 91
  20.345,                                 !- Value 92
  20.4277777777778,                       !- Value 93
  20.5105555555556,                       !- Value 94
  20.5944444444444,                       !- Value 95
  20.6794444444444,                       !- Value 96
  20.7644444444444,                       !- Value 97
  20.85,                                  !- Value 98
  20.9361111111111,                       !- Value 99
  21.0227777777778,                       !- Value 100
  21.11,                                  !- Value 101
  21.1977777777778,                       !- Value 102
  21.2861111111111,                       !- Value 103
  21.3744444444444,                       !- Value 104
  21.4633333333333,                       !- Value 105
  21.5527777777778,                       !- Value 106
  21.6422222222222,                       !- Value 107
  21.7322222222222,                       !- Value 108
  21.8227777777778,                       !- Value 109
  21.9133333333333,                       !- Value 110
  22.0038888888889,                       !- Value 111
  22.0944444444444,                       !- Value 112
  22.1855555555556,                       !- Value 113
  22.2772222222222,                       !- Value 114
  22.3683333333333,                       !- Value 115
  22.46,                                  !- Value 116
  22.5511111111111,                       !- Value 117
  22.6427777777778,                       !- Value 118
  22.7344444444444,                       !- Value 119
  22.8261111111111,                       !- Value 120
  22.9177777777778,                       !- Value 121
  23.0088888888889,                       !- Value 122
  23.1005555555556,                       !- Value 123
  23.1916666666667,                       !- Value 124
  23.2827777777778,                       !- Value 125
  23.3733333333333,                       !- Value 126
  23.4638888888889,                       !- Value 127
  23.5544444444444,                       !- Value 128
  23.645,                                 !- Value 129
  23.7344444444444,                       !- Value 130
  23.8244444444444,                       !- Value 131
  23.9133333333333,                       !- Value 132
  24.0022222222222,                       !- Value 133
  24.0911111111111,                       !- Value 134
  24.1788888888889,                       !- Value 135
  24.2666666666667,                       !- Value 136
  24.3538888888889,                       !- Value 137
  24.4405555555556,                       !- Value 138
  24.5266666666667,                       !- Value 139
  24.6122222222222,                       !- Value 140
  24.6972222222222,                       !- Value 141
  24.7816666666667,                       !- Value 142
  24.8655555555556,                       !- Value 143
  24.9488888888889,                       !- Value 144
  25.0316666666667,                       !- Value 145
  25.1133333333333,                       !- Value 146
  25.1944444444444,                       !- Value 147
  25.2744444444444,                       !- Value 148
  25.3544444444444,                       !- Value 149
  25.4333333333333,                       !- Value 150
  25.5111111111111,                       !- Value 151
  25.5883333333333,                       !- Value 152
  25.6644444444444,                       !- Value 153
  25.74,                                  !- Value 154
  25.8144444444444,                       !- Value 155
  25.8877777777778,                       !- Value 156
  25.9605555555556,                       !- Value 157
  26.0322222222222,                       !- Value 158
  26.1027777777778,                       !- Value 159
  26.1727777777778,                       !- Value 160
  26.2411111111111,                       !- Value 161
  26.3088888888889,                       !- Value 162
  26.375,                                 !- Value 163
  26.4405555555556,                       !- Value 164
  26.505,                                 !- Value 165
  26.5677777777778,                       !- Value 166
  26.63,                                  !- Value 167
  26.6911111111111,                       !- Value 168
  26.7505555555556,                       !- Value 169
  26.8088888888889,                       !- Value 170
  26.8661111111111,                       !- Value 171
  26.9222222222222,                       !- Value 172
  26.9766666666667,                       !- Value 173
  27.0305555555556,                       !- Value 174
  27.0827777777778,                       !- Value 175
  27.1333333333333,                       !- Value 176
  27.1827777777778,                       !- Value 177
  27.2311111111111,                       !- Value 178
  27.2777777777778,                       !- Value 179
  27.3233333333333,                       !- Value 180
  27.3677777777778,                       !- Value 181
  27.4105555555556,                       !- Value 182
  27.4516666666667,                       !- Value 183
  27.4916666666667,                       !- Value 184
  27.53,                                  !- Value 185
  27.5672222222222,                       !- Value 186
  27.6027777777778,                       !- Value 187
  27.6372222222222,                       !- Value 188
  27.67,                                  !- Value 189
  27.7011111111111,                       !- Value 190
  27.7305555555556,                       !- Value 191
  27.7588888888889,                       !- Value 192
  27.7855555555556,                       !- Value 193
  27.8111111111111,                       !- Value 194
  27.8344444444444,                       !- Value 195
  27.8566666666667,                       !- Value 196
  27.8777777777778,                       !- Value 197
  27.8966666666667,                       !- Value 198
  27.9144444444444,                       !- Value 199
  27.93,                                  !- Value 200
  27.945,                                 !- Value 201
  27.9577777777778,                       !- Value 202
  27.9688888888889,                       !- Value 203
  27.9788888888889,                       !- Value 204
  27.9872222222222,                       !- Value 205
  27.9938888888889,                       !- Value 206
  27.9988888888889,                       !- Value 207
  28.0022222222222,                       !- Value 208
  28.0044444444444,                       !- Value 209
  28.0044444444444,                       !- Value 210
  28.0033333333333,                       !- Value 211
  28.0005555555556,                       !- Value 212
  27.9961111111111,                       !- Value 213
  27.99,                                  !- Value 214
  27.9827777777778,                       !- Value 215
  27.9733333333333,                       !- Value 216
  27.9627777777778,                       !- Value 217
  27.9505555555556,                       !- Value 218
  27.9372222222222,                       !- Value 219
  27.9216666666667,                       !- Value 220
  27.905,                                 !- Value 221
  27.8861111111111,                       !- Value 222
  27.8661111111111,                       !- Value 223
  27.845,                                 !- Value 224
  27.8216666666667,                       !- Value 225
  27.7972222222222,                       !- Value 226
  27.7711111111111,                       !- Value 227
  27.7438888888889,                       !- Value 228
  27.7144444444444,                       !- Value 229
  27.6838888888889,                       !- Value 230
  27.6522222222222,                       !- Value 231
  27.6183333333333,                       !- Value 232
  27.5833333333333,                       !- Value 233
  27.5472222222222,                       !- Value 234
  27.5094444444444,                       !- Value 235
  27.47,                                  !- Value 236
  27.4288888888889,                       !- Value 237
  27.3872222222222,                       !- Value 238
  27.3433333333333,                       !- Value 239
  27.2988888888889,                       !- Value 240
  27.2522222222222,                       !- Value 241
  27.205,                                 !- Value 242
  27.1555555555556,                       !- Value 243
  27.1055555555556,                       !- Value 244
  27.0538888888889,                       !- Value 245
  27.0011111111111,                       !- Value 246
  26.9466666666667,                       !- Value 247
  26.8916666666667,                       !- Value 248
  26.835,                                 !- Value 249
  26.7772222222222,                       !- Value 250
  26.7177777777778,                       !- Value 251
  26.6577777777778,                       !- Value 252
  26.5961111111111,                       !- Value 253
  26.5333333333333,                       !- Value 254
  26.4694444444444,                       !- Value 255
  26.405,                                 !- Value 256
  26.3388888888889,                       !- Value 257
  26.2716666666667,                       !- Value 258
  26.2033333333333,                       !- Value 259
  26.1344444444444,                       !- Value 260
  26.0638888888889,                       !- Value 261
  25.9927777777778,                       !- Value 262
  25.9205555555556,                       !- Value 263
  25.8477777777778,                       !- Value 264
  25.7733333333333,                       !- Value 265
  25.6983333333333,                       !- Value 266
  25.6227777777778,                       !- Value 267
  25.5461111111111,                       !- Value 268
  25.4683333333333,                       !- Value 269
  25.39,                                  !- Value 270
  25.3105555555556,                       !- Value 271
  25.2305555555556,                       !- Value 272
  25.15,                                  !- Value 273
  25.0683333333333,                       !- Value 274
  24.9861111111111,                       !- Value 275
  24.9033333333333,                       !- Value 276
  24.8194444444444,                       !- Value 277
  24.7355555555556,                       !- Value 278
  24.6505555555556,                       !- Value 279
  24.5655555555556,                       !- Value 280
  24.4794444444444,                       !- Value 281
  24.3927777777778,                       !- Value 282
  24.3061111111111,                       !- Value 283
  24.2183333333333,                       !- Value 284
  24.1305555555556,                       !- Value 285
  24.0422222222222,                       !- Value 286
  23.9538888888889,                       !- Value 287
  23.8644444444444,                       !- Value 288
  23.775,                                 !- Value 289
  23.6855555555556,                       !- Value 290
  23.595,                                 !- Value 291
  23.505,                                 !- Value 292
  23.4144444444444,                       !- Value 293
  23.3233333333333,                       !- Value 294
  23.2322222222222,                       !- Value 295
  23.1411111111111,                       !- Value 296
  23.05,                                  !- Value 297
  22.9588888888889,                       !- Value 298
  22.8672222222222,                       !- Value 299
  22.7755555555556,                       !- Value 300
  22.6838888888889,                       !- Value 301
  22.5927777777778,                       !- Value 302
  22.5011111111111,                       !- Value 303
  22.4094444444444,                       !- Value 304
  22.3183333333333,                       !- Value 305
  22.2266666666667,                       !- Value 306
  22.1355555555556,                       !- Value 307
  22.0444444444444,                       !- Value 308
  21.9538888888889,                       !- Value 309
  21.8633333333333,                       !- Value 310
  21.7727777777778,                       !- Value 311
  21.6827777777778,                       !- Value 312
  21.5933333333333,                       !- Value 313
  21.5038888888889,                       !- Value 314
  21.4144444444444,                       !- Value 315
  21.3255555555556,                       !- Value 316
  21.2372222222222,                       !- Value 317
  21.1494444444444,                       !- Value 318
  21.0622222222222,                       !- Value 319
  20.975,                                 !- Value 320
  20.8888888888889,                       !- Value 321
  20.8027777777778,                       !- Value 322
  20.7172222222222,                       !- Value 323
  20.6327777777778,                       !- Value 324
  20.5483333333333,                       !- Value 325
  20.465,                                 !- Value 326
  20.3822222222222,                       !- Value 327
  20.3,                                   !- Value 328
  20.2183333333333,                       !- Value 329
  20.1377777777778,                       !- Value 330
  20.0577777777778,                       !- Value 331
  19.9783333333333,                       !- Value 332
  19.9,                                   !- Value 333
  19.8222222222222,                       !- Value 334
  19.7455555555556,                       !- Value 335
  19.6694444444444,                       !- Value 336
  19.5944444444444,                       !- Value 337
  19.5205555555556,                       !- Value 338
  19.4472222222222,                       !- Value 339
  19.375,                                 !- Value 340
  19.3038888888889,                       !- Value 341
  19.2338888888889,                       !- Value 342
  19.1644444444444,                       !- Value 343
  19.0961111111111,                       !- Value 344
  19.0294444444444,                       !- Value 345
  18.9633333333333,                       !- Value 346
  18.8983333333333,                       !- Value 347
  18.8344444444444,                       !- Value 348
  18.7716666666667,                       !- Value 349
  18.7105555555556,                       !- Value 350
  18.65,                                  !- Value 351
  18.5911111111111,                       !- Value 352
  18.5333333333333,                       !- Value 353
  18.4766666666667,                       !- Value 354
  18.4211111111111,                       !- Value 355
  18.3666666666667,                       !- Value 356
  18.3138888888889,                       !- Value 357
  18.2622222222222,                       !- Value 358
  18.2122222222222,                       !- Value 359
  18.1633333333333,                       !- Value 360
  18.1155555555556,                       !- Value 361
  18.0694444444444,                       !- Value 362
  18.0244444444444,                       !- Value 363
  17.9811111111111,                       !- Value 364
  17.9388888888889;                       !- Value 365

OS:Site:WaterMainsTemperature,
  {501624c6-c7d5-4a4f-855a-f7108eecda88}, !- Handle
  Schedule,                               !- Calculation Method
  {c012cb27-29a7-43da-9e36-6cc94df3d2cd}; !- Temperature Schedule Name

OS:Schedule:Constant,
  {82204a20-2335-4fc6-b591-e399c2e6b909}, !- Handle
  mixed water temperature schedule,       !- Name
  {28f274e0-b357-4608-ba2d-17b09bb982a2}, !- Schedule Type Limits Name
  40.5555555555556;                       !- Value

OS:Schedule:File,
  {abb51ec0-7d91-475d-ae0c-e91fe020ae90}, !- Handle
  hot_water_fixtures,                     !- Name
  {e3188119-cea3-4bc3-bf19-1ff5badafaf3}, !- Schedule Type Limits Name
  {5428cbb8-7415-4adb-a528-e66ae2962926}, !- External File Name
  13,                                     !- Column Number
  1,                                      !- Rows to Skip at Top
  8760,                                   !- Number of Hours of Data
  ,                                       !- Column Separator
  ,                                       !- Interpolate to Timestep
  15,                                     !- Minutes per Item
  ,                                       !- Adjust Schedule for Daylight Savings
  Yes;                                    !- Translate File With Relative Path

OS:WaterUse:Equipment:Definition,
  {5a2a0c33-c389-45e3-a7de-d5f498d547a5}, !- Handle
  dhw fixtures,                           !- Name
  dhw fixtures,                           !- End-Use Subcategory
  7.2883061858682e-05,                    !- Peak Flow Rate {m3/s}
  {82204a20-2335-4fc6-b591-e399c2e6b909}; !- Target Temperature Schedule Name

OS:WaterUse:Equipment,
  {c0217da2-57e4-4a03-8ea5-f4df2c30d606}, !- Handle
  dhw fixtures,                           !- Name
  {5a2a0c33-c389-45e3-a7de-d5f498d547a5}, !- Water Use Equipment Definition Name
  ,                                       !- Space Name
  {abb51ec0-7d91-475d-ae0c-e91fe020ae90}; !- Flow Rate Fraction Schedule Name

OS:WaterUse:Equipment:Definition,
  {519fecd7-1a30-4b9b-ac5a-c43f9109c56f}, !- Handle
  dhw distribution waste,                 !- Name
  dhw distribution waste,                 !- End-Use Subcategory
  2.79941401188622e-05,                   !- Peak Flow Rate {m3/s}
  {82204a20-2335-4fc6-b591-e399c2e6b909}; !- Target Temperature Schedule Name

OS:WaterUse:Equipment,
  {1ed58835-373e-40de-a394-f0da03582870}, !- Handle
  dhw distribution waste,                 !- Name
  {519fecd7-1a30-4b9b-ac5a-c43f9109c56f}, !- Water Use Equipment Definition Name
  ,                                       !- Space Name
  {abb51ec0-7d91-475d-ae0c-e91fe020ae90}; !- Flow Rate Fraction Schedule Name

OS:Schedule:File,
  {d95c3e8d-f2d4-43d6-8a74-1cf91db23a64}, !- Handle
  hot_water_clothes_washer,               !- Name
  {e3188119-cea3-4bc3-bf19-1ff5badafaf3}, !- Schedule Type Limits Name
  {5428cbb8-7415-4adb-a528-e66ae2962926}, !- External File Name
  12,                                     !- Column Number
  1,                                      !- Rows to Skip at Top
  8760,                                   !- Number of Hours of Data
  ,                                       !- Column Separator
  ,                                       !- Interpolate to Timestep
  15,                                     !- Minutes per Item
  ,                                       !- Adjust Schedule for Daylight Savings
  Yes;                                    !- Translate File With Relative Path

OS:WaterUse:Equipment:Definition,
  {321fdd3a-332e-4b51-84ed-bcefae6c7218}, !- Handle
  clothes washer,                         !- Name
  clothes washer,                         !- End-Use Subcategory
  2.30389731352014e-06;                   !- Peak Flow Rate {m3/s}

OS:WaterUse:Equipment,
  {2706c5a1-1b04-4a09-870e-588d214dc282}, !- Handle
  clothes washer,                         !- Name
  {321fdd3a-332e-4b51-84ed-bcefae6c7218}, !- Water Use Equipment Definition Name
  ,                                       !- Space Name
  {d95c3e8d-f2d4-43d6-8a74-1cf91db23a64}; !- Flow Rate Fraction Schedule Name

OS:Schedule:File,
  {f3c3cda4-278a-43dd-8d40-9365c1d06c2b}, !- Handle
  hot_water_dishwasher,                   !- Name
  {e3188119-cea3-4bc3-bf19-1ff5badafaf3}, !- Schedule Type Limits Name
  {5428cbb8-7415-4adb-a528-e66ae2962926}, !- External File Name
  11,                                     !- Column Number
  1,                                      !- Rows to Skip at Top
  8760,                                   !- Number of Hours of Data
  ,                                       !- Column Separator
  ,                                       !- Interpolate to Timestep
  15,                                     !- Minutes per Item
  ,                                       !- Adjust Schedule for Daylight Savings
  Yes;                                    !- Translate File With Relative Path

OS:WaterUse:Equipment:Definition,
  {bb3b7c66-581f-43e0-957a-1f2bb3093ef9}, !- Handle
  dishwasher,                             !- Name
  dishwasher,                             !- End-Use Subcategory
  6.58055204058821e-06;                   !- Peak Flow Rate {m3/s}

OS:WaterUse:Equipment,
  {c0c312e5-ec7d-4736-83e1-3a62b74fd0bf}, !- Handle
  dishwasher,                             !- Name
  {bb3b7c66-581f-43e0-957a-1f2bb3093ef9}, !- Water Use Equipment Definition Name
  ,                                       !- Space Name
  {f3c3cda4-278a-43dd-8d40-9365c1d06c2b}; !- Flow Rate Fraction Schedule Name

OS:OtherEquipment:Definition,
  {6809a50f-75a5-4131-8bed-96818d18a489}, !- Handle
  water sensible,                         !- Name
  EquipmentLevel,                         !- Design Level Calculation Method
  -1210.49731304247,                      !- Design Level {W}
  ,                                       !- Watts per Space Floor Area {W/m2}
  ,                                       !- Watts per Person {W/Person}
  0,                                      !- Fraction Latent
  0.6,                                    !- Fraction Radiant
  0;                                      !- Fraction Lost

OS:OtherEquipment,
  {1ff9af1f-a66a-4e0e-8d71-1166a6b2f1b9}, !- Handle
  water sensible,                         !- Name
  {6809a50f-75a5-4131-8bed-96818d18a489}, !- Other Equipment Definition Name
  {ebd3c336-575b-4630-bea9-fcaa44ab29b9}, !- Space or SpaceType Name
  {abb51ec0-7d91-475d-ae0c-e91fe020ae90}, !- Schedule Name
  ,                                       !- Multiplier
  None,                                   !- Fuel Type
  water sensible;                         !- End-Use Subcategory

OS:OtherEquipment:Definition,
  {7f822e4e-bbfa-46e9-99c1-c27ff4c12ef0}, !- Handle
  water latent,                           !- Name
  EquipmentLevel,                         !- Design Level Calculation Method
  1228.25521983527,                       !- Design Level {W}
  ,                                       !- Watts per Space Floor Area {W/m2}
  ,                                       !- Watts per Person {W/Person}
  1,                                      !- Fraction Latent
  0,                                      !- Fraction Radiant
  0;                                      !- Fraction Lost

OS:OtherEquipment,
  {f943580e-9b87-4088-8f21-9ad996395175}, !- Handle
  water latent,                           !- Name
  {7f822e4e-bbfa-46e9-99c1-c27ff4c12ef0}, !- Other Equipment Definition Name
  {ebd3c336-575b-4630-bea9-fcaa44ab29b9}, !- Space or SpaceType Name
  {abb51ec0-7d91-475d-ae0c-e91fe020ae90}, !- Schedule Name
  ,                                       !- Multiplier
  None,                                   !- Fuel Type
  water latent;                           !- End-Use Subcategory

OS:Schedule:File,
  {7bbdbf2e-6938-455c-9b87-2b4900c07655}, !- Handle
  plug_loads_other,                       !- Name
  {e3188119-cea3-4bc3-bf19-1ff5badafaf3}, !- Schedule Type Limits Name
  {5428cbb8-7415-4adb-a528-e66ae2962926}, !- External File Name
  9,                                      !- Column Number
  1,                                      !- Rows to Skip at Top
  8760,                                   !- Number of Hours of Data
  ,                                       !- Column Separator
  ,                                       !- Interpolate to Timestep
  15,                                     !- Minutes per Item
  ,                                       !- Adjust Schedule for Daylight Savings
  Yes;                                    !- Translate File With Relative Path

OS:ElectricEquipment:Definition,
  {67f2dcf7-e9ed-452c-a08a-bdc01643be54}, !- Handle
  misc plug loads,                        !- Name
  EquipmentLevel,                         !- Design Level Calculation Method
  897.056224553762,                       !- Design Level {W}
  ,                                       !- Watts per Space Floor Area {W/m2}
  ,                                       !- Watts per Person {W/person}
  0.021,                                  !- Fraction Latent
  0.558,                                  !- Fraction Radiant
  0.0489999999999999;                     !- Fraction Lost

OS:ElectricEquipment,
  {1ae331a2-fe9e-4d07-95bd-2cd9367b29b8}, !- Handle
  misc plug loads,                        !- Name
  {67f2dcf7-e9ed-452c-a08a-bdc01643be54}, !- Electric Equipment Definition Name
  {ebd3c336-575b-4630-bea9-fcaa44ab29b9}, !- Space or SpaceType Name
  {7bbdbf2e-6938-455c-9b87-2b4900c07655}, !- Schedule Name
  ,                                       !- Multiplier
  misc plug loads;                        !- End-Use Subcategory

OS:Schedule:File,
  {386edec5-55b9-4da0-9a9d-ffe5a0b84a58}, !- Handle
  lighting_interior,                      !- Name
  {e3188119-cea3-4bc3-bf19-1ff5badafaf3}, !- Schedule Type Limits Name
  {5428cbb8-7415-4adb-a528-e66ae2962926}, !- External File Name
  2,                                      !- Column Number
  1,                                      !- Rows to Skip at Top
  8760,                                   !- Number of Hours of Data
  ,                                       !- Column Separator
  ,                                       !- Interpolate to Timestep
  15,                                     !- Minutes per Item
  ,                                       !- Adjust Schedule for Daylight Savings
  Yes;                                    !- Translate File With Relative Path

OS:Lights:Definition,
  {21270dc3-f961-4627-8bb8-f9623d838ced}, !- Handle
  interior lighting,                      !- Name
  LightingLevel,                          !- Design Level Calculation Method
  216.034900546834,                       !- Lighting Level {W}
  ,                                       !- Watts per Space Floor Area {W/m2}
  ,                                       !- Watts per Person {W/person}
  0.6,                                    !- Fraction Radiant
  0.2,                                    !- Fraction Visible
  0;                                      !- Return Air Fraction

OS:Lights,
  {1c897aee-3525-432e-aa94-367c1bed0063}, !- Handle
  interior lighting,                      !- Name
  {21270dc3-f961-4627-8bb8-f9623d838ced}, !- Lights Definition Name
  {ebd3c336-575b-4630-bea9-fcaa44ab29b9}, !- Space or SpaceType Name
  {386edec5-55b9-4da0-9a9d-ffe5a0b84a58}, !- Schedule Name
  1,                                      !- Fraction Replaceable
  ,                                       !- Multiplier
  interior lighting;                      !- End-Use Subcategory

OS:Schedule:Ruleset,
  {4af84b2b-b287-41c7-8351-352f248e120c}, !- Handle
  exterior lighting schedule,             !- Name
  {e3188119-cea3-4bc3-bf19-1ff5badafaf3}, !- Schedule Type Limits Name
  {8498dc8f-766d-4a95-b988-6d8e1161d66d}; !- Default Day Schedule Name

OS:Schedule:Day,
  {8498dc8f-766d-4a95-b988-6d8e1161d66d}, !- Handle
  exterior lighting schedule default day, !- Name
  {e3188119-cea3-4bc3-bf19-1ff5badafaf3}, !- Schedule Type Limits Name
  ,                                       !- Interpolate to Timestep
  24,                                     !- Hour 1
  0,                                      !- Minute 1
  0;                                      !- Value Until Time 1

OS:Schedule:Rule,
  {835ae818-0898-456d-93a8-a920d483f272}, !- Handle
  exterior lighting schedule weekday ruleset1, !- Name
  {4af84b2b-b287-41c7-8351-352f248e120c}, !- Schedule Ruleset Name
  21,                                     !- Rule Order
  {e2bf3e6a-4b32-4783-b19b-20eef9002d5b}, !- Day Schedule Name
  ,                                       !- Apply Sunday
  Yes,                                    !- Apply Monday
  Yes,                                    !- Apply Tuesday
  Yes,                                    !- Apply Wednesday
  Yes,                                    !- Apply Thursday
  Yes,                                    !- Apply Friday
  ,                                       !- Apply Saturday
  DateRange,                              !- Date Specification Type
  1,                                      !- Start Month
  1,                                      !- Start Day
  1,                                      !- End Month
  31;                                     !- End Day

OS:Schedule:Day,
  {e2bf3e6a-4b32-4783-b19b-20eef9002d5b}, !- Handle
  exterior lighting schedule weekday1,    !- Name
  {e3188119-cea3-4bc3-bf19-1ff5badafaf3}, !- Schedule Type Limits Name
  ,                                       !- Interpolate to Timestep
  5,                                      !- Hour 1
  0,                                      !- Minute 1
  0.434958518013411,                      !- Value Until Time 1
  6,                                      !- Hour 2
  0,                                      !- Minute 2
  0.349857938402091,                      !- Value Until Time 2
  7,                                      !- Hour 3
  0,                                      !- Minute 3
  0.330946698488465,                      !- Value Until Time 3
  8,                                      !- Hour 4
  0,                                      !- Minute 4
  0.321491078531651,                      !- Value Until Time 4
  9,                                      !- Hour 5
  0,                                      !- Minute 5
  0.312035458574838,                      !- Value Until Time 5
  10,                                     !- Hour 6
  0,                                      !- Minute 6
  0.264757358790772,                      !- Value Until Time 6
  11,                                     !- Hour 7
  0,                                      !- Minute 7
  0.208023639049892,                      !- Value Until Time 7
  12,                                     !- Hour 8
  0,                                      !- Minute 8
  0.141834299352199,                      !- Value Until Time 8
  13,                                     !- Hour 9
  0,                                      !- Minute 9
  0.113467439481759,                      !- Value Until Time 9
  15,                                     !- Hour 10
  0,                                      !- Minute 10
  0.104011819524946,                      !- Value Until Time 10
  16,                                     !- Hour 11
  0,                                      !- Minute 11
  0.113467439481759,                      !- Value Until Time 11
  17,                                     !- Hour 12
  0,                                      !- Minute 12
  0.179656779179452,                      !- Value Until Time 12
  18,                                     !- Hour 13
  0,                                      !- Minute 13
  0.349857938402091,                      !- Value Until Time 13
  19,                                     !- Hour 14
  0,                                      !- Minute 14
  0.463325377883851,                      !- Value Until Time 14
  20,                                     !- Hour 15
  0,                                      !- Minute 15
  0.614615297192863,                      !- Value Until Time 15
  21,                                     !- Hour 16
  0,                                      !- Minute 16
  0.860461416070008,                      !- Value Until Time 16
  22,                                     !- Hour 17
  0,                                      !- Minute 17
  0.992840095465394,                      !- Value Until Time 17
  23,                                     !- Hour 18
  0,                                      !- Minute 18
  0.860461416070008,                      !- Value Until Time 18
  24,                                     !- Hour 19
  0,                                      !- Minute 19
  0.595704057279236;                      !- Value Until Time 19

OS:Schedule:Rule,
  {43bd1a2d-31e2-461d-b3dd-d9e57c460e03}, !- Handle
  exterior lighting schedule weekend ruleset1, !- Name
  {4af84b2b-b287-41c7-8351-352f248e120c}, !- Schedule Ruleset Name
  20,                                     !- Rule Order
  {ae48069c-b972-4576-a8e0-ca05288aaf6c}, !- Day Schedule Name
  Yes,                                    !- Apply Sunday
  ,                                       !- Apply Monday
  ,                                       !- Apply Tuesday
  ,                                       !- Apply Wednesday
  ,                                       !- Apply Thursday
  ,                                       !- Apply Friday
  Yes,                                    !- Apply Saturday
  DateRange,                              !- Date Specification Type
  1,                                      !- Start Month
  1,                                      !- Start Day
  1,                                      !- End Month
  31;                                     !- End Day

OS:Schedule:Day,
  {ae48069c-b972-4576-a8e0-ca05288aaf6c}, !- Handle
  exterior lighting schedule weekend1,    !- Name
  {e3188119-cea3-4bc3-bf19-1ff5badafaf3}, !- Schedule Type Limits Name
  ,                                       !- Interpolate to Timestep
  2,                                      !- Hour 1
  0,                                      !- Minute 1
  0.434958518013411,                      !- Value Until Time 1
  4,                                      !- Hour 2
  0,                                      !- Minute 2
  0.425502898056597,                      !- Value Until Time 2
  5,                                      !- Hour 3
  0,                                      !- Minute 3
  0.434958518013411,                      !- Value Until Time 3
  6,                                      !- Hour 4
  0,                                      !- Minute 4
  0.425502898056597,                      !- Value Until Time 4
  7,                                      !- Hour 5
  0,                                      !- Minute 5
  0.416047278099784,                      !- Value Until Time 5
  8,                                      !- Hour 6
  0,                                      !- Minute 6
  0.387680418229344,                      !- Value Until Time 6
  9,                                      !- Hour 7
  0,                                      !- Minute 7
  0.340402318445278,                      !- Value Until Time 7
  10,                                     !- Hour 8
  0,                                      !- Minute 8
  0.283668598704398,                      !- Value Until Time 8
  11,                                     !- Hour 9
  0,                                      !- Minute 9
  0.226934878963519,                      !- Value Until Time 9
  12,                                     !- Hour 10
  0,                                      !- Minute 10
  0.151289919309012,                      !- Value Until Time 10
  13,                                     !- Hour 11
  0,                                      !- Minute 11
  0.113467439481759,                      !- Value Until Time 11
  15,                                     !- Hour 12
  0,                                      !- Minute 12
  0.104011819524946,                      !- Value Until Time 12
  16,                                     !- Hour 13
  0,                                      !- Minute 13
  0.113467439481759,                      !- Value Until Time 13
  17,                                     !- Hour 14
  0,                                      !- Minute 14
  0.179656779179452,                      !- Value Until Time 14
  18,                                     !- Hour 15
  0,                                      !- Minute 15
  0.359313558358904,                      !- Value Until Time 15
  19,                                     !- Hour 16
  0,                                      !- Minute 16
  0.453869757927037,                      !- Value Until Time 16
  20,                                     !- Hour 17
  0,                                      !- Minute 17
  0.567337197408797,                      !- Value Until Time 17
  21,                                     !- Hour 18
  0,                                      !- Minute 18
  0.784816456415502,                      !- Value Until Time 18
  22,                                     !- Hour 19
  0,                                      !- Minute 19
  0.926650755767701,                      !- Value Until Time 19
  23,                                     !- Hour 20
  0,                                      !- Minute 20
  0.803727696329128,                      !- Value Until Time 20
  24,                                     !- Hour 21
  0,                                      !- Minute 21
  0.557881577451983;                      !- Value Until Time 21

OS:Schedule:Rule,
  {ebc2b995-d8fa-4d55-9c57-52f72950c071}, !- Handle
  exterior lighting schedule weekday ruleset2, !- Name
  {4af84b2b-b287-41c7-8351-352f248e120c}, !- Schedule Ruleset Name
  19,                                     !- Rule Order
  {6fe25fbf-09e1-4820-8492-ab5c7999e419}, !- Day Schedule Name
  ,                                       !- Apply Sunday
  Yes,                                    !- Apply Monday
  Yes,                                    !- Apply Tuesday
  Yes,                                    !- Apply Wednesday
  Yes,                                    !- Apply Thursday
  Yes,                                    !- Apply Friday
  ,                                       !- Apply Saturday
  DateRange,                              !- Date Specification Type
  2,                                      !- Start Month
  1,                                      !- Start Day
  2,                                      !- End Month
  28;                                     !- End Day

OS:Schedule:Day,
  {6fe25fbf-09e1-4820-8492-ab5c7999e419}, !- Handle
  exterior lighting schedule weekday2,    !- Name
  {e3188119-cea3-4bc3-bf19-1ff5badafaf3}, !- Schedule Type Limits Name
  ,                                       !- Interpolate to Timestep
  5,                                      !- Hour 1
  0,                                      !- Minute 1
  0.438095238095238,                      !- Value Until Time 1
  6,                                      !- Hour 2
  0,                                      !- Minute 2
  0.352380952380952,                      !- Value Until Time 2
  7,                                      !- Hour 3
  0,                                      !- Minute 3
  0.333333333333333,                      !- Value Until Time 3
  8,                                      !- Hour 4
  0,                                      !- Minute 4
  0.323809523809524,                      !- Value Until Time 4
  9,                                      !- Hour 5
  0,                                      !- Minute 5
  0.314285714285714,                      !- Value Until Time 5
  10,                                     !- Hour 6
  0,                                      !- Minute 6
  0.266666666666667,                      !- Value Until Time 6
  11,                                     !- Hour 7
  0,                                      !- Minute 7
  0.20952380952381,                       !- Value Until Time 7
  12,                                     !- Hour 8
  0,                                      !- Minute 8
  0.142857142857143,                      !- Value Until Time 8
  13,                                     !- Hour 9
  0,                                      !- Minute 9
  0.114285714285714,                      !- Value Until Time 9
  15,                                     !- Hour 10
  0,                                      !- Minute 10
  0.104761904761905,                      !- Value Until Time 10
  16,                                     !- Hour 11
  0,                                      !- Minute 11
  0.114285714285714,                      !- Value Until Time 11
  17,                                     !- Hour 12
  0,                                      !- Minute 12
  0.180952380952381,                      !- Value Until Time 12
  18,                                     !- Hour 13
  0,                                      !- Minute 13
  0.352380952380952,                      !- Value Until Time 13
  19,                                     !- Hour 14
  0,                                      !- Minute 14
  0.466666666666667,                      !- Value Until Time 14
  20,                                     !- Hour 15
  0,                                      !- Minute 15
  0.619047619047619,                      !- Value Until Time 15
  21,                                     !- Hour 16
  0,                                      !- Minute 16
  0.866666666666667,                      !- Value Until Time 16
  22,                                     !- Hour 17
  0,                                      !- Minute 17
  1,                                      !- Value Until Time 17
  23,                                     !- Hour 18
  0,                                      !- Minute 18
  0.866666666666667,                      !- Value Until Time 18
  24,                                     !- Hour 19
  0,                                      !- Minute 19
  0.6;                                    !- Value Until Time 19

OS:Schedule:Rule,
  {d36c7dbb-9c60-4050-af09-6e793f0d9964}, !- Handle
  exterior lighting schedule weekend ruleset2, !- Name
  {4af84b2b-b287-41c7-8351-352f248e120c}, !- Schedule Ruleset Name
  18,                                     !- Rule Order
  {087e0b0c-cb6d-4bea-b084-1b4112c1d49e}, !- Day Schedule Name
  Yes,                                    !- Apply Sunday
  ,                                       !- Apply Monday
  ,                                       !- Apply Tuesday
  ,                                       !- Apply Wednesday
  ,                                       !- Apply Thursday
  ,                                       !- Apply Friday
  Yes,                                    !- Apply Saturday
  DateRange,                              !- Date Specification Type
  2,                                      !- Start Month
  1,                                      !- Start Day
  2,                                      !- End Month
  28;                                     !- End Day

OS:Schedule:Day,
  {087e0b0c-cb6d-4bea-b084-1b4112c1d49e}, !- Handle
  exterior lighting schedule weekend2,    !- Name
  {e3188119-cea3-4bc3-bf19-1ff5badafaf3}, !- Schedule Type Limits Name
  ,                                       !- Interpolate to Timestep
  2,                                      !- Hour 1
  0,                                      !- Minute 1
  0.438095238095238,                      !- Value Until Time 1
  4,                                      !- Hour 2
  0,                                      !- Minute 2
  0.428571428571429,                      !- Value Until Time 2
  5,                                      !- Hour 3
  0,                                      !- Minute 3
  0.438095238095238,                      !- Value Until Time 3
  6,                                      !- Hour 4
  0,                                      !- Minute 4
  0.428571428571429,                      !- Value Until Time 4
  7,                                      !- Hour 5
  0,                                      !- Minute 5
  0.419047619047619,                      !- Value Until Time 5
  8,                                      !- Hour 6
  0,                                      !- Minute 6
  0.390476190476191,                      !- Value Until Time 6
  9,                                      !- Hour 7
  0,                                      !- Minute 7
  0.342857142857143,                      !- Value Until Time 7
  10,                                     !- Hour 8
  0,                                      !- Minute 8
  0.285714285714286,                      !- Value Until Time 8
  11,                                     !- Hour 9
  0,                                      !- Minute 9
  0.228571428571429,                      !- Value Until Time 9
  12,                                     !- Hour 10
  0,                                      !- Minute 10
  0.152380952380952,                      !- Value Until Time 10
  13,                                     !- Hour 11
  0,                                      !- Minute 11
  0.114285714285714,                      !- Value Until Time 11
  15,                                     !- Hour 12
  0,                                      !- Minute 12
  0.104761904761905,                      !- Value Until Time 12
  16,                                     !- Hour 13
  0,                                      !- Minute 13
  0.114285714285714,                      !- Value Until Time 13
  17,                                     !- Hour 14
  0,                                      !- Minute 14
  0.180952380952381,                      !- Value Until Time 14
  18,                                     !- Hour 15
  0,                                      !- Minute 15
  0.361904761904762,                      !- Value Until Time 15
  19,                                     !- Hour 16
  0,                                      !- Minute 16
  0.457142857142857,                      !- Value Until Time 16
  20,                                     !- Hour 17
  0,                                      !- Minute 17
  0.571428571428571,                      !- Value Until Time 17
  21,                                     !- Hour 18
  0,                                      !- Minute 18
  0.790476190476191,                      !- Value Until Time 18
  22,                                     !- Hour 19
  0,                                      !- Minute 19
  0.933333333333333,                      !- Value Until Time 19
  23,                                     !- Hour 20
  0,                                      !- Minute 20
  0.80952380952381,                       !- Value Until Time 20
  24,                                     !- Hour 21
  0,                                      !- Minute 21
  0.561904761904762;                      !- Value Until Time 21

OS:Schedule:Rule,
  {87c111cf-ab70-4788-8543-ede29d75db11}, !- Handle
  exterior lighting schedule weekday ruleset3, !- Name
  {4af84b2b-b287-41c7-8351-352f248e120c}, !- Schedule Ruleset Name
  17,                                     !- Rule Order
  {a8c536ae-f522-4c23-9729-e034e3b4090c}, !- Day Schedule Name
  ,                                       !- Apply Sunday
  Yes,                                    !- Apply Monday
  Yes,                                    !- Apply Tuesday
  Yes,                                    !- Apply Wednesday
  Yes,                                    !- Apply Thursday
  Yes,                                    !- Apply Friday
  ,                                       !- Apply Saturday
  DateRange,                              !- Date Specification Type
  3,                                      !- Start Month
  1,                                      !- Start Day
  3,                                      !- End Month
  31;                                     !- End Day

OS:Schedule:Day,
  {a8c536ae-f522-4c23-9729-e034e3b4090c}, !- Handle
  exterior lighting schedule weekday3,    !- Name
  {e3188119-cea3-4bc3-bf19-1ff5badafaf3}, !- Schedule Type Limits Name
  ,                                       !- Interpolate to Timestep
  5,                                      !- Hour 1
  0,                                      !- Minute 1
  0.346084782361632,                      !- Value Until Time 1
  6,                                      !- Hour 2
  0,                                      !- Minute 2
  0.278372542334356,                      !- Value Until Time 2
  7,                                      !- Hour 3
  0,                                      !- Minute 3
  0.26332537788385,                       !- Value Until Time 3
  8,                                      !- Hour 4
  0,                                      !- Minute 4
  0.255801795658598,                      !- Value Until Time 4
  9,                                      !- Hour 5
  0,                                      !- Minute 5
  0.248278213433345,                      !- Value Until Time 5
  10,                                     !- Hour 6
  0,                                      !- Minute 6
  0.21066030230708,                       !- Value Until Time 6
  11,                                     !- Hour 7
  0,                                      !- Minute 7
  0.165518808955563,                      !- Value Until Time 7
  12,                                     !- Hour 8
  0,                                      !- Minute 8
  0.112853733378793,                      !- Value Until Time 8
  13,                                     !- Hour 9
  0,                                      !- Minute 9
  0.0902829867030344,                     !- Value Until Time 9
  15,                                     !- Hour 10
  0,                                      !- Minute 10
  0.0827594044777816,                     !- Value Until Time 10
  16,                                     !- Hour 11
  0,                                      !- Minute 11
  0.0902829867030344,                     !- Value Until Time 11
  17,                                     !- Hour 12
  0,                                      !- Minute 12
  0.142948062279805,                      !- Value Until Time 12
  18,                                     !- Hour 13
  0,                                      !- Minute 13
  0.278372542334356,                      !- Value Until Time 13
  19,                                     !- Hour 14
  0,                                      !- Minute 14
  0.368655529037391,                      !- Value Until Time 14
  20,                                     !- Hour 15
  0,                                      !- Minute 15
  0.489032844641437,                      !- Value Until Time 15
  21,                                     !- Hour 16
  0,                                      !- Minute 16
  0.684645982498011,                      !- Value Until Time 16
  22,                                     !- Hour 17
  0,                                      !- Minute 17
  0.789976133651551,                      !- Value Until Time 17
  23,                                     !- Hour 18
  0,                                      !- Minute 18
  0.684645982498011,                      !- Value Until Time 18
  24,                                     !- Hour 19
  0,                                      !- Minute 19
  0.473985680190931;                      !- Value Until Time 19

OS:Schedule:Rule,
  {e8e166ae-91fe-4c27-81e5-2713cd6fa0ce}, !- Handle
  exterior lighting schedule weekend ruleset3, !- Name
  {4af84b2b-b287-41c7-8351-352f248e120c}, !- Schedule Ruleset Name
  16,                                     !- Rule Order
  {d2067811-9572-4c23-af46-34d1aae0f743}, !- Day Schedule Name
  Yes,                                    !- Apply Sunday
  ,                                       !- Apply Monday
  ,                                       !- Apply Tuesday
  ,                                       !- Apply Wednesday
  ,                                       !- Apply Thursday
  ,                                       !- Apply Friday
  Yes,                                    !- Apply Saturday
  DateRange,                              !- Date Specification Type
  3,                                      !- Start Month
  1,                                      !- Start Day
  3,                                      !- End Month
  31;                                     !- End Day

OS:Schedule:Day,
  {d2067811-9572-4c23-af46-34d1aae0f743}, !- Handle
  exterior lighting schedule weekend3,    !- Name
  {e3188119-cea3-4bc3-bf19-1ff5badafaf3}, !- Schedule Type Limits Name
  ,                                       !- Interpolate to Timestep
  2,                                      !- Hour 1
  0,                                      !- Minute 1
  0.346084782361632,                      !- Value Until Time 1
  4,                                      !- Hour 2
  0,                                      !- Minute 2
  0.338561200136379,                      !- Value Until Time 2
  5,                                      !- Hour 3
  0,                                      !- Minute 3
  0.346084782361632,                      !- Value Until Time 3
  6,                                      !- Hour 4
  0,                                      !- Minute 4
  0.338561200136379,                      !- Value Until Time 4
  7,                                      !- Hour 5
  0,                                      !- Minute 5
  0.331037617911126,                      !- Value Until Time 5
  8,                                      !- Hour 6
  0,                                      !- Minute 6
  0.308466871235368,                      !- Value Until Time 6
  9,                                      !- Hour 7
  0,                                      !- Minute 7
  0.270848960109103,                      !- Value Until Time 7
  10,                                     !- Hour 8
  0,                                      !- Minute 8
  0.225707466757586,                      !- Value Until Time 8
  11,                                     !- Hour 9
  0,                                      !- Minute 9
  0.180565973406069,                      !- Value Until Time 9
  12,                                     !- Hour 10
  0,                                      !- Minute 10
  0.120377315604046,                      !- Value Until Time 10
  13,                                     !- Hour 11
  0,                                      !- Minute 11
  0.0902829867030344,                     !- Value Until Time 11
  15,                                     !- Hour 12
  0,                                      !- Minute 12
  0.0827594044777816,                     !- Value Until Time 12
  16,                                     !- Hour 13
  0,                                      !- Minute 13
  0.0902829867030344,                     !- Value Until Time 13
  17,                                     !- Hour 14
  0,                                      !- Minute 14
  0.142948062279805,                      !- Value Until Time 14
  18,                                     !- Hour 15
  0,                                      !- Minute 15
  0.285896124559609,                      !- Value Until Time 15
  19,                                     !- Hour 16
  0,                                      !- Minute 16
  0.361131946812138,                      !- Value Until Time 16
  20,                                     !- Hour 17
  0,                                      !- Minute 17
  0.451414933515172,                      !- Value Until Time 17
  21,                                     !- Hour 18
  0,                                      !- Minute 18
  0.624457324695988,                      !- Value Until Time 18
  22,                                     !- Hour 19
  0,                                      !- Minute 19
  0.737311058074781,                      !- Value Until Time 19
  23,                                     !- Hour 20
  0,                                      !- Minute 20
  0.639504489146494,                      !- Value Until Time 20
  24,                                     !- Hour 21
  0,                                      !- Minute 21
  0.443891351289919;                      !- Value Until Time 21

OS:Schedule:Rule,
  {151e7f1f-8675-458c-a037-6454c53a07bc}, !- Handle
  exterior lighting schedule weekday ruleset4, !- Name
  {4af84b2b-b287-41c7-8351-352f248e120c}, !- Schedule Ruleset Name
  15,                                     !- Rule Order
  {4b73f34a-d7cb-4665-b6a3-862becbbe994}, !- Day Schedule Name
  ,                                       !- Apply Sunday
  Yes,                                    !- Apply Monday
  Yes,                                    !- Apply Tuesday
  Yes,                                    !- Apply Wednesday
  Yes,                                    !- Apply Thursday
  Yes,                                    !- Apply Friday
  ,                                       !- Apply Saturday
  DateRange,                              !- Date Specification Type
  4,                                      !- Start Month
  1,                                      !- Start Day
  4,                                      !- End Month
  30;                                     !- End Day

OS:Schedule:Day,
  {4b73f34a-d7cb-4665-b6a3-862becbbe994}, !- Handle
  exterior lighting schedule weekday4,    !- Name
  {e3188119-cea3-4bc3-bf19-1ff5badafaf3}, !- Schedule Type Limits Name
  ,                                       !- Interpolate to Timestep
  5,                                      !- Hour 1
  0,                                      !- Minute 1
  0.344690684547486,                      !- Value Until Time 1
  6,                                      !- Hour 2
  0,                                      !- Minute 2
  0.277251202788196,                      !- Value Until Time 2
  7,                                      !- Hour 3
  0,                                      !- Minute 3
  0.262264651286131,                      !- Value Until Time 3
  8,                                      !- Hour 4
  0,                                      !- Minute 4
  0.254771375535099,                      !- Value Until Time 4
  9,                                      !- Hour 5
  0,                                      !- Minute 5
  0.247278099784066,                      !- Value Until Time 5
  10,                                     !- Hour 6
  0,                                      !- Minute 6
  0.209811721028905,                      !- Value Until Time 6
  11,                                     !- Hour 7
  0,                                      !- Minute 7
  0.164852066522711,                      !- Value Until Time 7
  12,                                     !- Hour 8
  0,                                      !- Minute 8
  0.112399136265485,                      !- Value Until Time 8
  13,                                     !- Hour 9
  0,                                      !- Minute 9
  0.0899193090123878,                     !- Value Until Time 9
  15,                                     !- Hour 10
  0,                                      !- Minute 10
  0.0824260332613555,                     !- Value Until Time 10
  16,                                     !- Hour 11
  0,                                      !- Minute 11
  0.0899193090123878,                     !- Value Until Time 11
  17,                                     !- Hour 12
  0,                                      !- Minute 12
  0.142372239269614,                      !- Value Until Time 12
  18,                                     !- Hour 13
  0,                                      !- Minute 13
  0.277251202788196,                      !- Value Until Time 13
  19,                                     !- Hour 14
  0,                                      !- Minute 14
  0.367170511800583,                      !- Value Until Time 14
  20,                                     !- Hour 15
  0,                                      !- Minute 15
  0.4870629238171,                        !- Value Until Time 15
  21,                                     !- Hour 16
  0,                                      !- Minute 16
  0.681888093343941,                      !- Value Until Time 16
  22,                                     !- Hour 17
  0,                                      !- Minute 17
  0.786793953858393,                      !- Value Until Time 17
  23,                                     !- Hour 18
  0,                                      !- Minute 18
  0.681888093343941,                      !- Value Until Time 18
  24,                                     !- Hour 19
  0,                                      !- Minute 19
  0.472076372315036;                      !- Value Until Time 19

OS:Schedule:Rule,
  {4b007b57-2f92-453c-936b-2a18678bc542}, !- Handle
  exterior lighting schedule weekend ruleset4, !- Name
  {4af84b2b-b287-41c7-8351-352f248e120c}, !- Schedule Ruleset Name
  14,                                     !- Rule Order
  {91b5d501-971a-4989-a2cf-5695caf02711}, !- Day Schedule Name
  Yes,                                    !- Apply Sunday
  ,                                       !- Apply Monday
  ,                                       !- Apply Tuesday
  ,                                       !- Apply Wednesday
  ,                                       !- Apply Thursday
  ,                                       !- Apply Friday
  Yes,                                    !- Apply Saturday
  DateRange,                              !- Date Specification Type
  4,                                      !- Start Month
  1,                                      !- Start Day
  4,                                      !- End Month
  30;                                     !- End Day

OS:Schedule:Day,
  {91b5d501-971a-4989-a2cf-5695caf02711}, !- Handle
  exterior lighting schedule weekend4,    !- Name
  {e3188119-cea3-4bc3-bf19-1ff5badafaf3}, !- Schedule Type Limits Name
  ,                                       !- Interpolate to Timestep
  2,                                      !- Hour 1
  0,                                      !- Minute 1
  0.344690684547486,                      !- Value Until Time 1
  4,                                      !- Hour 2
  0,                                      !- Minute 2
  0.337197408796454,                      !- Value Until Time 2
  5,                                      !- Hour 3
  0,                                      !- Minute 3
  0.344690684547486,                      !- Value Until Time 3
  6,                                      !- Hour 4
  0,                                      !- Minute 4
  0.337197408796454,                      !- Value Until Time 4
  7,                                      !- Hour 5
  0,                                      !- Minute 5
  0.329704133045422,                      !- Value Until Time 5
  8,                                      !- Hour 6
  0,                                      !- Minute 6
  0.307224305792325,                      !- Value Until Time 6
  9,                                      !- Hour 7
  0,                                      !- Minute 7
  0.269757927037163,                      !- Value Until Time 7
  10,                                     !- Hour 8
  0,                                      !- Minute 8
  0.224798272530969,                      !- Value Until Time 8
  11,                                     !- Hour 9
  0,                                      !- Minute 9
  0.179838618024776,                      !- Value Until Time 9
  12,                                     !- Hour 10
  0,                                      !- Minute 10
  0.119892412016517,                      !- Value Until Time 10
  13,                                     !- Hour 11
  0,                                      !- Minute 11
  0.0899193090123878,                     !- Value Until Time 11
  15,                                     !- Hour 12
  0,                                      !- Minute 12
  0.0824260332613555,                     !- Value Until Time 12
  16,                                     !- Hour 13
  0,                                      !- Minute 13
  0.0899193090123878,                     !- Value Until Time 13
  17,                                     !- Hour 14
  0,                                      !- Minute 14
  0.142372239269614,                      !- Value Until Time 14
  18,                                     !- Hour 15
  0,                                      !- Minute 15
  0.284744478539228,                      !- Value Until Time 15
  19,                                     !- Hour 16
  0,                                      !- Minute 16
  0.359677236049551,                      !- Value Until Time 16
  20,                                     !- Hour 17
  0,                                      !- Minute 17
  0.449596545061939,                      !- Value Until Time 17
  21,                                     !- Hour 18
  0,                                      !- Minute 18
  0.621941887335682,                      !- Value Until Time 18
  22,                                     !- Hour 19
  0,                                      !- Minute 19
  0.734341023601167,                      !- Value Until Time 19
  23,                                     !- Hour 20
  0,                                      !- Minute 20
  0.636928438837747,                      !- Value Until Time 20
  24,                                     !- Hour 21
  0,                                      !- Minute 21
  0.442103269310907;                      !- Value Until Time 21

OS:Schedule:Rule,
  {5f4296d5-78fa-4874-bb9e-c412d0085398}, !- Handle
  exterior lighting schedule weekday ruleset5, !- Name
  {4af84b2b-b287-41c7-8351-352f248e120c}, !- Schedule Ruleset Name
  13,                                     !- Rule Order
  {8b306cc7-3f64-4495-ad39-1a13115ff9a6}, !- Day Schedule Name
  ,                                       !- Apply Sunday
  Yes,                                    !- Apply Monday
  Yes,                                    !- Apply Tuesday
  Yes,                                    !- Apply Wednesday
  Yes,                                    !- Apply Thursday
  Yes,                                    !- Apply Friday
  ,                                       !- Apply Saturday
  DateRange,                              !- Date Specification Type
  5,                                      !- Start Month
  1,                                      !- Start Day
  5,                                      !- End Month
  31;                                     !- End Day

OS:Schedule:Day,
  {8b306cc7-3f64-4495-ad39-1a13115ff9a6}, !- Handle
  exterior lighting schedule weekday5,    !- Name
  {e3188119-cea3-4bc3-bf19-1ff5badafaf3}, !- Schedule Type Limits Name
  ,                                       !- Interpolate to Timestep
  5,                                      !- Hour 1
  0,                                      !- Minute 1
  0.346084782361632,                      !- Value Until Time 1
  6,                                      !- Hour 2
  0,                                      !- Minute 2
  0.278372542334356,                      !- Value Until Time 2
  7,                                      !- Hour 3
  0,                                      !- Minute 3
  0.26332537788385,                       !- Value Until Time 3
  8,                                      !- Hour 4
  0,                                      !- Minute 4
  0.255801795658598,                      !- Value Until Time 4
  9,                                      !- Hour 5
  0,                                      !- Minute 5
  0.248278213433345,                      !- Value Until Time 5
  10,                                     !- Hour 6
  0,                                      !- Minute 6
  0.21066030230708,                       !- Value Until Time 6
  11,                                     !- Hour 7
  0,                                      !- Minute 7
  0.165518808955563,                      !- Value Until Time 7
  12,                                     !- Hour 8
  0,                                      !- Minute 8
  0.112853733378793,                      !- Value Until Time 8
  13,                                     !- Hour 9
  0,                                      !- Minute 9
  0.0902829867030344,                     !- Value Until Time 9
  15,                                     !- Hour 10
  0,                                      !- Minute 10
  0.0827594044777816,                     !- Value Until Time 10
  16,                                     !- Hour 11
  0,                                      !- Minute 11
  0.0902829867030344,                     !- Value Until Time 11
  17,                                     !- Hour 12
  0,                                      !- Minute 12
  0.142948062279805,                      !- Value Until Time 12
  18,                                     !- Hour 13
  0,                                      !- Minute 13
  0.278372542334356,                      !- Value Until Time 13
  19,                                     !- Hour 14
  0,                                      !- Minute 14
  0.368655529037391,                      !- Value Until Time 14
  20,                                     !- Hour 15
  0,                                      !- Minute 15
  0.489032844641437,                      !- Value Until Time 15
  21,                                     !- Hour 16
  0,                                      !- Minute 16
  0.684645982498011,                      !- Value Until Time 16
  22,                                     !- Hour 17
  0,                                      !- Minute 17
  0.789976133651551,                      !- Value Until Time 17
  23,                                     !- Hour 18
  0,                                      !- Minute 18
  0.684645982498011,                      !- Value Until Time 18
  24,                                     !- Hour 19
  0,                                      !- Minute 19
  0.473985680190931;                      !- Value Until Time 19

OS:Schedule:Rule,
  {b86cb262-fae0-410b-909a-1b382a150228}, !- Handle
  exterior lighting schedule weekend ruleset5, !- Name
  {4af84b2b-b287-41c7-8351-352f248e120c}, !- Schedule Ruleset Name
  12,                                     !- Rule Order
  {5265239b-3f70-4da6-a817-2c55c4feecc3}, !- Day Schedule Name
  Yes,                                    !- Apply Sunday
  ,                                       !- Apply Monday
  ,                                       !- Apply Tuesday
  ,                                       !- Apply Wednesday
  ,                                       !- Apply Thursday
  ,                                       !- Apply Friday
  Yes,                                    !- Apply Saturday
  DateRange,                              !- Date Specification Type
  5,                                      !- Start Month
  1,                                      !- Start Day
  5,                                      !- End Month
  31;                                     !- End Day

OS:Schedule:Day,
  {5265239b-3f70-4da6-a817-2c55c4feecc3}, !- Handle
  exterior lighting schedule weekend5,    !- Name
  {e3188119-cea3-4bc3-bf19-1ff5badafaf3}, !- Schedule Type Limits Name
  ,                                       !- Interpolate to Timestep
  2,                                      !- Hour 1
  0,                                      !- Minute 1
  0.346084782361632,                      !- Value Until Time 1
  4,                                      !- Hour 2
  0,                                      !- Minute 2
  0.338561200136379,                      !- Value Until Time 2
  5,                                      !- Hour 3
  0,                                      !- Minute 3
  0.346084782361632,                      !- Value Until Time 3
  6,                                      !- Hour 4
  0,                                      !- Minute 4
  0.338561200136379,                      !- Value Until Time 4
  7,                                      !- Hour 5
  0,                                      !- Minute 5
  0.331037617911126,                      !- Value Until Time 5
  8,                                      !- Hour 6
  0,                                      !- Minute 6
  0.308466871235368,                      !- Value Until Time 6
  9,                                      !- Hour 7
  0,                                      !- Minute 7
  0.270848960109103,                      !- Value Until Time 7
  10,                                     !- Hour 8
  0,                                      !- Minute 8
  0.225707466757586,                      !- Value Until Time 8
  11,                                     !- Hour 9
  0,                                      !- Minute 9
  0.180565973406069,                      !- Value Until Time 9
  12,                                     !- Hour 10
  0,                                      !- Minute 10
  0.120377315604046,                      !- Value Until Time 10
  13,                                     !- Hour 11
  0,                                      !- Minute 11
  0.0902829867030344,                     !- Value Until Time 11
  15,                                     !- Hour 12
  0,                                      !- Minute 12
  0.0827594044777816,                     !- Value Until Time 12
  16,                                     !- Hour 13
  0,                                      !- Minute 13
  0.0902829867030344,                     !- Value Until Time 13
  17,                                     !- Hour 14
  0,                                      !- Minute 14
  0.142948062279805,                      !- Value Until Time 14
  18,                                     !- Hour 15
  0,                                      !- Minute 15
  0.285896124559609,                      !- Value Until Time 15
  19,                                     !- Hour 16
  0,                                      !- Minute 16
  0.361131946812138,                      !- Value Until Time 16
  20,                                     !- Hour 17
  0,                                      !- Minute 17
  0.451414933515172,                      !- Value Until Time 17
  21,                                     !- Hour 18
  0,                                      !- Minute 18
  0.624457324695988,                      !- Value Until Time 18
  22,                                     !- Hour 19
  0,                                      !- Minute 19
  0.737311058074781,                      !- Value Until Time 19
  23,                                     !- Hour 20
  0,                                      !- Minute 20
  0.639504489146494,                      !- Value Until Time 20
  24,                                     !- Hour 21
  0,                                      !- Minute 21
  0.443891351289919;                      !- Value Until Time 21

OS:Schedule:Rule,
  {30807071-7cf2-41b4-9412-e46d0349344f}, !- Handle
  exterior lighting schedule weekday ruleset6, !- Name
  {4af84b2b-b287-41c7-8351-352f248e120c}, !- Schedule Ruleset Name
  11,                                     !- Rule Order
  {aca93e57-7d76-489d-a3cc-571cf10abbf2}, !- Day Schedule Name
  ,                                       !- Apply Sunday
  Yes,                                    !- Apply Monday
  Yes,                                    !- Apply Tuesday
  Yes,                                    !- Apply Wednesday
  Yes,                                    !- Apply Thursday
  Yes,                                    !- Apply Friday
  ,                                       !- Apply Saturday
  DateRange,                              !- Date Specification Type
  6,                                      !- Start Month
  1,                                      !- Start Day
  6,                                      !- End Month
  30;                                     !- End Day

OS:Schedule:Day,
  {aca93e57-7d76-489d-a3cc-571cf10abbf2}, !- Handle
  exterior lighting schedule weekday6,    !- Name
  {e3188119-cea3-4bc3-bf19-1ff5badafaf3}, !- Schedule Type Limits Name
  ,                                       !- Interpolate to Timestep
  5,                                      !- Hour 1
  0,                                      !- Minute 1
  0.288229723074592,                      !- Value Until Time 1
  6,                                      !- Hour 2
  0,                                      !- Minute 2
  0.231836951168693,                      !- Value Until Time 2
  7,                                      !- Hour 3
  0,                                      !- Minute 3
  0.219305224078494,                      !- Value Until Time 3
  8,                                      !- Hour 4
  0,                                      !- Minute 4
  0.213039360533394,                      !- Value Until Time 4
  9,                                      !- Hour 5
  0,                                      !- Minute 5
  0.206773496988294,                      !- Value Until Time 5
  10,                                     !- Hour 6
  0,                                      !- Minute 6
  0.175444179262795,                      !- Value Until Time 6
  11,                                     !- Hour 7
  0,                                      !- Minute 7
  0.137848997992196,                      !- Value Until Time 7
  12,                                     !- Hour 8
  0,                                      !- Minute 8
  0.0939879531764973,                     !- Value Until Time 8
  13,                                     !- Hour 9
  0,                                      !- Minute 9
  0.0751903625411979,                     !- Value Until Time 9
  15,                                     !- Hour 10
  0,                                      !- Minute 10
  0.068924498996098,                      !- Value Until Time 10
  16,                                     !- Hour 11
  0,                                      !- Minute 11
  0.0751903625411979,                     !- Value Until Time 11
  17,                                     !- Hour 12
  0,                                      !- Minute 12
  0.119051407356897,                      !- Value Until Time 12
  18,                                     !- Hour 13
  0,                                      !- Minute 13
  0.231836951168693,                      !- Value Until Time 13
  19,                                     !- Hour 14
  0,                                      !- Minute 14
  0.307027313709891,                      !- Value Until Time 14
  20,                                     !- Hour 15
  0,                                      !- Minute 15
  0.407281130431488,                      !- Value Until Time 15
  21,                                     !- Hour 16
  0,                                      !- Minute 16
  0.570193582604084,                      !- Value Until Time 16
  22,                                     !- Hour 17
  0,                                      !- Minute 17
  0.657915672235481,                      !- Value Until Time 17
  23,                                     !- Hour 18
  0,                                      !- Minute 18
  0.570193582604084,                      !- Value Until Time 18
  24,                                     !- Hour 19
  0,                                      !- Minute 19
  0.394749403341289;                      !- Value Until Time 19

OS:Schedule:Rule,
  {0d917bbd-54e4-475c-bd46-23b9138570a2}, !- Handle
  exterior lighting schedule weekend ruleset6, !- Name
  {4af84b2b-b287-41c7-8351-352f248e120c}, !- Schedule Ruleset Name
  10,                                     !- Rule Order
  {bd46dbdc-d8d9-4959-846c-25d44b11451f}, !- Day Schedule Name
  Yes,                                    !- Apply Sunday
  ,                                       !- Apply Monday
  ,                                       !- Apply Tuesday
  ,                                       !- Apply Wednesday
  ,                                       !- Apply Thursday
  ,                                       !- Apply Friday
  Yes,                                    !- Apply Saturday
  DateRange,                              !- Date Specification Type
  6,                                      !- Start Month
  1,                                      !- Start Day
  6,                                      !- End Month
  30;                                     !- End Day

OS:Schedule:Day,
  {bd46dbdc-d8d9-4959-846c-25d44b11451f}, !- Handle
  exterior lighting schedule weekend6,    !- Name
  {e3188119-cea3-4bc3-bf19-1ff5badafaf3}, !- Schedule Type Limits Name
  ,                                       !- Interpolate to Timestep
  2,                                      !- Hour 1
  0,                                      !- Minute 1
  0.288229723074592,                      !- Value Until Time 1
  4,                                      !- Hour 2
  0,                                      !- Minute 2
  0.281963859529492,                      !- Value Until Time 2
  5,                                      !- Hour 3
  0,                                      !- Minute 3
  0.288229723074592,                      !- Value Until Time 3
  6,                                      !- Hour 4
  0,                                      !- Minute 4
  0.281963859529492,                      !- Value Until Time 4
  7,                                      !- Hour 5
  0,                                      !- Minute 5
  0.275697995984392,                      !- Value Until Time 5
  8,                                      !- Hour 6
  0,                                      !- Minute 6
  0.256900405349093,                      !- Value Until Time 6
  9,                                      !- Hour 7
  0,                                      !- Minute 7
  0.225571087623594,                      !- Value Until Time 7
  10,                                     !- Hour 8
  0,                                      !- Minute 8
  0.187975906352995,                      !- Value Until Time 8
  11,                                     !- Hour 9
  0,                                      !- Minute 9
  0.150380725082396,                      !- Value Until Time 9
  12,                                     !- Hour 10
  0,                                      !- Minute 10
  0.100253816721597,                      !- Value Until Time 10
  13,                                     !- Hour 11
  0,                                      !- Minute 11
  0.0751903625411979,                     !- Value Until Time 11
  15,                                     !- Hour 12
  0,                                      !- Minute 12
  0.068924498996098,                      !- Value Until Time 12
  16,                                     !- Hour 13
  0,                                      !- Minute 13
  0.0751903625411979,                     !- Value Until Time 13
  17,                                     !- Hour 14
  0,                                      !- Minute 14
  0.119051407356897,                      !- Value Until Time 14
  18,                                     !- Hour 15
  0,                                      !- Minute 15
  0.238102814713793,                      !- Value Until Time 15
  19,                                     !- Hour 16
  0,                                      !- Minute 16
  0.300761450164791,                      !- Value Until Time 16
  20,                                     !- Hour 17
  0,                                      !- Minute 17
  0.375951812705989,                      !- Value Until Time 17
  21,                                     !- Hour 18
  0,                                      !- Minute 18
  0.520066674243285,                      !- Value Until Time 18
  22,                                     !- Hour 19
  0,                                      !- Minute 19
  0.614054627419783,                      !- Value Until Time 19
  23,                                     !- Hour 20
  0,                                      !- Minute 20
  0.532598401333485,                      !- Value Until Time 20
  24,                                     !- Hour 21
  0,                                      !- Minute 21
  0.369685949160889;                      !- Value Until Time 21

OS:Schedule:Rule,
  {a32e423e-1fcd-455a-99e1-d36ea7507e14}, !- Handle
  exterior lighting schedule weekday ruleset7, !- Name
  {4af84b2b-b287-41c7-8351-352f248e120c}, !- Schedule Ruleset Name
  9,                                      !- Rule Order
  {5ef922fa-84a5-4cb1-9cde-c2fce27bcb8d}, !- Day Schedule Name
  ,                                       !- Apply Sunday
  Yes,                                    !- Apply Monday
  Yes,                                    !- Apply Tuesday
  Yes,                                    !- Apply Wednesday
  Yes,                                    !- Apply Thursday
  Yes,                                    !- Apply Friday
  ,                                       !- Apply Saturday
  DateRange,                              !- Date Specification Type
  7,                                      !- Start Month
  1,                                      !- Start Day
  8,                                      !- End Month
  31;                                     !- End Day

OS:Schedule:Day,
  {5ef922fa-84a5-4cb1-9cde-c2fce27bcb8d}, !- Handle
  exterior lighting schedule weekday7,    !- Name
  {e3188119-cea3-4bc3-bf19-1ff5badafaf3}, !- Schedule Type Limits Name
  ,                                       !- Interpolate to Timestep
  5,                                      !- Hour 1
  0,                                      !- Minute 1
  0.286138576353373,                      !- Value Until Time 1
  6,                                      !- Hour 2
  0,                                      !- Minute 2
  0.230154941849453,                      !- Value Until Time 2
  7,                                      !- Hour 3
  0,                                      !- Minute 3
  0.217714134181915,                      !- Value Until Time 3
  8,                                      !- Hour 4
  0,                                      !- Minute 4
  0.211493730348146,                      !- Value Until Time 4
  9,                                      !- Hour 5
  0,                                      !- Minute 5
  0.205273326514377,                      !- Value Until Time 5
  10,                                     !- Hour 6
  0,                                      !- Minute 6
  0.174171307345532,                      !- Value Until Time 6
  11,                                     !- Hour 7
  0,                                      !- Minute 7
  0.136848884342918,                      !- Value Until Time 7
  12,                                     !- Hour 8
  0,                                      !- Minute 8
  0.0933060575065348,                     !- Value Until Time 8
  13,                                     !- Hour 9
  0,                                      !- Minute 9
  0.0746448460052279,                     !- Value Until Time 9
  15,                                     !- Hour 10
  0,                                      !- Minute 10
  0.0684244421714589,                     !- Value Until Time 10
  16,                                     !- Hour 11
  0,                                      !- Minute 11
  0.0746448460052279,                     !- Value Until Time 11
  17,                                     !- Hour 12
  0,                                      !- Minute 12
  0.118187672841611,                      !- Value Until Time 12
  18,                                     !- Hour 13
  0,                                      !- Minute 13
  0.230154941849453,                      !- Value Until Time 13
  19,                                     !- Hour 14
  0,                                      !- Minute 14
  0.30479978785468,                       !- Value Until Time 14
  20,                                     !- Hour 15
  0,                                      !- Minute 15
  0.404326249194984,                      !- Value Until Time 15
  21,                                     !- Hour 16
  0,                                      !- Minute 16
  0.566056748872978,                      !- Value Until Time 16
  22,                                     !- Hour 17
  0,                                      !- Minute 17
  0.653142402545744,                      !- Value Until Time 17
  23,                                     !- Hour 18
  0,                                      !- Minute 18
  0.566056748872978,                      !- Value Until Time 18
  24,                                     !- Hour 19
  0,                                      !- Minute 19
  0.391885441527446;                      !- Value Until Time 19

OS:Schedule:Rule,
  {67d7ab08-70b9-4657-8755-d586105ac183}, !- Handle
  exterior lighting schedule weekend ruleset7, !- Name
  {4af84b2b-b287-41c7-8351-352f248e120c}, !- Schedule Ruleset Name
  8,                                      !- Rule Order
  {fbcb3dd9-b464-42a5-b616-1feb840b8e51}, !- Day Schedule Name
  Yes,                                    !- Apply Sunday
  ,                                       !- Apply Monday
  ,                                       !- Apply Tuesday
  ,                                       !- Apply Wednesday
  ,                                       !- Apply Thursday
  ,                                       !- Apply Friday
  Yes,                                    !- Apply Saturday
  DateRange,                              !- Date Specification Type
  7,                                      !- Start Month
  1,                                      !- Start Day
  8,                                      !- End Month
  31;                                     !- End Day

OS:Schedule:Day,
  {fbcb3dd9-b464-42a5-b616-1feb840b8e51}, !- Handle
  exterior lighting schedule weekend7,    !- Name
  {e3188119-cea3-4bc3-bf19-1ff5badafaf3}, !- Schedule Type Limits Name
  ,                                       !- Interpolate to Timestep
  2,                                      !- Hour 1
  0,                                      !- Minute 1
  0.286138576353373,                      !- Value Until Time 1
  4,                                      !- Hour 2
  0,                                      !- Minute 2
  0.279918172519604,                      !- Value Until Time 2
  5,                                      !- Hour 3
  0,                                      !- Minute 3
  0.286138576353373,                      !- Value Until Time 3
  6,                                      !- Hour 4
  0,                                      !- Minute 4
  0.279918172519604,                      !- Value Until Time 4
  7,                                      !- Hour 5
  0,                                      !- Minute 5
  0.273697768685836,                      !- Value Until Time 5
  8,                                      !- Hour 6
  0,                                      !- Minute 6
  0.255036557184529,                      !- Value Until Time 6
  9,                                      !- Hour 7
  0,                                      !- Minute 7
  0.223934538015684,                      !- Value Until Time 7
  10,                                     !- Hour 8
  0,                                      !- Minute 8
  0.18661211501307,                       !- Value Until Time 8
  11,                                     !- Hour 9
  0,                                      !- Minute 9
  0.149289692010456,                      !- Value Until Time 9
  12,                                     !- Hour 10
  0,                                      !- Minute 10
  0.0995264613403038,                     !- Value Until Time 10
  13,                                     !- Hour 11
  0,                                      !- Minute 11
  0.0746448460052279,                     !- Value Until Time 11
  15,                                     !- Hour 12
  0,                                      !- Minute 12
  0.0684244421714589,                     !- Value Until Time 12
  16,                                     !- Hour 13
  0,                                      !- Minute 13
  0.0746448460052279,                     !- Value Until Time 13
  17,                                     !- Hour 14
  0,                                      !- Minute 14
  0.118187672841611,                      !- Value Until Time 14
  18,                                     !- Hour 15
  0,                                      !- Minute 15
  0.236375345683222,                      !- Value Until Time 15
  19,                                     !- Hour 16
  0,                                      !- Minute 16
  0.298579384020911,                      !- Value Until Time 16
  20,                                     !- Hour 17
  0,                                      !- Minute 17
  0.373224230026139,                      !- Value Until Time 17
  21,                                     !- Hour 18
  0,                                      !- Minute 18
  0.516293518202826,                      !- Value Until Time 18
  22,                                     !- Hour 19
  0,                                      !- Minute 19
  0.609599575709361,                      !- Value Until Time 19
  23,                                     !- Hour 20
  0,                                      !- Minute 20
  0.528734325870364,                      !- Value Until Time 20
  24,                                     !- Hour 21
  0,                                      !- Minute 21
  0.36700382619237;                       !- Value Until Time 21

OS:Schedule:Rule,
  {01c5c5a9-c289-404b-a666-6e5869f6ca10}, !- Handle
  exterior lighting schedule weekday ruleset9, !- Name
  {4af84b2b-b287-41c7-8351-352f248e120c}, !- Schedule Ruleset Name
  7,                                      !- Rule Order
  {e39a4cc8-81a3-4f1d-b9e1-e399fa4c1767}, !- Day Schedule Name
  ,                                       !- Apply Sunday
  Yes,                                    !- Apply Monday
  Yes,                                    !- Apply Tuesday
  Yes,                                    !- Apply Wednesday
  Yes,                                    !- Apply Thursday
  Yes,                                    !- Apply Friday
  ,                                       !- Apply Saturday
  DateRange,                              !- Date Specification Type
  9,                                      !- Start Month
  1,                                      !- Start Day
  9,                                      !- End Month
  30;                                     !- End Day

OS:Schedule:Day,
  {e39a4cc8-81a3-4f1d-b9e1-e399fa4c1767}, !- Handle
  exterior lighting schedule weekday9,    !- Name
  {e3188119-cea3-4bc3-bf19-1ff5badafaf3}, !- Schedule Type Limits Name
  ,                                       !- Interpolate to Timestep
  5,                                      !- Hour 1
  0,                                      !- Minute 1
  0.288229723074592,                      !- Value Until Time 1
  6,                                      !- Hour 2
  0,                                      !- Minute 2
  0.231836951168693,                      !- Value Until Time 2
  7,                                      !- Hour 3
  0,                                      !- Minute 3
  0.219305224078494,                      !- Value Until Time 3
  8,                                      !- Hour 4
  0,                                      !- Minute 4
  0.213039360533394,                      !- Value Until Time 4
  9,                                      !- Hour 5
  0,                                      !- Minute 5
  0.206773496988294,                      !- Value Until Time 5
  10,                                     !- Hour 6
  0,                                      !- Minute 6
  0.175444179262795,                      !- Value Until Time 6
  11,                                     !- Hour 7
  0,                                      !- Minute 7
  0.137848997992196,                      !- Value Until Time 7
  12,                                     !- Hour 8
  0,                                      !- Minute 8
  0.0939879531764973,                     !- Value Until Time 8
  13,                                     !- Hour 9
  0,                                      !- Minute 9
  0.0751903625411979,                     !- Value Until Time 9
  15,                                     !- Hour 10
  0,                                      !- Minute 10
  0.068924498996098,                      !- Value Until Time 10
  16,                                     !- Hour 11
  0,                                      !- Minute 11
  0.0751903625411979,                     !- Value Until Time 11
  17,                                     !- Hour 12
  0,                                      !- Minute 12
  0.119051407356897,                      !- Value Until Time 12
  18,                                     !- Hour 13
  0,                                      !- Minute 13
  0.231836951168693,                      !- Value Until Time 13
  19,                                     !- Hour 14
  0,                                      !- Minute 14
  0.307027313709891,                      !- Value Until Time 14
  20,                                     !- Hour 15
  0,                                      !- Minute 15
  0.407281130431488,                      !- Value Until Time 15
  21,                                     !- Hour 16
  0,                                      !- Minute 16
  0.570193582604084,                      !- Value Until Time 16
  22,                                     !- Hour 17
  0,                                      !- Minute 17
  0.657915672235481,                      !- Value Until Time 17
  23,                                     !- Hour 18
  0,                                      !- Minute 18
  0.570193582604084,                      !- Value Until Time 18
  24,                                     !- Hour 19
  0,                                      !- Minute 19
  0.394749403341289;                      !- Value Until Time 19

OS:Schedule:Rule,
  {da54ab98-af25-469e-8609-32b06102c84e}, !- Handle
  exterior lighting schedule weekend ruleset9, !- Name
  {4af84b2b-b287-41c7-8351-352f248e120c}, !- Schedule Ruleset Name
  6,                                      !- Rule Order
  {8b9d9cc3-c067-45ab-8a5d-50210084bdb6}, !- Day Schedule Name
  Yes,                                    !- Apply Sunday
  ,                                       !- Apply Monday
  ,                                       !- Apply Tuesday
  ,                                       !- Apply Wednesday
  ,                                       !- Apply Thursday
  ,                                       !- Apply Friday
  Yes,                                    !- Apply Saturday
  DateRange,                              !- Date Specification Type
  9,                                      !- Start Month
  1,                                      !- Start Day
  9,                                      !- End Month
  30;                                     !- End Day

OS:Schedule:Day,
  {8b9d9cc3-c067-45ab-8a5d-50210084bdb6}, !- Handle
  exterior lighting schedule weekend9,    !- Name
  {e3188119-cea3-4bc3-bf19-1ff5badafaf3}, !- Schedule Type Limits Name
  ,                                       !- Interpolate to Timestep
  2,                                      !- Hour 1
  0,                                      !- Minute 1
  0.288229723074592,                      !- Value Until Time 1
  4,                                      !- Hour 2
  0,                                      !- Minute 2
  0.281963859529492,                      !- Value Until Time 2
  5,                                      !- Hour 3
  0,                                      !- Minute 3
  0.288229723074592,                      !- Value Until Time 3
  6,                                      !- Hour 4
  0,                                      !- Minute 4
  0.281963859529492,                      !- Value Until Time 4
  7,                                      !- Hour 5
  0,                                      !- Minute 5
  0.275697995984392,                      !- Value Until Time 5
  8,                                      !- Hour 6
  0,                                      !- Minute 6
  0.256900405349093,                      !- Value Until Time 6
  9,                                      !- Hour 7
  0,                                      !- Minute 7
  0.225571087623594,                      !- Value Until Time 7
  10,                                     !- Hour 8
  0,                                      !- Minute 8
  0.187975906352995,                      !- Value Until Time 8
  11,                                     !- Hour 9
  0,                                      !- Minute 9
  0.150380725082396,                      !- Value Until Time 9
  12,                                     !- Hour 10
  0,                                      !- Minute 10
  0.100253816721597,                      !- Value Until Time 10
  13,                                     !- Hour 11
  0,                                      !- Minute 11
  0.0751903625411979,                     !- Value Until Time 11
  15,                                     !- Hour 12
  0,                                      !- Minute 12
  0.068924498996098,                      !- Value Until Time 12
  16,                                     !- Hour 13
  0,                                      !- Minute 13
  0.0751903625411979,                     !- Value Until Time 13
  17,                                     !- Hour 14
  0,                                      !- Minute 14
  0.119051407356897,                      !- Value Until Time 14
  18,                                     !- Hour 15
  0,                                      !- Minute 15
  0.238102814713793,                      !- Value Until Time 15
  19,                                     !- Hour 16
  0,                                      !- Minute 16
  0.300761450164791,                      !- Value Until Time 16
  20,                                     !- Hour 17
  0,                                      !- Minute 17
  0.375951812705989,                      !- Value Until Time 17
  21,                                     !- Hour 18
  0,                                      !- Minute 18
  0.520066674243285,                      !- Value Until Time 18
  22,                                     !- Hour 19
  0,                                      !- Minute 19
  0.614054627419783,                      !- Value Until Time 19
  23,                                     !- Hour 20
  0,                                      !- Minute 20
  0.532598401333485,                      !- Value Until Time 20
  24,                                     !- Hour 21
  0,                                      !- Minute 21
  0.369685949160889;                      !- Value Until Time 21

OS:Schedule:Rule,
  {95e98056-d70c-4f52-aae4-b409567f9407}, !- Handle
  exterior lighting schedule weekday ruleset10, !- Name
  {4af84b2b-b287-41c7-8351-352f248e120c}, !- Schedule Ruleset Name
  5,                                      !- Rule Order
  {0eef4762-303f-4477-ab7c-4c77e46042f2}, !- Day Schedule Name
  ,                                       !- Apply Sunday
  Yes,                                    !- Apply Monday
  Yes,                                    !- Apply Tuesday
  Yes,                                    !- Apply Wednesday
  Yes,                                    !- Apply Thursday
  Yes,                                    !- Apply Friday
  ,                                       !- Apply Saturday
  DateRange,                              !- Date Specification Type
  10,                                     !- Start Month
  1,                                      !- Start Day
  10,                                     !- End Month
  31;                                     !- End Day

OS:Schedule:Day,
  {0eef4762-303f-4477-ab7c-4c77e46042f2}, !- Handle
  exterior lighting schedule weekday10,   !- Name
  {e3188119-cea3-4bc3-bf19-1ff5badafaf3}, !- Schedule Type Limits Name
  ,                                       !- Interpolate to Timestep
  5,                                      !- Hour 1
  0,                                      !- Minute 1
  0.345039209001023,                      !- Value Until Time 1
  6,                                      !- Hour 2
  0,                                      !- Minute 2
  0.277531537674736,                      !- Value Until Time 2
  7,                                      !- Hour 3
  0,                                      !- Minute 3
  0.262529832935561,                      !- Value Until Time 3
  8,                                      !- Hour 4
  0,                                      !- Minute 4
  0.255028980565973,                      !- Value Until Time 4
  9,                                      !- Hour 5
  0,                                      !- Minute 5
  0.247528128196386,                      !- Value Until Time 5
  10,                                     !- Hour 6
  0,                                      !- Minute 6
  0.210023866348449,                      !- Value Until Time 6
  11,                                     !- Hour 7
  0,                                      !- Minute 7
  0.165018752130924,                      !- Value Until Time 7
  12,                                     !- Hour 8
  0,                                      !- Minute 8
  0.112512785543812,                      !- Value Until Time 8
  13,                                     !- Hour 9
  0,                                      !- Minute 9
  0.0900102284350494,                     !- Value Until Time 9
  15,                                     !- Hour 10
  0,                                      !- Minute 10
  0.082509376065462,                      !- Value Until Time 10
  16,                                     !- Hour 11
  0,                                      !- Minute 11
  0.0900102284350494,                     !- Value Until Time 11
  17,                                     !- Hour 12
  0,                                      !- Minute 12
  0.142516195022162,                      !- Value Until Time 12
  18,                                     !- Hour 13
  0,                                      !- Minute 13
  0.277531537674736,                      !- Value Until Time 13
  19,                                     !- Hour 14
  0,                                      !- Minute 14
  0.367541766109785,                      !- Value Until Time 14
  20,                                     !- Hour 15
  0,                                      !- Minute 15
  0.487555404023184,                      !- Value Until Time 15
  21,                                     !- Hour 16
  0,                                      !- Minute 16
  0.682577565632458,                      !- Value Until Time 16
  22,                                     !- Hour 17
  0,                                      !- Minute 17
  0.787589498806682,                      !- Value Until Time 17
  23,                                     !- Hour 18
  0,                                      !- Minute 18
  0.682577565632458,                      !- Value Until Time 18
  24,                                     !- Hour 19
  0,                                      !- Minute 19
  0.47255369928401;                       !- Value Until Time 19

OS:Schedule:Rule,
  {2ffaa660-3fd0-4735-87d4-536514bf7d82}, !- Handle
  exterior lighting schedule weekend ruleset10, !- Name
  {4af84b2b-b287-41c7-8351-352f248e120c}, !- Schedule Ruleset Name
  4,                                      !- Rule Order
  {fa5089ab-4d53-4597-b5f1-ec7df864a3ea}, !- Day Schedule Name
  Yes,                                    !- Apply Sunday
  ,                                       !- Apply Monday
  ,                                       !- Apply Tuesday
  ,                                       !- Apply Wednesday
  ,                                       !- Apply Thursday
  ,                                       !- Apply Friday
  Yes,                                    !- Apply Saturday
  DateRange,                              !- Date Specification Type
  10,                                     !- Start Month
  1,                                      !- Start Day
  10,                                     !- End Month
  31;                                     !- End Day

OS:Schedule:Day,
  {fa5089ab-4d53-4597-b5f1-ec7df864a3ea}, !- Handle
  exterior lighting schedule weekend10,   !- Name
  {e3188119-cea3-4bc3-bf19-1ff5badafaf3}, !- Schedule Type Limits Name
  ,                                       !- Interpolate to Timestep
  2,                                      !- Hour 1
  0,                                      !- Minute 1
  0.345039209001023,                      !- Value Until Time 1
  4,                                      !- Hour 2
  0,                                      !- Minute 2
  0.337538356631435,                      !- Value Until Time 2
  5,                                      !- Hour 3
  0,                                      !- Minute 3
  0.345039209001023,                      !- Value Until Time 3
  6,                                      !- Hour 4
  0,                                      !- Minute 4
  0.337538356631435,                      !- Value Until Time 4
  7,                                      !- Hour 5
  0,                                      !- Minute 5
  0.330037504261848,                      !- Value Until Time 5
  8,                                      !- Hour 6
  0,                                      !- Minute 6
  0.307534947153086,                      !- Value Until Time 6
  9,                                      !- Hour 7
  0,                                      !- Minute 7
  0.270030685305148,                      !- Value Until Time 7
  10,                                     !- Hour 8
  0,                                      !- Minute 8
  0.225025571087624,                      !- Value Until Time 8
  11,                                     !- Hour 9
  0,                                      !- Minute 9
  0.180020456870099,                      !- Value Until Time 9
  12,                                     !- Hour 10
  0,                                      !- Minute 10
  0.120013637913399,                      !- Value Until Time 10
  13,                                     !- Hour 11
  0,                                      !- Minute 11
  0.0900102284350494,                     !- Value Until Time 11
  15,                                     !- Hour 12
  0,                                      !- Minute 12
  0.082509376065462,                      !- Value Until Time 12
  16,                                     !- Hour 13
  0,                                      !- Minute 13
  0.0900102284350494,                     !- Value Until Time 13
  17,                                     !- Hour 14
  0,                                      !- Minute 14
  0.142516195022162,                      !- Value Until Time 14
  18,                                     !- Hour 15
  0,                                      !- Minute 15
  0.285032390044323,                      !- Value Until Time 15
  19,                                     !- Hour 16
  0,                                      !- Minute 16
  0.360040913740198,                      !- Value Until Time 16
  20,                                     !- Hour 17
  0,                                      !- Minute 17
  0.450051142175247,                      !- Value Until Time 17
  21,                                     !- Hour 18
  0,                                      !- Minute 18
  0.622570746675759,                      !- Value Until Time 18
  22,                                     !- Hour 19
  0,                                      !- Minute 19
  0.73508353221957,                       !- Value Until Time 19
  23,                                     !- Hour 20
  0,                                      !- Minute 20
  0.637572451414934,                      !- Value Until Time 20
  24,                                     !- Hour 21
  0,                                      !- Minute 21
  0.44255028980566;                       !- Value Until Time 21

OS:Schedule:Rule,
  {3a05ff60-2517-4b6f-ba10-10e300269d10}, !- Handle
  exterior lighting schedule weekday ruleset11, !- Name
  {4af84b2b-b287-41c7-8351-352f248e120c}, !- Schedule Ruleset Name
  3,                                      !- Rule Order
  {ee266f9d-ab38-4291-8037-26255e11abda}, !- Day Schedule Name
  ,                                       !- Apply Sunday
  Yes,                                    !- Apply Monday
  Yes,                                    !- Apply Tuesday
  Yes,                                    !- Apply Wednesday
  Yes,                                    !- Apply Thursday
  Yes,                                    !- Apply Friday
  ,                                       !- Apply Saturday
  DateRange,                              !- Date Specification Type
  11,                                     !- Start Month
  1,                                      !- Start Day
  11,                                     !- End Month
  30;                                     !- End Day

OS:Schedule:Day,
  {ee266f9d-ab38-4291-8037-26255e11abda}, !- Handle
  exterior lighting schedule weekday11,   !- Name
  {e3188119-cea3-4bc3-bf19-1ff5badafaf3}, !- Schedule Type Limits Name
  ,                                       !- Interpolate to Timestep
  5,                                      !- Hour 1
  0,                                      !- Minute 1
  0.343993635640414,                      !- Value Until Time 1
  6,                                      !- Hour 2
  0,                                      !- Minute 2
  0.276690533015115,                      !- Value Until Time 2
  7,                                      !- Hour 3
  0,                                      !- Minute 3
  0.261734287987271,                      !- Value Until Time 3
  8,                                      !- Hour 4
  0,                                      !- Minute 4
  0.254256165473349,                      !- Value Until Time 4
  9,                                      !- Hour 5
  0,                                      !- Minute 5
  0.246778042959427,                      !- Value Until Time 5
  10,                                     !- Hour 6
  0,                                      !- Minute 6
  0.209387430389817,                      !- Value Until Time 6
  11,                                     !- Hour 7
  0,                                      !- Minute 7
  0.164518695306285,                      !- Value Until Time 7
  12,                                     !- Hour 8
  0,                                      !- Minute 8
  0.112171837708831,                      !- Value Until Time 8
  13,                                     !- Hour 9
  0,                                      !- Minute 9
  0.0897374701670644,                     !- Value Until Time 9
  15,                                     !- Hour 10
  0,                                      !- Minute 10
  0.0822593476531424,                     !- Value Until Time 10
  16,                                     !- Hour 11
  0,                                      !- Minute 11
  0.0897374701670644,                     !- Value Until Time 11
  17,                                     !- Hour 12
  0,                                      !- Minute 12
  0.142084327764519,                      !- Value Until Time 12
  18,                                     !- Hour 13
  0,                                      !- Minute 13
  0.276690533015115,                      !- Value Until Time 13
  19,                                     !- Hour 14
  0,                                      !- Minute 14
  0.36642800318218,                       !- Value Until Time 14
  20,                                     !- Hour 15
  0,                                      !- Minute 15
  0.486077963404932,                      !- Value Until Time 15
  21,                                     !- Hour 16
  0,                                      !- Minute 16
  0.680509148766905,                      !- Value Until Time 16
  22,                                     !- Hour 17
  0,                                      !- Minute 17
  0.785202863961814,                      !- Value Until Time 17
  23,                                     !- Hour 18
  0,                                      !- Minute 18
  0.680509148766905,                      !- Value Until Time 18
  24,                                     !- Hour 19
  0,                                      !- Minute 19
  0.471121718377088;                      !- Value Until Time 19

OS:Schedule:Rule,
  {6be75afd-5797-4705-b3d0-de65f631876e}, !- Handle
  exterior lighting schedule weekend ruleset11, !- Name
  {4af84b2b-b287-41c7-8351-352f248e120c}, !- Schedule Ruleset Name
  2,                                      !- Rule Order
  {d19ba6cb-65cf-4153-98cf-2bd4e64cdd08}, !- Day Schedule Name
  Yes,                                    !- Apply Sunday
  ,                                       !- Apply Monday
  ,                                       !- Apply Tuesday
  ,                                       !- Apply Wednesday
  ,                                       !- Apply Thursday
  ,                                       !- Apply Friday
  Yes,                                    !- Apply Saturday
  DateRange,                              !- Date Specification Type
  11,                                     !- Start Month
  1,                                      !- Start Day
  11,                                     !- End Month
  30;                                     !- End Day

OS:Schedule:Day,
  {d19ba6cb-65cf-4153-98cf-2bd4e64cdd08}, !- Handle
  exterior lighting schedule weekend11,   !- Name
  {e3188119-cea3-4bc3-bf19-1ff5badafaf3}, !- Schedule Type Limits Name
  ,                                       !- Interpolate to Timestep
  2,                                      !- Hour 1
  0,                                      !- Minute 1
  0.343993635640414,                      !- Value Until Time 1
  4,                                      !- Hour 2
  0,                                      !- Minute 2
  0.336515513126492,                      !- Value Until Time 2
  5,                                      !- Hour 3
  0,                                      !- Minute 3
  0.343993635640414,                      !- Value Until Time 3
  6,                                      !- Hour 4
  0,                                      !- Minute 4
  0.336515513126492,                      !- Value Until Time 4
  7,                                      !- Hour 5
  0,                                      !- Minute 5
  0.32903739061257,                       !- Value Until Time 5
  8,                                      !- Hour 6
  0,                                      !- Minute 6
  0.306603023070804,                      !- Value Until Time 6
  9,                                      !- Hour 7
  0,                                      !- Minute 7
  0.269212410501193,                      !- Value Until Time 7
  10,                                     !- Hour 8
  0,                                      !- Minute 8
  0.224343675417661,                      !- Value Until Time 8
  11,                                     !- Hour 9
  0,                                      !- Minute 9
  0.179474940334129,                      !- Value Until Time 9
  12,                                     !- Hour 10
  0,                                      !- Minute 10
  0.119649960222753,                      !- Value Until Time 10
  13,                                     !- Hour 11
  0,                                      !- Minute 11
  0.0897374701670644,                     !- Value Until Time 11
  15,                                     !- Hour 12
  0,                                      !- Minute 12
  0.0822593476531424,                     !- Value Until Time 12
  16,                                     !- Hour 13
  0,                                      !- Minute 13
  0.0897374701670644,                     !- Value Until Time 13
  17,                                     !- Hour 14
  0,                                      !- Minute 14
  0.142084327764519,                      !- Value Until Time 14
  18,                                     !- Hour 15
  0,                                      !- Minute 15
  0.284168655529037,                      !- Value Until Time 15
  19,                                     !- Hour 16
  0,                                      !- Minute 16
  0.358949880668258,                      !- Value Until Time 16
  20,                                     !- Hour 17
  0,                                      !- Minute 17
  0.448687350835322,                      !- Value Until Time 17
  21,                                     !- Hour 18
  0,                                      !- Minute 18
  0.620684168655529,                      !- Value Until Time 18
  22,                                     !- Hour 19
  0,                                      !- Minute 19
  0.73285600636436,                       !- Value Until Time 19
  23,                                     !- Hour 20
  0,                                      !- Minute 20
  0.635640413683373,                      !- Value Until Time 20
  24,                                     !- Hour 21
  0,                                      !- Minute 21
  0.4412092283214;                        !- Value Until Time 21

OS:Schedule:Rule,
  {c63e2d2b-4c1a-4e3e-9cd9-3dee21408298}, !- Handle
  exterior lighting schedule weekday ruleset12, !- Name
  {4af84b2b-b287-41c7-8351-352f248e120c}, !- Schedule Ruleset Name
  1,                                      !- Rule Order
  {43e38a37-5c0b-4a2d-bd34-4a3d2475911e}, !- Day Schedule Name
  ,                                       !- Apply Sunday
  Yes,                                    !- Apply Monday
  Yes,                                    !- Apply Tuesday
  Yes,                                    !- Apply Wednesday
  Yes,                                    !- Apply Thursday
  Yes,                                    !- Apply Friday
  ,                                       !- Apply Saturday
  DateRange,                              !- Date Specification Type
  12,                                     !- Start Month
  1,                                      !- Start Day
  12,                                     !- End Month
  31;                                     !- End Day

OS:Schedule:Day,
  {43e38a37-5c0b-4a2d-bd34-4a3d2475911e}, !- Handle
  exterior lighting schedule weekday12,   !- Name
  {e3188119-cea3-4bc3-bf19-1ff5badafaf3}, !- Schedule Type Limits Name
  ,                                       !- Interpolate to Timestep
  5,                                      !- Hour 1
  0,                                      !- Minute 1
  0.434958518013411,                      !- Value Until Time 1
  6,                                      !- Hour 2
  0,                                      !- Minute 2
  0.349857938402091,                      !- Value Until Time 2
  7,                                      !- Hour 3
  0,                                      !- Minute 3
  0.330946698488465,                      !- Value Until Time 3
  8,                                      !- Hour 4
  0,                                      !- Minute 4
  0.321491078531651,                      !- Value Until Time 4
  9,                                      !- Hour 5
  0,                                      !- Minute 5
  0.312035458574838,                      !- Value Until Time 5
  10,                                     !- Hour 6
  0,                                      !- Minute 6
  0.264757358790772,                      !- Value Until Time 6
  11,                                     !- Hour 7
  0,                                      !- Minute 7
  0.208023639049892,                      !- Value Until Time 7
  12,                                     !- Hour 8
  0,                                      !- Minute 8
  0.141834299352199,                      !- Value Until Time 8
  13,                                     !- Hour 9
  0,                                      !- Minute 9
  0.113467439481759,                      !- Value Until Time 9
  15,                                     !- Hour 10
  0,                                      !- Minute 10
  0.104011819524946,                      !- Value Until Time 10
  16,                                     !- Hour 11
  0,                                      !- Minute 11
  0.113467439481759,                      !- Value Until Time 11
  17,                                     !- Hour 12
  0,                                      !- Minute 12
  0.179656779179452,                      !- Value Until Time 12
  18,                                     !- Hour 13
  0,                                      !- Minute 13
  0.349857938402091,                      !- Value Until Time 13
  19,                                     !- Hour 14
  0,                                      !- Minute 14
  0.463325377883851,                      !- Value Until Time 14
  20,                                     !- Hour 15
  0,                                      !- Minute 15
  0.614615297192863,                      !- Value Until Time 15
  21,                                     !- Hour 16
  0,                                      !- Minute 16
  0.860461416070008,                      !- Value Until Time 16
  22,                                     !- Hour 17
  0,                                      !- Minute 17
  0.992840095465394,                      !- Value Until Time 17
  23,                                     !- Hour 18
  0,                                      !- Minute 18
  0.860461416070008,                      !- Value Until Time 18
  24,                                     !- Hour 19
  0,                                      !- Minute 19
  0.595704057279236;                      !- Value Until Time 19

OS:Schedule:Rule,
  {a69c1c60-ab6c-49b0-a5e9-e6df101b3026}, !- Handle
  exterior lighting schedule weekend ruleset12, !- Name
  {4af84b2b-b287-41c7-8351-352f248e120c}, !- Schedule Ruleset Name
  0,                                      !- Rule Order
  {45603405-ae69-447a-a0d8-f82477f111e3}, !- Day Schedule Name
  Yes,                                    !- Apply Sunday
  ,                                       !- Apply Monday
  ,                                       !- Apply Tuesday
  ,                                       !- Apply Wednesday
  ,                                       !- Apply Thursday
  ,                                       !- Apply Friday
  Yes,                                    !- Apply Saturday
  DateRange,                              !- Date Specification Type
  12,                                     !- Start Month
  1,                                      !- Start Day
  12,                                     !- End Month
  31;                                     !- End Day

OS:Schedule:Day,
  {45603405-ae69-447a-a0d8-f82477f111e3}, !- Handle
  exterior lighting schedule weekend12,   !- Name
  {e3188119-cea3-4bc3-bf19-1ff5badafaf3}, !- Schedule Type Limits Name
  ,                                       !- Interpolate to Timestep
  2,                                      !- Hour 1
  0,                                      !- Minute 1
  0.434958518013411,                      !- Value Until Time 1
  4,                                      !- Hour 2
  0,                                      !- Minute 2
  0.425502898056597,                      !- Value Until Time 2
  5,                                      !- Hour 3
  0,                                      !- Minute 3
  0.434958518013411,                      !- Value Until Time 3
  6,                                      !- Hour 4
  0,                                      !- Minute 4
  0.425502898056597,                      !- Value Until Time 4
  7,                                      !- Hour 5
  0,                                      !- Minute 5
  0.416047278099784,                      !- Value Until Time 5
  8,                                      !- Hour 6
  0,                                      !- Minute 6
  0.387680418229344,                      !- Value Until Time 6
  9,                                      !- Hour 7
  0,                                      !- Minute 7
  0.340402318445278,                      !- Value Until Time 7
  10,                                     !- Hour 8
  0,                                      !- Minute 8
  0.283668598704398,                      !- Value Until Time 8
  11,                                     !- Hour 9
  0,                                      !- Minute 9
  0.226934878963519,                      !- Value Until Time 9
  12,                                     !- Hour 10
  0,                                      !- Minute 10
  0.151289919309012,                      !- Value Until Time 10
  13,                                     !- Hour 11
  0,                                      !- Minute 11
  0.113467439481759,                      !- Value Until Time 11
  15,                                     !- Hour 12
  0,                                      !- Minute 12
  0.104011819524946,                      !- Value Until Time 12
  16,                                     !- Hour 13
  0,                                      !- Minute 13
  0.113467439481759,                      !- Value Until Time 13
  17,                                     !- Hour 14
  0,                                      !- Minute 14
  0.179656779179452,                      !- Value Until Time 14
  18,                                     !- Hour 15
  0,                                      !- Minute 15
  0.359313558358904,                      !- Value Until Time 15
  19,                                     !- Hour 16
  0,                                      !- Minute 16
  0.453869757927037,                      !- Value Until Time 16
  20,                                     !- Hour 17
  0,                                      !- Minute 17
  0.567337197408797,                      !- Value Until Time 17
  21,                                     !- Hour 18
  0,                                      !- Minute 18
  0.784816456415502,                      !- Value Until Time 18
  22,                                     !- Hour 19
  0,                                      !- Minute 19
  0.926650755767701,                      !- Value Until Time 19
  23,                                     !- Hour 20
  0,                                      !- Minute 20
  0.803727696329128,                      !- Value Until Time 20
  24,                                     !- Hour 21
  0,                                      !- Minute 21
  0.557881577451983;                      !- Value Until Time 21

OS:Exterior:Lights:Definition,
  {5f36e70f-d434-4699-abef-3fd044891969}, !- Handle
  exterior lighting,                      !- Name
  14.5894547600485;                       !- Design Level {W}

OS:Exterior:Lights,
  {0f6789ad-4695-4b9b-9cab-1fea2a0d8fd8}, !- Handle
  exterior lighting,                      !- Name
  {5f36e70f-d434-4699-abef-3fd044891969}, !- Exterior Lights Definition Name
  {4af84b2b-b287-41c7-8351-352f248e120c}, !- Schedule Name
  ,                                       !- Control Option
  ,                                       !- Multiplier
  exterior lighting;                      !- End-Use Subcategory

OS:Schedule:Ruleset,
  {c715f935-7fef-46f0-9d5d-ba7b99357238}, !- Handle
  cooling season schedule,                !- Name
  {e3188119-cea3-4bc3-bf19-1ff5badafaf3}, !- Schedule Type Limits Name
  {0fdd12db-1aca-43f8-8a24-73d99d16dd00}; !- Default Day Schedule Name

OS:Schedule:Day,
  {0fdd12db-1aca-43f8-8a24-73d99d16dd00}, !- Handle
  cooling season schedule default day,    !- Name
  {e3188119-cea3-4bc3-bf19-1ff5badafaf3}, !- Schedule Type Limits Name
  ,                                       !- Interpolate to Timestep
  24,                                     !- Hour 1
  0,                                      !- Minute 1
  0;                                      !- Value Until Time 1

OS:Schedule:Rule,
  {d2729569-feaf-4e5e-94c6-8088cb04e9f5}, !- Handle
  cooling season schedule allday ruleset1, !- Name
  {c715f935-7fef-46f0-9d5d-ba7b99357238}, !- Schedule Ruleset Name
  2,                                      !- Rule Order
  {c6c93a9b-6116-4c5d-a4a6-a3565fec6823}, !- Day Schedule Name
  Yes,                                    !- Apply Sunday
  Yes,                                    !- Apply Monday
  Yes,                                    !- Apply Tuesday
  Yes,                                    !- Apply Wednesday
  Yes,                                    !- Apply Thursday
  Yes,                                    !- Apply Friday
  Yes,                                    !- Apply Saturday
  DateRange,                              !- Date Specification Type
  1,                                      !- Start Month
  1,                                      !- Start Day
  2,                                      !- End Month
  28;                                     !- End Day

OS:Schedule:Day,
  {c6c93a9b-6116-4c5d-a4a6-a3565fec6823}, !- Handle
  cooling season schedule allday1,        !- Name
  {e3188119-cea3-4bc3-bf19-1ff5badafaf3}, !- Schedule Type Limits Name
  ,                                       !- Interpolate to Timestep
  24,                                     !- Hour 1
  0,                                      !- Minute 1
  0;                                      !- Value Until Time 1

OS:Schedule:Rule,
  {90389f6a-dd1a-4b48-99d9-986bd63e6ece}, !- Handle
  cooling season schedule allday ruleset3, !- Name
  {c715f935-7fef-46f0-9d5d-ba7b99357238}, !- Schedule Ruleset Name
  1,                                      !- Rule Order
  {3995b596-3e0b-4f77-bee1-4eaaad5d9d56}, !- Day Schedule Name
  Yes,                                    !- Apply Sunday
  Yes,                                    !- Apply Monday
  Yes,                                    !- Apply Tuesday
  Yes,                                    !- Apply Wednesday
  Yes,                                    !- Apply Thursday
  Yes,                                    !- Apply Friday
  Yes,                                    !- Apply Saturday
  DateRange,                              !- Date Specification Type
  3,                                      !- Start Month
  1,                                      !- Start Day
  11,                                     !- End Month
  30;                                     !- End Day

OS:Schedule:Day,
  {3995b596-3e0b-4f77-bee1-4eaaad5d9d56}, !- Handle
  cooling season schedule allday3,        !- Name
  {e3188119-cea3-4bc3-bf19-1ff5badafaf3}, !- Schedule Type Limits Name
  ,                                       !- Interpolate to Timestep
  24,                                     !- Hour 1
  0,                                      !- Minute 1
  1;                                      !- Value Until Time 1

OS:Schedule:Rule,
  {5b2349a3-a3e1-47de-b069-972207f41bdb}, !- Handle
  cooling season schedule allday ruleset12, !- Name
  {c715f935-7fef-46f0-9d5d-ba7b99357238}, !- Schedule Ruleset Name
  0,                                      !- Rule Order
  {64c48d22-40a3-4fff-90f5-e0094af788bd}, !- Day Schedule Name
  Yes,                                    !- Apply Sunday
  Yes,                                    !- Apply Monday
  Yes,                                    !- Apply Tuesday
  Yes,                                    !- Apply Wednesday
  Yes,                                    !- Apply Thursday
  Yes,                                    !- Apply Friday
  Yes,                                    !- Apply Saturday
  DateRange,                              !- Date Specification Type
  12,                                     !- Start Month
  1,                                      !- Start Day
  12,                                     !- End Month
  31;                                     !- End Day

OS:Schedule:Day,
  {64c48d22-40a3-4fff-90f5-e0094af788bd}, !- Handle
  cooling season schedule allday12,       !- Name
  {e3188119-cea3-4bc3-bf19-1ff5badafaf3}, !- Schedule Type Limits Name
  ,                                       !- Interpolate to Timestep
  24,                                     !- Hour 1
  0,                                      !- Minute 1
  0;                                      !- Value Until Time 1

OS:EnergyManagementSystem:Sensor,
  {5977ffc0-1f4b-4a7f-94b0-d49413e5eca1}, !- Handle
  cool_season,                            !- Name
  cooling season schedule,                !- Output Variable or Output Meter Index Key Name
  Schedule Value;                         !- Output Variable or Output Meter Name

OS:EnergyManagementSystem:Sensor,
  {41e24589-8b25-4390-839f-079d6552093d}, !- Handle
  out_pb_s,                               !- Name
  ,                                       !- Output Variable or Output Meter Index Key Name
  Site Outdoor Air Barometric Pressure;   !- Output Variable or Output Meter Name

OS:EnergyManagementSystem:Sensor,
  {7895dc8f-947f-4c88-be61-229eff5481f2}, !- Handle
  out_wt_s,                               !- Name
  ,                                       !- Output Variable or Output Meter Index Key Name
  Site Outdoor Air Humidity Ratio;        !- Output Variable or Output Meter Name

OS:EnergyManagementSystem:Sensor,
  {61a7d102-327a-4f31-b48f-33c791e439dc}, !- Handle
  win_s,                                  !- Name
  conditioned space,                      !- Output Variable or Output Meter Index Key Name
  Zone Air Humidity Ratio;                !- Output Variable or Output Meter Name

OS:EnergyManagementSystem:Sensor,
  {63267108-200a-4738-9e05-2c7fe52d82ef}, !- Handle
  site_vw_s,                              !- Name
  ,                                       !- Output Variable or Output Meter Index Key Name
  Site Wind Speed;                        !- Output Variable or Output Meter Name

OS:EnergyManagementSystem:Sensor,
  {9bcd6a36-39cf-4f26-b701-3def86ac3a42}, !- Handle
  tin_s,                                  !- Name
  conditioned space,                      !- Output Variable or Output Meter Index Key Name
  Zone Mean Air Temperature;              !- Output Variable or Output Meter Name

OS:EnergyManagementSystem:Sensor,
  {cfd07b52-51c8-4018-a223-17d08f388207}, !- Handle
  tout_s,                                 !- Name
  conditioned space,                      !- Output Variable or Output Meter Index Key Name
  Zone Outdoor Air Drybulb Temperature;   !- Output Variable or Output Meter Name

OS:EnergyManagementSystem:GlobalVariable,
  {7759a258-2c46-43fa-bac3-bce4dfa32388}, !- Handle
  air_source_heat_pump_airloop_Fan_RTF;   !- Name

OS:EnergyManagementSystem:InternalVariable,
  {417ce29e-7aa9-4a8f-9406-922d669e3f30}, !- Handle
  air_source_heat_pump_airloop_max_sup_fan_mfr, !- Name
  air source heat pump supply fan,        !- Internal Data Index Key Name
  Fan Maximum Mass Flow Rate;             !- Internal Data Type

OS:EnergyManagementSystem:Sensor,
  {312c6bf6-0539-4949-b6c2-0a877805dec3}, !- Handle
  air_source_heat_pump_airloop_Fan_RTF_s, !- Name
  air source heat pump supply fan,        !- Output Variable or Output Meter Index Key Name
  Fan Runtime Fraction Speed 1;           !- Output Variable or Output Meter Name

OS:EnergyManagementSystem:Sensor,
  {628fd37a-01ad-4cdd-971d-9e1c7926a943}, !- Handle
  air_source_heat_pump_airloop_Fan_RTF_s_1, !- Name
  air source heat pump supply fan,        !- Output Variable or Output Meter Index Key Name
  Fan Runtime Fraction Speed 2;           !- Output Variable or Output Meter Name

OS:ThermalZone,
  {32b5ba40-e0f2-40e7-9e52-080100a0c6b2}, !- Handle
  air source heat pump airloop ret air zone, !- Name
  1,                                      !- Multiplier
  ,                                       !- Ceiling Height {m}
  1,                                      !- Volume {m3}
  ,                                       !- Floor Area {m2}
  ,                                       !- Zone Inside Convection Algorithm
  ,                                       !- Zone Outside Convection Algorithm
  ,                                       !- Zone Conditioning Equipment List Name
  {553c5404-f2de-49e9-b78e-0ee590f55032}, !- Zone Air Inlet Port List
  {16cda86c-fc47-4d3c-8212-cd0e4c99864d}, !- Zone Air Exhaust Port List
  {52003ed9-f9ac-4089-8681-35fa33cc0ea3}, !- Zone Air Node Name
  {e46d9bde-16de-4a12-89d9-77717e01fc10}, !- Zone Return Air Port List
  ,                                       !- Primary Daylighting Control Name
  ,                                       !- Fraction of Zone Controlled by Primary Daylighting Control
  ,                                       !- Secondary Daylighting Control Name
  ,                                       !- Fraction of Zone Controlled by Secondary Daylighting Control
  ,                                       !- Illuminance Map Name
  ,                                       !- Group Rendering Name
  ,                                       !- Thermostat Name
  No;                                     !- Use Ideal Air Loads

OS:Node,
  {dc8e2c5b-87a7-427d-8764-516a061551d5}, !- Handle
  Node 22,                                !- Name
  {52003ed9-f9ac-4089-8681-35fa33cc0ea3}, !- Inlet Port
  ;                                       !- Outlet Port

OS:Connection,
  {52003ed9-f9ac-4089-8681-35fa33cc0ea3}, !- Handle
  {32b5ba40-e0f2-40e7-9e52-080100a0c6b2}, !- Source Object
  11,                                     !- Outlet Port
  {dc8e2c5b-87a7-427d-8764-516a061551d5}, !- Target Object
  2;                                      !- Inlet Port

OS:PortList,
  {553c5404-f2de-49e9-b78e-0ee590f55032}, !- Handle
  {32b5ba40-e0f2-40e7-9e52-080100a0c6b2}; !- HVAC Component

OS:PortList,
  {16cda86c-fc47-4d3c-8212-cd0e4c99864d}, !- Handle
  {32b5ba40-e0f2-40e7-9e52-080100a0c6b2}; !- HVAC Component

OS:PortList,
  {e46d9bde-16de-4a12-89d9-77717e01fc10}, !- Handle
  {32b5ba40-e0f2-40e7-9e52-080100a0c6b2}; !- HVAC Component

OS:Sizing:Zone,
  {c09e201e-1eda-4f58-a8ca-4a82bf7abfa2}, !- Handle
  {32b5ba40-e0f2-40e7-9e52-080100a0c6b2}, !- Zone or ZoneList Name
  SupplyAirTemperature,                   !- Zone Cooling Design Supply Air Temperature Input Method
  14,                                     !- Zone Cooling Design Supply Air Temperature {C}
  11.11,                                  !- Zone Cooling Design Supply Air Temperature Difference {deltaC}
  SupplyAirTemperature,                   !- Zone Heating Design Supply Air Temperature Input Method
  40,                                     !- Zone Heating Design Supply Air Temperature {C}
  11.11,                                  !- Zone Heating Design Supply Air Temperature Difference {deltaC}
  0.0085,                                 !- Zone Cooling Design Supply Air Humidity Ratio {kg-H2O/kg-air}
  0.008,                                  !- Zone Heating Design Supply Air Humidity Ratio {kg-H2O/kg-air}
  ,                                       !- Zone Heating Sizing Factor
  ,                                       !- Zone Cooling Sizing Factor
  DesignDay,                              !- Cooling Design Air Flow Method
  ,                                       !- Cooling Design Air Flow Rate {m3/s}
  ,                                       !- Cooling Minimum Air Flow per Zone Floor Area {m3/s-m2}
  ,                                       !- Cooling Minimum Air Flow {m3/s}
  ,                                       !- Cooling Minimum Air Flow Fraction
  DesignDay,                              !- Heating Design Air Flow Method
  ,                                       !- Heating Design Air Flow Rate {m3/s}
  ,                                       !- Heating Maximum Air Flow per Zone Floor Area {m3/s-m2}
  ,                                       !- Heating Maximum Air Flow {m3/s}
  ,                                       !- Heating Maximum Air Flow Fraction
  No,                                     !- Account for Dedicated Outdoor Air System
  NeutralSupplyAir,                       !- Dedicated Outdoor Air System Control Strategy
  autosize,                               !- Dedicated Outdoor Air Low Setpoint Temperature for Design {C}
  autosize,                               !- Dedicated Outdoor Air High Setpoint Temperature for Design {C}
  Sensible Load Only No Latent Load,      !- Zone Load Sizing Method
  HumidityRatioDifference,                !- Zone Latent Cooling Design Supply Air Humidity Ratio Input Method
  ,                                       !- Zone Dehumidification Design Supply Air Humidity Ratio {kgWater/kgDryAir}
  0.005,                                  !- Zone Cooling Design Supply Air Humidity Ratio Difference {kgWater/kgDryAir}
  HumidityRatioDifference,                !- Zone Latent Heating Design Supply Air Humidity Ratio Input Method
  ,                                       !- Zone Humidification Design Supply Air Humidity Ratio {kgWater/kgDryAir}
  0.005;                                  !- Zone Humidification Design Supply Air Humidity Ratio Difference {kgWater/kgDryAir}

OS:ZoneHVAC:EquipmentList,
  {db62c52a-fbb5-45ec-893e-995ffd4465e8}, !- Handle
  Zone HVAC Equipment List 3,             !- Name
  {32b5ba40-e0f2-40e7-9e52-080100a0c6b2}; !- Thermal Zone

OS:Space,
  {4782791d-09a7-4a6d-8655-d2a75932a8c7}, !- Handle
  air source heat pump airloop ret air space, !- Name
  ,                                       !- Space Type Name
  ,                                       !- Default Construction Set Name
  ,                                       !- Default Schedule Set Name
  ,                                       !- Direction of Relative North {deg}
  ,                                       !- X Origin {m}
  ,                                       !- Y Origin {m}
  ,                                       !- Z Origin {m}
  ,                                       !- Building Story Name
  {32b5ba40-e0f2-40e7-9e52-080100a0c6b2}, !- Thermal Zone Name
  ,                                       !- Part of Total Floor Area
  ,                                       !- Design Specification Outdoor Air Object Name
  {10fb000f-ea01-4237-a83d-dedc65ce5a78}; !- Building Unit Name

OS:Surface,
  {92b77756-2cea-4f73-922b-dd037b95eaf9}, !- Handle
  Surface 1,                              !- Name
  Floor,                                  !- Surface Type
  {195f86cf-e498-46a4-b612-6c2063bb1236}, !- Construction Name
  {4782791d-09a7-4a6d-8655-d2a75932a8c7}, !- Space Name
  Adiabatic,                              !- Outside Boundary Condition
  ,                                       !- Outside Boundary Condition Object
  NoSun,                                  !- Sun Exposure
  NoWind,                                 !- Wind Exposure
  ,                                       !- View Factor to Ground
  ,                                       !- Number of Vertices
  0, 0, 0,                                !- X,Y,Z Vertex 1 {m}
  0, 1, 0,                                !- X,Y,Z Vertex 2 {m}
  1, 1, 0,                                !- X,Y,Z Vertex 3 {m}
  1, 0, 0;                                !- X,Y,Z Vertex 4 {m}

OS:Surface,
  {7d156e65-b999-46de-b4ba-39ebe6401826}, !- Handle
  Surface 2,                              !- Name
  Wall,                                   !- Surface Type
  {195f86cf-e498-46a4-b612-6c2063bb1236}, !- Construction Name
  {4782791d-09a7-4a6d-8655-d2a75932a8c7}, !- Space Name
  Adiabatic,                              !- Outside Boundary Condition
  ,                                       !- Outside Boundary Condition Object
  NoSun,                                  !- Sun Exposure
  NoWind,                                 !- Wind Exposure
  ,                                       !- View Factor to Ground
  ,                                       !- Number of Vertices
  0, 0, 1,                                !- X,Y,Z Vertex 1 {m}
  0, 1, 1,                                !- X,Y,Z Vertex 2 {m}
  0, 1, 0,                                !- X,Y,Z Vertex 3 {m}
  0, 0, 0;                                !- X,Y,Z Vertex 4 {m}

OS:Surface,
  {8cb9b8ae-4a16-4eae-9f71-9d7801cdf579}, !- Handle
  Surface 3,                              !- Name
  Wall,                                   !- Surface Type
  {195f86cf-e498-46a4-b612-6c2063bb1236}, !- Construction Name
  {4782791d-09a7-4a6d-8655-d2a75932a8c7}, !- Space Name
  Adiabatic,                              !- Outside Boundary Condition
  ,                                       !- Outside Boundary Condition Object
  NoSun,                                  !- Sun Exposure
  NoWind,                                 !- Wind Exposure
  ,                                       !- View Factor to Ground
  ,                                       !- Number of Vertices
  0, 1, 1,                                !- X,Y,Z Vertex 1 {m}
  1, 1, 1,                                !- X,Y,Z Vertex 2 {m}
  1, 1, 0,                                !- X,Y,Z Vertex 3 {m}
  0, 1, 0;                                !- X,Y,Z Vertex 4 {m}

OS:Surface,
  {99391dc7-0258-4d89-99de-2fd3833b95bb}, !- Handle
  Surface 4,                              !- Name
  Wall,                                   !- Surface Type
  {195f86cf-e498-46a4-b612-6c2063bb1236}, !- Construction Name
  {4782791d-09a7-4a6d-8655-d2a75932a8c7}, !- Space Name
  Adiabatic,                              !- Outside Boundary Condition
  ,                                       !- Outside Boundary Condition Object
  NoSun,                                  !- Sun Exposure
  NoWind,                                 !- Wind Exposure
  ,                                       !- View Factor to Ground
  ,                                       !- Number of Vertices
  1, 1, 1,                                !- X,Y,Z Vertex 1 {m}
  1, 0, 1,                                !- X,Y,Z Vertex 2 {m}
  1, 0, 0,                                !- X,Y,Z Vertex 3 {m}
  1, 1, 0;                                !- X,Y,Z Vertex 4 {m}

OS:Surface,
  {ac0dc1e7-e7e7-4a7d-add9-db194ae8c696}, !- Handle
  Surface 5,                              !- Name
  Wall,                                   !- Surface Type
  {195f86cf-e498-46a4-b612-6c2063bb1236}, !- Construction Name
  {4782791d-09a7-4a6d-8655-d2a75932a8c7}, !- Space Name
  Adiabatic,                              !- Outside Boundary Condition
  ,                                       !- Outside Boundary Condition Object
  NoSun,                                  !- Sun Exposure
  NoWind,                                 !- Wind Exposure
  ,                                       !- View Factor to Ground
  ,                                       !- Number of Vertices
  1, 0, 1,                                !- X,Y,Z Vertex 1 {m}
  0, 0, 1,                                !- X,Y,Z Vertex 2 {m}
  0, 0, 0,                                !- X,Y,Z Vertex 3 {m}
  1, 0, 0;                                !- X,Y,Z Vertex 4 {m}

OS:Surface,
  {17f33db6-cd69-44fe-8350-03e9c02634a2}, !- Handle
  Surface 6,                              !- Name
  RoofCeiling,                            !- Surface Type
  {195f86cf-e498-46a4-b612-6c2063bb1236}, !- Construction Name
  {4782791d-09a7-4a6d-8655-d2a75932a8c7}, !- Space Name
  Adiabatic,                              !- Outside Boundary Condition
  ,                                       !- Outside Boundary Condition Object
  NoSun,                                  !- Sun Exposure
  NoWind,                                 !- Wind Exposure
  ,                                       !- View Factor to Ground
  ,                                       !- Number of Vertices
  1, 0, 1,                                !- X,Y,Z Vertex 1 {m}
  1, 1, 1,                                !- X,Y,Z Vertex 2 {m}
  0, 1, 1,                                !- X,Y,Z Vertex 3 {m}
  0, 0, 1;                                !- X,Y,Z Vertex 4 {m}

OS:Material:NoMass,
  {fa5c7913-1e5b-4dc2-ac57-a725180e8705}, !- Handle
  Adiabatic,                              !- Name
  Rough,                                  !- Roughness
  176.1;                                  !- Thermal Resistance {m2-K/W}

OS:Construction,
  {195f86cf-e498-46a4-b612-6c2063bb1236}, !- Handle
  AdiabaticConst,                         !- Name
  ,                                       !- Surface Rendering Name
  {fa5c7913-1e5b-4dc2-ac57-a725180e8705}; !- Layer 1

OS:SurfaceProperty:ConvectionCoefficients,
  {018f5279-a8b8-4cdd-be27-2a02327a3187}, !- Handle
  {99391dc7-0258-4d89-99de-2fd3833b95bb}, !- Surface Name
  Inside,                                 !- Convection Coefficient 1 Location
  Value,                                  !- Convection Coefficient 1 Type
  30;                                     !- Convection Coefficient 1 {W/m2-K}

OS:SurfaceProperty:ConvectionCoefficients,
  {4853475b-6cc3-4808-bc6c-ab209d71d5ba}, !- Handle
  {ac0dc1e7-e7e7-4a7d-add9-db194ae8c696}, !- Surface Name
  Inside,                                 !- Convection Coefficient 1 Location
  Value,                                  !- Convection Coefficient 1 Type
  30;                                     !- Convection Coefficient 1 {W/m2-K}

OS:SurfaceProperty:ConvectionCoefficients,
  {27cfe738-bbdd-4925-aac0-c64ae47a2e78}, !- Handle
  {7d156e65-b999-46de-b4ba-39ebe6401826}, !- Surface Name
  Inside,                                 !- Convection Coefficient 1 Location
  Value,                                  !- Convection Coefficient 1 Type
  30;                                     !- Convection Coefficient 1 {W/m2-K}

OS:SurfaceProperty:ConvectionCoefficients,
  {33aade45-6e83-401c-8038-909667aa4af9}, !- Handle
  {8cb9b8ae-4a16-4eae-9f71-9d7801cdf579}, !- Surface Name
  Inside,                                 !- Convection Coefficient 1 Location
  Value,                                  !- Convection Coefficient 1 Type
  30;                                     !- Convection Coefficient 1 {W/m2-K}

OS:SurfaceProperty:ConvectionCoefficients,
  {ec2e1fcc-e153-41df-93b3-f1fb04d90035}, !- Handle
  {17f33db6-cd69-44fe-8350-03e9c02634a2}, !- Surface Name
  Inside,                                 !- Convection Coefficient 1 Location
  Value,                                  !- Convection Coefficient 1 Type
  30;                                     !- Convection Coefficient 1 {W/m2-K}

OS:SurfaceProperty:ConvectionCoefficients,
  {e9459e64-68ba-4714-9d22-ebe10d2e49b2}, !- Handle
  {92b77756-2cea-4f73-922b-dd037b95eaf9}, !- Surface Name
  Inside,                                 !- Convection Coefficient 1 Location
  Value,                                  !- Convection Coefficient 1 Type
  30;                                     !- Convection Coefficient 1 {W/m2-K}

OS:AirLoopHVAC:ReturnPlenum,
  {7afe392f-3495-44ea-b3a6-54f7f127acdd}, !- Handle
  Air Loop HVAC Return Plenum 1,          !- Name
  {32b5ba40-e0f2-40e7-9e52-080100a0c6b2}, !- ThermalZone
  {c85e1797-923d-49de-b8e7-3a7eb33c5a36}, !- Outlet Node
  ,                                       !- Induced Air Outlet Port List
  {5a24aece-7942-4982-8b92-1c8af8f78164}; !- Inlet Node 1

OS:Node,
  {deac331c-d8de-45dd-b209-531e623aa282}, !- Handle
  Node 24,                                !- Name
  {c85e1797-923d-49de-b8e7-3a7eb33c5a36}, !- Inlet Port
  {03e50afe-3234-49a4-927d-1b4da8933f39}; !- Outlet Port

OS:Connection,
  {5a24aece-7942-4982-8b92-1c8af8f78164}, !- Handle
  {78765e61-a7df-4661-a65f-1a3d0ff0e648}, !- Source Object
  3,                                      !- Outlet Port
  {7afe392f-3495-44ea-b3a6-54f7f127acdd}, !- Target Object
  5;                                      !- Inlet Port

OS:Connection,
  {c85e1797-923d-49de-b8e7-3a7eb33c5a36}, !- Handle
  {7afe392f-3495-44ea-b3a6-54f7f127acdd}, !- Source Object
  3,                                      !- Outlet Port
  {deac331c-d8de-45dd-b209-531e623aa282}, !- Target Object
  2;                                      !- Inlet Port

OS:Connection,
  {03e50afe-3234-49a4-927d-1b4da8933f39}, !- Handle
  {deac331c-d8de-45dd-b209-531e623aa282}, !- Source Object
  3,                                      !- Outlet Port
  {f9204d18-26e6-4cb1-b321-980da1615fa0}, !- Target Object
  3;                                      !- Inlet Port

OS:EnergyManagementSystem:GlobalVariable,
  {923d3dff-73eb-430a-b7fb-efea9ad31824}, !- Handle
  air_source_heat_pump_airloop_AH_MFR;    !- Name

OS:EnergyManagementSystem:Sensor,
  {4f0b122b-f813-4149-af27-3a02b4fc798f}, !- Handle
  air_source_heat_pump_airloop_AH_MFR_s,  !- Name
  Node 5,                                 !- Output Variable or Output Meter Index Key Name
  System Node Mass Flow Rate;             !- Output Variable or Output Meter Name

OS:EnergyManagementSystem:GlobalVariable,
  {82fb25ce-ee3e-4a7e-b577-a974bdbaee57}, !- Handle
  air_source_heat_pump_airloop_AH_VFR;    !- Name

OS:EnergyManagementSystem:Sensor,
  {bb406a0f-a8ad-44f3-9563-683944deca00}, !- Handle
  air_source_heat_pump_airloop_AH_VFR_s,  !- Name
  Node 5,                                 !- Output Variable or Output Meter Index Key Name
  System Node Current Density Volume Flow Rate; !- Output Variable or Output Meter Name

OS:EnergyManagementSystem:GlobalVariable,
  {525cf75d-cd8e-44cf-bf7f-e9dc6db0153a}, !- Handle
  air_source_heat_pump_airloop_AH_Tout;   !- Name

OS:EnergyManagementSystem:Sensor,
  {9fd5dfaf-e148-4a5a-bb56-0df3a9fac726}, !- Handle
  air_source_heat_pump_airloop_AH_Tout_s, !- Name
  Node 5,                                 !- Output Variable or Output Meter Index Key Name
  System Node Temperature;                !- Output Variable or Output Meter Name

OS:EnergyManagementSystem:GlobalVariable,
  {84a0957e-a7ee-446c-81ce-723650e5487d}, !- Handle
  air_source_heat_pump_airloop_AH_Wout;   !- Name

OS:EnergyManagementSystem:Sensor,
  {0aa6ffc0-8550-4b55-8025-ffae7766a5e6}, !- Handle
  air_source_heat_pump_airloop_AH_Wout_s, !- Name
  Node 5,                                 !- Output Variable or Output Meter Index Key Name
  System Node Humidity Ratio;             !- Output Variable or Output Meter Name

OS:EnergyManagementSystem:GlobalVariable,
  {4c1fd01e-e8da-4677-9b32-d514c428109a}, !- Handle
  air_source_heat_pump_airloop_RA_T;      !- Name

OS:EnergyManagementSystem:Sensor,
  {92c00b43-a4dd-44ca-9c36-ace87f5f139b}, !- Handle
  air_source_heat_pump_airloop_RA_T_s,    !- Name
  Node 8,                                 !- Output Variable or Output Meter Index Key Name
  System Node Temperature;                !- Output Variable or Output Meter Name

OS:EnergyManagementSystem:GlobalVariable,
  {9b175bec-be56-4c7e-a0db-f3a9bdc78155}, !- Handle
  air_source_heat_pump_airloop_Ra_W;      !- Name

OS:EnergyManagementSystem:Sensor,
  {eb0df2e6-7e06-41e9-b3ae-0277f5da8fc6}, !- Handle
  air_source_heat_pump_airloop_Ra_W_s,    !- Name
  Node 8,                                 !- Output Variable or Output Meter Index Key Name
  System Node Humidity Ratio;             !- Output Variable or Output Meter Name

OS:EnergyManagementSystem:GlobalVariable,
  {0848b79d-ca76-4bf4-ae73-477545a5e548}, !- Handle
  air_source_heat_pump_airloop_0_DZ_T;    !- Name

OS:EnergyManagementSystem:Sensor,
  {25c8f329-7e34-47d5-b762-46f54926fccd}, !- Handle
  air_source_heat_pump_airloop_0_DZ_T_s,  !- Name
  attic - vented,                         !- Output Variable or Output Meter Index Key Name
  Zone Air Temperature;                   !- Output Variable or Output Meter Name

OS:EnergyManagementSystem:GlobalVariable,
  {18d5d79e-ea39-4fc9-af60-ba72ca30d321}, !- Handle
  air_source_heat_pump_airloop_0_DZ_W;    !- Name

OS:EnergyManagementSystem:Sensor,
  {29ab3529-f28d-48ce-8962-424754816bfc}, !- Handle
  air_source_heat_pump_airloop_0_DZ_W_s,  !- Name
  attic - vented,                         !- Output Variable or Output Meter Index Key Name
  Zone Mean Air Humidity Ratio;           !- Output Variable or Output Meter Name

OS:EnergyManagementSystem:GlobalVariable,
  {d8a5636e-f8d6-4678-b980-35e7252d9fb5}, !- Handle
  air_source_heat_pump_airloop_0_SupSensLkToCond; !- Name

OS:OtherEquipment:Definition,
  {17842b8c-c1ae-46a3-bf03-eed3f03cb245}, !- Handle
  air_source_heat_pump_airloop_0_SupSensLkToCond equip, !- Name
  EquipmentLevel,                         !- Design Level Calculation Method
  0,                                      !- Design Level {W}
  ,                                       !- Watts per Space Floor Area {W/m2}
  ,                                       !- Watts per Person {W/Person}
  0,                                      !- Fraction Latent
  0,                                      !- Fraction Radiant
  0;                                      !- Fraction Lost

OS:OtherEquipment,
  {da193ec0-c2ad-4be7-a39f-989da174d84e}, !- Handle
  air_source_heat_pump_airloop_0_SupSensLkToCond equip, !- Name
  {17842b8c-c1ae-46a3-bf03-eed3f03cb245}, !- Other Equipment Definition Name
  {ebd3c336-575b-4630-bea9-fcaa44ab29b9}, !- Space or SpaceType Name
  {772134ef-f20f-468a-a465-ea0085c064a4}, !- Schedule Name
  ,                                       !- Multiplier
  None,                                   !- Fuel Type
  duct load;                              !- End-Use Subcategory

OS:EnergyManagementSystem:Actuator,
  {e8baefda-a2a1-4ddb-b524-abad58e4aecd}, !- Handle
  air_source_heat_pump_airloop_0_SupSensLkToCond_equip_act, !- Name
  {da193ec0-c2ad-4be7-a39f-989da174d84e}, !- Actuated Component Name
  OtherEquipment,                         !- Actuated Component Type
  Power Level,                            !- Actuated Component Control Type
  {ebd3c336-575b-4630-bea9-fcaa44ab29b9}; !- Zone or Space Name

OS:EnergyManagementSystem:GlobalVariable,
  {fe9b5f25-8430-4580-8244-df4f443dfffa}, !- Handle
  air_source_heat_pump_airloop_0_SupLatLkToCond; !- Name

OS:OtherEquipment:Definition,
  {7f6d6cd1-c8d4-4765-be07-57e58ddf0b4f}, !- Handle
  air_source_heat_pump_airloop_0_SupLatLkToCond equip, !- Name
  EquipmentLevel,                         !- Design Level Calculation Method
  0,                                      !- Design Level {W}
  ,                                       !- Watts per Space Floor Area {W/m2}
  ,                                       !- Watts per Person {W/Person}
  1,                                      !- Fraction Latent
  0,                                      !- Fraction Radiant
  0;                                      !- Fraction Lost

OS:OtherEquipment,
  {2a42099f-4af4-4c6f-aef6-7b5bd84780a4}, !- Handle
  air_source_heat_pump_airloop_0_SupLatLkToCond equip, !- Name
  {7f6d6cd1-c8d4-4765-be07-57e58ddf0b4f}, !- Other Equipment Definition Name
  {ebd3c336-575b-4630-bea9-fcaa44ab29b9}, !- Space or SpaceType Name
  {772134ef-f20f-468a-a465-ea0085c064a4}, !- Schedule Name
  ,                                       !- Multiplier
  None,                                   !- Fuel Type
  duct load;                              !- End-Use Subcategory

OS:EnergyManagementSystem:Actuator,
  {b65d0661-4bdb-4b1c-b013-3854a6d9edf0}, !- Handle
  air_source_heat_pump_airloop_0_SupLatLkToCond_equip_act, !- Name
  {2a42099f-4af4-4c6f-aef6-7b5bd84780a4}, !- Actuated Component Name
  OtherEquipment,                         !- Actuated Component Type
  Power Level,                            !- Actuated Component Control Type
  {ebd3c336-575b-4630-bea9-fcaa44ab29b9}; !- Zone or Space Name

OS:EnergyManagementSystem:GlobalVariable,
  {9483760a-1977-4320-84a9-c61fa3493e99}, !- Handle
  air_source_heat_pump_airloop_0_SupCondToLv; !- Name

OS:OtherEquipment:Definition,
  {084062bd-91e4-4393-b0f6-b121cb560bf0}, !- Handle
  air_source_heat_pump_airloop_0_SupCondToLv equip, !- Name
  EquipmentLevel,                         !- Design Level Calculation Method
  0,                                      !- Design Level {W}
  ,                                       !- Watts per Space Floor Area {W/m2}
  ,                                       !- Watts per Person {W/Person}
  0,                                      !- Fraction Latent
  0,                                      !- Fraction Radiant
  0;                                      !- Fraction Lost

OS:OtherEquipment,
  {06a04328-2a99-40c6-9c71-8edb0cac2b28}, !- Handle
  air_source_heat_pump_airloop_0_SupCondToLv equip, !- Name
  {084062bd-91e4-4393-b0f6-b121cb560bf0}, !- Other Equipment Definition Name
  {ebd3c336-575b-4630-bea9-fcaa44ab29b9}, !- Space or SpaceType Name
  {772134ef-f20f-468a-a465-ea0085c064a4}, !- Schedule Name
  ,                                       !- Multiplier
  None,                                   !- Fuel Type
  duct load;                              !- End-Use Subcategory

OS:EnergyManagementSystem:Actuator,
  {aad7a10e-8f25-42f7-a2f4-d1a3ea83fb4c}, !- Handle
  air_source_heat_pump_airloop_0_SupCondToLv_equip_act, !- Name
  {06a04328-2a99-40c6-9c71-8edb0cac2b28}, !- Actuated Component Name
  OtherEquipment,                         !- Actuated Component Type
  Power Level,                            !- Actuated Component Control Type
  {ebd3c336-575b-4630-bea9-fcaa44ab29b9}; !- Zone or Space Name

OS:EnergyManagementSystem:GlobalVariable,
  {db96545f-fbfd-4778-b0dc-4dea342a65be}, !- Handle
  air_source_heat_pump_airloop_0_RetCondToRP; !- Name

OS:OtherEquipment:Definition,
  {63fb551a-1873-4a2d-a5af-9c1e2680e617}, !- Handle
  air_source_heat_pump_airloop_0_RetCondToRP equip, !- Name
  EquipmentLevel,                         !- Design Level Calculation Method
  0,                                      !- Design Level {W}
  ,                                       !- Watts per Space Floor Area {W/m2}
  ,                                       !- Watts per Person {W/Person}
  0,                                      !- Fraction Latent
  0,                                      !- Fraction Radiant
  0;                                      !- Fraction Lost

OS:OtherEquipment,
  {a187804e-5faa-4742-af5b-c30ef8d860a4}, !- Handle
  air_source_heat_pump_airloop_0_RetCondToRP equip, !- Name
  {63fb551a-1873-4a2d-a5af-9c1e2680e617}, !- Other Equipment Definition Name
  {4782791d-09a7-4a6d-8655-d2a75932a8c7}, !- Space or SpaceType Name
  {772134ef-f20f-468a-a465-ea0085c064a4}, !- Schedule Name
  ,                                       !- Multiplier
  None,                                   !- Fuel Type
  duct load;                              !- End-Use Subcategory

OS:EnergyManagementSystem:Actuator,
  {8471dff8-ba78-4d89-af6b-20a5147daf1e}, !- Handle
  air_source_heat_pump_airloop_0_RetCondToRP_equip_act, !- Name
  {a187804e-5faa-4742-af5b-c30ef8d860a4}, !- Actuated Component Name
  OtherEquipment,                         !- Actuated Component Type
  Power Level,                            !- Actuated Component Control Type
  {4782791d-09a7-4a6d-8655-d2a75932a8c7}; !- Zone or Space Name

OS:EnergyManagementSystem:GlobalVariable,
  {576be3a4-595d-4477-8590-9e47ec8bdf25}, !- Handle
  air_source_heat_pump_airloop_0_RetSensLkToRP; !- Name

OS:OtherEquipment:Definition,
  {d5d5dc3a-3600-44e0-a0d1-63ea6eb3779f}, !- Handle
  air_source_heat_pump_airloop_0_RetSensLkToRP equip, !- Name
  EquipmentLevel,                         !- Design Level Calculation Method
  0,                                      !- Design Level {W}
  ,                                       !- Watts per Space Floor Area {W/m2}
  ,                                       !- Watts per Person {W/Person}
  0,                                      !- Fraction Latent
  0,                                      !- Fraction Radiant
  0;                                      !- Fraction Lost

OS:OtherEquipment,
  {4fa39cdf-f8eb-42a8-a6a5-0d09932f05d9}, !- Handle
  air_source_heat_pump_airloop_0_RetSensLkToRP equip, !- Name
  {d5d5dc3a-3600-44e0-a0d1-63ea6eb3779f}, !- Other Equipment Definition Name
  {4782791d-09a7-4a6d-8655-d2a75932a8c7}, !- Space or SpaceType Name
  {772134ef-f20f-468a-a465-ea0085c064a4}, !- Schedule Name
  ,                                       !- Multiplier
  None,                                   !- Fuel Type
  duct load;                              !- End-Use Subcategory

OS:EnergyManagementSystem:Actuator,
  {a02663a6-264b-428c-bb5d-da053b06472c}, !- Handle
  air_source_heat_pump_airloop_0_RetSensLkToRP_equip_act, !- Name
  {4fa39cdf-f8eb-42a8-a6a5-0d09932f05d9}, !- Actuated Component Name
  OtherEquipment,                         !- Actuated Component Type
  Power Level,                            !- Actuated Component Control Type
  {4782791d-09a7-4a6d-8655-d2a75932a8c7}; !- Zone or Space Name

OS:EnergyManagementSystem:GlobalVariable,
  {f07d98da-1d74-44fc-9afa-e091552d5f60}, !- Handle
  air_source_heat_pump_airloop_0_RetLatLkToRP; !- Name

OS:OtherEquipment:Definition,
  {26e620ae-f881-48b6-85c2-4772b428ff01}, !- Handle
  air_source_heat_pump_airloop_0_RetLatLkToRP equip, !- Name
  EquipmentLevel,                         !- Design Level Calculation Method
  0,                                      !- Design Level {W}
  ,                                       !- Watts per Space Floor Area {W/m2}
  ,                                       !- Watts per Person {W/Person}
  1,                                      !- Fraction Latent
  0,                                      !- Fraction Radiant
  0;                                      !- Fraction Lost

OS:OtherEquipment,
  {5c43ea05-b6c2-4c87-b3a1-e3dbe8b3e834}, !- Handle
  air_source_heat_pump_airloop_0_RetLatLkToRP equip, !- Name
  {26e620ae-f881-48b6-85c2-4772b428ff01}, !- Other Equipment Definition Name
  {4782791d-09a7-4a6d-8655-d2a75932a8c7}, !- Space or SpaceType Name
  {772134ef-f20f-468a-a465-ea0085c064a4}, !- Schedule Name
  ,                                       !- Multiplier
  None,                                   !- Fuel Type
  duct load;                              !- End-Use Subcategory

OS:EnergyManagementSystem:Actuator,
  {d07d49af-8666-4425-b066-77b4ff47364f}, !- Handle
  air_source_heat_pump_airloop_0_RetLatLkToRP_equip_act, !- Name
  {5c43ea05-b6c2-4c87-b3a1-e3dbe8b3e834}, !- Actuated Component Name
  OtherEquipment,                         !- Actuated Component Type
  Power Level,                            !- Actuated Component Control Type
  {4782791d-09a7-4a6d-8655-d2a75932a8c7}; !- Zone or Space Name

OS:EnergyManagementSystem:GlobalVariable,
  {972815ae-4292-4c63-a0df-ea66a48b9790}, !- Handle
  air_source_heat_pump_airloop_0_SupCondToDZ; !- Name

OS:OtherEquipment:Definition,
  {cf5ae79d-9db5-4e64-9c2b-e1550b4f9ed2}, !- Handle
  air_source_heat_pump_airloop_0_SupCondToDZ equip, !- Name
  EquipmentLevel,                         !- Design Level Calculation Method
  0,                                      !- Design Level {W}
  ,                                       !- Watts per Space Floor Area {W/m2}
  ,                                       !- Watts per Person {W/Person}
  0,                                      !- Fraction Latent
  0,                                      !- Fraction Radiant
  0;                                      !- Fraction Lost

OS:OtherEquipment,
  {e7018790-f6e8-4e7e-92a5-050597dc00a3}, !- Handle
  air_source_heat_pump_airloop_0_SupCondToDZ equip, !- Name
  {cf5ae79d-9db5-4e64-9c2b-e1550b4f9ed2}, !- Other Equipment Definition Name
  {685f02b5-e525-4b97-bfdf-29605a1cb691}, !- Space or SpaceType Name
  {772134ef-f20f-468a-a465-ea0085c064a4}, !- Schedule Name
  ,                                       !- Multiplier
  None,                                   !- Fuel Type
  General;                                !- End-Use Subcategory

OS:EnergyManagementSystem:Actuator,
  {5d2c4181-17e6-403d-8f48-65ad616cecb6}, !- Handle
  air_source_heat_pump_airloop_0_SupCondToDZ_equip_act, !- Name
  {e7018790-f6e8-4e7e-92a5-050597dc00a3}, !- Actuated Component Name
  OtherEquipment,                         !- Actuated Component Type
  Power Level,                            !- Actuated Component Control Type
  {685f02b5-e525-4b97-bfdf-29605a1cb691}; !- Zone or Space Name

OS:EnergyManagementSystem:GlobalVariable,
  {09d89689-370a-447a-8084-15a690ee2b59}, !- Handle
  air_source_heat_pump_airloop_0_RetCondToDZ; !- Name

OS:OtherEquipment:Definition,
  {41b011b7-56ec-4b36-816e-28671a7a9110}, !- Handle
  air_source_heat_pump_airloop_0_RetCondToDZ equip, !- Name
  EquipmentLevel,                         !- Design Level Calculation Method
  0,                                      !- Design Level {W}
  ,                                       !- Watts per Space Floor Area {W/m2}
  ,                                       !- Watts per Person {W/Person}
  0,                                      !- Fraction Latent
  0,                                      !- Fraction Radiant
  0;                                      !- Fraction Lost

OS:OtherEquipment,
  {b4de38a9-c2b8-4cc4-8c9c-6b43af05a2e9}, !- Handle
  air_source_heat_pump_airloop_0_RetCondToDZ equip, !- Name
  {41b011b7-56ec-4b36-816e-28671a7a9110}, !- Other Equipment Definition Name
  {685f02b5-e525-4b97-bfdf-29605a1cb691}, !- Space or SpaceType Name
  {772134ef-f20f-468a-a465-ea0085c064a4}, !- Schedule Name
  ,                                       !- Multiplier
  None,                                   !- Fuel Type
  General;                                !- End-Use Subcategory

OS:EnergyManagementSystem:Actuator,
  {bfb7e852-de0e-4d54-9904-1315814dc7a5}, !- Handle
  air_source_heat_pump_airloop_0_RetCondToDZ_equip_act, !- Name
  {b4de38a9-c2b8-4cc4-8c9c-6b43af05a2e9}, !- Actuated Component Name
  OtherEquipment,                         !- Actuated Component Type
  Power Level,                            !- Actuated Component Control Type
  {685f02b5-e525-4b97-bfdf-29605a1cb691}; !- Zone or Space Name

OS:EnergyManagementSystem:GlobalVariable,
  {7231c905-aa81-4f5b-a32d-3408a986e042}, !- Handle
  air_source_heat_pump_airloop_0_SupSensLkToDZ; !- Name

OS:OtherEquipment:Definition,
  {0331c36b-53b9-4e4e-a1bb-56c0cf61429a}, !- Handle
  air_source_heat_pump_airloop_0_SupSensLkToDZ equip, !- Name
  EquipmentLevel,                         !- Design Level Calculation Method
  0,                                      !- Design Level {W}
  ,                                       !- Watts per Space Floor Area {W/m2}
  ,                                       !- Watts per Person {W/Person}
  0,                                      !- Fraction Latent
  0,                                      !- Fraction Radiant
  0;                                      !- Fraction Lost

OS:OtherEquipment,
  {683d2f67-f66b-4d9a-bbe5-98a86f29afc5}, !- Handle
  air_source_heat_pump_airloop_0_SupSensLkToDZ equip, !- Name
  {0331c36b-53b9-4e4e-a1bb-56c0cf61429a}, !- Other Equipment Definition Name
  {685f02b5-e525-4b97-bfdf-29605a1cb691}, !- Space or SpaceType Name
  {772134ef-f20f-468a-a465-ea0085c064a4}, !- Schedule Name
  ,                                       !- Multiplier
  None,                                   !- Fuel Type
  General;                                !- End-Use Subcategory

OS:EnergyManagementSystem:Actuator,
  {28857166-1ffa-42c2-9c48-bbfa4e75b4e4}, !- Handle
  air_source_heat_pump_airloop_0_SupSensLkToDZ_equip_act, !- Name
  {683d2f67-f66b-4d9a-bbe5-98a86f29afc5}, !- Actuated Component Name
  OtherEquipment,                         !- Actuated Component Type
  Power Level,                            !- Actuated Component Control Type
  {685f02b5-e525-4b97-bfdf-29605a1cb691}; !- Zone or Space Name

OS:EnergyManagementSystem:GlobalVariable,
  {2fc45afc-06a0-4c5d-8bcb-36dfd01232c6}, !- Handle
  air_source_heat_pump_airloop_0_SupLatLkToDZ; !- Name

OS:OtherEquipment:Definition,
  {289fec5f-46bb-480e-84b9-9eedce6375c9}, !- Handle
  air_source_heat_pump_airloop_0_SupLatLkToDZ equip, !- Name
  EquipmentLevel,                         !- Design Level Calculation Method
  0,                                      !- Design Level {W}
  ,                                       !- Watts per Space Floor Area {W/m2}
  ,                                       !- Watts per Person {W/Person}
  1,                                      !- Fraction Latent
  0,                                      !- Fraction Radiant
  0;                                      !- Fraction Lost

OS:OtherEquipment,
  {923760db-0784-4149-ba5d-2b47599556d8}, !- Handle
  air_source_heat_pump_airloop_0_SupLatLkToDZ equip, !- Name
  {289fec5f-46bb-480e-84b9-9eedce6375c9}, !- Other Equipment Definition Name
  {685f02b5-e525-4b97-bfdf-29605a1cb691}, !- Space or SpaceType Name
  {772134ef-f20f-468a-a465-ea0085c064a4}, !- Schedule Name
  ,                                       !- Multiplier
  None,                                   !- Fuel Type
  General;                                !- End-Use Subcategory

OS:EnergyManagementSystem:Actuator,
  {2790fe05-867a-4bb7-9757-c702ccb760e3}, !- Handle
  air_source_heat_pump_airloop_0_SupLatLkToDZ_equip_act, !- Name
  {923760db-0784-4149-ba5d-2b47599556d8}, !- Actuated Component Name
  OtherEquipment,                         !- Actuated Component Type
  Power Level,                            !- Actuated Component Control Type
  {685f02b5-e525-4b97-bfdf-29605a1cb691}; !- Zone or Space Name

OS:EnergyManagementSystem:GlobalVariable,
  {f71b5194-8042-418e-9709-fd711e0fb249}, !- Handle
  air_source_heat_pump_airloop_0_ZoneMixDZToCond; !- Name

OS:ZoneMixing,
  {dff7101a-7d7b-44f5-b3ff-03f1226a7e4c}, !- Handle
  air_source_heat_pump_airloop_0_ZoneMixDZToCond mix, !- Name
  {94e82864-d97b-409a-8a34-e0c56475184d}, !- Zone or Space Name
  {d5fde7df-37b0-45b5-9097-942071865017}, !- Schedule Name
  Flow/Zone,                              !- Design Flow Rate Calculation Method
  0,                                      !- Design Flow Rate {m3/s}
  ,                                       !- Flow Rate per Floor Area {m3/s-m2}
  ,                                       !- Flow Rate per Person {m3/s-person}
  ,                                       !- Air Changes per Hour {1/hr}
  {174bd611-3974-4d3e-9df7-91e6a9eb9234}, !- Source Zone or Space Name
  ,                                       !- Delta Temperature {deltaC}
  ,                                       !- Delta Temperature Schedule Name
  ,                                       !- Minimum Receiving Temperature Schedule Name
  ,                                       !- Maximum Receiving Temperature Schedule Name
  ,                                       !- Minimum Source Temperature Schedule Name
  ,                                       !- Maximum Source Temperature Schedule Name
  ,                                       !- Minimum Outdoor Temperature Schedule Name
  ;                                       !- Maximum Outdoor Temperature Schedule Name

OS:Schedule:Constant,
  {d5fde7df-37b0-45b5-9097-942071865017}, !- Handle
  Always On Continuous,                   !- Name
  {d21970f5-0dd6-4c6a-a178-7c504c564736}, !- Schedule Type Limits Name
  1;                                      !- Value

OS:ScheduleTypeLimits,
  {d21970f5-0dd6-4c6a-a178-7c504c564736}, !- Handle
  Fractional 1,                           !- Name
  0,                                      !- Lower Limit Value
  1,                                      !- Upper Limit Value
  Continuous,                             !- Numeric Type
  ;                                       !- Unit Type

OS:EnergyManagementSystem:Actuator,
  {221d5bfd-5827-44fb-a319-5d705084782d}, !- Handle
  air_source_heat_pump_airloop_0_ZoneMixDZToCond_mix_act, !- Name
  {dff7101a-7d7b-44f5-b3ff-03f1226a7e4c}, !- Actuated Component Name
  ZoneMixing,                             !- Actuated Component Type
  Air Exchange Flow Rate,                 !- Actuated Component Control Type
  ;                                       !- Zone or Space Name

OS:AdditionalProperties,
  {88c81c79-5f54-445a-9be8-cf50403df240}, !- Handle
  {dff7101a-7d7b-44f5-b3ff-03f1226a7e4c}, !- Object Name
  ObjectType,                             !- Feature Name 1
  String,                                 !- Feature Data Type 1
  duct load;                              !- Feature Value 1

OS:EnergyManagementSystem:GlobalVariable,
  {b6b53869-bce8-4ca2-977c-a9f891709af8}, !- Handle
  air_source_heat_pump_airloop_0_ZoneMixCondToDZ; !- Name

OS:ZoneMixing,
  {9cbf8d3f-da37-4aa3-b328-cc6e405e32b5}, !- Handle
  air_source_heat_pump_airloop_0_ZoneMixCondToDZ mix, !- Name
  {174bd611-3974-4d3e-9df7-91e6a9eb9234}, !- Zone or Space Name
  {d5fde7df-37b0-45b5-9097-942071865017}, !- Schedule Name
  Flow/Zone,                              !- Design Flow Rate Calculation Method
  0,                                      !- Design Flow Rate {m3/s}
  ,                                       !- Flow Rate per Floor Area {m3/s-m2}
  ,                                       !- Flow Rate per Person {m3/s-person}
  ,                                       !- Air Changes per Hour {1/hr}
  {94e82864-d97b-409a-8a34-e0c56475184d}, !- Source Zone or Space Name
  ,                                       !- Delta Temperature {deltaC}
  ,                                       !- Delta Temperature Schedule Name
  ,                                       !- Minimum Receiving Temperature Schedule Name
  ,                                       !- Maximum Receiving Temperature Schedule Name
  ,                                       !- Minimum Source Temperature Schedule Name
  ,                                       !- Maximum Source Temperature Schedule Name
  ,                                       !- Minimum Outdoor Temperature Schedule Name
  ;                                       !- Maximum Outdoor Temperature Schedule Name

OS:EnergyManagementSystem:Actuator,
  {e3840361-8bfb-4ea3-8c7f-cfb3e26a471c}, !- Handle
  air_source_heat_pump_airloop_0_ZoneMixCondToDZ_mix_act, !- Name
  {9cbf8d3f-da37-4aa3-b328-cc6e405e32b5}, !- Actuated Component Name
  ZoneMixing,                             !- Actuated Component Type
  Air Exchange Flow Rate,                 !- Actuated Component Control Type
  ;                                       !- Zone or Space Name

OS:AdditionalProperties,
  {f01e6c26-17cb-4e5f-a24b-d6457bc8e5c6}, !- Handle
  {9cbf8d3f-da37-4aa3-b328-cc6e405e32b5}, !- Object Name
  ObjectType,                             !- Feature Name 1
  String,                                 !- Feature Data Type 1
  duct load;                              !- Feature Value 1

OS:EnergyManagementSystem:Subroutine,
  {6f43e208-18e8-404f-ad99-b8966e2047e6}, !- Handle
  air_source_heat_pump_airloop_0_duct_subroutine, !- Name
  Set AH_MFR = air_source_heat_pump_airloop_AH_MFR / 1, !- Program Line 1
  If AH_MFR>0,                            !- Program Line 2
  Set AH_Tout = air_source_heat_pump_airloop_AH_Tout, !- Program Line 3
  Set AH_Wout = air_source_heat_pump_airloop_AH_Wout, !- Program Line 4
  Set RA_T = air_source_heat_pump_airloop_RA_T, !- Program Line 5
  Set RA_W = air_source_heat_pump_airloop_Ra_W, !- Program Line 6
  Set Fan_RTF = air_source_heat_pump_airloop_Fan_RTF, !- Program Line 7
  Set DZ_T = air_source_heat_pump_airloop_0_DZ_T, !- Program Line 8
  Set DZ_W = air_source_heat_pump_airloop_0_DZ_W, !- Program Line 9
  Set AH_VFR = air_source_heat_pump_airloop_AH_VFR / 1, !- Program Line 10
  Set h_SA = (@HFnTdbW AH_Tout AH_Wout),  !- Program Line 11
  Set h_RA = (@HFnTdbW RA_T RA_W),        !- Program Line 12
  Set h_fg = (@HfgAirFnWTdb AH_Wout AH_Tout), !- Program Line 13
  Set h_DZ = (@HFnTdbW DZ_T DZ_W),        !- Program Line 14
  Set air_cp = 1006.0,                    !- Program Line 15
  Set f_sup = 0.133,                      !- Program Line 16
  Set f_ret = 0.067,                      !- Program Line 17
  Set sup_lk_mfr = f_sup * AH_MFR,        !- Program Line 18
  Set ret_lk_mfr = f_ret * AH_MFR,        !- Program Line 19
  Set SupTotLkToCond = sup_lk_mfr*(h_RA - h_SA), !- Program Line 20
  Set SupLatLkToCond = sup_lk_mfr*h_fg*(RA_W-AH_Wout), !- Program Line 21
  Set SupSensLkToCond = SupTotLkToCond-SupLatLkToCond, !- Program Line 22
  Set supply_ua = 25.953,                 !- Program Line 23
  Set eTm = 0-((Fan_RTF/(AH_MFR*air_cp))*supply_ua), !- Program Line 24
  Set t_sup = DZ_T+((AH_Tout-DZ_T)*(@Exp eTm)), !- Program Line 25
  Set SupCondToCond = AH_MFR*air_cp*(t_sup-AH_Tout), !- Program Line 26
  Set SupCondToDZ = 0-SupCondToCond,      !- Program Line 27
  Set return_ua = 4.217,                  !- Program Line 28
  Set eTm = 0-((Fan_RTF/(AH_MFR*air_cp))*return_ua), !- Program Line 29
  Set t_ret = DZ_T+((RA_T-DZ_T)*(@Exp eTm)), !- Program Line 30
  Set RetCondToRP = AH_MFR*air_cp*(t_ret-RA_T), !- Program Line 31
  Set RetCondToDZ = 0-RetCondToRP,        !- Program Line 32
  Set RetLatLkToRP = 0,                   !- Program Line 33
  Set RetSensLkToRP = ret_lk_mfr*air_cp*(DZ_T-RA_T), !- Program Line 34
  Set SupTotLkToDZ = sup_lk_mfr*(h_SA-h_DZ), !- Program Line 35
  Set SupLatLkToDZ = sup_lk_mfr*h_fg*(AH_Wout-DZ_W), !- Program Line 36
  Set SupSensLkToDZ = SupTotLkToDZ-SupLatLkToDZ, !- Program Line 37
  Set f_imbalance = f_sup-f_ret,          !- Program Line 38
  Set oa_vfr = 1.0 * f_imbalance * AH_VFR, !- Program Line 39
  Set sup_lk_vfr = f_sup * AH_VFR,        !- Program Line 40
  Set ret_lk_vfr = f_ret * AH_VFR,        !- Program Line 41
  If f_sup > f_ret,                       !- Program Line 42
  Set ZoneMixCondToDZ = 0,                !- Program Line 43
  Set ZoneMixDZToCond = (sup_lk_vfr-ret_lk_vfr)-oa_vfr, !- Program Line 44
  Else,                                   !- Program Line 45
  Set ZoneMixCondToDZ = (ret_lk_vfr-sup_lk_vfr)+oa_vfr, !- Program Line 46
  Set ZoneMixDZToCond = 0,                !- Program Line 47
  EndIf,                                  !- Program Line 48
  Else,                                   !- Program Line 49
  Set SupLatLkToCond = 0,                 !- Program Line 50
  Set SupSensLkToCond = 0,                !- Program Line 51
  Set SupCondToCond = 0,                  !- Program Line 52
  Set RetCondToRP = 0,                    !- Program Line 53
  Set RetLatLkToRP = 0,                   !- Program Line 54
  Set RetSensLkToRP = 0,                  !- Program Line 55
  Set RetCondToDZ = 0,                    !- Program Line 56
  Set SupCondToDZ = 0,                    !- Program Line 57
  Set SupLatLkToDZ = 0,                   !- Program Line 58
  Set SupSensLkToDZ = 0,                  !- Program Line 59
  Set ZoneMixCondToDZ = 0,                !- Program Line 60
  Set ZoneMixDZToCond = 0,                !- Program Line 61
  EndIf,                                  !- Program Line 62
  Set air_source_heat_pump_airloop_0_SupLatLkToCond = SupLatLkToCond, !- Program Line 63
  Set air_source_heat_pump_airloop_0_SupSensLkToCond = SupSensLkToCond, !- Program Line 64
  Set air_source_heat_pump_airloop_0_SupCondToLv = SupCondToCond, !- Program Line 65
  Set air_source_heat_pump_airloop_0_RetCondToRP = RetCondToRP, !- Program Line 66
  Set air_source_heat_pump_airloop_0_RetLatLkToRP = RetLatLkToRP, !- Program Line 67
  Set air_source_heat_pump_airloop_0_RetSensLkToRP = RetSensLkToRP, !- Program Line 68
  Set air_source_heat_pump_airloop_0_RetCondToDZ = RetCondToDZ, !- Program Line 69
  Set air_source_heat_pump_airloop_0_SupCondToDZ = SupCondToDZ, !- Program Line 70
  Set air_source_heat_pump_airloop_0_SupLatLkToDZ = SupLatLkToDZ, !- Program Line 71
  Set air_source_heat_pump_airloop_0_SupSensLkToDZ = SupSensLkToDZ, !- Program Line 72
  Set air_source_heat_pump_airloop_0_ZoneMixCondToDZ = ZoneMixCondToDZ, !- Program Line 73
  Set air_source_heat_pump_airloop_0_ZoneMixDZToCond = ZoneMixDZToCond; !- Program Line 74

OS:EnergyManagementSystem:Program,
  {3697f33d-a6d4-40a0-aac3-f17f70b4266c}, !- Handle
  air_source_heat_pump_airloop_0_duct_program, !- Name
  Set air_source_heat_pump_airloop_AH_MFR = air_source_heat_pump_airloop_AH_MFR_s, !- Program Line 1
  Set air_source_heat_pump_airloop_Fan_RTF = 0, !- Program Line 2
  Set air_source_heat_pump_airloop_Fan_RTF = air_source_heat_pump_airloop_Fan_RTF + air_source_heat_pump_airloop_Fan_RTF_s, !- Program Line 3
  Set air_source_heat_pump_airloop_Fan_RTF = air_source_heat_pump_airloop_Fan_RTF + air_source_heat_pump_airloop_Fan_RTF_s_1, !- Program Line 4
  Set air_source_heat_pump_airloop_AH_VFR = air_source_heat_pump_airloop_AH_VFR_s, !- Program Line 5
  Set air_source_heat_pump_airloop_AH_Tout = air_source_heat_pump_airloop_AH_Tout_s, !- Program Line 6
  Set air_source_heat_pump_airloop_AH_Wout = air_source_heat_pump_airloop_AH_Wout_s, !- Program Line 7
  Set air_source_heat_pump_airloop_RA_T = air_source_heat_pump_airloop_RA_T_s, !- Program Line 8
  Set air_source_heat_pump_airloop_Ra_W = air_source_heat_pump_airloop_Ra_W_s, !- Program Line 9
  Set air_source_heat_pump_airloop_0_DZ_T = air_source_heat_pump_airloop_0_DZ_T_s, !- Program Line 10
  Set air_source_heat_pump_airloop_0_DZ_W = air_source_heat_pump_airloop_0_DZ_W_s, !- Program Line 11
  Run air_source_heat_pump_airloop_0_duct_subroutine, !- Program Line 12
  Set air_source_heat_pump_airloop_0_SupSensLkToCond_equip_act = air_source_heat_pump_airloop_0_SupSensLkToCond, !- Program Line 13
  Set air_source_heat_pump_airloop_0_SupLatLkToCond_equip_act = air_source_heat_pump_airloop_0_SupLatLkToCond, !- Program Line 14
  Set air_source_heat_pump_airloop_0_SupCondToLv_equip_act = air_source_heat_pump_airloop_0_SupCondToLv, !- Program Line 15
  Set air_source_heat_pump_airloop_0_RetSensLkToRP_equip_act = air_source_heat_pump_airloop_0_RetSensLkToRP, !- Program Line 16
  Set air_source_heat_pump_airloop_0_RetLatLkToRP_equip_act = air_source_heat_pump_airloop_0_RetLatLkToRP, !- Program Line 17
  Set air_source_heat_pump_airloop_0_RetCondToRP_equip_act = air_source_heat_pump_airloop_0_RetCondToRP, !- Program Line 18
  Set air_source_heat_pump_airloop_0_RetCondToDZ_equip_act = air_source_heat_pump_airloop_0_RetCondToDZ, !- Program Line 19
  Set air_source_heat_pump_airloop_0_SupCondToDZ_equip_act = air_source_heat_pump_airloop_0_SupCondToDZ, !- Program Line 20
  Set air_source_heat_pump_airloop_0_SupSensLkToDZ_equip_act = air_source_heat_pump_airloop_0_SupSensLkToDZ, !- Program Line 21
  Set air_source_heat_pump_airloop_0_SupLatLkToDZ_equip_act = air_source_heat_pump_airloop_0_SupLatLkToDZ, !- Program Line 22
  Set air_source_heat_pump_airloop_0_ZoneMixDZToCond_mix_act = air_source_heat_pump_airloop_0_ZoneMixDZToCond, !- Program Line 23
  Set air_source_heat_pump_airloop_0_ZoneMixCondToDZ_mix_act = air_source_heat_pump_airloop_0_ZoneMixCondToDZ; !- Program Line 24

OS:EnergyManagementSystem:ProgramCallingManager,
  {a933bd0c-8982-46c2-80dc-6d9b556019e2}, !- Handle
  air_source_heat_pump_airloop_0_duct_program calling manager, !- Name
  EndOfSystemTimestepAfterHVACReporting,  !- EnergyPlus Model Calling Point
  {3697f33d-a6d4-40a0-aac3-f17f70b4266c}; !- Program Name 1

OS:Schedule:Ruleset,
  {80dc24f3-7d7b-4360-9782-7bd5ff8cfea0}, !- Handle
  natural vent schedule,                  !- Name
  {f7e879d0-56ee-4a54-8368-aa78cf761c5f}, !- Schedule Type Limits Name
  {7c236a28-c3f5-476c-990d-9cc19c8fc717}; !- Default Day Schedule Name

OS:Schedule:Day,
  {7c236a28-c3f5-476c-990d-9cc19c8fc717}, !- Handle
  natural vent schedule default day,      !- Name
  {f7e879d0-56ee-4a54-8368-aa78cf761c5f}, !- Schedule Type Limits Name
  ,                                       !- Interpolate to Timestep
  24,                                     !- Hour 1
  0,                                      !- Minute 1
  0;                                      !- Value Until Time 1

OS:Schedule:Rule,
  {cf43893c-2050-495e-86ce-45816b3ec545}, !- Handle
  natural vent schedule rule,             !- Name
  {80dc24f3-7d7b-4360-9782-7bd5ff8cfea0}, !- Schedule Ruleset Name
  0,                                      !- Rule Order
  {6f930794-1c3f-429e-b09c-4d2b2ec645bc}, !- Day Schedule Name
  ,                                       !- Apply Sunday
  Yes,                                    !- Apply Monday
  ,                                       !- Apply Tuesday
  Yes,                                    !- Apply Wednesday
  ,                                       !- Apply Thursday
  Yes,                                    !- Apply Friday
  ,                                       !- Apply Saturday
  DateRange,                              !- Date Specification Type
  1,                                      !- Start Month
  1,                                      !- Start Day
  12,                                     !- End Month
  31;                                     !- End Day

OS:Schedule:Day,
  {6f930794-1c3f-429e-b09c-4d2b2ec645bc}, !- Handle
  natural vent schedule avail day,        !- Name
  {f7e879d0-56ee-4a54-8368-aa78cf761c5f}, !- Schedule Type Limits Name
  ,                                       !- Interpolate to Timestep
  24,                                     !- Hour 1
  0,                                      !- Minute 1
  1;                                      !- Value Until Time 1

OS:EnergyManagementSystem:Sensor,
  {8bd63ce4-c1d2-42d2-ab85-ead2b2a52544}, !- Handle
  natural_vent_s,                         !- Name
  natural vent schedule,                  !- Output Variable or Output Meter Index Key Name
  Schedule Value;                         !- Output Variable or Output Meter Name

OS:EnergyManagementSystem:Sensor,
  {6e4a9598-88e9-4759-b388-95e908abd9d4}, !- Handle
  htg_sp_s,                               !- Name
  heating setpoint,                       !- Output Variable or Output Meter Index Key Name
  Schedule Value;                         !- Output Variable or Output Meter Name

OS:EnergyManagementSystem:Sensor,
  {feb363d2-e8b6-4ff0-9760-e8d1ed3957c3}, !- Handle
  clg_sp_s,                               !- Name
  cooling setpoint,                       !- Output Variable or Output Meter Index Key Name
  Schedule Value;                         !- Output Variable or Output Meter Name

OS:SpaceInfiltration:DesignFlowRate,
  {a2683267-f1d7-42e5-b842-84a6421d11fb}, !- Handle
  natural vent flow,                      !- Name
  {ebd3c336-575b-4630-bea9-fcaa44ab29b9}, !- Space or SpaceType Name
  {772134ef-f20f-468a-a465-ea0085c064a4}, !- Schedule Name
  Flow/Space,                             !- Design Flow Rate Calculation Method
  0,                                      !- Design Flow Rate {m3/s}
  ,                                       !- Flow per Space Floor Area {m3/s-m2}
  ,                                       !- Flow per Exterior Surface Area {m3/s-m2}
  ,                                       !- Air Changes per Hour {1/hr}
  ,                                       !- Constant Term Coefficient
  ,                                       !- Temperature Term Coefficient
  ,                                       !- Velocity Term Coefficient
  ;                                       !- Velocity Squared Term Coefficient

OS:EnergyManagementSystem:Actuator,
  {418bd714-3342-444e-9b8c-c4a0552b3009}, !- Handle
  natural_vent_flow_act,                  !- Name
  {a2683267-f1d7-42e5-b842-84a6421d11fb}, !- Actuated Component Name
  Zone Infiltration,                      !- Actuated Component Type
  Air Exchange Flow Rate,                 !- Actuated Component Control Type
  ;                                       !- Zone or Space Name

OS:AdditionalProperties,
  {f8a140f2-5a26-4b1d-ad41-a4b4900f4a5c}, !- Handle
  {a2683267-f1d7-42e5-b842-84a6421d11fb}, !- Object Name
  ObjectType,                             !- Feature Name 1
  String,                                 !- Feature Data Type 1
  natural vent;                           !- Feature Value 1

OS:SpaceInfiltration:DesignFlowRate,
  {2a16cf80-5a34-415a-a010-5fc307c5231f}, !- Handle
  whole house fan flow,                   !- Name
  {ebd3c336-575b-4630-bea9-fcaa44ab29b9}, !- Space or SpaceType Name
  {772134ef-f20f-468a-a465-ea0085c064a4}, !- Schedule Name
  Flow/Space,                             !- Design Flow Rate Calculation Method
  0,                                      !- Design Flow Rate {m3/s}
  ,                                       !- Flow per Space Floor Area {m3/s-m2}
  ,                                       !- Flow per Exterior Surface Area {m3/s-m2}
  ,                                       !- Air Changes per Hour {1/hr}
  ,                                       !- Constant Term Coefficient
  ,                                       !- Temperature Term Coefficient
  ,                                       !- Velocity Term Coefficient
  ;                                       !- Velocity Squared Term Coefficient

OS:EnergyManagementSystem:Actuator,
  {f657faf0-077f-4366-8aeb-83b7d046c4a9}, !- Handle
  whole_house_fan_flow_act,               !- Name
  {2a16cf80-5a34-415a-a010-5fc307c5231f}, !- Actuated Component Name
  Zone Infiltration,                      !- Actuated Component Type
  Air Exchange Flow Rate,                 !- Actuated Component Control Type
  ;                                       !- Zone or Space Name

OS:AdditionalProperties,
  {02f417f7-4a1b-47ad-80ee-a7e35d5f3538}, !- Handle
  {2a16cf80-5a34-415a-a010-5fc307c5231f}, !- Object Name
  ObjectType,                             !- Feature Name 1
  String,                                 !- Feature Data Type 1
  whole house fan;                        !- Feature Value 1

OS:ElectricEquipment:Definition,
  {91f38402-43a4-42a9-bc41-4af8bfeadb0d}, !- Handle
  whole house fan,                        !- Name
  EquipmentLevel,                         !- Design Level Calculation Method
  0,                                      !- Design Level {W}
  ,                                       !- Watts per Space Floor Area {W/m2}
  ,                                       !- Watts per Person {W/person}
  0,                                      !- Fraction Latent
  0,                                      !- Fraction Radiant
  1;                                      !- Fraction Lost

OS:ElectricEquipment,
  {d5d14dc1-6533-49b2-8eca-a34773c347a0}, !- Handle
  whole house fan,                        !- Name
  {91f38402-43a4-42a9-bc41-4af8bfeadb0d}, !- Electric Equipment Definition Name
  {ebd3c336-575b-4630-bea9-fcaa44ab29b9}, !- Space or SpaceType Name
  {772134ef-f20f-468a-a465-ea0085c064a4}, !- Schedule Name
  ,                                       !- Multiplier
  whole house fan;                        !- End-Use Subcategory

OS:EnergyManagementSystem:Actuator,
  {4fb75d5a-8e71-4d9f-aacb-e5bbe663647d}, !- Handle
  whole_house_fan_act,                    !- Name
  {d5d14dc1-6533-49b2-8eca-a34773c347a0}, !- Actuated Component Name
  ElectricEquipment,                      !- Actuated Component Type
  Electricity Rate,                       !- Actuated Component Control Type
  {ebd3c336-575b-4630-bea9-fcaa44ab29b9}; !- Zone or Space Name

OS:ZoneMixing,
  {778d6439-6458-47a2-824b-9c6ef97f10c9}, !- Handle
  whole house fan mix,                    !- Name
  {174bd611-3974-4d3e-9df7-91e6a9eb9234}, !- Zone or Space Name
  {d5fde7df-37b0-45b5-9097-942071865017}, !- Schedule Name
  Flow/Zone,                              !- Design Flow Rate Calculation Method
  0,                                      !- Design Flow Rate {m3/s}
  ,                                       !- Flow Rate per Floor Area {m3/s-m2}
  ,                                       !- Flow Rate per Person {m3/s-person}
  ,                                       !- Air Changes per Hour {1/hr}
  {94e82864-d97b-409a-8a34-e0c56475184d}, !- Source Zone or Space Name
  ,                                       !- Delta Temperature {deltaC}
  ,                                       !- Delta Temperature Schedule Name
  ,                                       !- Minimum Receiving Temperature Schedule Name
  ,                                       !- Maximum Receiving Temperature Schedule Name
  ,                                       !- Minimum Source Temperature Schedule Name
  ,                                       !- Maximum Source Temperature Schedule Name
  ,                                       !- Minimum Outdoor Temperature Schedule Name
  ;                                       !- Maximum Outdoor Temperature Schedule Name

OS:EnergyManagementSystem:Actuator,
  {cb6ea599-5d31-429d-a0e9-770c8224123c}, !- Handle
  whole_house_fan_mix_act,                !- Name
  {778d6439-6458-47a2-824b-9c6ef97f10c9}, !- Actuated Component Name
  ZoneMixing,                             !- Actuated Component Type
  Air Exchange Flow Rate,                 !- Actuated Component Control Type
  ;                                       !- Zone or Space Name

OS:EnergyManagementSystem:Program,
  {a606322c-117a-48ae-b893-340279c5de09}, !- Handle
  natural_vent_program,                   !- Name
  Set Tin = tin_s,                        !- Program Line 1
  Set Tout = tout_s,                      !- Program Line 2
  Set Wout = out_wt_s,                    !- Program Line 3
  Set Pbar = out_pb_s,                    !- Program Line 4
  Set Phiout = (@RhFnTdbWPb Tout Wout Pbar), !- Program Line 5
  Set MaxHR = 0.0115,                     !- Program Line 6
  Set MaxRH = 0.7,                        !- Program Line 7
  Set Tnvsp = (htg_sp_s + clg_sp_s) / 2,  !- Program Line 8
  Set NVavail = natural_vent_s,           !- Program Line 9
  Set ClgSsnAvail = cool_season,          !- Program Line 10
  Set natural_vent_flow_act = 0,          !- Program Line 11
  Set whole_house_fan_flow_act = 0,       !- Program Line 12
  Set whole_house_fan_mix_act = 0,        !- Program Line 13
  Set whole_house_fan_act = 0,            !- Program Line 14
  If ((Wout < MaxHR) && (Phiout < MaxRH) && (Tin > Tout) && (Tin > Tnvsp) && (ClgSsnAvail > 0)), !- Program Line 15
  Set WHF_Flow = 0,                       !- Program Line 16
  Set Adj = (Tin-Tnvsp)/(Tin-Tout),       !- Program Line 17
  Set Adj = (@Min Adj 1),                 !- Program Line 18
  Set Adj = (@Max Adj 0),                 !- Program Line 19
  If (WHF_Flow > 0),                      !- Program Line 20
  Set whole_house_fan_flow_act = WHF_Flow*Adj, !- Program Line 21
  Set whole_house_fan_mix_act = WHF_Flow*Adj, !- Program Line 22
  Set WHF_W = 0,                          !- Program Line 23
  Set whole_house_fan_act = WHF_W*Adj,    !- Program Line 24
  ElseIf (NVavail > 0),                   !- Program Line 25
  Set NVArea = 5243.521900032001,         !- Program Line 26
  Set Cs = 8.968567957270247e-05,         !- Program Line 27
  Set Cw = 6.158219665777789e-05,         !- Program Line 28
  Set Tdiff = Tin-Tout,                   !- Program Line 29
  Set dT = (@Abs Tdiff),                  !- Program Line 30
  Set Vwind = site_vw_s,                  !- Program Line 31
  Set SGNV = NVArea*Adj*((((Cs*dT)+(Cw*(Vwind^2)))^0.5)/1000), !- Program Line 32
  Set MaxNV = 1.5454705606656003,         !- Program Line 33
  Set natural_vent_flow_act = (@Min SGNV MaxNV), !- Program Line 34
  EndIf,                                  !- Program Line 35
  EndIf;                                  !- Program Line 36

OS:AdditionalProperties,
  {87f12a7a-e237-4565-8cb9-8ad62173b5a8}, !- Handle
  {a606322c-117a-48ae-b893-340279c5de09}, !- Object Name
  ObjectType,                             !- Feature Name 1
  String,                                 !- Feature Data Type 1
  natural vent;                           !- Feature Value 1

OS:EnergyManagementSystem:ProgramCallingManager,
  {95183319-1ebc-48b9-9dc3-980852aac57e}, !- Handle
  natural_vent_program calling manager,   !- Name
  BeginZoneTimestepAfterInitHeatBalance,  !- EnergyPlus Model Calling Point
  {a606322c-117a-48ae-b893-340279c5de09}; !- Program Name 1

OS:EnergyManagementSystem:OutputVariable,
  {bb55f473-8d20-448c-8bc7-eb9c89e449b6}, !- Handle
  natural_vent_flow_act_timeseries_outvar, !- Name
  natural_vent_flow_act,                  !- EMS Variable Name
  Averaged,                               !- Type of Data in Variable
  ZoneTimestep,                           !- Update Frequency
  {a606322c-117a-48ae-b893-340279c5de09}, !- EMS Program or Subroutine Name
  m^/s;                                   !- Units

OS:EnergyManagementSystem:OutputVariable,
  {414427a2-be9c-43e8-8db9-bfc07371c9af}, !- Handle
  whole_house_fan_flow_act_timeseries_outvar, !- Name
  whole_house_fan_flow_act,               !- EMS Variable Name
  Averaged,                               !- Type of Data in Variable
  ZoneTimestep,                           !- Update Frequency
  {a606322c-117a-48ae-b893-340279c5de09}, !- EMS Program or Subroutine Name
  m^/s;                                   !- Units

OS:SpaceInfiltration:EffectiveLeakageArea,
  {12d576b9-5f45-48c6-93fb-faf88145876e}, !- Handle
  infil|attic - vented 1,                 !- Name
  {685f02b5-e525-4b97-bfdf-29605a1cb691}, !- Space or SpaceType Name
  {772134ef-f20f-468a-a465-ea0085c064a4}, !- Schedule Name
  3802.4508208896,                        !- Effective Air Leakage Area {cm2}
  0.00041791752410863,                    !- Stack Coefficient
  3.83674459610967e-05;                   !- Wind Coefficient

OS:Schedule:Constant,
  {daa1b8d7-fbeb-4ac9-bae9-7c6b4ab6d4af}, !- Handle
  mech vent house fan schedule,           !- Name
  {e3188119-cea3-4bc3-bf19-1ff5badafaf3}, !- Schedule Type Limits Name
  1;                                      !- Value

OS:ElectricEquipment:Definition,
  {9a74a154-188c-4b91-aaab-b14fefa7c0ac}, !- Handle
  mech vent house fan,                    !- Name
  EquipmentLevel,                         !- Design Level Calculation Method
  0,                                      !- Design Level {W}
  ,                                       !- Watts per Space Floor Area {W/m2}
  ,                                       !- Watts per Person {W/person}
  0,                                      !- Fraction Latent
  0,                                      !- Fraction Radiant
  1;                                      !- Fraction Lost

OS:ElectricEquipment,
  {d9e4270d-7371-4e1e-a808-1a99babded03}, !- Handle
  mech vent house fan,                    !- Name
  {9a74a154-188c-4b91-aaab-b14fefa7c0ac}, !- Electric Equipment Definition Name
  {ebd3c336-575b-4630-bea9-fcaa44ab29b9}, !- Space or SpaceType Name
  {daa1b8d7-fbeb-4ac9-bae9-7c6b4ab6d4af}, !- Schedule Name
  ,                                       !- Multiplier
  mech vent;                              !- End-Use Subcategory

OS:Schedule:Constant,
  {a956b20d-e146-41b5-b077-9fa2a6321ad6}, !- Handle
  mech vent house fan cfis schedule,      !- Name
  {e3188119-cea3-4bc3-bf19-1ff5badafaf3}, !- Schedule Type Limits Name
  1;                                      !- Value

OS:ElectricEquipment:Definition,
  {2c717da2-2e7a-4a62-ac14-fc4667020bf9}, !- Handle
  mech vent house fan cfis,               !- Name
  EquipmentLevel,                         !- Design Level Calculation Method
  0,                                      !- Design Level {W}
  ,                                       !- Watts per Space Floor Area {W/m2}
  ,                                       !- Watts per Person {W/person}
  0,                                      !- Fraction Latent
  0,                                      !- Fraction Radiant
  0;                                      !- Fraction Lost

OS:ElectricEquipment,
  {724e5761-e12e-4a7f-9a5d-53a97a3156d4}, !- Handle
  mech vent house fan cfis,               !- Name
  {2c717da2-2e7a-4a62-ac14-fc4667020bf9}, !- Electric Equipment Definition Name
  {ebd3c336-575b-4630-bea9-fcaa44ab29b9}, !- Space or SpaceType Name
  {a956b20d-e146-41b5-b077-9fa2a6321ad6}, !- Schedule Name
  ,                                       !- Multiplier
  mech vent;                              !- End-Use Subcategory

OS:EnergyManagementSystem:Actuator,
  {6a118a00-bb56-4124-9304-b8dd4094348f}, !- Handle
  mech_vent_house_fan_cfis_act,           !- Name
  {724e5761-e12e-4a7f-9a5d-53a97a3156d4}, !- Actuated Component Name
  ElectricEquipment,                      !- Actuated Component Type
  Electricity Rate,                       !- Actuated Component Control Type
  {ebd3c336-575b-4630-bea9-fcaa44ab29b9}; !- Zone or Space Name

OS:SpaceInfiltration:DesignFlowRate,
  {cf9028f3-c9f6-499b-ad47-83d638f0c88f}, !- Handle
  infil flow,                             !- Name
  {ebd3c336-575b-4630-bea9-fcaa44ab29b9}, !- Space or SpaceType Name
  {772134ef-f20f-468a-a465-ea0085c064a4}, !- Schedule Name
  Flow/Space,                             !- Design Flow Rate Calculation Method
  0,                                      !- Design Flow Rate {m3/s}
  ,                                       !- Flow per Space Floor Area {m3/s-m2}
  ,                                       !- Flow per Exterior Surface Area {m3/s-m2}
  ,                                       !- Air Changes per Hour {1/hr}
  ,                                       !- Constant Term Coefficient
  ,                                       !- Temperature Term Coefficient
  ,                                       !- Velocity Term Coefficient
  ;                                       !- Velocity Squared Term Coefficient

OS:EnergyManagementSystem:Actuator,
  {91bb37e6-bd10-4ba6-8a6c-eef222109a8a}, !- Handle
  infil_flow_act,                         !- Name
  {cf9028f3-c9f6-499b-ad47-83d638f0c88f}, !- Actuated Component Name
  Zone Infiltration,                      !- Actuated Component Type
  Air Exchange Flow Rate,                 !- Actuated Component Control Type
  ;                                       !- Zone or Space Name

OS:AdditionalProperties,
  {9c9f2400-b60f-43f5-980e-ce828f2697a9}, !- Handle
  {cf9028f3-c9f6-499b-ad47-83d638f0c88f}, !- Object Name
  ObjectType,                             !- Feature Name 1
  String,                                 !- Feature Data Type 1
  infil;                                  !- Feature Value 1

OS:EnergyManagementSystem:Program,
  {865d5fea-2684-42ac-9c67-90c3891da06a}, !- Handle
  infil_program,                          !- Name
  Set p_m = 0.14,                         !- Program Line 1
  Set p_s = 0.22,                         !- Program Line 2
  Set s_m = 270,                          !- Program Line 3
  Set s_s = 370,                          !- Program Line 4
  Set z_m = 9.99744,                      !- Program Line 5
  Set z_s = 2.4384,                       !- Program Line 6
  Set f_t = (((s_m/z_m)^p_m)*((z_s/s_s)^p_s)), !- Program Line 7
  Set Tdiff = tin_s-tout_s,               !- Program Line 8
  Set dT = @Abs Tdiff,                    !- Program Line 9
  Set c = 0.1821,                         !- Program Line 10
  Set Cs = 0.0562,                        !- Program Line 11
  Set Cw = 0.1613,                        !- Program Line 12
  Set n = 0.65,                           !- Program Line 13
  Set sft = (f_t*0.5),                    !- Program Line 14
  Set temp1 = ((c*Cw)*((sft*site_vw_s)^(2*n)))^2, !- Program Line 15
  Set Qinf = (((c*Cs*(dT^n))^2)+temp1)^0.5, !- Program Line 16
  Set Qinf = (@Max Qinf 0),               !- Program Line 17
  Set mech_vent_house_fan_sensible_load_equip_act = 0.0, !- Program Line 18
  Set mech_vent_house_fan_latent_load_equip_act = 0.0, !- Program Line 19
  Set OASupInPb = out_pb_s,               !- Program Line 20
  Set OASupInTemp = tout_s,               !- Program Line 21
  Set OASupInW = out_wt_s,                !- Program Line 22
  Set OASupRho = (@RhoAirFnPbTdbW OASupInPb OASupInTemp OASupInW), !- Program Line 23
  Set OASupCp = (@CpAirFnW OASupInW),     !- Program Line 24
  Set OASupInEnth = (@HFnTdbW OASupInTemp OASupInW), !- Program Line 25
  Set ZoneTemp = tin_s,                   !- Program Line 26
  Set ZoneW = win_s,                      !- Program Line 27
  Set ZoneCp = (@CpAirFnW ZoneW),         !- Program Line 28
  Set ZoneAirEnth = (@HFnTdbW ZoneTemp ZoneW), !- Program Line 29
  Set mech_vent_house_fan_cfis_act = 0.0, !- Program Line 30
  Set QWHV_cfis_sup = 0.0,                !- Program Line 31
  Set QWHV_cfis_suppl_sup = 0.0,          !- Program Line 32
  Set QWHV_cfis_suppl_exh = 0.0,          !- Program Line 33
  Set Qrange = 0,                         !- Program Line 34
  Set Qrange = Qrange + 0.04719 * mech_vent_range_fan_0_sch_s, !- Program Line 35
  Set Qbath = 0,                          !- Program Line 36
  Set Qbath = Qbath + 0.04719 * mech_vent_bath_fan_0_sch_s, !- Program Line 37
  Set Qdryer = 0,                         !- Program Line 38
  Set Qdryer = Qdryer + 0.13706 * clothes_dryer_exhaust_0_sch_s, !- Program Line 39
  Set QWHV_sup = 0.0,                     !- Program Line 40
  Set QWHV_exh = 0.0,                     !- Program Line 41
  Set Qexhaust = Qrange + Qbath + Qdryer + QWHV_exh + QWHV_cfis_suppl_exh, !- Program Line 42
  Set Qsupply = QWHV_sup + QWHV_cfis_sup + QWHV_cfis_suppl_sup, !- Program Line 43
  Set Qfan = (@Max Qexhaust Qsupply),     !- Program Line 44
  If Qfan > 0,                            !- Program Line 45
  Set Qavg = ((Qexhaust + Qsupply) / 2.0), !- Program Line 46
  If ((@Abs (Qexhaust - Qavg)) / Qavg) <= 0.1, !- Program Line 47
  Set phi = 1,                            !- Program Line 48
  Else,                                   !- Program Line 49
  Set phi = (Qinf / (Qinf + Qfan)),       !- Program Line 50
  EndIf,                                  !- Program Line 51
  Set Qinf_adj = phi * Qinf,              !- Program Line 52
  Else,                                   !- Program Line 53
  Set Qinf_adj = Qinf,                    !- Program Line 54
  EndIf,                                  !- Program Line 55
  Set infil_flow_act = Qinf_adj,          !- Program Line 56
  Set Qload = Qfan,                       !- Program Line 57
  Set Effectiveness_Sens = 0.0,           !- Program Line 58
  Set Effectiveness_Lat = 0.0,            !- Program Line 59
  Set Fan_MFR = Qload * OASupRho,         !- Program Line 60
  Set ZoneInEnth = OASupInEnth,           !- Program Line 61
  Set ZoneInTemp = OASupInTemp,           !- Program Line 62
  Set FanTotalToCond = Fan_MFR * (ZoneInEnth - ZoneAirEnth), !- Program Line 63
  Set FanSensToCond = Fan_MFR * ZoneCp * (ZoneInTemp - ZoneTemp), !- Program Line 64
  Set FanLatToCond = FanTotalToCond - FanSensToCond, !- Program Line 65
  Set mech_vent_house_fan_sensible_load_equip_act = mech_vent_house_fan_sensible_load_equip_act + FanSensToCond, !- Program Line 66
  Set mech_vent_house_fan_latent_load_equip_act = mech_vent_house_fan_latent_load_equip_act + FanLatToCond; !- Program Line 67

OS:AdditionalProperties,
  {4d810799-ecbf-41f0-b9f8-90f1a569de6e}, !- Handle
  {865d5fea-2684-42ac-9c67-90c3891da06a}, !- Object Name
  ObjectType,                             !- Feature Name 1
  String,                                 !- Feature Data Type 1
  infil;                                  !- Feature Value 1

OS:OtherEquipment:Definition,
  {e560e361-487c-4120-9e1c-4980e5df76c4}, !- Handle
  mech vent house fan sensible load equip, !- Name
  EquipmentLevel,                         !- Design Level Calculation Method
  0,                                      !- Design Level {W}
  ,                                       !- Watts per Space Floor Area {W/m2}
  ,                                       !- Watts per Person {W/Person}
  0,                                      !- Fraction Latent
  0,                                      !- Fraction Radiant
  0;                                      !- Fraction Lost

OS:OtherEquipment,
  {8ab4f17d-862e-4545-8e7e-abc7bd547ee4}, !- Handle
  mech vent house fan sensible load equip, !- Name
  {e560e361-487c-4120-9e1c-4980e5df76c4}, !- Other Equipment Definition Name
  {ebd3c336-575b-4630-bea9-fcaa44ab29b9}, !- Space or SpaceType Name
  {772134ef-f20f-468a-a465-ea0085c064a4}, !- Schedule Name
  ,                                       !- Multiplier
  None,                                   !- Fuel Type
  mech vent house fan;                    !- End-Use Subcategory

OS:EnergyManagementSystem:Actuator,
  {b30b3333-6f4f-4e57-a9f8-13b4d00c4b4c}, !- Handle
  mech_vent_house_fan_sensible_load_equip_act, !- Name
  {8ab4f17d-862e-4545-8e7e-abc7bd547ee4}, !- Actuated Component Name
  OtherEquipment,                         !- Actuated Component Type
  Power Level,                            !- Actuated Component Control Type
  {ebd3c336-575b-4630-bea9-fcaa44ab29b9}; !- Zone or Space Name

OS:OtherEquipment:Definition,
  {a16afc7d-4dea-4f07-a7c6-438c55c569b9}, !- Handle
  mech vent house fan latent load equip,  !- Name
  EquipmentLevel,                         !- Design Level Calculation Method
  0,                                      !- Design Level {W}
  ,                                       !- Watts per Space Floor Area {W/m2}
  ,                                       !- Watts per Person {W/Person}
  1,                                      !- Fraction Latent
  0,                                      !- Fraction Radiant
  0;                                      !- Fraction Lost

OS:OtherEquipment,
  {d98fdabc-6d02-4ed1-b471-e3931401f48f}, !- Handle
  mech vent house fan latent load equip,  !- Name
  {a16afc7d-4dea-4f07-a7c6-438c55c569b9}, !- Other Equipment Definition Name
  {ebd3c336-575b-4630-bea9-fcaa44ab29b9}, !- Space or SpaceType Name
  {772134ef-f20f-468a-a465-ea0085c064a4}, !- Schedule Name
  ,                                       !- Multiplier
  None,                                   !- Fuel Type
  mech vent house fan;                    !- End-Use Subcategory

OS:EnergyManagementSystem:Actuator,
  {4250468a-a443-4e34-b873-a57f8ab822ec}, !- Handle
  mech_vent_house_fan_latent_load_equip_act, !- Name
  {d98fdabc-6d02-4ed1-b471-e3931401f48f}, !- Actuated Component Name
  OtherEquipment,                         !- Actuated Component Type
  Power Level,                            !- Actuated Component Control Type
  {ebd3c336-575b-4630-bea9-fcaa44ab29b9}; !- Zone or Space Name

OS:Schedule:Ruleset,
  {3a3bf6df-c990-4a82-93f1-f192c180ee86}, !- Handle
  mech vent range fan 0 schedule,         !- Name
  {e3188119-cea3-4bc3-bf19-1ff5badafaf3}, !- Schedule Type Limits Name
  {6efc668b-3a7b-4eff-b0d2-a6966ef0cc2e}; !- Default Day Schedule Name

OS:Schedule:Day,
  {6efc668b-3a7b-4eff-b0d2-a6966ef0cc2e}, !- Handle
  mech vent range fan 0 schedule default day, !- Name
  {e3188119-cea3-4bc3-bf19-1ff5badafaf3}, !- Schedule Type Limits Name
  ,                                       !- Interpolate to Timestep
  24,                                     !- Hour 1
  0,                                      !- Minute 1
  0;                                      !- Value Until Time 1

OS:Schedule:Rule,
  {7b899025-1e6c-43b6-957d-3e8e10acc103}, !- Handle
  mech vent range fan 0 schedule allday ruleset1, !- Name
  {3a3bf6df-c990-4a82-93f1-f192c180ee86}, !- Schedule Ruleset Name
  0,                                      !- Rule Order
  {a88da8a7-0cd3-4d3b-be44-b4f31f7005e6}, !- Day Schedule Name
  Yes,                                    !- Apply Sunday
  Yes,                                    !- Apply Monday
  Yes,                                    !- Apply Tuesday
  Yes,                                    !- Apply Wednesday
  Yes,                                    !- Apply Thursday
  Yes,                                    !- Apply Friday
  Yes,                                    !- Apply Saturday
  DateRange,                              !- Date Specification Type
  1,                                      !- Start Month
  1,                                      !- Start Day
  12,                                     !- End Month
  31;                                     !- End Day

OS:Schedule:Day,
  {a88da8a7-0cd3-4d3b-be44-b4f31f7005e6}, !- Handle
  mech vent range fan 0 schedule allday1, !- Name
  {e3188119-cea3-4bc3-bf19-1ff5badafaf3}, !- Schedule Type Limits Name
  ,                                       !- Interpolate to Timestep
  18,                                     !- Hour 1
  0,                                      !- Minute 1
  0,                                      !- Value Until Time 1
  19,                                     !- Hour 2
  0,                                      !- Minute 2
  1,                                      !- Value Until Time 2
  24,                                     !- Hour 3
  0,                                      !- Minute 3
  0;                                      !- Value Until Time 3

OS:EnergyManagementSystem:Sensor,
  {f28a4168-f55a-4e93-bf19-d52778150bb3}, !- Handle
  mech_vent_range_fan_0_sch_s,            !- Name
  mech vent range fan 0 schedule,         !- Output Variable or Output Meter Index Key Name
  Schedule Value;                         !- Output Variable or Output Meter Name

OS:ElectricEquipment:Definition,
  {a6a3a036-338c-4b45-920d-11d1ea1773fd}, !- Handle
  mech vent range fan 0,                  !- Name
  EquipmentLevel,                         !- Design Level Calculation Method
  30,                                     !- Design Level {W}
  ,                                       !- Watts per Space Floor Area {W/m2}
  ,                                       !- Watts per Person {W/person}
  0,                                      !- Fraction Latent
  0,                                      !- Fraction Radiant
  1;                                      !- Fraction Lost

OS:ElectricEquipment,
  {019d3a18-079c-45cb-9abc-e53eaaf08c94}, !- Handle
  mech vent range fan 0,                  !- Name
  {a6a3a036-338c-4b45-920d-11d1ea1773fd}, !- Electric Equipment Definition Name
  {ebd3c336-575b-4630-bea9-fcaa44ab29b9}, !- Space or SpaceType Name
  {3a3bf6df-c990-4a82-93f1-f192c180ee86}, !- Schedule Name
  ,                                       !- Multiplier
  mech vent;                              !- End-Use Subcategory

OS:Schedule:Ruleset,
  {f98ea6ce-3e62-435e-a6b6-583e4461ad49}, !- Handle
  mech vent bath fan 0 schedule,          !- Name
  {e3188119-cea3-4bc3-bf19-1ff5badafaf3}, !- Schedule Type Limits Name
  {b5935d3f-a311-4b26-a310-72da8ad41937}; !- Default Day Schedule Name

OS:Schedule:Day,
  {b5935d3f-a311-4b26-a310-72da8ad41937}, !- Handle
  mech vent bath fan 0 schedule default day, !- Name
  {e3188119-cea3-4bc3-bf19-1ff5badafaf3}, !- Schedule Type Limits Name
  ,                                       !- Interpolate to Timestep
  24,                                     !- Hour 1
  0,                                      !- Minute 1
  0;                                      !- Value Until Time 1

OS:Schedule:Rule,
  {0bfdad7e-451f-4058-a54d-d196277514ad}, !- Handle
  mech vent bath fan 0 schedule allday ruleset1, !- Name
  {f98ea6ce-3e62-435e-a6b6-583e4461ad49}, !- Schedule Ruleset Name
  0,                                      !- Rule Order
  {b871100e-2183-4c76-b1be-03aa37326c46}, !- Day Schedule Name
  Yes,                                    !- Apply Sunday
  Yes,                                    !- Apply Monday
  Yes,                                    !- Apply Tuesday
  Yes,                                    !- Apply Wednesday
  Yes,                                    !- Apply Thursday
  Yes,                                    !- Apply Friday
  Yes,                                    !- Apply Saturday
  DateRange,                              !- Date Specification Type
  1,                                      !- Start Month
  1,                                      !- Start Day
  12,                                     !- End Month
  31;                                     !- End Day

OS:Schedule:Day,
  {b871100e-2183-4c76-b1be-03aa37326c46}, !- Handle
  mech vent bath fan 0 schedule allday1,  !- Name
  {e3188119-cea3-4bc3-bf19-1ff5badafaf3}, !- Schedule Type Limits Name
  ,                                       !- Interpolate to Timestep
  9,                                      !- Hour 1
  0,                                      !- Minute 1
  0,                                      !- Value Until Time 1
  10,                                     !- Hour 2
  0,                                      !- Minute 2
  1,                                      !- Value Until Time 2
  24,                                     !- Hour 3
  0,                                      !- Minute 3
  0;                                      !- Value Until Time 3

OS:EnergyManagementSystem:Sensor,
  {1e23899b-a9c3-4e82-8194-b94e26da9341}, !- Handle
  mech_vent_bath_fan_0_sch_s,             !- Name
  mech vent bath fan 0 schedule,          !- Output Variable or Output Meter Index Key Name
  Schedule Value;                         !- Output Variable or Output Meter Name

OS:ElectricEquipment:Definition,
  {76009e60-7a70-414b-82dc-971c580e5f57}, !- Handle
  mech vent bath fan 0,                   !- Name
  EquipmentLevel,                         !- Design Level Calculation Method
  30,                                     !- Design Level {W}
  ,                                       !- Watts per Space Floor Area {W/m2}
  ,                                       !- Watts per Person {W/person}
  0,                                      !- Fraction Latent
  0,                                      !- Fraction Radiant
  1;                                      !- Fraction Lost

OS:ElectricEquipment,
  {08120375-e249-4d8f-931e-13369607013a}, !- Handle
  mech vent bath fan 0,                   !- Name
  {76009e60-7a70-414b-82dc-971c580e5f57}, !- Electric Equipment Definition Name
  {ebd3c336-575b-4630-bea9-fcaa44ab29b9}, !- Space or SpaceType Name
  {f98ea6ce-3e62-435e-a6b6-583e4461ad49}, !- Schedule Name
  ,                                       !- Multiplier
  mech vent;                              !- End-Use Subcategory

OS:EnergyManagementSystem:Sensor,
  {d6e2aab2-34d3-4097-9a7c-dadcab7e7b94}, !- Handle
  clothes_dryer_exhaust_0_sch_s,          !- Name
  clothes_dryer,                          !- Output Variable or Output Meter Index Key Name
  Schedule Value;                         !- Output Variable or Output Meter Name

OS:EnergyManagementSystem:OutputVariable,
  {5da69156-97db-431f-9b40-6798f7a01f76}, !- Handle
  Qfan_timeseries_outvar,                 !- Name
  Qfan,                                   !- EMS Variable Name
  Averaged,                               !- Type of Data in Variable
  ZoneTimestep,                           !- Update Frequency
  {865d5fea-2684-42ac-9c67-90c3891da06a}, !- EMS Program or Subroutine Name
  m^/s;                                   !- Units

OS:EnergyManagementSystem:OutputVariable,
  {4c68eb57-5bca-4f1c-8902-c41e96f289b3}, !- Handle
  infil_flow_act_timeseries_outvar,       !- Name
  infil_flow_act,                         !- EMS Variable Name
  Averaged,                               !- Type of Data in Variable
  ZoneTimestep,                           !- Update Frequency
  {865d5fea-2684-42ac-9c67-90c3891da06a}, !- EMS Program or Subroutine Name
  m^/s;                                   !- Units

OS:EnergyManagementSystem:ProgramCallingManager,
  {2afdaca3-58e7-4b41-aa0d-b52f9a09d502}, !- Handle
  infil_program calling manager,          !- Name
  BeginZoneTimestepAfterInitHeatBalance,  !- EnergyPlus Model Calling Point
  {865d5fea-2684-42ac-9c67-90c3891da06a}; !- Program Name 1

OS:BuildingUnit,
  {10fb000f-ea01-4237-a83d-dedc65ce5a78}, !- Handle
  Building Unit 1,                        !- Name
  ,                                       !- Rendering Color
  ;                                       !- Building Unit Type

OS:AdditionalProperties,
  {fa640ca9-b8ef-494f-ae47-01129b7b9898}, !- Handle
  {10fb000f-ea01-4237-a83d-dedc65ce5a78}, !- Object Name
  unit_num,                               !- Feature Name 1
  Integer,                                !- Feature Data Type 1
  1;                                      !- Feature Value 1

OS:AdditionalProperties,
  {77d92424-a4eb-4231-b2be-dc9e112919b9}, !- Handle
  {32b5ba40-e0f2-40e7-9e52-080100a0c6b2}; !- Object Name

OS:EnergyManagementSystem:Sensor,
  {b2b6a10a-22b8-4cbc-a820-947e2c2d27d1}, !- Handle
  zone_htg_unmet_s,                       !- Name
  conditioned space,                      !- Output Variable or Output Meter Index Key Name
  Zone Heating Setpoint Not Met Time;     !- Output Variable or Output Meter Name

OS:EnergyManagementSystem:Sensor,
  {360987de-76ce-4f5c-9e24-094c21130912}, !- Handle
  zone_clg_unmet_s,                       !- Name
  conditioned space,                      !- Output Variable or Output Meter Index Key Name
  Zone Cooling Setpoint Not Met Time;     !- Output Variable or Output Meter Name

OS:AdditionalProperties,
  {ed4882ec-bbcf-465c-8ac0-2dda08700ca2}, !- Handle
  {360987de-76ce-4f5c-9e24-094c21130912}; !- Object Name

OS:AdditionalProperties,
  {ca9045b7-a848-4cec-b929-ca8d62d18602}, !- Handle
  {d6e2aab2-34d3-4097-9a7c-dadcab7e7b94}; !- Object Name

OS:AdditionalProperties,
  {8d1b6c28-abac-41d2-a935-aa726f0bad8b}, !- Handle
  {5977ffc0-1f4b-4a7f-94b0-d49413e5eca1}; !- Object Name

OS:AdditionalProperties,
  {422ebd5f-d2a1-403f-aa37-8fdfc342dccb}, !- Handle
  {92c00b43-a4dd-44ca-9c36-ace87f5f139b}; !- Object Name

OS:AdditionalProperties,
  {00e522a3-48ce-48f7-a54d-f7521dd70b7e}, !- Handle
  {1e23899b-a9c3-4e82-8194-b94e26da9341}; !- Object Name

OS:AdditionalProperties,
  {e6a4ba0a-fd52-42f0-b53b-0a54f7f92429}, !- Handle
  {55aff4aa-8855-41fe-8c48-50b28e2ff901}; !- Object Name

OS:AdditionalProperties,
  {986f116c-d7f9-4a34-8ec4-7faaeb233c59}, !- Handle
  {f8645a23-de39-45a9-91fd-32f1b14fe209}; !- Object Name

OS:AdditionalProperties,
  {0a25545e-9cb3-4ac3-a158-deb60f1c4a55}, !- Handle
  {41e24589-8b25-4390-839f-079d6552093d}; !- Object Name

OS:AdditionalProperties,
  {899a99e2-ac56-4055-9cf6-985396ab2d83}, !- Handle
  {ed04c6b5-ec48-4b16-95cd-4616eb4d8033}; !- Object Name

OS:AdditionalProperties,
  {779d6421-0b95-49f6-8848-6e72a3f2064f}, !- Handle
  {b2b6a10a-22b8-4cbc-a820-947e2c2d27d1}; !- Object Name

OS:AdditionalProperties,
  {785fa5ce-0f04-4307-94f5-db8315c718ab}, !- Handle
  {c744bc8d-0791-4c99-8f0d-99a72fa34970}; !- Object Name

OS:AdditionalProperties,
  {0157ad46-9d63-4f07-abfe-2a4b99215f28}, !- Handle
  {61a7d102-327a-4f31-b48f-33c791e439dc}; !- Object Name

OS:AdditionalProperties,
  {25d43f0d-08f1-46eb-a431-ca56e907166e}, !- Handle
  {63267108-200a-4738-9e05-2c7fe52d82ef}; !- Object Name

OS:AdditionalProperties,
  {9c5176e0-4d1d-4e36-bc5a-f090602b35c3}, !- Handle
  {eb0df2e6-7e06-41e9-b3ae-0277f5da8fc6}; !- Object Name

OS:AdditionalProperties,
  {c78cfd38-b379-407d-8e65-dce0af8fb9f9}, !- Handle
  {f709a641-4774-40a4-9167-34373279bffd}; !- Object Name

OS:AdditionalProperties,
  {08f73000-2b15-4d6a-bb1b-ccc1b2c433b1}, !- Handle
  {9fd5dfaf-e148-4a5a-bb56-0df3a9fac726}; !- Object Name

OS:AdditionalProperties,
  {4346b772-eddf-4bb0-95aa-1cf1794da05d}, !- Handle
  {9bcd6a36-39cf-4f26-b701-3def86ac3a42}; !- Object Name

OS:AdditionalProperties,
  {47dd62df-10de-438a-b5ae-7e0fc5718558}, !- Handle
  {6e4a9598-88e9-4759-b388-95e908abd9d4}; !- Object Name

OS:AdditionalProperties,
  {6b03ef6b-b4f2-4988-a7e4-758a006ae921}, !- Handle
  {22b2156b-5e8f-47c4-88f9-6b8ce0cba328}; !- Object Name

OS:AdditionalProperties,
  {43669348-900b-4c2b-87ba-1a9915835fec}, !- Handle
  {cfd07b52-51c8-4018-a223-17d08f388207}; !- Object Name

OS:AdditionalProperties,
  {8089584f-6af2-408f-b1ce-193d1437089b}, !- Handle
  {312c6bf6-0539-4949-b6c2-0a877805dec3}; !- Object Name

OS:AdditionalProperties,
  {f81b95f0-5cc2-40dd-95a6-b412d766430e}, !- Handle
  {628fd37a-01ad-4cdd-971d-9e1c7926a943}; !- Object Name

OS:AdditionalProperties,
  {171983c5-7816-476c-b5eb-40d49c9f16b8}, !- Handle
  {25c8f329-7e34-47d5-b762-46f54926fccd}; !- Object Name

OS:AdditionalProperties,
  {0615c9b9-6372-489a-80ad-5ad1b60ad8bf}, !- Handle
  {4f0b122b-f813-4149-af27-3a02b4fc798f}; !- Object Name

OS:AdditionalProperties,
  {b85f7510-65cb-43fa-9d65-aadb410ffb46}, !- Handle
  {61bb6540-71c1-43ac-b2fc-ceedb2e1a2de}; !- Object Name

OS:AdditionalProperties,
  {3553e053-28b0-4e5a-a7e1-c94a22c6f59c}, !- Handle
  {8bd63ce4-c1d2-42d2-ab85-ead2b2a52544}; !- Object Name

OS:AdditionalProperties,
  {72739535-8aa7-4d1a-b94e-966b21495f2a}, !- Handle
  {bb406a0f-a8ad-44f3-9563-683944deca00}; !- Object Name

OS:AdditionalProperties,
  {0e0c7e92-686b-421e-b9b4-9a08dd342dda}, !- Handle
  {0aa6ffc0-8550-4b55-8025-ffae7766a5e6}; !- Object Name

OS:AdditionalProperties,
  {e42a4b45-236a-445f-b2d7-6a9e88c0052a}, !- Handle
  {feb363d2-e8b6-4ff0-9760-e8d1ed3957c3}; !- Object Name

OS:AdditionalProperties,
  {f157be27-8655-4d68-ba2b-8c93b7df40bb}, !- Handle
  {29ab3529-f28d-48ce-8962-424754816bfc}; !- Object Name

OS:AdditionalProperties,
  {cf9512ae-79a9-4116-a377-a27c3e38fc72}, !- Handle
  {7895dc8f-947f-4c88-be61-229eff5481f2}; !- Object Name

OS:AdditionalProperties,
  {63826317-f2e6-47d8-9cba-908d430fe794}, !- Handle
  {f28a4168-f55a-4e93-bf19-d52778150bb3}; !- Object Name

OS:EnergyManagementSystem:Program,
  {57cdb23f-5bc0-4dea-a037-009c548287bf}, !- Handle
  unmet_hours_program,                    !- Name
  Set htg_unmet_hours = 0,                !- Program Line 1
  Set clg_unmet_hours = 0,                !- Program Line 2
  If ((DayOfYear >= 1) && (DayOfYear <= 365)), !- Program Line 3
  If zone_htg_unmet_s > htg_unmet_hours,  !- Program Line 4
  Set htg_unmet_hours = zone_htg_unmet_s, !- Program Line 5
  EndIf,                                  !- Program Line 6
  EndIf,                                  !- Program Line 7
  If ((DayOfYear >= 1) && (DayOfYear <= 365)), !- Program Line 8
  If zone_clg_unmet_s > clg_unmet_hours,  !- Program Line 9
  Set clg_unmet_hours = zone_clg_unmet_s, !- Program Line 10
  EndIf,                                  !- Program Line 11
  EndIf;                                  !- Program Line 12

OS:AdditionalProperties,
  {9af542a0-4607-41e6-a787-a6396dd20e01}, !- Handle
  {57cdb23f-5bc0-4dea-a037-009c548287bf}, !- Object Name
  ObjectType,                             !- Feature Name 1
  String,                                 !- Feature Data Type 1
  unmet hours program;                    !- Feature Value 1

OS:EnergyManagementSystem:ProgramCallingManager,
  {3c4414d6-28f6-44a1-a3c1-a40423e70e14}, !- Handle
  unmet_hours_program calling manager,    !- Name
  EndOfZoneTimestepBeforeZoneReporting,   !- EnergyPlus Model Calling Point
  {57cdb23f-5bc0-4dea-a037-009c548287bf}; !- Program Name 1

OS:EnergyManagementSystem:Sensor,
  {de04fff8-1298-46cc-a346-16e52be2c6cd}, !- Handle
  htg_load_cond,                          !- Name
  ,                                       !- Output Variable or Output Meter Index Key Name
  Heating:EnergyTransfer:Zone:CONDITIONED SPACE; !- Output Variable or Output Meter Name

OS:EnergyManagementSystem:Sensor,
  {3faa0fe2-7f70-453f-b068-653d4dd20ce7}, !- Handle
  clg_load_cond,                          !- Name
  ,                                       !- Output Variable or Output Meter Index Key Name
  Cooling:EnergyTransfer:Zone:CONDITIONED SPACE; !- Output Variable or Output Meter Name

OS:EnergyManagementSystem:Sensor,
  {cee485dd-334b-4b6d-beb2-446dfd34de4a}, !- Handle
  htg_load_duct,                          !- Name
  ,                                       !- Output Variable or Output Meter Index Key Name
  Heating:EnergyTransfer:Zone:AIR SOURCE HEAT PUMP AIRLOOP RET AIR ZONE; !- Output Variable or Output Meter Name

OS:EnergyManagementSystem:Sensor,
  {23924a98-601f-468b-bc7f-c42aaa95d79d}, !- Handle
  clg_load_duct,                          !- Name
  ,                                       !- Output Variable or Output Meter Index Key Name
  Cooling:EnergyTransfer:Zone:AIR SOURCE HEAT PUMP AIRLOOP RET AIR ZONE; !- Output Variable or Output Meter Name

OS:EnergyManagementSystem:Program,
  {2e9dbe1d-d3d6-4ee2-81b3-3a67148e5efc}, !- Handle
  total_loads_program,                    !- Name
  Set loads_htg_tot = 0,                  !- Program Line 1
  Set loads_clg_tot = 0,                  !- Program Line 2
  If htg_load_cond > 0,                   !- Program Line 3
  Set loads_htg_tot = loads_htg_tot + (htg_load_cond - clg_load_cond) * 1.0, !- Program Line 4
  Set loads_htg_tot = loads_htg_tot + (htg_load_duct - clg_load_duct) * 1.0, !- Program Line 5
  EndIf,                                  !- Program Line 6
  If clg_load_cond > 0,                   !- Program Line 7
  Set loads_clg_tot = loads_clg_tot + (clg_load_cond - htg_load_cond) * 1.0, !- Program Line 8
  Set loads_clg_tot = loads_clg_tot + (clg_load_duct - htg_load_duct) * 1.0, !- Program Line 9
  EndIf;                                  !- Program Line 10

OS:AdditionalProperties,
  {8a4564de-d75b-49b2-a1a4-9ce8964832c3}, !- Handle
  {2e9dbe1d-d3d6-4ee2-81b3-3a67148e5efc}, !- Object Name
  ObjectType,                             !- Feature Name 1
  String,                                 !- Feature Data Type 1
  total loads program;                    !- Feature Value 1

OS:EnergyManagementSystem:ProgramCallingManager,
  {d57ca7a4-64b8-470e-adfc-f6c1c3e78d1d}, !- Handle
  total_loads_program calling manager,    !- Name
  EndOfZoneTimestepAfterZoneReporting,    !- EnergyPlus Model Calling Point
  {2e9dbe1d-d3d6-4ee2-81b3-3a67148e5efc}; !- Program Name 1

OS:Output:JSON,
  {90dffcf5-0594-4b11-9181-19891b02901e}, !- Handle
  TimeSeriesAndTabular,                   !- Option Type
  No,                                     !- Output JSON
  No,                                     !- Output CBOR
  Yes;                                    !- Output MessagePack

OS:OutputControl:Files,
  {862c7a8d-5bbc-4dbf-8b72-b449bf767d9b}, !- Handle
  No,                                     !- Output CSV
  No,                                     !- Output MTR
  No,                                     !- Output ESO
  No,                                     !- Output EIO
  Yes,                                    !- Output Tabular
  No,                                     !- Output SQLite
  Yes,                                    !- Output JSON
  No,                                     !- Output AUDIT
  Yes,                                    !- Output Zone Sizing
  Yes,                                    !- Output System Sizing
  Yes,                                    !- Output DXF
  No,                                     !- Output BND
  No,                                     !- Output RDD
  No,                                     !- Output MDD
  No,                                     !- Output MTD
  No,                                     !- Output SHD
  Yes,                                    !- Output DFS
  Yes,                                    !- Output GLHE
  Yes,                                    !- Output DelightIn
  Yes,                                    !- Output DelightELdmp
  Yes,                                    !- Output DelightDFdmp
  Yes,                                    !- Output EDD
  Yes,                                    !- Output DBG
  No,                                     !- Output PerfLog
  Yes,                                    !- Output SLN
  Yes,                                    !- Output SCI
  Yes,                                    !- Output WRL
  Yes,                                    !- Output Screen
  Yes,                                    !- Output ExtShd
  Yes;                                    !- Output Tarcog

OS:Building,
  {4db0bdeb-5392-4771-85f8-a6f80a726260}, !- Handle
  Building 1,                             !- Name
  ,                                       !- Building Sector Type
  ,                                       !- North Axis {deg}
  ,                                       !- Nominal Floor to Floor Height {m}
  ,                                       !- Space Type Name
  ,                                       !- Default Construction Set Name
  ;                                       !- Default Schedule Set Name

OS:AdditionalProperties,
  {a31b6460-258a-483a-8cdd-6391d891ed99}, !- Handle
  {4db0bdeb-5392-4771-85f8-a6f80a726260}, !- Object Name
  hpxml_path,                             !- Feature Name 1
  String,                                 !- Feature Data Type 1
  /var/simdata/openstudio/run/home.xml,   !- Feature Value 1
  hpxml_defaults_path,                    !- Feature Name 2
  String,                                 !- Feature Data Type 2
  /var/simdata/openstudio/run/in.xml,     !- Feature Value 2
  building_id,                            !- Feature Name 3
  String,                                 !- Feature Data Type 3
  ,                                       !- Feature Value 3
  emissions_scenario_names,               !- Feature Name 4
  String,                                 !- Feature Data Type 4
  ["LRMER_LowRECost_15"&#44 "LRMER_MidCase_15"&#44 "LRMER_HighRECost_15"&#44 "LRMER_MidCase_25"], !- Feature Value 4
  emissions_scenario_types,               !- Feature Name 5
  String,                                 !- Feature Data Type 5
  ["CO2e"&#44 "CO2e"&#44 "CO2e"&#44 "CO2e"], !- Feature Value 5
  heated_zones,                           !- Feature Name 6
  String,                                 !- Feature Data Type 6
  ["conditioned space"],                  !- Feature Value 6
  cooled_zones,                           !- Feature Name 7
  String,                                 !- Feature Data Type 7
  ["conditioned space"],                  !- Feature Value 7
  is_southern_hemisphere,                 !- Feature Name 8
  Boolean,                                !- Feature Data Type 8
  false;                                  !- Feature Value 8

