
OS:Version,
  {2420e240-0178-4f1e-8966-218113f71296}, !- Handle
  3.7.0;                                  !- Version Identifier

OS:WeatherFile,
  {e98cb619-4477-4604-ae5f-655e8da70712}, !- Handle
  Tallahassee Regional Ap  Isis,          !- City
  FL,                                     !- State Province Region
  USA,                                    !- Country
  TMY3,                                   !- Data Source
  722140,                                 !- WMO Number
  30.38,                                  !- Latitude {deg}
  -84.37,                                 !- Longitude {deg}
  -5,                                     !- Time Zone {hr}
  21,                                     !- Elevation {m}
  /weather/G1300870.epw,                  !- Url
  BA4BE2F9,                               !- Checksum
  ,                                       !- Start Date Actual Year
  Sunday;                                 !- Start Day of Week

OS:YearDescription,
  {7074ac36-445d-47cc-b8b5-e2ae3c5e2803}, !- Handle
  2018,                                   !- Calendar Year
  ,                                       !- Day of Week for Start Day
  ;                                       !- Is Leap Year

OS:Site,
  {283f6e84-b223-4eac-a084-46968f53c224}, !- Handle
  Tallahassee Regional Ap  Isis_FL_USA,   !- Name
  30.38,                                  !- Latitude {deg}
  -84.37,                                 !- Longitude {deg}
  -5,                                     !- Time Zone {hr}
  21,                                     !- Elevation {m}
  Suburbs;                                !- Terrain

OS:RunPeriodControl:DaylightSavingTime,
  {913106fa-8b25-43b2-ab9b-7200c444ad76}, !- Handle
  Mar 12,                                 !- Start Date
  Nov 5;                                  !- End Date

OS:Site:GroundTemperature:Shallow,
  {6e817410-5aff-4f51-bc0f-5ee96583197f}, !- Handle
  16.3546663980125,                       !- January Surface Ground Temperature {C}
  15.0592964613324,                       !- February Surface Ground Temperature {C}
  14.9555585913301,                       !- March Surface Ground Temperature {C}
  15.5702778150259,                       !- April Surface Ground Temperature {C}
  18.038032949685,                        !- May Surface Ground Temperature {C}
  20.49429223405,                         !- June Surface Ground Temperature {C}
  22.6237377606621,                       !- July Surface Ground Temperature {C}
  23.9726891291255,                       !- August Surface Ground Temperature {C}
  24.0872899571397,                       !- September Surface Ground Temperature {C}
  22.9901447466756,                       !- October Surface Ground Temperature {C}
  20.9150013312211,                       !- November Surface Ground Temperature {C}
  18.5340900771804;                       !- December Surface Ground Temperature {C}

OS:SimulationControl,
  {a9ba6c1a-e5b0-4981-8899-83646049742c}, !- Handle
  ,                                       !- Do Zone Sizing Calculation
  ,                                       !- Do System Sizing Calculation
  ,                                       !- Do Plant Sizing Calculation
  No;                                     !- Run Simulation for Sizing Periods

OS:Timestep,
  {f121e669-1892-4bfa-b8ff-1f28a703d4d3}, !- Handle
  4;                                      !- Number of Timesteps per Hour

OS:ShadowCalculation,
  {63e51fa7-43b2-412c-a7bb-449ed11339f6}, !- Handle
  PolygonClipping,                        !- Shading Calculation Method
  ,                                       !- Shading Calculation Update Frequency Method
  20,                                     !- Shading Calculation Update Frequency
  200,                                    !- Maximum Figures in Shadow Overlap Calculations
  ,                                       !- Polygon Clipping Algorithm
  512,                                    !- Pixel Counting Resolution
  ,                                       !- Sky Diffuse Modeling Algorithm
  No,                                     !- Output External Shading Calculation Results
  No,                                     !- Disable Self-Shading Within Shading Zone Groups
  No;                                     !- Disable Self-Shading From Shading Zone Groups to Other Zones

OS:SurfaceConvectionAlgorithm:Outside,
  {3c5f8b43-6639-433f-a59c-10f96919b98a}, !- Handle
  DOE-2;                                  !- Algorithm

OS:SurfaceConvectionAlgorithm:Inside,
  {6918d5b0-48df-4d6d-80ae-e8f4ff074392}, !- Handle
  TARP;                                   !- Algorithm

OS:ZoneCapacitanceMultiplier:ResearchSpecial,
  {1f9e506b-7c2e-491c-9a2b-c6f15df5fe0f}, !- Handle
  1,                                      !- Temperature Capacity Multiplier
  15,                                     !- Humidity Capacity Multiplier
  ;                                       !- Carbon Dioxide Capacity Multiplier

OS:ConvergenceLimits,
  {3862748a-6ab0-406e-81db-6086b3518431}, !- Handle
  0;                                      !- Minimum System Timestep {minutes}

OS:RunPeriod,
  {2d8682dd-1c0b-49bd-8614-4c7b68f9481f}, !- Handle
  Run Period 1,                           !- Name
  1,                                      !- Begin Month
  1,                                      !- Begin Day of Month
  12,                                     !- End Month
  31,                                     !- End Day of Month
  ,                                       !- Use Weather File Holidays and Special Days
  ,                                       !- Use Weather File Daylight Saving Period
  ,                                       !- Apply Weekend Holiday Rule
  ,                                       !- Use Weather File Rain Indicators
  ,                                       !- Use Weather File Snow Indicators
  ;                                       !- Number of Times Runperiod to be Repeated

OS:PerformancePrecisionTradeoffs,
  {8cd6acd1-7892-41b6-82b1-b519175fdb34}, !- Handle
  ,                                       !- Use Coil Direct Solutions
  CarrollMRT;                             !- Zone Radiant Exchange Algorithm

OS:ThermalZone,
  {f3151d8b-9ec5-4e23-8962-0a95f5d5789e}, !- Handle
  conditioned space,                      !- Name
  1,                                      !- Multiplier
  ,                                       !- Ceiling Height {m}
  278.184700919808,                       !- Volume {m3}
  ,                                       !- Floor Area {m2}
  ,                                       !- Zone Inside Convection Algorithm
  ,                                       !- Zone Outside Convection Algorithm
  ,                                       !- Zone Conditioning Equipment List Name
  {2bbfdcfd-20f5-4643-93c7-d35aa62cacb4}, !- Zone Air Inlet Port List
  {b2f409e6-2086-45cf-8b13-4233f2ece39a}, !- Zone Air Exhaust Port List
  {72714d69-19f0-4148-b4e8-2c225737efb5}, !- Zone Air Node Name
  {d953995f-2c4b-44e6-9b09-e6c27fd70e45}, !- Zone Return Air Port List
  ,                                       !- Primary Daylighting Control Name
  ,                                       !- Fraction of Zone Controlled by Primary Daylighting Control
  ,                                       !- Secondary Daylighting Control Name
  ,                                       !- Fraction of Zone Controlled by Secondary Daylighting Control
  ,                                       !- Illuminance Map Name
  ,                                       !- Group Rendering Name
  {4dc72ba7-afe8-43b6-b512-4bdbff54caba}, !- Thermostat Name
  No;                                     !- Use Ideal Air Loads

OS:Node,
  {27ed4424-5dfe-4d43-ba17-c043fb10ea2f}, !- Handle
  Node 1,                                 !- Name
  {72714d69-19f0-4148-b4e8-2c225737efb5}, !- Inlet Port
  ;                                       !- Outlet Port

OS:Connection,
  {72714d69-19f0-4148-b4e8-2c225737efb5}, !- Handle
  {f3151d8b-9ec5-4e23-8962-0a95f5d5789e}, !- Source Object
  11,                                     !- Outlet Port
  {27ed4424-5dfe-4d43-ba17-c043fb10ea2f}, !- Target Object
  2;                                      !- Inlet Port

OS:PortList,
  {2bbfdcfd-20f5-4643-93c7-d35aa62cacb4}, !- Handle
  {f3151d8b-9ec5-4e23-8962-0a95f5d5789e}, !- HVAC Component
  {f39e3249-d3b8-4304-9120-f974e3d55d36}; !- Port 1

OS:PortList,
  {b2f409e6-2086-45cf-8b13-4233f2ece39a}, !- Handle
  {f3151d8b-9ec5-4e23-8962-0a95f5d5789e}; !- HVAC Component

OS:PortList,
  {d953995f-2c4b-44e6-9b09-e6c27fd70e45}, !- Handle
  {f3151d8b-9ec5-4e23-8962-0a95f5d5789e}, !- HVAC Component
  {259e6e83-8dc2-4081-bb53-648a63a72d8f}; !- Port 1

OS:Sizing:Zone,
  {973174ee-5e87-47b6-bef6-ce313e85711a}, !- Handle
  {f3151d8b-9ec5-4e23-8962-0a95f5d5789e}, !- Zone or ZoneList Name
  SupplyAirTemperature,                   !- Zone Cooling Design Supply Air Temperature Input Method
  14,                                     !- Zone Cooling Design Supply Air Temperature {C}
  11.11,                                  !- Zone Cooling Design Supply Air Temperature Difference {deltaC}
  SupplyAirTemperature,                   !- Zone Heating Design Supply Air Temperature Input Method
  40,                                     !- Zone Heating Design Supply Air Temperature {C}
  11.11,                                  !- Zone Heating Design Supply Air Temperature Difference {deltaC}
  0.0085,                                 !- Zone Cooling Design Supply Air Humidity Ratio {kg-H2O/kg-air}
  0.008,                                  !- Zone Heating Design Supply Air Humidity Ratio {kg-H2O/kg-air}
  ,                                       !- Zone Heating Sizing Factor
  ,                                       !- Zone Cooling Sizing Factor
  DesignDay,                              !- Cooling Design Air Flow Method
  ,                                       !- Cooling Design Air Flow Rate {m3/s}
  ,                                       !- Cooling Minimum Air Flow per Zone Floor Area {m3/s-m2}
  ,                                       !- Cooling Minimum Air Flow {m3/s}
  ,                                       !- Cooling Minimum Air Flow Fraction
  DesignDay,                              !- Heating Design Air Flow Method
  ,                                       !- Heating Design Air Flow Rate {m3/s}
  ,                                       !- Heating Maximum Air Flow per Zone Floor Area {m3/s-m2}
  ,                                       !- Heating Maximum Air Flow {m3/s}
  ,                                       !- Heating Maximum Air Flow Fraction
  No,                                     !- Account for Dedicated Outdoor Air System
  NeutralSupplyAir,                       !- Dedicated Outdoor Air System Control Strategy
  autosize,                               !- Dedicated Outdoor Air Low Setpoint Temperature for Design {C}
  autosize,                               !- Dedicated Outdoor Air High Setpoint Temperature for Design {C}
  Sensible Load Only No Latent Load,      !- Zone Load Sizing Method
  HumidityRatioDifference,                !- Zone Latent Cooling Design Supply Air Humidity Ratio Input Method
  ,                                       !- Zone Dehumidification Design Supply Air Humidity Ratio {kgWater/kgDryAir}
  0.005,                                  !- Zone Cooling Design Supply Air Humidity Ratio Difference {kgWater/kgDryAir}
  HumidityRatioDifference,                !- Zone Latent Heating Design Supply Air Humidity Ratio Input Method
  ,                                       !- Zone Humidification Design Supply Air Humidity Ratio {kgWater/kgDryAir}
  0.005;                                  !- Zone Humidification Design Supply Air Humidity Ratio Difference {kgWater/kgDryAir}

OS:ZoneHVAC:EquipmentList,
  {4295404a-cba8-4b23-9c30-a43c09fd2502}, !- Handle
  Zone HVAC Equipment List 1,             !- Name
  {f3151d8b-9ec5-4e23-8962-0a95f5d5789e}, !- Thermal Zone
  ,                                       !- Load Distribution Scheme
  {822755f2-0647-418a-a1fd-3746c5fa4abd}, !- Zone Equipment 1
  1,                                      !- Zone Equipment Cooling Sequence 1
  1,                                      !- Zone Equipment Heating or No-Load Sequence 1
  {9ee69c60-a0cb-44da-bbd2-7fcc99f90a04}, !- Zone Equipment Sequential Cooling Fraction Schedule Name 1
  {269ffaa2-7fd3-450d-9572-8f15bb909ef6}; !- Zone Equipment Sequential Heating Fraction Schedule Name 1

OS:AdditionalProperties,
  {a952098f-4d41-4ff8-bf1b-4d07ef6dbeb4}, !- Handle
  {f3151d8b-9ec5-4e23-8962-0a95f5d5789e}, !- Object Name
  ObjectType,                             !- Feature Name 1
  String,                                 !- Feature Data Type 1
  conditioned space;                      !- Feature Value 1

OS:Space,
  {b204bd97-7d65-4c4e-91e4-774935512ef2}, !- Handle
  conditioned space 1,                    !- Name
  ,                                       !- Space Type Name
  ,                                       !- Default Construction Set Name
  ,                                       !- Default Schedule Set Name
  ,                                       !- Direction of Relative North {deg}
  ,                                       !- X Origin {m}
  ,                                       !- Y Origin {m}
  ,                                       !- Z Origin {m}
  ,                                       !- Building Story Name
  {f3151d8b-9ec5-4e23-8962-0a95f5d5789e}, !- Thermal Zone Name
  ,                                       !- Part of Total Floor Area
  ,                                       !- Design Specification Outdoor Air Object Name
  {bde82b4d-1613-453e-ad31-6985ccf4c7ae}, !- Building Unit Name
  278.184700919808;                       !- Volume {m3}

OS:Schedule:Ruleset,
  {89dcae57-39b8-40ef-99da-03ee5b0700b1}, !- Handle
  heating setpoint,                       !- Name
  {253afd1c-ac24-4a05-8c58-e5855a061bb3}, !- Schedule Type Limits Name
  {4f8e170e-c8c1-4e14-b22b-bab36eb62746}; !- Default Day Schedule Name

OS:Schedule:Day,
  {4f8e170e-c8c1-4e14-b22b-bab36eb62746}, !- Handle
  heating setpoint default day,           !- Name
  {253afd1c-ac24-4a05-8c58-e5855a061bb3}, !- Schedule Type Limits Name
  ,                                       !- Interpolate to Timestep
  24,                                     !- Hour 1
  0,                                      !- Minute 1
  0;                                      !- Value Until Time 1

OS:Schedule:Rule,
  {6d2ca756-4f30-42fd-89bb-a94dc137795e}, !- Handle
  heating setpoint allday ruleset1,       !- Name
  {89dcae57-39b8-40ef-99da-03ee5b0700b1}, !- Schedule Ruleset Name
  0,                                      !- Rule Order
  {c4460f63-b788-4454-ad68-763bc1a07d67}, !- Day Schedule Name
  Yes,                                    !- Apply Sunday
  Yes,                                    !- Apply Monday
  Yes,                                    !- Apply Tuesday
  Yes,                                    !- Apply Wednesday
  Yes,                                    !- Apply Thursday
  Yes,                                    !- Apply Friday
  Yes,                                    !- Apply Saturday
  DateRange,                              !- Date Specification Type
  1,                                      !- Start Month
  1,                                      !- Start Day
  12,                                     !- End Month
  31;                                     !- End Day

OS:Schedule:Day,
  {c4460f63-b788-4454-ad68-763bc1a07d67}, !- Handle
  heating setpoint allday1,               !- Name
  {253afd1c-ac24-4a05-8c58-e5855a061bb3}, !- Schedule Type Limits Name
  ,                                       !- Interpolate to Timestep
  3,                                      !- Hour 1
  0,                                      !- Minute 1
  21.1111111111111,                       !- Value Until Time 1
  12,                                     !- Hour 2
  0,                                      !- Minute 2
  20.5555555555556,                       !- Value Until Time 2
  24,                                     !- Hour 3
  0,                                      !- Minute 3
  21.1111111111111;                       !- Value Until Time 3

OS:Schedule:Ruleset,
  {80230e69-20bd-45fa-bea3-c7f268b95bff}, !- Handle
  cooling setpoint,                       !- Name
  {253afd1c-ac24-4a05-8c58-e5855a061bb3}, !- Schedule Type Limits Name
  {729f15d8-00e5-4e54-ac9b-8b318666b94d}; !- Default Day Schedule Name

OS:Schedule:Day,
  {729f15d8-00e5-4e54-ac9b-8b318666b94d}, !- Handle
  cooling setpoint default day,           !- Name
  {253afd1c-ac24-4a05-8c58-e5855a061bb3}, !- Schedule Type Limits Name
  ,                                       !- Interpolate to Timestep
  24,                                     !- Hour 1
  0,                                      !- Minute 1
  0;                                      !- Value Until Time 1

OS:Schedule:Rule,
  {a599b809-2723-4800-a7dc-92199019a02b}, !- Handle
  cooling setpoint allday ruleset1,       !- Name
  {80230e69-20bd-45fa-bea3-c7f268b95bff}, !- Schedule Ruleset Name
  0,                                      !- Rule Order
  {1f17dc04-8474-411b-84d3-3aa52510db96}, !- Day Schedule Name
  Yes,                                    !- Apply Sunday
  Yes,                                    !- Apply Monday
  Yes,                                    !- Apply Tuesday
  Yes,                                    !- Apply Wednesday
  Yes,                                    !- Apply Thursday
  Yes,                                    !- Apply Friday
  Yes,                                    !- Apply Saturday
  DateRange,                              !- Date Specification Type
  1,                                      !- Start Month
  1,                                      !- Start Day
  12,                                     !- End Month
  31;                                     !- End Day

OS:Schedule:Day,
  {1f17dc04-8474-411b-84d3-3aa52510db96}, !- Handle
  cooling setpoint allday1,               !- Name
  {253afd1c-ac24-4a05-8c58-e5855a061bb3}, !- Schedule Type Limits Name
  ,                                       !- Interpolate to Timestep
  3,                                      !- Hour 1
  0,                                      !- Minute 1
  21.1111111111111,                       !- Value Until Time 1
  12,                                     !- Hour 2
  0,                                      !- Minute 2
  20.5555555555556,                       !- Value Until Time 2
  24,                                     !- Hour 3
  0,                                      !- Minute 3
  21.1111111111111;                       !- Value Until Time 3

OS:ThermostatSetpoint:DualSetpoint,
  {4dc72ba7-afe8-43b6-b512-4bdbff54caba}, !- Handle
  conditioned space temperature setpoint, !- Name
  {89dcae57-39b8-40ef-99da-03ee5b0700b1}, !- Heating Setpoint Temperature Schedule Name
  {80230e69-20bd-45fa-bea3-c7f268b95bff}; !- Cooling Setpoint Temperature Schedule Name

OS:ScheduleTypeLimits,
  {253afd1c-ac24-4a05-8c58-e5855a061bb3}, !- Handle
  Temperature,                            !- Name
  ,                                       !- Lower Limit Value
  ,                                       !- Upper Limit Value
  Continuous,                             !- Numeric Type
  Temperature;                            !- Unit Type

OS:Surface,
  {784e11bc-4d49-481f-b994-2fd7dd832356}, !- Handle
  Roof1,                                  !- Name
  RoofCeiling,                            !- Surface Type
  {f9e19270-7b78-4b76-b2cb-fc8598db90cc}, !- Construction Name
  {54bc3987-68e2-4354-acbc-4929ea352a42}, !- Space Name
  Outdoors,                               !- Outside Boundary Condition
  ,                                       !- Outside Boundary Condition Object
  SunExposed,                             !- Sun Exposure
  WindExposed,                            !- Wind Exposure
  ,                                       !- View Factor to Ground
  ,                                       !- Number of Vertices
  -16.0253319409073, -5.96894675418888, 2.4384, !- X,Y,Z Vertex 1 {m}
  -10.6865444108107, -0.630159152824156, 6.21349289104255, !- X,Y,Z Vertex 2 {m}
  -16.655490407853, 5.3387867645379, 6.21349289104255, !- X,Y,Z Vertex 3 {m}
  -21.9942779379495, -8.36826796302148e-07, 2.4384; !- X,Y,Z Vertex 4 {m}

OS:AdditionalProperties,
  {01478973-1f91-4415-ba2c-3d8a6017d875}, !- Handle
  {784e11bc-4d49-481f-b994-2fd7dd832356}, !- Object Name
  Length,                                 !- Feature Name 1
  Double,                                 !- Feature Data Type 1
  27.694764848252458,                     !- Feature Value 1
  Width,                                  !- Feature Name 2
  Double,                                 !- Feature Data Type 2
  27.694764848252458,                     !- Feature Value 2
  Azimuth,                                !- Feature Name 3
  Integer,                                !- Feature Data Type 3
  225,                                    !- Feature Value 3
  Tilt,                                   !- Feature Name 4
  Double,                                 !- Feature Data Type 4
  0.5,                                    !- Feature Value 4
  SurfaceType,                            !- Feature Name 5
  String,                                 !- Feature Data Type 5
  Roof;                                   !- Feature Value 5

OS:ThermalZone,
  {8800848f-661b-4db9-8a4d-145f55ac18c7}, !- Handle
  attic - vented,                         !- Name
  1,                                      !- Multiplier
  ,                                       !- Ceiling Height {m}
  124.582613531863,                       !- Volume {m3}
  ,                                       !- Floor Area {m2}
  ,                                       !- Zone Inside Convection Algorithm
  ,                                       !- Zone Outside Convection Algorithm
  ,                                       !- Zone Conditioning Equipment List Name
  {08c515c6-035c-4626-9904-20c21c1ff633}, !- Zone Air Inlet Port List
  {ec40abed-2396-49ca-a8ac-709b5e108b76}, !- Zone Air Exhaust Port List
  {a39c057c-ad9d-4014-b645-a42b7b88b848}, !- Zone Air Node Name
  {6f19aa30-23e9-4a14-881e-8edc14520a6c}, !- Zone Return Air Port List
  ,                                       !- Primary Daylighting Control Name
  ,                                       !- Fraction of Zone Controlled by Primary Daylighting Control
  ,                                       !- Secondary Daylighting Control Name
  ,                                       !- Fraction of Zone Controlled by Secondary Daylighting Control
  ,                                       !- Illuminance Map Name
  ,                                       !- Group Rendering Name
  ,                                       !- Thermostat Name
  No;                                     !- Use Ideal Air Loads

OS:Node,
  {58e3cbc0-4ad0-4f60-8ccb-382f03204dd1}, !- Handle
  Node 2,                                 !- Name
  {a39c057c-ad9d-4014-b645-a42b7b88b848}, !- Inlet Port
  ;                                       !- Outlet Port

OS:Connection,
  {a39c057c-ad9d-4014-b645-a42b7b88b848}, !- Handle
  {8800848f-661b-4db9-8a4d-145f55ac18c7}, !- Source Object
  11,                                     !- Outlet Port
  {58e3cbc0-4ad0-4f60-8ccb-382f03204dd1}, !- Target Object
  2;                                      !- Inlet Port

OS:PortList,
  {08c515c6-035c-4626-9904-20c21c1ff633}, !- Handle
  {8800848f-661b-4db9-8a4d-145f55ac18c7}; !- HVAC Component

OS:PortList,
  {ec40abed-2396-49ca-a8ac-709b5e108b76}, !- Handle
  {8800848f-661b-4db9-8a4d-145f55ac18c7}; !- HVAC Component

OS:PortList,
  {6f19aa30-23e9-4a14-881e-8edc14520a6c}, !- Handle
  {8800848f-661b-4db9-8a4d-145f55ac18c7}; !- HVAC Component

OS:Sizing:Zone,
  {90ddd512-55a9-4efe-9509-e99665be4edd}, !- Handle
  {8800848f-661b-4db9-8a4d-145f55ac18c7}, !- Zone or ZoneList Name
  SupplyAirTemperature,                   !- Zone Cooling Design Supply Air Temperature Input Method
  14,                                     !- Zone Cooling Design Supply Air Temperature {C}
  11.11,                                  !- Zone Cooling Design Supply Air Temperature Difference {deltaC}
  SupplyAirTemperature,                   !- Zone Heating Design Supply Air Temperature Input Method
  40,                                     !- Zone Heating Design Supply Air Temperature {C}
  11.11,                                  !- Zone Heating Design Supply Air Temperature Difference {deltaC}
  0.0085,                                 !- Zone Cooling Design Supply Air Humidity Ratio {kg-H2O/kg-air}
  0.008,                                  !- Zone Heating Design Supply Air Humidity Ratio {kg-H2O/kg-air}
  ,                                       !- Zone Heating Sizing Factor
  ,                                       !- Zone Cooling Sizing Factor
  DesignDay,                              !- Cooling Design Air Flow Method
  ,                                       !- Cooling Design Air Flow Rate {m3/s}
  ,                                       !- Cooling Minimum Air Flow per Zone Floor Area {m3/s-m2}
  ,                                       !- Cooling Minimum Air Flow {m3/s}
  ,                                       !- Cooling Minimum Air Flow Fraction
  DesignDay,                              !- Heating Design Air Flow Method
  ,                                       !- Heating Design Air Flow Rate {m3/s}
  ,                                       !- Heating Maximum Air Flow per Zone Floor Area {m3/s-m2}
  ,                                       !- Heating Maximum Air Flow {m3/s}
  ,                                       !- Heating Maximum Air Flow Fraction
  No,                                     !- Account for Dedicated Outdoor Air System
  NeutralSupplyAir,                       !- Dedicated Outdoor Air System Control Strategy
  autosize,                               !- Dedicated Outdoor Air Low Setpoint Temperature for Design {C}
  autosize,                               !- Dedicated Outdoor Air High Setpoint Temperature for Design {C}
  Sensible Load Only No Latent Load,      !- Zone Load Sizing Method
  HumidityRatioDifference,                !- Zone Latent Cooling Design Supply Air Humidity Ratio Input Method
  ,                                       !- Zone Dehumidification Design Supply Air Humidity Ratio {kgWater/kgDryAir}
  0.005,                                  !- Zone Cooling Design Supply Air Humidity Ratio Difference {kgWater/kgDryAir}
  HumidityRatioDifference,                !- Zone Latent Heating Design Supply Air Humidity Ratio Input Method
  ,                                       !- Zone Humidification Design Supply Air Humidity Ratio {kgWater/kgDryAir}
  0.005;                                  !- Zone Humidification Design Supply Air Humidity Ratio Difference {kgWater/kgDryAir}

OS:ZoneHVAC:EquipmentList,
  {2606a1ed-4f86-463c-a421-19bba887f921}, !- Handle
  Zone HVAC Equipment List 2,             !- Name
  {8800848f-661b-4db9-8a4d-145f55ac18c7}; !- Thermal Zone

OS:AdditionalProperties,
  {d0358bdc-50fe-41f6-9765-e9c2b6844a1e}, !- Handle
  {8800848f-661b-4db9-8a4d-145f55ac18c7}, !- Object Name
  ObjectType,                             !- Feature Name 1
  String,                                 !- Feature Data Type 1
  attic - vented;                         !- Feature Value 1

OS:Space,
  {54bc3987-68e2-4354-acbc-4929ea352a42}, !- Handle
  attic - vented 1,                       !- Name
  ,                                       !- Space Type Name
  ,                                       !- Default Construction Set Name
  ,                                       !- Default Schedule Set Name
  ,                                       !- Direction of Relative North {deg}
  ,                                       !- X Origin {m}
  ,                                       !- Y Origin {m}
  ,                                       !- Z Origin {m}
  ,                                       !- Building Story Name
  {8800848f-661b-4db9-8a4d-145f55ac18c7}, !- Thermal Zone Name
  ,                                       !- Part of Total Floor Area
  ,                                       !- Design Specification Outdoor Air Object Name
  {bde82b4d-1613-453e-ad31-6985ccf4c7ae}, !- Building Unit Name
  124.582613531863;                       !- Volume {m3}

OS:Material,
  {e3242d75-34b1-4323-b587-25c3cb2fc1f9}, !- Handle
  asphalt or fiberglass shingles,         !- Name
  Rough,                                  !- Roughness
  0.00635,                                !- Thickness {m}
  0.162714,                               !- Conductivity {W/m-K}
  1121.4,                                 !- Density {kg/m3}
  1465.45,                                !- Specific Heat {J/kg-K}
  0.9,                                    !- Thermal Absorptance
  0.85,                                   !- Solar Absorptance
  0.85;                                   !- Visible Absorptance

OS:Material,
  {d1c7a498-fa55-4442-af9e-2753dcaf88a1}, !- Handle
  roof rigid ins,                         !- Name
  Rough,                                  !- Roughness
  0.0028163194147757,                     !- Thickness {m}
  0.029427,                               !- Conductivity {W/m-K}
  32.04,                                  !- Density {kg/m3}
  1214.23,                                !- Specific Heat {J/kg-K}
  0.9,                                    !- Thermal Absorptance
  0.7,                                    !- Solar Absorptance
  0.7;                                    !- Visible Absorptance

OS:Material,
  {c4c34edc-f102-4a72-b52e-b8e58cbe9ab2}, !- Handle
  osb sheathing 0.5 in.,                  !- Name
  Rough,                                  !- Roughness
  0.0127,                                 !- Thickness {m}
  0.1154577,                              !- Conductivity {W/m-K}
  512.64,                                 !- Density {kg/m3}
  1214.23,                                !- Specific Heat {J/kg-K}
  0.9,                                    !- Thermal Absorptance
  0.6,                                    !- Solar Absorptance
  0.6;                                    !- Visible Absorptance

OS:Construction,
  {f9e19270-7b78-4b76-b2cb-fc8598db90cc}, !- Handle
  Roof1 construction,                     !- Name
  ,                                       !- Surface Rendering Name
  {e3242d75-34b1-4323-b587-25c3cb2fc1f9}, !- Layer 1
  {d1c7a498-fa55-4442-af9e-2753dcaf88a1}, !- Layer 2
  {c4c34edc-f102-4a72-b52e-b8e58cbe9ab2}; !- Layer 3

OS:Surface,
  {87acda20-4952-4915-840a-4144bd6ff53e}, !- Handle
  Roof2,                                  !- Name
  RoofCeiling,                            !- Surface Type
  {790dc841-3f28-418c-85ea-f1407aea98ea}, !- Construction Name
  {54bc3987-68e2-4354-acbc-4929ea352a42}, !- Space Name
  Outdoors,                               !- Outside Boundary Condition
  ,                                       !- Outside Boundary Condition Object
  SunExposed,                             !- Sun Exposure
  WindExposed,                            !- Wind Exposure
  ,                                       !- View Factor to Ground
  ,                                       !- Number of Vertices
  -2.16171879261247, 19.8325603416665, 2.4384, !- X,Y,Z Vertex 1 {m}
  -0.228219767706168, 17.8990613941917, 3.80559024455267, !- X,Y,Z Vertex 2 {m}
  1.93349777278284, 20.0607790212519, 3.80559024455267, !- X,Y,Z Vertex 3 {m}
  -1.25212351775872e-06, 21.9942779687266, 2.4384; !- X,Y,Z Vertex 4 {m}

OS:AdditionalProperties,
  {55253358-84e8-4d33-bc7d-2918dc2ef41d}, !- Handle
  {87acda20-4952-4915-840a-4144bd6ff53e}, !- Object Name
  Length,                                 !- Feature Name 1
  Double,                                 !- Feature Data Type 1
  10.029955134495866,                     !- Feature Value 1
  Width,                                  !- Feature Name 2
  Double,                                 !- Feature Data Type 2
  10.029955134495866,                     !- Feature Value 2
  Azimuth,                                !- Feature Name 3
  Integer,                                !- Feature Data Type 3
  315,                                    !- Feature Value 3
  Tilt,                                   !- Feature Name 4
  Double,                                 !- Feature Data Type 4
  0.5,                                    !- Feature Value 4
  SurfaceType,                            !- Feature Name 5
  String,                                 !- Feature Data Type 5
  Roof;                                   !- Feature Value 5

OS:Construction,
  {790dc841-3f28-418c-85ea-f1407aea98ea}, !- Handle
  Roof2 construction,                     !- Name
  ,                                       !- Surface Rendering Name
  {e3242d75-34b1-4323-b587-25c3cb2fc1f9}, !- Layer 1
  {d1c7a498-fa55-4442-af9e-2753dcaf88a1}, !- Layer 2
  {c4c34edc-f102-4a72-b52e-b8e58cbe9ab2}; !- Layer 3

OS:Surface,
  {abf1c77e-e8f8-419f-a1da-b5c8ac10c6dc}, !- Handle
  Roof3,                                  !- Name
  RoofCeiling,                            !- Surface Type
  {5cf5ef90-1ccc-474d-b103-cd919c3b9284}, !- Construction Name
  {54bc3987-68e2-4354-acbc-4929ea352a42}, !- Space Name
  Outdoors,                               !- Outside Boundary Condition
  ,                                       !- Outside Boundary Condition Object
  SunExposed,                             !- Sun Exposure
  WindExposed,                            !- Wind Exposure
  ,                                       !- View Factor to Ground
  ,                                       !- Number of Vertices
  2.16171826311784, -19.8325603993806, 2.4384, !- X,Y,Z Vertex 1 {m}
  0.228219289832541, -17.8990614002848, 3.80559024455267, !- X,Y,Z Vertex 2 {m}
  -1.93349830837051, -20.0607789696308, 3.80559024455267, !- X,Y,Z Vertex 3 {m}
  6.64914811210338e-07, -21.9942779687266, 2.4384; !- X,Y,Z Vertex 4 {m}

OS:AdditionalProperties,
  {bc325dd7-71c8-4f3c-8a28-6a7700b5f816}, !- Handle
  {abf1c77e-e8f8-419f-a1da-b5c8ac10c6dc}, !- Object Name
  Length,                                 !- Feature Name 1
  Double,                                 !- Feature Data Type 1
  10.029955134495866,                     !- Feature Value 1
  Width,                                  !- Feature Name 2
  Double,                                 !- Feature Data Type 2
  10.029955134495866,                     !- Feature Value 2
  Azimuth,                                !- Feature Name 3
  Integer,                                !- Feature Data Type 3
  135,                                    !- Feature Value 3
  Tilt,                                   !- Feature Name 4
  Double,                                 !- Feature Data Type 4
  0.5,                                    !- Feature Value 4
  SurfaceType,                            !- Feature Name 5
  String,                                 !- Feature Data Type 5
  Roof;                                   !- Feature Value 5

OS:Construction,
  {5cf5ef90-1ccc-474d-b103-cd919c3b9284}, !- Handle
  Roof3 construction,                     !- Name
  ,                                       !- Surface Rendering Name
  {e3242d75-34b1-4323-b587-25c3cb2fc1f9}, !- Layer 1
  {d1c7a498-fa55-4442-af9e-2753dcaf88a1}, !- Layer 2
  {c4c34edc-f102-4a72-b52e-b8e58cbe9ab2}; !- Layer 3

OS:Surface,
  {161cde8c-5c18-444d-9d6d-23fe1457864c}, !- Handle
  Roof4,                                  !- Name
  RoofCeiling,                            !- Surface Type
  {56e1f9ea-d3f4-4c54-8b0c-ec749f4f7952}, !- Construction Name
  {54bc3987-68e2-4354-acbc-4929ea352a42}, !- Space Name
  Outdoors,                               !- Outside Boundary Condition
  ,                                       !- Outside Boundary Condition Object
  SunExposed,                             !- Sun Exposure
  WindExposed,                            !- Wind Exposure
  ,                                       !- View Factor to Ground
  ,                                       !- Number of Vertices
  16.184259158529, 5.81001926807923, 2.4384, !- X,Y,Z Vertex 1 {m}
  10.9876201727343, 0.613380490396251, 6.11297859265522, !- X,Y,Z Vertex 2 {m}
  16.7976389534396, -5.19663852298503, 6.11297859265522, !- X,Y,Z Vertex 3 {m}
  21.9942779392343, 2.54697951618255e-07, 2.4384; !- X,Y,Z Vertex 4 {m}

OS:AdditionalProperties,
  {ff74e08d-cd8f-4033-89d8-ffbc620dce77}, !- Handle
  {161cde8c-5c18-444d-9d6d-23fe1457864c}, !- Object Name
  Length,                                 !- Feature Name 1
  Double,                                 !- Feature Data Type 1
  26.957373759326035,                     !- Feature Value 1
  Width,                                  !- Feature Name 2
  Double,                                 !- Feature Data Type 2
  26.957373759326039,                     !- Feature Value 2
  Azimuth,                                !- Feature Name 3
  Integer,                                !- Feature Data Type 3
  45,                                     !- Feature Value 3
  Tilt,                                   !- Feature Name 4
  Double,                                 !- Feature Data Type 4
  0.5,                                    !- Feature Value 4
  SurfaceType,                            !- Feature Name 5
  String,                                 !- Feature Data Type 5
  Roof;                                   !- Feature Value 5

OS:Construction,
  {56e1f9ea-d3f4-4c54-8b0c-ec749f4f7952}, !- Handle
  Roof4 construction,                     !- Name
  ,                                       !- Surface Rendering Name
  {e3242d75-34b1-4323-b587-25c3cb2fc1f9}, !- Layer 1
  {d1c7a498-fa55-4442-af9e-2753dcaf88a1}, !- Layer 2
  {c4c34edc-f102-4a72-b52e-b8e58cbe9ab2}; !- Layer 3

OS:Surface,
  {2abe51ba-05b0-4b78-8b7f-8bbb9ae68d65}, !- Handle
  Wall1,                                  !- Name
  Wall,                                   !- Surface Type
  {621b846f-d90f-4153-97a4-3ae0b065ac3d}, !- Construction Name
  {c1e34a1f-1e7f-4d7e-89e5-3f484d37503d}, !- Space Name
  Outdoors,                               !- Outside Boundary Condition
  ,                                       !- Outside Boundary Condition Object
  SunExposed,                             !- Sun Exposure
  WindExposed,                            !- Wind Exposure
  ,                                       !- View Factor to Ground
  ,                                       !- Number of Vertices
  -9.26714018352638, 12.7271380795712, 0, !- X,Y,Z Vertex 1 {m}
  -9.26714018352638, 12.7271380795712, 2.4384, !- X,Y,Z Vertex 2 {m}
  -4.09451289946571, 17.8997658469821, 2.4384, !- X,Y,Z Vertex 3 {m}
  -4.09451289946571, 17.8997658469821, 0; !- X,Y,Z Vertex 4 {m}

OS:AdditionalProperties,
  {0651aea6-d451-491c-96e0-49be030d3d72}, !- Handle
  {2abe51ba-05b0-4b78-8b7f-8bbb9ae68d65}, !- Object Name
  Length,                                 !- Feature Name 1
  Double,                                 !- Feature Data Type 1
  24,                                     !- Feature Value 1
  Azimuth,                                !- Feature Name 2
  Integer,                                !- Feature Data Type 2
  315,                                    !- Feature Value 2
  Tilt,                                   !- Feature Name 3
  Double,                                 !- Feature Data Type 3
  90,                                     !- Feature Value 3
  SurfaceType,                            !- Feature Name 4
  String,                                 !- Feature Data Type 4
  Wall;                                   !- Feature Value 4

OS:ThermalZone,
  {f62af9e8-696a-491d-9af1-32e18d5a269c}, !- Handle
  garage,                                 !- Name
  1,                                      !- Multiplier
  ,                                       !- Ceiling Height {m}
  65.242014547968,                        !- Volume {m3}
  ,                                       !- Floor Area {m2}
  ,                                       !- Zone Inside Convection Algorithm
  ,                                       !- Zone Outside Convection Algorithm
  ,                                       !- Zone Conditioning Equipment List Name
  {c6c41198-52ca-464e-b45b-799c4412ba67}, !- Zone Air Inlet Port List
  {1a3e7546-7d99-4b88-91a7-43ce0a1b9c74}, !- Zone Air Exhaust Port List
  {63a923da-fb78-4aa0-8dc9-43d0a076349e}, !- Zone Air Node Name
  {b22ca7c4-e7e7-4732-904f-2b60ebb6a893}, !- Zone Return Air Port List
  ,                                       !- Primary Daylighting Control Name
  ,                                       !- Fraction of Zone Controlled by Primary Daylighting Control
  ,                                       !- Secondary Daylighting Control Name
  ,                                       !- Fraction of Zone Controlled by Secondary Daylighting Control
  ,                                       !- Illuminance Map Name
  ,                                       !- Group Rendering Name
  ,                                       !- Thermostat Name
  No;                                     !- Use Ideal Air Loads

OS:Node,
  {0da6de74-58de-418a-b00c-216663fe2c28}, !- Handle
  Node 3,                                 !- Name
  {63a923da-fb78-4aa0-8dc9-43d0a076349e}, !- Inlet Port
  ;                                       !- Outlet Port

OS:Connection,
  {63a923da-fb78-4aa0-8dc9-43d0a076349e}, !- Handle
  {f62af9e8-696a-491d-9af1-32e18d5a269c}, !- Source Object
  11,                                     !- Outlet Port
  {0da6de74-58de-418a-b00c-216663fe2c28}, !- Target Object
  2;                                      !- Inlet Port

OS:PortList,
  {c6c41198-52ca-464e-b45b-799c4412ba67}, !- Handle
  {f62af9e8-696a-491d-9af1-32e18d5a269c}; !- HVAC Component

OS:PortList,
  {1a3e7546-7d99-4b88-91a7-43ce0a1b9c74}, !- Handle
  {f62af9e8-696a-491d-9af1-32e18d5a269c}; !- HVAC Component

OS:PortList,
  {b22ca7c4-e7e7-4732-904f-2b60ebb6a893}, !- Handle
  {f62af9e8-696a-491d-9af1-32e18d5a269c}; !- HVAC Component

OS:Sizing:Zone,
  {1d1aa494-0b59-44c1-9751-45058c8168e6}, !- Handle
  {f62af9e8-696a-491d-9af1-32e18d5a269c}, !- Zone or ZoneList Name
  SupplyAirTemperature,                   !- Zone Cooling Design Supply Air Temperature Input Method
  14,                                     !- Zone Cooling Design Supply Air Temperature {C}
  11.11,                                  !- Zone Cooling Design Supply Air Temperature Difference {deltaC}
  SupplyAirTemperature,                   !- Zone Heating Design Supply Air Temperature Input Method
  40,                                     !- Zone Heating Design Supply Air Temperature {C}
  11.11,                                  !- Zone Heating Design Supply Air Temperature Difference {deltaC}
  0.0085,                                 !- Zone Cooling Design Supply Air Humidity Ratio {kg-H2O/kg-air}
  0.008,                                  !- Zone Heating Design Supply Air Humidity Ratio {kg-H2O/kg-air}
  ,                                       !- Zone Heating Sizing Factor
  ,                                       !- Zone Cooling Sizing Factor
  DesignDay,                              !- Cooling Design Air Flow Method
  ,                                       !- Cooling Design Air Flow Rate {m3/s}
  ,                                       !- Cooling Minimum Air Flow per Zone Floor Area {m3/s-m2}
  ,                                       !- Cooling Minimum Air Flow {m3/s}
  ,                                       !- Cooling Minimum Air Flow Fraction
  DesignDay,                              !- Heating Design Air Flow Method
  ,                                       !- Heating Design Air Flow Rate {m3/s}
  ,                                       !- Heating Maximum Air Flow per Zone Floor Area {m3/s-m2}
  ,                                       !- Heating Maximum Air Flow {m3/s}
  ,                                       !- Heating Maximum Air Flow Fraction
  No,                                     !- Account for Dedicated Outdoor Air System
  NeutralSupplyAir,                       !- Dedicated Outdoor Air System Control Strategy
  autosize,                               !- Dedicated Outdoor Air Low Setpoint Temperature for Design {C}
  autosize,                               !- Dedicated Outdoor Air High Setpoint Temperature for Design {C}
  Sensible Load Only No Latent Load,      !- Zone Load Sizing Method
  HumidityRatioDifference,                !- Zone Latent Cooling Design Supply Air Humidity Ratio Input Method
  ,                                       !- Zone Dehumidification Design Supply Air Humidity Ratio {kgWater/kgDryAir}
  0.005,                                  !- Zone Cooling Design Supply Air Humidity Ratio Difference {kgWater/kgDryAir}
  HumidityRatioDifference,                !- Zone Latent Heating Design Supply Air Humidity Ratio Input Method
  ,                                       !- Zone Humidification Design Supply Air Humidity Ratio {kgWater/kgDryAir}
  0.005;                                  !- Zone Humidification Design Supply Air Humidity Ratio Difference {kgWater/kgDryAir}

OS:ZoneHVAC:EquipmentList,
  {9592fa4e-a80c-46a2-91b6-295538e7447e}, !- Handle
  Zone HVAC Equipment List 3,             !- Name
  {f62af9e8-696a-491d-9af1-32e18d5a269c}; !- Thermal Zone

OS:AdditionalProperties,
  {cd604a4a-2d33-4a21-97eb-a0d76699d2d6}, !- Handle
  {f62af9e8-696a-491d-9af1-32e18d5a269c}, !- Object Name
  ObjectType,                             !- Feature Name 1
  String,                                 !- Feature Data Type 1
  garage;                                 !- Feature Value 1

OS:Space,
  {c1e34a1f-1e7f-4d7e-89e5-3f484d37503d}, !- Handle
  garage 1,                               !- Name
  ,                                       !- Space Type Name
  ,                                       !- Default Construction Set Name
  ,                                       !- Default Schedule Set Name
  ,                                       !- Direction of Relative North {deg}
  ,                                       !- X Origin {m}
  ,                                       !- Y Origin {m}
  ,                                       !- Z Origin {m}
  ,                                       !- Building Story Name
  {f62af9e8-696a-491d-9af1-32e18d5a269c}, !- Thermal Zone Name
  ,                                       !- Part of Total Floor Area
  ,                                       !- Design Specification Outdoor Air Object Name
  {bde82b4d-1613-453e-ad31-6985ccf4c7ae}, !- Building Unit Name
  65.242014547968;                        !- Volume {m3}

OS:Material,
  {8b19af9b-72cb-429a-b487-fbc7ae06f515}, !- Handle
  wood siding,                            !- Name
  Rough,                                  !- Roughness
  0.0254,                                 !- Thickness {m}
  0.1024175,                              !- Conductivity {W/m-K}
  544.68,                                 !- Density {kg/m3}
  1172.36,                                !- Specific Heat {J/kg-K}
  0.9,                                    !- Thermal Absorptance
  0.85,                                   !- Solar Absorptance
  0.85;                                   !- Visible Absorptance

OS:Material,
  {7da2ae78-1958-429e-95b2-9e413fcfa29c}, !- Handle
  osb sheathing 0.5 in. 1,                !- Name
  Rough,                                  !- Roughness
  0.0127,                                 !- Thickness {m}
  0.1154577,                              !- Conductivity {W/m-K}
  512.64,                                 !- Density {kg/m3}
  1214.23,                                !- Specific Heat {J/kg-K}
  0.9,                                    !- Thermal Absorptance
  0.7,                                    !- Solar Absorptance
  0.7;                                    !- Visible Absorptance

OS:Material,
  {d5b87134-ec04-45d1-92b6-badf2fe84604}, !- Handle
  wall stud and cavity,                   !- Name
  Rough,                                  !- Roughness
  0.1397,                                 !- Thickness {m}
  0.727959376833552,                      !- Conductivity {W/m-K}
  139.0536,                               !- Density {kg/m3}
  1170.23755760369,                       !- Specific Heat {J/kg-K}
  0.9,                                    !- Thermal Absorptance
  0.6,                                    !- Solar Absorptance
  0.6;                                    !- Visible Absorptance

OS:Construction,
  {621b846f-d90f-4153-97a4-3ae0b065ac3d}, !- Handle
  Wall1 construction,                     !- Name
  ,                                       !- Surface Rendering Name
  {8b19af9b-72cb-429a-b487-fbc7ae06f515}, !- Layer 1
  {7da2ae78-1958-429e-95b2-9e413fcfa29c}, !- Layer 2
  {d5b87134-ec04-45d1-92b6-badf2fe84604}; !- Layer 3

OS:Surface,
  {ec7563b7-cfec-4cb1-8d03-53f4087437dd}, !- Handle
  Wall2,                                  !- Name
  Wall,                                   !- Surface Type
  {18af6274-b154-4f4e-9170-a8204e0de206}, !- Construction Name
  {c1e34a1f-1e7f-4d7e-89e5-3f484d37503d}, !- Space Name
  Outdoors,                               !- Outside Boundary Condition
  ,                                       !- Outside Boundary Condition Object
  SunExposed,                             !- Sun Exposure
  WindExposed,                            !- Wind Exposure
  ,                                       !- View Factor to Ground
  ,                                       !- Number of Vertices
  8.17027297403253, 13.8240049334856, 0,  !- X,Y,Z Vertex 1 {m}
  8.17027297403253, 13.8240049334856, 2.4384, !- X,Y,Z Vertex 2 {m}
  10.756586754163, 11.2376911878802, 2.4384, !- X,Y,Z Vertex 3 {m}
  10.756586754163, 11.2376911878802, 0;   !- X,Y,Z Vertex 4 {m}

OS:AdditionalProperties,
  {65add8c5-4589-48f6-ba01-a2bdac8dabfb}, !- Handle
  {ec7563b7-cfec-4cb1-8d03-53f4087437dd}, !- Object Name
  Length,                                 !- Feature Name 1
  Double,                                 !- Feature Data Type 1
  12,                                     !- Feature Value 1
  Azimuth,                                !- Feature Name 2
  Integer,                                !- Feature Data Type 2
  45,                                     !- Feature Value 2
  Tilt,                                   !- Feature Name 3
  Double,                                 !- Feature Data Type 3
  90,                                     !- Feature Value 3
  SurfaceType,                            !- Feature Name 4
  String,                                 !- Feature Data Type 4
  Wall;                                   !- Feature Value 4

OS:Construction,
  {18af6274-b154-4f4e-9170-a8204e0de206}, !- Handle
  Wall2 construction,                     !- Name
  ,                                       !- Surface Rendering Name
  {8b19af9b-72cb-429a-b487-fbc7ae06f515}, !- Layer 1
  {7da2ae78-1958-429e-95b2-9e413fcfa29c}, !- Layer 2
  {d5b87134-ec04-45d1-92b6-badf2fe84604}; !- Layer 3

OS:Surface,
  {1d7ffb68-47de-479a-a42c-fbadd360b3d4}, !- Handle
  Wall3,                                  !- Name
  Wall,                                   !- Surface Type
  {4fff7ed1-ecc8-4451-b939-775fe6c5bdb9}, !- Construction Name
  {b204bd97-7d65-4c4e-91e4-774935512ef2}, !- Space Name
  Outdoors,                               !- Outside Boundary Condition
  ,                                       !- Outside Boundary Condition Object
  SunExposed,                             !- Sun Exposure
  WindExposed,                            !- Wind Exposure
  ,                                       !- View Factor to Ground
  ,                                       !- Number of Vertices
  -3.03535480810906, -18.958922564229, 0, !- X,Y,Z Vertex 1 {m}
  -3.03535480810906, -18.958922564229, 2.4384, !- X,Y,Z Vertex 2 {m}
  -12.782525127208, -9.21175289571095, 2.4384, !- X,Y,Z Vertex 3 {m}
  -12.782525127208, -9.21175289571095, 0; !- X,Y,Z Vertex 4 {m}

OS:AdditionalProperties,
  {ad4f599a-a1ab-4052-82c4-22213a8ea133}, !- Handle
  {1d7ffb68-47de-479a-a42c-fbadd360b3d4}, !- Object Name
  Length,                                 !- Feature Name 1
  Double,                                 !- Feature Data Type 1
  45.225000000000001,                     !- Feature Value 1
  Azimuth,                                !- Feature Name 2
  Integer,                                !- Feature Data Type 2
  225,                                    !- Feature Value 2
  Tilt,                                   !- Feature Name 3
  Double,                                 !- Feature Data Type 3
  90,                                     !- Feature Value 3
  SurfaceType,                            !- Feature Name 4
  String,                                 !- Feature Data Type 4
  Wall;                                   !- Feature Value 4

OS:Material,
  {5decf615-84cd-4ce9-b3e1-274bf5c20da4}, !- Handle
  wall rigid ins,                         !- Name
  Rough,                                  !- Roughness
  0.051816,                               !- Thickness {m}
  0.029427,                               !- Conductivity {W/m-K}
  32.04,                                  !- Density {kg/m3}
  1214.23,                                !- Specific Heat {J/kg-K}
  0.9,                                    !- Thermal Absorptance
  0.7,                                    !- Solar Absorptance
  0.7;                                    !- Visible Absorptance

OS:Material,
  {2b260b44-31b6-4185-a005-3f3b2a240f80}, !- Handle
  wall stud and cavity 1,                 !- Name
  Rough,                                  !- Roughness
  0.1397,                                 !- Thickness {m}
  0.230639130516631,                      !- Conductivity {W/m-K}
  139.0536,                               !- Density {kg/m3}
  1170.23755760369,                       !- Specific Heat {J/kg-K}
  0.9,                                    !- Thermal Absorptance
  0.7,                                    !- Solar Absorptance
  0.7;                                    !- Visible Absorptance

OS:Material,
  {e7908840-1476-47f5-b524-ff78afb9e9d0}, !- Handle
  gypsum board,                           !- Name
  Rough,                                  !- Roughness
  0.0127,                                 !- Thickness {m}
  0.1602906,                              !- Conductivity {W/m-K}
  801,                                    !- Density {kg/m3}
  837.4,                                  !- Specific Heat {J/kg-K}
  0.9,                                    !- Thermal Absorptance
  0.6,                                    !- Solar Absorptance
  0.6;                                    !- Visible Absorptance

OS:Construction,
  {4fff7ed1-ecc8-4451-b939-775fe6c5bdb9}, !- Handle
  Wall3 construction,                     !- Name
  ,                                       !- Surface Rendering Name
  {8b19af9b-72cb-429a-b487-fbc7ae06f515}, !- Layer 1
  {5decf615-84cd-4ce9-b3e1-274bf5c20da4}, !- Layer 2
  {7da2ae78-1958-429e-95b2-9e413fcfa29c}, !- Layer 3
  {2b260b44-31b6-4185-a005-3f3b2a240f80}, !- Layer 4
  {e7908840-1476-47f5-b524-ff78afb9e9d0}; !- Layer 5

OS:Surface,
  {8e17e17f-22dd-4860-a166-6f61a0f8207a}, !- Handle
  Wall4,                                  !- Name
  Wall,                                   !- Surface Type
  {74d0f382-53f8-481f-abb7-93a46ff7877b}, !- Construction Name
  {b204bd97-7d65-4c4e-91e4-774935512ef2}, !- Space Name
  Outdoors,                               !- Outside Boundary Condition
  ,                                       !- Outside Boundary Condition Object
  SunExposed,                             !- Sun Exposure
  WindExposed,                            !- Wind Exposure
  ,                                       !- View Factor to Ground
  ,                                       !- Number of Vertices
  -12.9872290046421, 9.00704878335661, 0, !- X,Y,Z Vertex 1 {m}
  -12.9872290046421, 9.00704878335661, 2.4384, !- X,Y,Z Vertex 2 {m}
  -9.9240637848624, 12.0702142893703, 2.4384, !- X,Y,Z Vertex 3 {m}
  -9.9240637848624, 12.0702142893703, 0;  !- X,Y,Z Vertex 4 {m}

OS:AdditionalProperties,
  {1acf33d9-fe8d-46d2-96a7-57afa5fd7d6a}, !- Handle
  {8e17e17f-22dd-4860-a166-6f61a0f8207a}, !- Object Name
  Length,                                 !- Feature Name 1
  Double,                                 !- Feature Data Type 1
  14.2125,                                !- Feature Value 1
  Azimuth,                                !- Feature Name 2
  Integer,                                !- Feature Data Type 2
  315,                                    !- Feature Value 2
  Tilt,                                   !- Feature Name 3
  Double,                                 !- Feature Data Type 3
  90,                                     !- Feature Value 3
  SurfaceType,                            !- Feature Name 4
  String,                                 !- Feature Data Type 4
  Wall;                                   !- Feature Value 4

OS:Construction,
  {74d0f382-53f8-481f-abb7-93a46ff7877b}, !- Handle
  Wall4 construction,                     !- Name
  ,                                       !- Surface Rendering Name
  {8b19af9b-72cb-429a-b487-fbc7ae06f515}, !- Layer 1
  {5decf615-84cd-4ce9-b3e1-274bf5c20da4}, !- Layer 2
  {7da2ae78-1958-429e-95b2-9e413fcfa29c}, !- Layer 3
  {2b260b44-31b6-4185-a005-3f3b2a240f80}, !- Layer 4
  {e7908840-1476-47f5-b524-ff78afb9e9d0}; !- Layer 5

OS:Surface,
  {3b150189-d3a9-4725-a233-eab400b8409d}, !- Handle
  Wall5,                                  !- Name
  Wall,                                   !- Surface Type
  {84069654-9169-4a60-8efd-0d9b88013e40}, !- Construction Name
  {b204bd97-7d65-4c4e-91e4-774935512ef2}, !- Space Name
  Surface,                                !- Outside Boundary Condition
  {6684f7e2-b715-414e-b58a-8613781c2e2f}, !- Outside Boundary Condition Object
  NoSun,                                  !- Sun Exposure
  NoWind,                                 !- Wind Exposure
  ,                                       !- View Factor to Ground
  ,                                       !- Number of Vertices
  -1.29315689006521, 1.2931568728027, 0,  !- X,Y,Z Vertex 1 {m}
  -1.29315689006521, 1.2931568728027, 2.4384, !- X,Y,Z Vertex 2 {m}
  1.29315689006521, -1.2931568728027, 2.4384, !- X,Y,Z Vertex 3 {m}
  1.29315689006521, -1.2931568728027, 0;  !- X,Y,Z Vertex 4 {m}

OS:AdditionalProperties,
  {28beaa5e-2d1c-4406-a814-75870c87976c}, !- Handle
  {3b150189-d3a9-4725-a233-eab400b8409d}, !- Object Name
  Length,                                 !- Feature Name 1
  Double,                                 !- Feature Data Type 1
  12,                                     !- Feature Value 1
  Azimuth,                                !- Feature Name 2
  Integer,                                !- Feature Data Type 2
  45,                                     !- Feature Value 2
  Tilt,                                   !- Feature Name 3
  Double,                                 !- Feature Data Type 3
  90,                                     !- Feature Value 3
  SurfaceType,                            !- Feature Name 4
  String,                                 !- Feature Data Type 4
  Wall;                                   !- Feature Value 4

OS:Surface,
  {6684f7e2-b715-414e-b58a-8613781c2e2f}, !- Handle
  Wall5 Reversed,                         !- Name
  Wall,                                   !- Surface Type
  {30521dad-91a8-44fa-91b0-f52ba6684277}, !- Construction Name
  {c1e34a1f-1e7f-4d7e-89e5-3f484d37503d}, !- Space Name
  Surface,                                !- Outside Boundary Condition
  {3b150189-d3a9-4725-a233-eab400b8409d}, !- Outside Boundary Condition Object
  NoSun,                                  !- Sun Exposure
  NoWind,                                 !- Wind Exposure
  ,                                       !- View Factor to Ground
  ,                                       !- Number of Vertices
  1.29315689006521, -1.2931568728027, 0,  !- X,Y,Z Vertex 1 {m}
  1.29315689006521, -1.2931568728027, 2.4384, !- X,Y,Z Vertex 2 {m}
  -1.29315689006521, 1.2931568728027, 2.4384, !- X,Y,Z Vertex 3 {m}
  -1.29315689006521, 1.2931568728027, 0;  !- X,Y,Z Vertex 4 {m}

OS:AdditionalProperties,
  {b6806814-3c75-4056-8244-33e9bc032a4f}, !- Handle
  {6684f7e2-b715-414e-b58a-8613781c2e2f}, !- Object Name
  SurfaceType,                            !- Feature Name 1
  String,                                 !- Feature Data Type 1
  Wall;                                   !- Feature Value 1

OS:Material,
  {c327ef8e-20d1-4918-83ef-654e57103f97}, !- Handle
  wall rigid ins 1,                       !- Name
  Rough,                                  !- Roughness
  0.051816,                               !- Thickness {m}
  0.029427,                               !- Conductivity {W/m-K}
  32.04,                                  !- Density {kg/m3}
  1214.23;                                !- Specific Heat {J/kg-K}

OS:Material,
  {32e8cd59-c828-4e21-bca0-c150553f555a}, !- Handle
  wall stud and cavity 2,                 !- Name
  Rough,                                  !- Roughness
  0.1397,                                 !- Thickness {m}
  0.181743800960372,                      !- Conductivity {W/m-K}
  139.0536,                               !- Density {kg/m3}
  1170.23755760369,                       !- Specific Heat {J/kg-K}
  0.9,                                    !- Thermal Absorptance
  0.7,                                    !- Solar Absorptance
  0.7;                                    !- Visible Absorptance

OS:Construction,
  {84069654-9169-4a60-8efd-0d9b88013e40}, !- Handle
  Wall5 construction,                     !- Name
  ,                                       !- Surface Rendering Name
  {c327ef8e-20d1-4918-83ef-654e57103f97}, !- Layer 1
  {7da2ae78-1958-429e-95b2-9e413fcfa29c}, !- Layer 2
  {32e8cd59-c828-4e21-bca0-c150553f555a}, !- Layer 3
  {e7908840-1476-47f5-b524-ff78afb9e9d0}; !- Layer 4

OS:Construction,
  {30521dad-91a8-44fa-91b0-f52ba6684277}, !- Handle
  Wall5 construction Reversed,            !- Name
  ,                                       !- Surface Rendering Name
  {e7908840-1476-47f5-b524-ff78afb9e9d0}, !- Layer 1
  {32e8cd59-c828-4e21-bca0-c150553f555a}, !- Layer 2
  {7da2ae78-1958-429e-95b2-9e413fcfa29c}, !- Layer 3
  {c327ef8e-20d1-4918-83ef-654e57103f97}; !- Layer 4

OS:Surface,
  {f5e0afc7-ba50-42bc-b6ed-594859bfb177}, !- Handle
  Wall6,                                  !- Name
  Wall,                                   !- Surface Type
  {5469dd97-a405-4dfb-8b2c-70fcd870c325}, !- Construction Name
  {b204bd97-7d65-4c4e-91e4-774935512ef2}, !- Space Name
  Surface,                                !- Outside Boundary Condition
  {0fb4c859-41c4-42db-b0d3-2d2ca8ced956}, !- Outside Boundary Condition Object
  NoSun,                                  !- Sun Exposure
  NoWind,                                 !- Wind Exposure
  ,                                       !- View Factor to Ground
  ,                                       !- Number of Vertices
  -1.29315682101516, -1.29315694185275, 0, !- X,Y,Z Vertex 1 {m}
  -1.29315682101516, -1.29315694185275, 2.4384, !- X,Y,Z Vertex 2 {m}
  1.29315682101516, 1.29315694185275, 2.4384, !- X,Y,Z Vertex 3 {m}
  1.29315682101516, 1.29315694185275, 0;  !- X,Y,Z Vertex 4 {m}

OS:AdditionalProperties,
  {9400bfc6-3a9a-481c-9ac6-d92fe354d1af}, !- Handle
  {f5e0afc7-ba50-42bc-b6ed-594859bfb177}, !- Object Name
  Length,                                 !- Feature Name 1
  Double,                                 !- Feature Data Type 1
  12,                                     !- Feature Value 1
  Azimuth,                                !- Feature Name 2
  Integer,                                !- Feature Data Type 2
  315,                                    !- Feature Value 2
  Tilt,                                   !- Feature Name 3
  Double,                                 !- Feature Data Type 3
  90,                                     !- Feature Value 3
  SurfaceType,                            !- Feature Name 4
  String,                                 !- Feature Data Type 4
  Wall;                                   !- Feature Value 4

OS:Surface,
  {0fb4c859-41c4-42db-b0d3-2d2ca8ced956}, !- Handle
  Wall6 Reversed,                         !- Name
  Wall,                                   !- Surface Type
  {3d331779-c185-46b0-a33b-27c0aa65a2e0}, !- Construction Name
  {c1e34a1f-1e7f-4d7e-89e5-3f484d37503d}, !- Space Name
  Surface,                                !- Outside Boundary Condition
  {f5e0afc7-ba50-42bc-b6ed-594859bfb177}, !- Outside Boundary Condition Object
  NoSun,                                  !- Sun Exposure
  NoWind,                                 !- Wind Exposure
  ,                                       !- View Factor to Ground
  ,                                       !- Number of Vertices
  1.29315682101516, 1.29315694185275, 0,  !- X,Y,Z Vertex 1 {m}
  1.29315682101516, 1.29315694185275, 2.4384, !- X,Y,Z Vertex 2 {m}
  -1.29315682101516, -1.29315694185275, 2.4384, !- X,Y,Z Vertex 3 {m}
  -1.29315682101516, -1.29315694185275, 0; !- X,Y,Z Vertex 4 {m}

OS:AdditionalProperties,
  {9dd9d3fb-5404-4512-bdfd-25c4f5e11409}, !- Handle
  {0fb4c859-41c4-42db-b0d3-2d2ca8ced956}, !- Object Name
  SurfaceType,                            !- Feature Name 1
  String,                                 !- Feature Data Type 1
  Wall;                                   !- Feature Value 1

OS:Material,
  {81434630-8c0c-41bc-8eb2-5020aba2c089}, !- Handle
  wall rigid ins 2,                       !- Name
  Rough,                                  !- Roughness
  0.051816,                               !- Thickness {m}
  0.029427,                               !- Conductivity {W/m-K}
  32.04,                                  !- Density {kg/m3}
  1214.23;                                !- Specific Heat {J/kg-K}

OS:Construction,
  {5469dd97-a405-4dfb-8b2c-70fcd870c325}, !- Handle
  Wall6 construction,                     !- Name
  ,                                       !- Surface Rendering Name
  {81434630-8c0c-41bc-8eb2-5020aba2c089}, !- Layer 1
  {7da2ae78-1958-429e-95b2-9e413fcfa29c}, !- Layer 2
  {32e8cd59-c828-4e21-bca0-c150553f555a}, !- Layer 3
  {e7908840-1476-47f5-b524-ff78afb9e9d0}; !- Layer 4

OS:Construction,
  {3d331779-c185-46b0-a33b-27c0aa65a2e0}, !- Handle
  Wall6 construction Reversed,            !- Name
  ,                                       !- Surface Rendering Name
  {e7908840-1476-47f5-b524-ff78afb9e9d0}, !- Layer 1
  {32e8cd59-c828-4e21-bca0-c150553f555a}, !- Layer 2
  {7da2ae78-1958-429e-95b2-9e413fcfa29c}, !- Layer 3
  {81434630-8c0c-41bc-8eb2-5020aba2c089}; !- Layer 4

OS:Surface,
  {ccaaa88d-8b1d-46cf-8bbd-eb94348a1773}, !- Handle
  Wall7,                                  !- Name
  Wall,                                   !- Surface Type
  {7c9ae49c-44f2-45d5-83ef-0ac7d41a82cb}, !- Construction Name
  {b204bd97-7d65-4c4e-91e4-774935512ef2}, !- Space Name
  Outdoors,                               !- Outside Boundary Condition
  ,                                       !- Outside Boundary Condition Object
  SunExposed,                             !- Sun Exposure
  WindExposed,                            !- Wind Exposure
  ,                                       !- View Factor to Ground
  ,                                       !- Number of Vertices
  0.656923607883949, 21.3373540557466, 0, !- X,Y,Z Vertex 1 {m}
  0.656923607883949, 21.3373540557466, 2.4384, !- X,Y,Z Vertex 2 {m}
  7.51334920208386, 14.4809285530739, 2.4384, !- X,Y,Z Vertex 3 {m}
  7.51334920208386, 14.4809285530739, 0;  !- X,Y,Z Vertex 4 {m}

OS:AdditionalProperties,
  {ceba1648-794a-4c78-85b8-4a2e40acb9a1}, !- Handle
  {ccaaa88d-8b1d-46cf-8bbd-eb94348a1773}, !- Object Name
  Length,                                 !- Feature Name 1
  Double,                                 !- Feature Data Type 1
  31.8125,                                !- Feature Value 1
  Azimuth,                                !- Feature Name 2
  Integer,                                !- Feature Data Type 2
  45,                                     !- Feature Value 2
  Tilt,                                   !- Feature Name 3
  Double,                                 !- Feature Data Type 3
  90,                                     !- Feature Value 3
  SurfaceType,                            !- Feature Name 4
  String,                                 !- Feature Data Type 4
  Wall;                                   !- Feature Value 4

OS:Construction,
  {7c9ae49c-44f2-45d5-83ef-0ac7d41a82cb}, !- Handle
  Wall7 construction,                     !- Name
  ,                                       !- Surface Rendering Name
  {8b19af9b-72cb-429a-b487-fbc7ae06f515}, !- Layer 1
  {81434630-8c0c-41bc-8eb2-5020aba2c089}, !- Layer 2
  {7da2ae78-1958-429e-95b2-9e413fcfa29c}, !- Layer 3
  {2b260b44-31b6-4185-a005-3f3b2a240f80}, !- Layer 4
  {e7908840-1476-47f5-b524-ff78afb9e9d0}; !- Layer 5

OS:Surface,
  {e2ad316e-5d64-4a79-b297-2a2ab5c75998}, !- Handle
  Wall8,                                  !- Name
  Wall,                                   !- Surface Type
  {7f798dc1-19d2-434e-a227-681ab84bdbba}, !- Construction Name
  {b204bd97-7d65-4c4e-91e4-774935512ef2}, !- Space Name
  Outdoors,                               !- Outside Boundary Condition
  ,                                       !- Outside Boundary Condition Object
  SunExposed,                             !- Sun Exposure
  WindExposed,                            !- Wind Exposure
  ,                                       !- View Factor to Ground
  ,                                       !- Number of Vertices
  16.5496566589755, -5.44462102890672, 0, !- X,Y,Z Vertex 1 {m}
  16.5496566589755, -5.44462102890672, 2.4384, !- X,Y,Z Vertex 2 {m}
  11.1345623264009, -10.8597155783416, 2.4384, !- X,Y,Z Vertex 3 {m}
  11.1345623264009, -10.8597155783416, 0; !- X,Y,Z Vertex 4 {m}

OS:AdditionalProperties,
  {3f856c27-1dee-45fb-85db-e7b3f4e18c77}, !- Handle
  {e2ad316e-5d64-4a79-b297-2a2ab5c75998}, !- Object Name
  Length,                                 !- Feature Name 1
  Double,                                 !- Feature Data Type 1
  25.125,                                 !- Feature Value 1
  Azimuth,                                !- Feature Name 2
  Integer,                                !- Feature Data Type 2
  135,                                    !- Feature Value 2
  Tilt,                                   !- Feature Name 3
  Double,                                 !- Feature Data Type 3
  90,                                     !- Feature Value 3
  SurfaceType,                            !- Feature Name 4
  String,                                 !- Feature Data Type 4
  Wall;                                   !- Feature Value 4

OS:Construction,
  {7f798dc1-19d2-434e-a227-681ab84bdbba}, !- Handle
  Wall8 construction,                     !- Name
  ,                                       !- Surface Rendering Name
  {8b19af9b-72cb-429a-b487-fbc7ae06f515}, !- Layer 1
  {81434630-8c0c-41bc-8eb2-5020aba2c089}, !- Layer 2
  {7da2ae78-1958-429e-95b2-9e413fcfa29c}, !- Layer 3
  {2b260b44-31b6-4185-a005-3f3b2a240f80}, !- Layer 4
  {e7908840-1476-47f5-b524-ff78afb9e9d0}; !- Layer 5

OS:Surface,
  {4ecfb67e-1dee-4f8d-9aad-8c3a4d314959}, !- Handle
  Wall9,                                  !- Name
  Wall,                                   !- Surface Type
  {0f9e668c-9c39-4764-b3c1-1944faa7796c}, !- Construction Name
  {54bc3987-68e2-4354-acbc-4929ea352a42}, !- Space Name
  Outdoors,                               !- Outside Boundary Condition
  ,                                       !- Outside Boundary Condition Object
  SunExposed,                             !- Sun Exposure
  WindExposed,                            !- Wind Exposure
  ,                                       !- View Factor to Ground
  ,                                       !- Number of Vertices
  -16.2116077284237, 5.78266966557398, 0, !- X,Y,Z Vertex 1 {m}
  -16.2116077284237, 5.78266966557398, 2.4384, !- X,Y,Z Vertex 2 {m}
  -13.6441526233665, 8.35012501054413, 2.4384, !- X,Y,Z Vertex 3 {m}
  -13.6441526233665, 8.35012501054413, 0; !- X,Y,Z Vertex 4 {m}

OS:AdditionalProperties,
  {440ada72-22b8-46a4-9c6a-79f6a73f2d54}, !- Handle
  {4ecfb67e-1dee-4f8d-9aad-8c3a4d314959}, !- Object Name
  Length,                                 !- Feature Name 1
  Double,                                 !- Feature Data Type 1
  11.9125,                                !- Feature Value 1
  Azimuth,                                !- Feature Name 2
  Integer,                                !- Feature Data Type 2
  315,                                    !- Feature Value 2
  Tilt,                                   !- Feature Name 3
  Double,                                 !- Feature Data Type 3
  90,                                     !- Feature Value 3
  SurfaceType,                            !- Feature Name 4
  String,                                 !- Feature Data Type 4
  Wall;                                   !- Feature Value 4

OS:Construction,
  {0f9e668c-9c39-4764-b3c1-1944faa7796c}, !- Handle
  Wall9 construction,                     !- Name
  ,                                       !- Surface Rendering Name
  {8b19af9b-72cb-429a-b487-fbc7ae06f515}, !- Layer 1
  {7da2ae78-1958-429e-95b2-9e413fcfa29c}, !- Layer 2
  {d5b87134-ec04-45d1-92b6-badf2fe84604}; !- Layer 3

OS:Surface,
  {995ac467-4af9-453e-9f1b-38436eda49e2}, !- Handle
  Wall10,                                 !- Name
  Wall,                                   !- Surface Type
  {c03a7dd9-371b-40c9-aba5-1101397593ef}, !- Construction Name
  {54bc3987-68e2-4354-acbc-4929ea352a42}, !- Space Name
  Outdoors,                               !- Outside Boundary Condition
  ,                                       !- Outside Boundary Condition Object
  SunExposed,                             !- Sun Exposure
  WindExposed,                            !- Wind Exposure
  ,                                       !- View Factor to Ground
  ,                                       !- Number of Vertices
  7.23440135543552, -14.7598769161858, 0, !- X,Y,Z Vertex 1 {m}
  7.23440135543552, -14.7598769161858, 2.4384, !- X,Y,Z Vertex 2 {m}
  4.66694618183175, -17.3273321926094, 2.4384, !- X,Y,Z Vertex 3 {m}
  4.66694618183175, -17.3273321926094, 0; !- X,Y,Z Vertex 4 {m}

OS:AdditionalProperties,
  {28d18ad6-57a8-4e2d-81b6-cf2fe6fef693}, !- Handle
  {995ac467-4af9-453e-9f1b-38436eda49e2}, !- Object Name
  Length,                                 !- Feature Name 1
  Double,                                 !- Feature Data Type 1
  11.9125,                                !- Feature Value 1
  Azimuth,                                !- Feature Name 2
  Integer,                                !- Feature Data Type 2
  135,                                    !- Feature Value 2
  Tilt,                                   !- Feature Name 3
  Double,                                 !- Feature Data Type 3
  90,                                     !- Feature Value 3
  SurfaceType,                            !- Feature Name 4
  String,                                 !- Feature Data Type 4
  Wall;                                   !- Feature Value 4

OS:Construction,
  {c03a7dd9-371b-40c9-aba5-1101397593ef}, !- Handle
  Wall10 construction,                    !- Name
  ,                                       !- Surface Rendering Name
  {8b19af9b-72cb-429a-b487-fbc7ae06f515}, !- Layer 1
  {7da2ae78-1958-429e-95b2-9e413fcfa29c}, !- Layer 2
  {d5b87134-ec04-45d1-92b6-badf2fe84604}; !- Layer 3

OS:Surface,
  {6f6122b2-8b07-417d-a13f-5e41a4d68fe1}, !- Handle
  Wall11,                                 !- Name
  Wall,                                   !- Surface Type
  {a9997a86-44b4-401e-9f6f-bcaab0d1142a}, !- Construction Name
  {54bc3987-68e2-4354-acbc-4929ea352a42}, !- Space Name
  Outdoors,                               !- Outside Boundary Condition
  ,                                       !- Outside Boundary Condition Object
  SunExposed,                             !- Sun Exposure
  WindExposed,                            !- Wind Exposure
  ,                                       !- View Factor to Ground
  ,                                       !- Number of Vertices
  11.4135104835846, 10.580767525765, 0,   !- X,Y,Z Vertex 1 {m}
  11.4135104835846, 10.580767525765, 2.4384, !- X,Y,Z Vertex 2 {m}
  11.8984443173591, 10.095833698464, 2.4384, !- X,Y,Z Vertex 3 {m}
  11.8984443173591, 10.095833698464, 0;   !- X,Y,Z Vertex 4 {m}

OS:AdditionalProperties,
  {27044a60-c6b5-40df-bfcc-bb975d9bff5b}, !- Handle
  {6f6122b2-8b07-417d-a13f-5e41a4d68fe1}, !- Object Name
  Length,                                 !- Feature Name 1
  Double,                                 !- Feature Data Type 1
  2.25,                                   !- Feature Value 1
  Azimuth,                                !- Feature Name 2
  Integer,                                !- Feature Data Type 2
  45,                                     !- Feature Value 2
  Tilt,                                   !- Feature Name 3
  Double,                                 !- Feature Data Type 3
  90,                                     !- Feature Value 3
  SurfaceType,                            !- Feature Name 4
  String,                                 !- Feature Data Type 4
  Wall;                                   !- Feature Value 4

OS:Construction,
  {a9997a86-44b4-401e-9f6f-bcaab0d1142a}, !- Handle
  Wall11 construction,                    !- Name
  ,                                       !- Surface Rendering Name
  {8b19af9b-72cb-429a-b487-fbc7ae06f515}, !- Layer 1
  {7da2ae78-1958-429e-95b2-9e413fcfa29c}, !- Layer 2
  {d5b87134-ec04-45d1-92b6-badf2fe84604}; !- Layer 3

OS:Surface,
  {3fc120bb-5570-4863-8038-4ad610eaad6d}, !- Handle
  Wall12,                                 !- Name
  Wall,                                   !- Surface Type
  {6487c241-9d43-4624-b6c0-ffb9fa2e1945}, !- Construction Name
  {c1e34a1f-1e7f-4d7e-89e5-3f484d37503d}, !- Space Name
  Outdoors,                               !- Outside Boundary Condition
  ,                                       !- Outside Boundary Condition Object
  SunExposed,                             !- Sun Exposure
  WindExposed,                            !- Wind Exposure
  ,                                       !- View Factor to Ground
  ,                                       !- Number of Vertices
  10.4776387059618, -11.5166393494393, 0, !- X,Y,Z Vertex 1 {m}
  10.4776387059618, -11.5166393494393, 2.4384, !- X,Y,Z Vertex 2 {m}
  7.89132499488142, -14.1029531640948, 2.4384, !- X,Y,Z Vertex 3 {m}
  7.89132499488142, -14.1029531640948, 0; !- X,Y,Z Vertex 4 {m}

OS:AdditionalProperties,
  {e324d037-dda3-4c9a-aaee-475ed626869d}, !- Handle
  {3fc120bb-5570-4863-8038-4ad610eaad6d}, !- Object Name
  Length,                                 !- Feature Name 1
  Double,                                 !- Feature Data Type 1
  12,                                     !- Feature Value 1
  Azimuth,                                !- Feature Name 2
  Integer,                                !- Feature Data Type 2
  135,                                    !- Feature Value 2
  Tilt,                                   !- Feature Name 3
  Double,                                 !- Feature Data Type 3
  90,                                     !- Feature Value 3
  SurfaceType,                            !- Feature Name 4
  String,                                 !- Feature Data Type 4
  Wall;                                   !- Feature Value 4

OS:Construction,
  {6487c241-9d43-4624-b6c0-ffb9fa2e1945}, !- Handle
  Wall12 construction,                    !- Name
  ,                                       !- Surface Rendering Name
  {8b19af9b-72cb-429a-b487-fbc7ae06f515}, !- Layer 1
  {7da2ae78-1958-429e-95b2-9e413fcfa29c}, !- Layer 2
  {d5b87134-ec04-45d1-92b6-badf2fe84604}; !- Layer 3

OS:Surface,
  {4d03be57-93f5-4290-bd21-1a39890531a4}, !- Handle
  Floor1,                                 !- Name
  RoofCeiling,                            !- Surface Type
  {87d2ad5a-8fee-4bd2-8353-bd9ef1826e2b}, !- Construction Name
  {c1e34a1f-1e7f-4d7e-89e5-3f484d37503d}, !- Space Name
  Surface,                                !- Outside Boundary Condition
  {c714b501-f565-4073-8fa2-9ec1177fcdcd}, !- Outside Boundary Condition Object
  NoSun,                                  !- Sun Exposure
  NoWind,                                 !- Wind Exposure
  ,                                       !- View Factor to Ground
  ,                                       !- Number of Vertices
  2.44128792736831e-08, -3.6576, 2.4384,  !- X,Y,Z Vertex 1 {m}
  3.6576, 2.44128786075493e-08, 2.4384,   !- X,Y,Z Vertex 2 {m}
  -2.44128792736831e-08, 3.6576, 2.4384,  !- X,Y,Z Vertex 3 {m}
  -3.6576, -2.44128786075493e-08, 2.4384; !- X,Y,Z Vertex 4 {m}

OS:AdditionalProperties,
  {659470ad-4c43-40a2-b701-d2e144e9c0c4}, !- Handle
  {4d03be57-93f5-4290-bd21-1a39890531a4}, !- Object Name
  SurfaceType,                            !- Feature Name 1
  String,                                 !- Feature Data Type 1
  Ceiling,                                !- Feature Value 1
  Tilt,                                   !- Feature Name 2
  Double,                                 !- Feature Data Type 2
  0;                                      !- Feature Value 2

OS:Surface,
  {c714b501-f565-4073-8fa2-9ec1177fcdcd}, !- Handle
  Surface 1 Reversed,                     !- Name
  Floor,                                  !- Surface Type
  {87d2ad5a-8fee-4bd2-8353-bd9ef1826e2b}, !- Construction Name
  {54bc3987-68e2-4354-acbc-4929ea352a42}, !- Space Name
  Surface,                                !- Outside Boundary Condition
  {4d03be57-93f5-4290-bd21-1a39890531a4}, !- Outside Boundary Condition Object
  NoSun,                                  !- Sun Exposure
  NoWind,                                 !- Wind Exposure
  ,                                       !- View Factor to Ground
  ,                                       !- Number of Vertices
  -3.6576, -2.44128786075493e-08, 2.4384, !- X,Y,Z Vertex 1 {m}
  -2.44128792736831e-08, 3.6576, 2.4384,  !- X,Y,Z Vertex 2 {m}
  3.6576, 2.44128786075493e-08, 2.4384,   !- X,Y,Z Vertex 3 {m}
  2.44128792736831e-08, -3.6576, 2.4384;  !- X,Y,Z Vertex 4 {m}

OS:AdditionalProperties,
  {5d4de1e4-7e8c-46a4-8098-42180251a000}, !- Handle
  {c714b501-f565-4073-8fa2-9ec1177fcdcd}, !- Object Name
  SurfaceType,                            !- Feature Name 1
  String,                                 !- Feature Data Type 1
  Ceiling;                                !- Feature Value 1

OS:Material,
  {ff62e30c-3db3-462e-b899-24fe110e2118}, !- Handle
  ceiling stud and cavity,                !- Name
  Rough,                                  !- Roughness
  0.1397,                                 !- Thickness {m}
  1.39188596491228,                       !- Conductivity {W/m-K}
  65.682,                                 !- Density {kg/m3}
  1177.46609756098,                       !- Specific Heat {J/kg-K}
  0.9,                                    !- Thermal Absorptance
  0.7,                                    !- Solar Absorptance
  0.7;                                    !- Visible Absorptance

OS:Construction,
  {87d2ad5a-8fee-4bd2-8353-bd9ef1826e2b}, !- Handle
  Floor1 construction,                    !- Name
  ,                                       !- Surface Rendering Name
  {ff62e30c-3db3-462e-b899-24fe110e2118}; !- Layer 1

OS:Surface,
  {8f8c339d-9ae1-462e-a287-b55cd34fe045}, !- Handle
  Floor2,                                 !- Name
  RoofCeiling,                            !- Surface Type
  {71135f5e-f05a-41d0-8a22-55c3ff21b924}, !- Construction Name
  {b204bd97-7d65-4c4e-91e4-774935512ef2}, !- Space Name
  Surface,                                !- Outside Boundary Condition
  {52149d9d-deb8-4202-9524-2a36c8bf3890}, !- Outside Boundary Condition Object
  NoSun,                                  !- Sun Exposure
  NoWind,                                 !- Wind Exposure
  ,                                       !- View Factor to Ground
  ,                                       !- Number of Vertices
  5.04106081322675e-08, -7.55264632827461, 2.4384, !- X,Y,Z Vertex 1 {m}
  7.55264632827461, 5.04106081322675e-08, 2.4384, !- X,Y,Z Vertex 2 {m}
  -5.04106081322675e-08, 7.55264632827461, 2.4384, !- X,Y,Z Vertex 3 {m}
  -7.55264632827461, -5.04106081322675e-08, 2.4384; !- X,Y,Z Vertex 4 {m}

OS:AdditionalProperties,
  {e4039c19-d88d-4f4c-8e38-a8617d944b62}, !- Handle
  {8f8c339d-9ae1-462e-a287-b55cd34fe045}, !- Object Name
  SurfaceType,                            !- Feature Name 1
  String,                                 !- Feature Data Type 1
  Ceiling,                                !- Feature Value 1
  Tilt,                                   !- Feature Name 2
  Double,                                 !- Feature Data Type 2
  0;                                      !- Feature Value 2

OS:Surface,
  {52149d9d-deb8-4202-9524-2a36c8bf3890}, !- Handle
  Surface 1 Reversed 1,                   !- Name
  Floor,                                  !- Surface Type
  {ecbbd19d-8d9a-40e6-bec8-412115fce42e}, !- Construction Name
  {54bc3987-68e2-4354-acbc-4929ea352a42}, !- Space Name
  Surface,                                !- Outside Boundary Condition
  {8f8c339d-9ae1-462e-a287-b55cd34fe045}, !- Outside Boundary Condition Object
  NoSun,                                  !- Sun Exposure
  NoWind,                                 !- Wind Exposure
  ,                                       !- View Factor to Ground
  ,                                       !- Number of Vertices
  -7.55264632827461, -5.04106081322675e-08, 2.4384, !- X,Y,Z Vertex 1 {m}
  -5.04106081322675e-08, 7.55264632827461, 2.4384, !- X,Y,Z Vertex 2 {m}
  7.55264632827461, 5.04106081322675e-08, 2.4384, !- X,Y,Z Vertex 3 {m}
  5.04106081322675e-08, -7.55264632827461, 2.4384; !- X,Y,Z Vertex 4 {m}

OS:AdditionalProperties,
  {208be61c-1887-4704-8724-0d10a2757709}, !- Handle
  {52149d9d-deb8-4202-9524-2a36c8bf3890}, !- Object Name
  SurfaceType,                            !- Feature Name 1
  String,                                 !- Feature Data Type 1
  Ceiling;                                !- Feature Value 1

OS:Material,
  {4d101b37-8402-47fa-8520-79e0703af9fe}, !- Handle
  ceiling loosefill ins,                  !- Name
  Rough,                                  !- Roughness
  0.0846666666666667,                     !- Thickness {m}
  0.0480833333333333,                     !- Conductivity {W/m-K}
  16.02,                                  !- Density {kg/m3}
  1046.75,                                !- Specific Heat {J/kg-K}
  0.9,                                    !- Thermal Absorptance
  0.7,                                    !- Solar Absorptance
  0.7;                                    !- Visible Absorptance

OS:Material,
  {b3c3906c-5237-44d9-8d23-3f9debaffc47}, !- Handle
  ceiling stud and cavity 1,              !- Name
  Rough,                                  !- Roughness
  0.1397,                                 !- Thickness {m}
  0.0920384787563589,                     !- Conductivity {W/m-K}
  65.682,                                 !- Density {kg/m3}
  1177.46609756098,                       !- Specific Heat {J/kg-K}
  0.9,                                    !- Thermal Absorptance
  0.7,                                    !- Solar Absorptance
  0.7;                                    !- Visible Absorptance

OS:Construction,
  {71135f5e-f05a-41d0-8a22-55c3ff21b924}, !- Handle
  Floor2 construction,                    !- Name
  ,                                       !- Surface Rendering Name
  {4d101b37-8402-47fa-8520-79e0703af9fe}, !- Layer 1
  {b3c3906c-5237-44d9-8d23-3f9debaffc47}, !- Layer 2
  {e7908840-1476-47f5-b524-ff78afb9e9d0}; !- Layer 3

OS:Construction,
  {ecbbd19d-8d9a-40e6-bec8-412115fce42e}, !- Handle
  Floor2 construction Reversed,           !- Name
  ,                                       !- Surface Rendering Name
  {e7908840-1476-47f5-b524-ff78afb9e9d0}, !- Layer 1
  {b3c3906c-5237-44d9-8d23-3f9debaffc47}, !- Layer 2
  {4d101b37-8402-47fa-8520-79e0703af9fe}; !- Layer 3

OS:Surface,
  {6cc965e1-0209-46f8-9135-1586fb6a15ad}, !- Handle
  Slab1,                                  !- Name
  Floor,                                  !- Surface Type
  {a582742d-a928-44cf-a595-d66e8186bac9}, !- Construction Name
  {c1e34a1f-1e7f-4d7e-89e5-3f484d37503d}, !- Space Name
  Foundation,                             !- Outside Boundary Condition
  {a6222609-2645-4c06-b9fd-ec8bc6644c4e}, !- Outside Boundary Condition Object
  NoSun,                                  !- Sun Exposure
  NoWind,                                 !- Wind Exposure
  ,                                       !- View Factor to Ground
  ,                                       !- Number of Vertices
  -3.6576, -2.44128790516385e-08, 0,      !- X,Y,Z Vertex 1 {m}
  -2.44128790516385e-08, 3.6576, 0,       !- X,Y,Z Vertex 2 {m}
  3.6576, 2.44128790516385e-08, 0,        !- X,Y,Z Vertex 3 {m}
  2.44128790516385e-08, -3.6576, 0;       !- X,Y,Z Vertex 4 {m}

OS:AdditionalProperties,
  {9d0b5745-bdb8-4e71-855b-cbf35d5e4841}, !- Handle
  {6cc965e1-0209-46f8-9135-1586fb6a15ad}, !- Object Name
  SurfaceType,                            !- Feature Name 1
  String,                                 !- Feature Data Type 1
  Slab;                                   !- Feature Value 1

OS:Foundation:Kiva,
  {a6222609-2645-4c06-b9fd-ec8bc6644c4e}, !- Handle
  Foundation Kiva 1,                      !- Name
  16.3431003584229,                       !- Initial Indoor Air Temperature {C}
  ,                                       !- Interior Horizontal Insulation Material Name
  ,                                       !- Interior Horizontal Insulation Depth {m}
  ,                                       !- Interior Horizontal Insulation Width {m}
  ,                                       !- Interior Vertical Insulation Material Name
  ,                                       !- Interior Vertical Insulation Depth {m}
  ,                                       !- Exterior Horizontal Insulation Material Name
  ,                                       !- Exterior Horizontal Insulation Depth {m}
  ,                                       !- Exterior Horizontal Insulation Width {m}
  ,                                       !- Exterior Vertical Insulation Material Name
  ,                                       !- Exterior Vertical Insulation Depth {m}
  0.1016,                                 !- Wall Height Above Grade {m}
  0.2032,                                 !- Wall Depth Below Slab {m}
  ,                                       !- Footing Wall Construction Name
  ,                                       !- Footing Material Name
  ;                                       !- Footing Depth {m}

OS:Foundation:Kiva:Settings,
  {52f525d6-affe-4fe8-9d49-85552a8fa348}, !- Handle
  1.9041,                                 !- Soil Conductivity {W/m-K}
  1842.3,                                 !- Soil Density {kg/m3}
  418.7,                                  !- Soil Specific Heat {J/kg-K}
  0.9,                                    !- Ground Solar Absorptivity {dimensionless}
  0.9,                                    !- Ground Thermal Absorptivity {dimensionless}
  0.03,                                   !- Ground Surface Roughness {m}
  40,                                     !- Far-Field Width {m}
  ZeroFlux,                               !- Deep-Ground Boundary Condition
  40,                                     !- Deep-Ground Depth {m}
  0.2,                                    !- Minimum Cell Dimension {m}
  3,                                      !- Maximum Cell Growth Coefficient {dimensionless}
  Timestep;                               !- Simulation Timestep

OS:Material,
  {7b28b21c-a282-485d-becb-25d38492dec1}, !- Handle
  concrete 4.0 in.,                       !- Name
  Rough,                                  !- Roughness
  0.1016,                                 !- Thickness {m}
  1.803125,                               !- Conductivity {W/m-K}
  2242.8,                                 !- Density {kg/m3}
  837.4,                                  !- Specific Heat {J/kg-K}
  0.9,                                    !- Thermal Absorptance
  0.7,                                    !- Solar Absorptance
  0.7;                                    !- Visible Absorptance

OS:Construction,
  {a582742d-a928-44cf-a595-d66e8186bac9}, !- Handle
  Slab1 construction,                     !- Name
  ,                                       !- Surface Rendering Name
  {7b28b21c-a282-485d-becb-25d38492dec1}; !- Layer 1

OS:SurfaceProperty:ExposedFoundationPerimeter,
  {d70fc4c1-364c-492d-8b50-a4c555d8954c}, !- Handle
  {6cc965e1-0209-46f8-9135-1586fb6a15ad}, !- Surface Name
  TotalExposedPerimeter,                  !- Exposed Perimeter Calculation Method
  14.6304;                                !- Total Exposed Perimeter {m}

OS:Surface,
  {bf775511-6dda-41eb-8846-8043c6613854}, !- Handle
  Slab2,                                  !- Name
  Floor,                                  !- Surface Type
  {512d62da-3de0-4a27-8a00-163bda24fa5a}, !- Construction Name
  {b204bd97-7d65-4c4e-91e4-774935512ef2}, !- Space Name
  Foundation,                             !- Outside Boundary Condition
  {66a73bff-f905-4cf0-a2e8-9a3c0498d605}, !- Outside Boundary Condition Object
  NoSun,                                  !- Sun Exposure
  NoWind,                                 !- Wind Exposure
  ,                                       !- View Factor to Ground
  ,                                       !- Number of Vertices
  -7.55264632827461, -5.04106081322675e-08, 0, !- X,Y,Z Vertex 1 {m}
  -5.04106081322675e-08, 7.55264632827461, 0, !- X,Y,Z Vertex 2 {m}
  7.55264632827461, 5.04106081322675e-08, 0, !- X,Y,Z Vertex 3 {m}
  5.04106081322675e-08, -7.55264632827461, 0; !- X,Y,Z Vertex 4 {m}

OS:AdditionalProperties,
  {2870fd2d-27e5-41ee-96a8-6e655ab6d6ef}, !- Handle
  {bf775511-6dda-41eb-8846-8043c6613854}, !- Object Name
  SurfaceType,                            !- Feature Name 1
  String,                                 !- Feature Data Type 1
  Slab;                                   !- Feature Value 1

OS:Foundation:Kiva,
  {66a73bff-f905-4cf0-a2e8-9a3c0498d605}, !- Handle
  Foundation Kiva 2,                      !- Name
  21.1111111111111,                       !- Initial Indoor Air Temperature {C}
  ,                                       !- Interior Horizontal Insulation Material Name
  ,                                       !- Interior Horizontal Insulation Depth {m}
  ,                                       !- Interior Horizontal Insulation Width {m}
  ,                                       !- Interior Vertical Insulation Material Name
  ,                                       !- Interior Vertical Insulation Depth {m}
  ,                                       !- Exterior Horizontal Insulation Material Name
  ,                                       !- Exterior Horizontal Insulation Depth {m}
  ,                                       !- Exterior Horizontal Insulation Width {m}
  ,                                       !- Exterior Vertical Insulation Material Name
  ,                                       !- Exterior Vertical Insulation Depth {m}
  0.1016,                                 !- Wall Height Above Grade {m}
  0.2032,                                 !- Wall Depth Below Slab {m}
  ,                                       !- Footing Wall Construction Name
  ,                                       !- Footing Material Name
  ;                                       !- Footing Depth {m}

OS:Material,
  {7458f380-963e-4191-a12e-10e42a708525}, !- Handle
  floor covering,                         !- Name
  Rough,                                  !- Roughness
  0.0127,                                 !- Thickness {m}
  0.045078125,                            !- Conductivity {W/m-K}
  54.468,                                 !- Density {kg/m3}
  1339.84,                                !- Specific Heat {J/kg-K}
  0.9,                                    !- Thermal Absorptance
  0.9,                                    !- Solar Absorptance
  0.9;                                    !- Visible Absorptance

OS:Construction,
  {512d62da-3de0-4a27-8a00-163bda24fa5a}, !- Handle
  Slab2 construction,                     !- Name
  ,                                       !- Surface Rendering Name
  {7b28b21c-a282-485d-becb-25d38492dec1}, !- Layer 1
  {7458f380-963e-4191-a12e-10e42a708525}; !- Layer 2

OS:SurfaceProperty:ExposedFoundationPerimeter,
  {6e88bd3d-dc90-4534-91b9-eb6c1a71f7b3}, !- Handle
  {bf775511-6dda-41eb-8846-8043c6613854}, !- Surface Name
  TotalExposedPerimeter,                  !- Exposed Perimeter Calculation Method
  39.80688;                               !- Total Exposed Perimeter {m}

OS:Surface,
  {86c18225-1831-46c8-9ddb-9f9b753e14aa}, !- Handle
  surface Window1,                        !- Name
  Wall,                                   !- Surface Type
  {58d0c946-23f2-4460-ac43-dfbc7cbec0c5}, !- Construction Name
  {b204bd97-7d65-4c4e-91e4-774935512ef2}, !- Space Name
  Outdoors,                               !- Outside Boundary Condition
  ,                                       !- Outside Boundary Condition Object
  SunExposed,                             !- Sun Exposure
  WindExposed,                            !- Wind Exposure
  ,                                       !- View Factor to Ground
  ,                                       !- Number of Vertices
  -13.4390012172812, -8.55527702285938, -0.000633163643632584, !- X,Y,Z Vertex 1 {m}
  -13.4390012172812, -8.55527702285938, 1.21983316364363, !- X,Y,Z Vertex 2 {m}
  -15.3688557251036, -6.62542264384638, 1.21983316364363, !- X,Y,Z Vertex 3 {m}
  -15.3688557251036, -6.62542264384638, -0.000633163643632584; !- X,Y,Z Vertex 4 {m}

OS:AdditionalProperties,
  {15ca3974-a9d8-4cfd-b5b2-05a89827bf19}, !- Handle
  {86c18225-1831-46c8-9ddb-9f9b753e14aa}, !- Object Name
  Length,                                 !- Feature Name 1
  Double,                                 !- Feature Data Type 1
  8.9499999999999993,                     !- Feature Value 1
  Azimuth,                                !- Feature Name 2
  Integer,                                !- Feature Data Type 2
  225,                                    !- Feature Value 2
  Tilt,                                   !- Feature Name 3
  Double,                                 !- Feature Data Type 3
  90,                                     !- Feature Value 3
  SurfaceType,                            !- Feature Name 4
  String,                                 !- Feature Data Type 4
  Window;                                 !- Feature Value 4

OS:SubSurface,
  {38506f5b-2de0-4be2-888f-d2bedc53dece}, !- Handle
  Window1,                                !- Name
  FixedWindow,                            !- Sub Surface Type
  {c76d73fe-385c-4918-82a6-d2c19ef53f68}, !- Construction Name
  {86c18225-1831-46c8-9ddb-9f9b753e14aa}, !- Surface Name
  ,                                       !- Outside Boundary Condition Object
  ,                                       !- View Factor to Ground
  ,                                       !- Frame and Divider Name
  ,                                       !- Multiplier
  ,                                       !- Number of Vertices
  -13.4394489316022, -8.55482930856828, 0, !- X,Y,Z Vertex 1 {m}
  -13.4394489316022, -8.55482930856828, 1.2192, !- X,Y,Z Vertex 2 {m}
  -15.3684080107826, -6.62587035813748, 1.2192, !- X,Y,Z Vertex 3 {m}
  -15.3684080107826, -6.62587035813748, 0; !- X,Y,Z Vertex 4 {m}

OS:ShadingSurfaceGroup,
  {aa6c0e95-1eb7-403c-b0b4-f0ae653593aa}, !- Handle
  Window1 Shading Surfaces,               !- Name
  Space,                                  !- Shading Surface Type
  {b204bd97-7d65-4c4e-91e4-774935512ef2}, !- Space Name
  ,                                       !- Direction of Relative North {deg}
  ,                                       !- X Origin {m}
  ,                                       !- Y Origin {m}
  ,                                       !- Z Origin {m}
  {38506f5b-2de0-4be2-888f-d2bedc53dece}; !- Shaded Object Name

OS:ShadingSurface,
  {fb7ca0f9-1eca-4795-b593-36f93391df62}, !- Handle
  Window1 overhangs,                      !- Name
  ,                                       !- Construction Name
  {aa6c0e95-1eb7-403c-b0b4-f0ae653593aa}, !- Shading Surface Group Name
  ,                                       !- Transmittance Schedule Name
  ,                                       !- Number of Vertices
  -13.2239227775039, -8.77035544828128, 1.524, !- X,Y,Z Vertex 1 {m}
  -15.583934164881, -6.41034421842449, 1.524, !- X,Y,Z Vertex 2 {m}
  -16.0149864443069, -6.84139652662128, 1.524, !- X,Y,Z Vertex 3 {m}
  -13.6549750569297, -9.20140775647798, 1.524; !- X,Y,Z Vertex 4 {m}

OS:WindowMaterial:SimpleGlazingSystem,
  {a4068cdf-d246-466e-bde2-7e9ab023c83e}, !- Handle
  WindowMaterial,                         !- Name
  6.58648,                                !- U-Factor {W/m2-K}
  0.76;                                   !- Solar Heat Gain Coefficient

OS:Construction,
  {c76d73fe-385c-4918-82a6-d2c19ef53f68}, !- Handle
  WindowConstruction,                     !- Name
  ,                                       !- Surface Rendering Name
  {a4068cdf-d246-466e-bde2-7e9ab023c83e}; !- Layer 1

OS:Schedule:Ruleset,
  {a7837ee7-3965-4dca-834b-79a7cb5a3c08}, !- Handle
  trans schedule winter=0.85 summer=0.7,  !- Name
  {8b28b612-cd64-4214-8d98-f36f80b99a49}, !- Schedule Type Limits Name
  {18cf7562-cc79-4faf-b325-3f3d4ba7ea32}; !- Default Day Schedule Name

OS:Schedule:Day,
  {18cf7562-cc79-4faf-b325-3f3d4ba7ea32}, !- Handle
  trans schedule winter=0.85 summer=0.7 default day, !- Name
  {8b28b612-cd64-4214-8d98-f36f80b99a49}, !- Schedule Type Limits Name
  ,                                       !- Interpolate to Timestep
  24,                                     !- Hour 1
  0,                                      !- Minute 1
  0;                                      !- Value Until Time 1

OS:Schedule:Rule,
  {ec492bfd-af28-47e5-9a86-9a2732b38e47}, !- Handle
  trans schedule winter=0.85 summer=0.7 allday ruleset1, !- Name
  {a7837ee7-3965-4dca-834b-79a7cb5a3c08}, !- Schedule Ruleset Name
  2,                                      !- Rule Order
  {d5447394-7f01-4ec0-9470-514ed56fb08a}, !- Day Schedule Name
  Yes,                                    !- Apply Sunday
  Yes,                                    !- Apply Monday
  Yes,                                    !- Apply Tuesday
  Yes,                                    !- Apply Wednesday
  Yes,                                    !- Apply Thursday
  Yes,                                    !- Apply Friday
  Yes,                                    !- Apply Saturday
  DateRange,                              !- Date Specification Type
  1,                                      !- Start Month
  1,                                      !- Start Day
  2,                                      !- End Month
  28;                                     !- End Day

OS:Schedule:Day,
  {d5447394-7f01-4ec0-9470-514ed56fb08a}, !- Handle
  trans schedule winter=0.85 summer=0.7 allday1, !- Name
  {8b28b612-cd64-4214-8d98-f36f80b99a49}, !- Schedule Type Limits Name
  ,                                       !- Interpolate to Timestep
  24,                                     !- Hour 1
  0,                                      !- Minute 1
  0.85;                                   !- Value Until Time 1

OS:Schedule:Rule,
  {cc74a8ef-ca30-4e98-9883-c5de78a1fa14}, !- Handle
  trans schedule winter=0.85 summer=0.7 allday ruleset60, !- Name
  {a7837ee7-3965-4dca-834b-79a7cb5a3c08}, !- Schedule Ruleset Name
  1,                                      !- Rule Order
  {a15d460e-9c9d-4f51-8322-082ba9cefd6e}, !- Day Schedule Name
  Yes,                                    !- Apply Sunday
  Yes,                                    !- Apply Monday
  Yes,                                    !- Apply Tuesday
  Yes,                                    !- Apply Wednesday
  Yes,                                    !- Apply Thursday
  Yes,                                    !- Apply Friday
  Yes,                                    !- Apply Saturday
  DateRange,                              !- Date Specification Type
  3,                                      !- Start Month
  1,                                      !- Start Day
  11,                                     !- End Month
  30;                                     !- End Day

OS:Schedule:Day,
  {a15d460e-9c9d-4f51-8322-082ba9cefd6e}, !- Handle
  trans schedule winter=0.85 summer=0.7 allday60, !- Name
  {8b28b612-cd64-4214-8d98-f36f80b99a49}, !- Schedule Type Limits Name
  ,                                       !- Interpolate to Timestep
  24,                                     !- Hour 1
  0,                                      !- Minute 1
  0.7;                                    !- Value Until Time 1

OS:Schedule:Rule,
  {3181946c-5a05-42fe-a6c7-08756734d6fe}, !- Handle
  trans schedule winter=0.85 summer=0.7 allday ruleset335, !- Name
  {a7837ee7-3965-4dca-834b-79a7cb5a3c08}, !- Schedule Ruleset Name
  0,                                      !- Rule Order
  {bb1897ff-5579-4729-a5ac-81209f407126}, !- Day Schedule Name
  Yes,                                    !- Apply Sunday
  Yes,                                    !- Apply Monday
  Yes,                                    !- Apply Tuesday
  Yes,                                    !- Apply Wednesday
  Yes,                                    !- Apply Thursday
  Yes,                                    !- Apply Friday
  Yes,                                    !- Apply Saturday
  DateRange,                              !- Date Specification Type
  12,                                     !- Start Month
  1,                                      !- Start Day
  12,                                     !- End Month
  31;                                     !- End Day

OS:Schedule:Day,
  {bb1897ff-5579-4729-a5ac-81209f407126}, !- Handle
  trans schedule winter=0.85 summer=0.7 allday335, !- Name
  {8b28b612-cd64-4214-8d98-f36f80b99a49}, !- Schedule Type Limits Name
  ,                                       !- Interpolate to Timestep
  24,                                     !- Hour 1
  0,                                      !- Minute 1
  0.85;                                   !- Value Until Time 1

OS:ScheduleTypeLimits,
  {8b28b612-cd64-4214-8d98-f36f80b99a49}, !- Handle
  Fractional,                             !- Name
  0,                                      !- Lower Limit Value
  1,                                      !- Upper Limit Value
  Continuous;                             !- Numeric Type

OS:SurfaceProperty:IncidentSolarMultiplier,
  {0cff3f3e-85c9-43a9-8a3d-df8551a3de3e}, !- Handle
  {38506f5b-2de0-4be2-888f-d2bedc53dece}, !- Surface Name
  1,                                      !- Incident Solar Multiplier {dimensionless}
  {a7837ee7-3965-4dca-834b-79a7cb5a3c08}; !- Incident Solar Multiplier Schedule Name

OS:Surface,
  {cff7de89-8d58-4430-be8b-fd0e3563cae5}, !- Handle
  surface Window2,                        !- Name
  Wall,                                   !- Surface Type
  {58d0c946-23f2-4460-ac43-dfbc7cbec0c5}, !- Construction Name
  {b204bd97-7d65-4c4e-91e4-774935512ef2}, !- Space Name
  Outdoors,                               !- Outside Boundary Condition
  ,                                       !- Outside Boundary Condition Object
  SunExposed,                             !- Sun Exposure
  WindExposed,                            !- Wind Exposure
  ,                                       !- View Factor to Ground
  ,                                       !- Number of Vertices
  -3.43844473732204, 18.5558341652826, -0.00120979683571087, !- X,Y,Z Vertex 1 {m}
  -3.43844473732204, 18.5558341652826, 1.18992979683571, !- X,Y,Z Vertex 2 {m}
  -2.81778697180614, 19.1764919887951, 1.18992979683571, !- X,Y,Z Vertex 3 {m}
  -2.81778697180614, 19.1764919887951, -0.00120979683571087; !- X,Y,Z Vertex 4 {m}

OS:AdditionalProperties,
  {6c41ecb7-cfd9-4ae3-80a2-7be0337e90bf}, !- Handle
  {cff7de89-8d58-4430-be8b-fd0e3563cae5}, !- Object Name
  Length,                                 !- Feature Name 1
  Double,                                 !- Feature Data Type 1
  2.8717948717948714,                     !- Feature Value 1
  Azimuth,                                !- Feature Name 2
  Integer,                                !- Feature Data Type 2
  315,                                    !- Feature Value 2
  Tilt,                                   !- Feature Name 3
  Double,                                 !- Feature Data Type 3
  90,                                     !- Feature Value 3
  SurfaceType,                            !- Feature Name 4
  String,                                 !- Feature Data Type 4
  Window;                                 !- Feature Value 4

OS:SubSurface,
  {7bac9674-28cc-4380-aa63-14542fb6ec9c}, !- Handle
  Window2,                                !- Name
  FixedWindow,                            !- Sub Surface Type
  {73915acd-5bd4-4765-a4b9-fb3be54350f2}, !- Construction Name
  {cff7de89-8d58-4430-be8b-fd0e3563cae5}, !- Surface Name
  ,                                       !- Outside Boundary Condition Object
  ,                                       !- View Factor to Ground
  ,                                       !- Frame and Divider Name
  ,                                       !- Multiplier
  ,                                       !- Number of Vertices
  -3.43758928181564, 18.5566896208689, 0, !- X,Y,Z Vertex 1 {m}
  -3.43758928181564, 18.5566896208689, 1.18872, !- X,Y,Z Vertex 2 {m}
  -2.81864242731264, 19.1756365332087, 1.18872, !- X,Y,Z Vertex 3 {m}
  -2.81864242731264, 19.1756365332087, 0; !- X,Y,Z Vertex 4 {m}

OS:ShadingSurfaceGroup,
  {68a133da-ce20-4572-9308-ca96d2ae395f}, !- Handle
  Window2 Shading Surfaces,               !- Name
  Space,                                  !- Shading Surface Type
  {b204bd97-7d65-4c4e-91e4-774935512ef2}, !- Space Name
  ,                                       !- Direction of Relative North {deg}
  ,                                       !- X Origin {m}
  ,                                       !- Y Origin {m}
  ,                                       !- Z Origin {m}
  {7bac9674-28cc-4380-aa63-14542fb6ec9c}; !- Shaded Object Name

OS:ShadingSurface,
  {0b68409b-0354-475a-80be-fc297b4cab58}, !- Handle
  Window2 overhangs,                      !- Name
  ,                                       !- Construction Name
  {68a133da-ce20-4572-9308-ca96d2ae395f}, !- Shading Surface Group Name
  ,                                       !- Transmittance Schedule Name
  ,                                       !- Number of Vertices
  -3.65311541865144, 18.3411634638935, 1.49352, !- X,Y,Z Vertex 1 {m}
  -2.60311629047674, 19.3911626901842, 1.49352, !- X,Y,Z Vertex 2 {m}
  -3.03416860442764, 19.8222149638559, 1.49352, !- X,Y,Z Vertex 3 {m}
  -4.08416773260234, 18.7722157375652, 1.49352; !- X,Y,Z Vertex 4 {m}

OS:Construction,
  {73915acd-5bd4-4765-a4b9-fb3be54350f2}, !- Handle
  WindowConstruction 1,                   !- Name
  ,                                       !- Surface Rendering Name
  {a4068cdf-d246-466e-bde2-7e9ab023c83e}; !- Layer 1

OS:SurfaceProperty:IncidentSolarMultiplier,
  {e56bae59-0740-4869-8d21-2b16e4fcf121}, !- Handle
  {7bac9674-28cc-4380-aa63-14542fb6ec9c}, !- Surface Name
  1,                                      !- Incident Solar Multiplier {dimensionless}
  {a7837ee7-3965-4dca-834b-79a7cb5a3c08}; !- Incident Solar Multiplier Schedule Name

OS:Surface,
  {d150199b-7d9d-4794-ac2d-a4af9e56e51a}, !- Handle
  surface Window3,                        !- Name
  Wall,                                   !- Surface Type
  {58d0c946-23f2-4460-ac43-dfbc7cbec0c5}, !- Construction Name
  {b204bd97-7d65-4c4e-91e4-774935512ef2}, !- Space Name
  Outdoors,                               !- Outside Boundary Condition
  ,                                       !- Outside Boundary Condition Object
  SunExposed,                             !- Sun Exposure
  WindExposed,                            !- Wind Exposure
  ,                                       !- View Factor to Ground
  ,                                       !- Number of Vertices
  12.5548523983267, 9.43942567254798, -0.000729228371625756, !- X,Y,Z Vertex 1 {m}
  12.5548523983267, 9.43942567254798, 1.06752922837163, !- X,Y,Z Vertex 2 {m}
  14.2246718601662, 7.76960623299907, 1.06752922837163, !- X,Y,Z Vertex 3 {m}
  14.2246718601662, 7.76960623299907, -0.000729228371625756; !- X,Y,Z Vertex 4 {m}

OS:AdditionalProperties,
  {ac54118c-2860-4450-a19b-5496701a47e1}, !- Handle
  {d150199b-7d9d-4794-ac2d-a4af9e56e51a}, !- Object Name
  Length,                                 !- Feature Name 1
  Double,                                 !- Feature Data Type 1
  7.7428571428571429,                     !- Feature Value 1
  Azimuth,                                !- Feature Name 2
  Integer,                                !- Feature Data Type 2
  45,                                     !- Feature Value 2
  Tilt,                                   !- Feature Name 3
  Double,                                 !- Feature Data Type 3
  90,                                     !- Feature Value 3
  SurfaceType,                            !- Feature Name 4
  String,                                 !- Feature Data Type 4
  Window;                                 !- Feature Value 4

OS:SubSurface,
  {2ca75c46-84fe-4084-9139-3395ff5a5fb6}, !- Handle
  Window3,                                !- Name
  FixedWindow,                            !- Sub Surface Type
  {689c4ac8-8c2e-4fd0-92a7-a4ebee1361c7}, !- Construction Name
  {d150199b-7d9d-4794-ac2d-a4af9e56e51a}, !- Surface Name
  ,                                       !- Outside Boundary Condition Object
  ,                                       !- View Factor to Ground
  ,                                       !- Frame and Divider Name
  ,                                       !- Multiplier
  ,                                       !- Number of Vertices
  12.5553680406568, 9.43891003022478, 0,  !- X,Y,Z Vertex 1 {m}
  12.5553680406568, 9.43891003022478, 1.0668, !- X,Y,Z Vertex 2 {m}
  14.2241562178362, 7.77012187532227, 1.0668, !- X,Y,Z Vertex 3 {m}
  14.2241562178362, 7.77012187532227, 0;  !- X,Y,Z Vertex 4 {m}

OS:ShadingSurfaceGroup,
  {2641b4dd-8d6d-4ce9-8145-a53ddbe413f4}, !- Handle
  Window3 Shading Surfaces,               !- Name
  Space,                                  !- Shading Surface Type
  {b204bd97-7d65-4c4e-91e4-774935512ef2}, !- Space Name
  ,                                       !- Direction of Relative North {deg}
  ,                                       !- X Origin {m}
  ,                                       !- Y Origin {m}
  ,                                       !- Z Origin {m}
  {2ca75c46-84fe-4084-9139-3395ff5a5fb6}; !- Shaded Object Name

OS:ShadingSurface,
  {6db94850-b928-43fc-9714-0ba030c0d628}, !- Handle
  Window3 overhangs,                      !- Name
  ,                                       !- Construction Name
  {2641b4dd-8d6d-4ce9-8145-a53ddbe413f4}, !- Shading Surface Group Name
  ,                                       !- Transmittance Schedule Name
  ,                                       !- Number of Vertices
  12.3398418923126, 9.65443617569187, 1.3716, !- X,Y,Z Vertex 1 {m}
  14.4396823661804, 7.55459572985513, 1.3716, !- X,Y,Z Vertex 2 {m}
  14.8707346571146, 7.98564802654357, 1.3716, !- X,Y,Z Vertex 3 {m}
  12.7708941832468, 10.0854884723803, 1.3716; !- X,Y,Z Vertex 4 {m}

OS:Construction,
  {689c4ac8-8c2e-4fd0-92a7-a4ebee1361c7}, !- Handle
  WindowConstruction 2,                   !- Name
  ,                                       !- Surface Rendering Name
  {a4068cdf-d246-466e-bde2-7e9ab023c83e}; !- Layer 1

OS:SurfaceProperty:IncidentSolarMultiplier,
  {4a643e31-0e05-4270-9393-890f5fe8a106}, !- Handle
  {2ca75c46-84fe-4084-9139-3395ff5a5fb6}, !- Surface Name
  1,                                      !- Incident Solar Multiplier {dimensionless}
  {a7837ee7-3965-4dca-834b-79a7cb5a3c08}; !- Incident Solar Multiplier Schedule Name

OS:Surface,
  {e13bf1e9-faf9-412d-a9fe-56fc747deb12}, !- Handle
  surface Window4,                        !- Name
  Wall,                                   !- Surface Type
  {58d0c946-23f2-4460-ac43-dfbc7cbec0c5}, !- Construction Name
  {b204bd97-7d65-4c4e-91e4-774935512ef2}, !- Space Name
  Outdoors,                               !- Outside Boundary Condition
  ,                                       !- Outside Boundary Condition Object
  SunExposed,                             !- Sun Exposure
  WindExposed,                            !- Wind Exposure
  ,                                       !- View Factor to Ground
  ,                                       !- Number of Vertices
  4.0106575198981, -17.9836209485416, -0.000898006994673795, !- X,Y,Z Vertex 1 {m}
  4.0106575198981, -17.9836209485416, 1.09817800699467, !- X,Y,Z Vertex 2 {m}
  2.8180069247132, -19.176271591489, 1.09817800699467, !- X,Y,Z Vertex 3 {m}
  2.8180069247132, -19.176271591489, -0.000898006994673795; !- X,Y,Z Vertex 4 {m}

OS:AdditionalProperties,
  {92b67c9d-1ec3-4315-adf5-2993581da8af}, !- Handle
  {e13bf1e9-faf9-412d-a9fe-56fc747deb12}, !- Object Name
  Length,                                 !- Feature Name 1
  Double,                                 !- Feature Data Type 1
  5.5277777777777777,                     !- Feature Value 1
  Azimuth,                                !- Feature Name 2
  Integer,                                !- Feature Data Type 2
  135,                                    !- Feature Value 2
  Tilt,                                   !- Feature Name 3
  Double,                                 !- Feature Data Type 3
  90,                                     !- Feature Value 3
  SurfaceType,                            !- Feature Name 4
  String,                                 !- Feature Data Type 4
  Window;                                 !- Feature Value 4

OS:SubSurface,
  {05539abd-3b56-4480-9952-b39be6973bde}, !- Handle
  Window4,                                !- Name
  FixedWindow,                            !- Sub Surface Type
  {f044ff87-2cdc-4959-9e60-23e0f08e1829}, !- Construction Name
  {e13bf1e9-faf9-412d-a9fe-56fc747deb12}, !- Surface Name
  ,                                       !- Outside Boundary Condition Object
  ,                                       !- View Factor to Ground
  ,                                       !- Frame and Divider Name
  ,                                       !- Multiplier
  ,                                       !- Number of Vertices
  4.0100225330753, -17.9842559353898, 0,  !- X,Y,Z Vertex 1 {m}
  4.0100225330753, -17.9842559353898, 1.09728, !- X,Y,Z Vertex 2 {m}
  2.8186419115359, -19.1756366046408, 1.09728, !- X,Y,Z Vertex 3 {m}
  2.8186419115359, -19.1756366046408, 0;  !- X,Y,Z Vertex 4 {m}

OS:ShadingSurfaceGroup,
  {7e69ab4c-0c20-46e9-9dc4-eb5e6d24b83d}, !- Handle
  Window4 Shading Surfaces,               !- Name
  Space,                                  !- Shading Surface Type
  {b204bd97-7d65-4c4e-91e4-774935512ef2}, !- Space Name
  ,                                       !- Direction of Relative North {deg}
  ,                                       !- X Origin {m}
  ,                                       !- Y Origin {m}
  ,                                       !- Z Origin {m}
  {05539abd-3b56-4480-9952-b39be6973bde}; !- Shaded Object Name

OS:ShadingSurface,
  {4f4ea6cc-49e0-45c6-95db-1759be2d5518}, !- Handle
  Window4 overhangs,                      !- Name
  ,                                       !- Construction Name
  {7e69ab4c-0c20-46e9-9dc4-eb5e6d24b83d}, !- Shading Surface Group Name
  ,                                       !- Transmittance Schedule Name
  ,                                       !- Number of Vertices
  4.2255486756653, -17.7687297841685, 1.40208, !- X,Y,Z Vertex 1 {m}
  2.6031157689459, -19.3911627558621, 1.40208, !- X,Y,Z Vertex 2 {m}
  3.0341680713885, -19.8222150410421, 1.40208, !- X,Y,Z Vertex 3 {m}
  4.6566009781079, -18.1997820693486, 1.40208; !- X,Y,Z Vertex 4 {m}

OS:Construction,
  {f044ff87-2cdc-4959-9e60-23e0f08e1829}, !- Handle
  WindowConstruction 3,                   !- Name
  ,                                       !- Surface Rendering Name
  {a4068cdf-d246-466e-bde2-7e9ab023c83e}; !- Layer 1

OS:SurfaceProperty:IncidentSolarMultiplier,
  {280fbf87-57f9-4f44-933d-85925884bc15}, !- Handle
  {05539abd-3b56-4480-9952-b39be6973bde}, !- Surface Name
  1,                                      !- Incident Solar Multiplier {dimensionless}
  {a7837ee7-3965-4dca-834b-79a7cb5a3c08}; !- Incident Solar Multiplier Schedule Name

OS:Material,
  {fdebee3e-a813-4d45-b640-703506edae63}, !- Handle
  wood siding 1,                          !- Name
  Rough,                                  !- Roughness
  0.0254,                                 !- Thickness {m}
  0.1024175,                              !- Conductivity {W/m-K}
  544.68,                                 !- Density {kg/m3}
  1172.36;                                !- Specific Heat {J/kg-K}

OS:Material,
  {57c9d5c4-8424-416d-a805-56afa0ab601f}, !- Handle
  wall rigid ins 3,                       !- Name
  Rough,                                  !- Roughness
  0.5129784,                              !- Thickness {m}
  0.029427,                               !- Conductivity {W/m-K}
  32.04,                                  !- Density {kg/m3}
  1214.23,                                !- Specific Heat {J/kg-K}
  0.9,                                    !- Thermal Absorptance
  0.7,                                    !- Solar Absorptance
  0.7;                                    !- Visible Absorptance

OS:Material,
  {b32db04e-01a1-4ec9-87c6-f457327e0321}, !- Handle
  wall stud and cavity 3,                 !- Name
  Rough,                                  !- Roughness
  0.0889,                                 !- Thickness {m}
  0.380278417457636,                      !- Conductivity {W/m-K}
  52.34794524,                            !- Density {kg/m3}
  1209.88641434781,                       !- Specific Heat {J/kg-K}
  0.9,                                    !- Thermal Absorptance
  0.7,                                    !- Solar Absorptance
  0.7;                                    !- Visible Absorptance

OS:Construction,
  {58d0c946-23f2-4460-ac43-dfbc7cbec0c5}, !- Handle
  AdiabaticWallConstruction,              !- Name
  ,                                       !- Surface Rendering Name
  {fdebee3e-a813-4d45-b640-703506edae63}, !- Layer 1
  {57c9d5c4-8424-416d-a805-56afa0ab601f}, !- Layer 2
  {b32db04e-01a1-4ec9-87c6-f457327e0321}, !- Layer 3
  {e7908840-1476-47f5-b524-ff78afb9e9d0}; !- Layer 4

OS:Surface,
  {8595fd58-687d-42c6-b710-4e46e9da2d94}, !- Handle
  surface Door1,                          !- Name
  Wall,                                   !- Surface Type
  {3377100b-bce6-49c8-a71b-803d3c3ac727}, !- Construction Name
  {b204bd97-7d65-4c4e-91e4-774935512ef2}, !- Space Name
  Outdoors,                               !- Outside Boundary Condition
  ,                                       !- Outside Boundary Condition Object
  SunExposed,                             !- Sun Exposure
  WindExposed,                            !- Wind Exposure
  ,                                       !- View Factor to Ground
  ,                                       !- Number of Vertices
  14.8804804257752, 7.11379772458701, -0.000847844267953146, !- X,Y,Z Vertex 1 {m}
  14.8804804257752, 7.11379772458701, 2.03386384426795, !- X,Y,Z Vertex 2 {m}
  15.5279347760197, 6.4663433829855, 2.03386384426795, !- X,Y,Z Vertex 3 {m}
  15.5279347760197, 6.4663433829855, -0.000847844267953146; !- X,Y,Z Vertex 4 {m}

OS:AdditionalProperties,
  {d4caa395-55d5-49cb-a230-d730769a9355}, !- Handle
  {8595fd58-687d-42c6-b710-4e46e9da2d94}, !- Object Name
  Length,                                 !- Feature Name 1
  Double,                                 !- Feature Data Type 1
  2.9985007496251876,                     !- Feature Value 1
  Azimuth,                                !- Feature Name 2
  Integer,                                !- Feature Data Type 2
  45,                                     !- Feature Value 2
  Tilt,                                   !- Feature Name 3
  Double,                                 !- Feature Data Type 3
  90,                                     !- Feature Value 3
  SurfaceType,                            !- Feature Name 4
  String,                                 !- Feature Data Type 4
  Door;                                   !- Feature Value 4

OS:SubSurface,
  {b9526fbe-f082-4081-adcf-f1cdbfc5eabf}, !- Handle
  Door1,                                  !- Name
  Door,                                   !- Sub Surface Type
  {bfabb4c7-735f-45da-8f23-4d0152037191}, !- Construction Name
  {8595fd58-687d-42c6-b710-4e46e9da2d94}, !- Surface Name
  ,                                       !- Outside Boundary Condition Object
  ,                                       !- View Factor to Ground
  ,                                       !- Frame and Divider Name
  ,                                       !- Multiplier
  ,                                       !- Number of Vertices
  14.8810799422105, 7.11319820815971, 0,  !- X,Y,Z Vertex 1 {m}
  14.8810799422105, 7.11319820815971, 2.033016, !- X,Y,Z Vertex 2 {m}
  15.5273352595844, 6.46694289941281, 2.033016, !- X,Y,Z Vertex 3 {m}
  15.5273352595844, 6.46694289941281, 0;  !- X,Y,Z Vertex 4 {m}

OS:Material,
  {ecee0cbb-3a72-40c8-832b-83b3e9eab9c2}, !- Handle
  door material,                          !- Name
  Rough,                                  !- Roughness
  0.04445,                                !- Thickness {m}
  0.0612266553480475,                     !- Conductivity {W/m-K}
  512.64,                                 !- Density {kg/m3}
  1214.23,                                !- Specific Heat {J/kg-K}
  0.9,                                    !- Thermal Absorptance
  0.7,                                    !- Solar Absorptance
  0.7;                                    !- Visible Absorptance

OS:Construction,
  {bfabb4c7-735f-45da-8f23-4d0152037191}, !- Handle
  Door,                                   !- Name
  ,                                       !- Surface Rendering Name
  {ecee0cbb-3a72-40c8-832b-83b3e9eab9c2}; !- Layer 1

OS:Material,
  {a8fc8a3e-8692-4451-8843-10d6c33c751d}, !- Handle
  wood siding 2,                          !- Name
  Rough,                                  !- Roughness
  0.0254,                                 !- Thickness {m}
  0.1024175,                              !- Conductivity {W/m-K}
  544.68,                                 !- Density {kg/m3}
  1172.36;                                !- Specific Heat {J/kg-K}

OS:Construction,
  {3377100b-bce6-49c8-a71b-803d3c3ac727}, !- Handle
  AdiabaticWallConstruction 1,            !- Name
  ,                                       !- Surface Rendering Name
  {a8fc8a3e-8692-4451-8843-10d6c33c751d}, !- Layer 1
  {57c9d5c4-8424-416d-a805-56afa0ab601f}, !- Layer 2
  {b32db04e-01a1-4ec9-87c6-f457327e0321}, !- Layer 3
  {e7908840-1476-47f5-b524-ff78afb9e9d0}; !- Layer 4

OS:InternalMass:Definition,
  {5c25633a-9317-480f-a5cd-c43bbbea422e}, !- Handle
  partition wall mass,                    !- Name
  {0266e1b8-28e1-4988-96bf-dd36b247214c}, !- Construction Name
  SurfaceArea,                            !- Design Level Calculation Method
  114.08493312,                           !- Surface Area {m2}
  ,                                       !- Surface Area per Space Floor Area {dimensionless}
  ;                                       !- Surface Area per Person {m2/person}

OS:InternalMass,
  {92dfb822-91a4-4071-b7ff-4664d476b095}, !- Handle
  partition wall mass,                    !- Name
  {5c25633a-9317-480f-a5cd-c43bbbea422e}, !- Internal Mass Definition Name
  {b204bd97-7d65-4c4e-91e4-774935512ef2}, !- Space or SpaceType Name
  1;                                      !- Multiplier

OS:Material,
  {fc57f4b1-6eff-45a0-b603-ac64de222c7d}, !- Handle
  wall stud and cavity 4,                 !- Name
  Rough,                                  !- Roughness
  0.0889,                                 !- Thickness {m}
  0.391763531157105,                      !- Conductivity {W/m-K}
  83.034082224,                           !- Density {kg/m3}
  1211.67419087611,                       !- Specific Heat {J/kg-K}
  0.9,                                    !- Thermal Absorptance
  0.7,                                    !- Solar Absorptance
  0.7;                                    !- Visible Absorptance

OS:Construction,
  {0266e1b8-28e1-4988-96bf-dd36b247214c}, !- Handle
  PartitionWallConstruction,              !- Name
  ,                                       !- Surface Rendering Name
  {e7908840-1476-47f5-b524-ff78afb9e9d0}, !- Layer 1
  {fc57f4b1-6eff-45a0-b603-ac64de222c7d}, !- Layer 2
  {e7908840-1476-47f5-b524-ff78afb9e9d0}; !- Layer 3

OS:InternalMass:Definition,
  {1a2ee16f-f14a-4f9a-9374-2423e343f659}, !- Handle
  furniture mass conditioned space 1,     !- Name
  {36e9e7be-7055-4545-9664-e044e069948e}, !- Construction Name
  SurfaceArea,                            !- Design Level Calculation Method
  45.633973248,                           !- Surface Area {m2}
  ,                                       !- Surface Area per Space Floor Area {dimensionless}
  ;                                       !- Surface Area per Person {m2/person}

OS:InternalMass,
  {3a668442-b9b3-4f9c-9e0a-2b7842b85ad4}, !- Handle
  furniture mass conditioned space 1,     !- Name
  {1a2ee16f-f14a-4f9a-9374-2423e343f659}, !- Internal Mass Definition Name
  {b204bd97-7d65-4c4e-91e4-774935512ef2}, !- Space or SpaceType Name
  1;                                      !- Multiplier

OS:Material,
  {73a7f32f-61cc-40d1-a30b-4360d1c5da70}, !- Handle
  furniture material conditioned space 1, !- Name
  Rough,                                  !- Roughness
  0.1524,                                 !- Thickness {m}
  0.1154577,                              !- Conductivity {W/m-K}
  640.8,                                  !- Density {kg/m3}
  1214.23,                                !- Specific Heat {J/kg-K}
  0.9,                                    !- Thermal Absorptance
  0.6,                                    !- Solar Absorptance
  0.6;                                    !- Visible Absorptance

OS:Construction,
  {36e9e7be-7055-4545-9664-e044e069948e}, !- Handle
  furniture construction conditioned space 1, !- Name
  ,                                       !- Surface Rendering Name
  {73a7f32f-61cc-40d1-a30b-4360d1c5da70}; !- Layer 1

OS:InternalMass:Definition,
  {bfc90b76-fd4d-4b60-8f9a-4597817a914e}, !- Handle
  furniture mass garage 1,                !- Name
  {a6c95725-167f-41af-87de-9b9f9119d54c}, !- Construction Name
  SurfaceArea,                            !- Design Level Calculation Method
  2.675607552,                            !- Surface Area {m2}
  ,                                       !- Surface Area per Space Floor Area {dimensionless}
  ;                                       !- Surface Area per Person {m2/person}

OS:InternalMass,
  {e2a59163-b70d-4b71-af58-96113d8c9d78}, !- Handle
  furniture mass garage 1,                !- Name
  {bfc90b76-fd4d-4b60-8f9a-4597817a914e}, !- Internal Mass Definition Name
  {c1e34a1f-1e7f-4d7e-89e5-3f484d37503d}, !- Space or SpaceType Name
  1;                                      !- Multiplier

OS:Material,
  {c89b0be7-f965-4187-bb1a-977fcb75c6ee}, !- Handle
  furniture material garage 1,            !- Name
  Rough,                                  !- Roughness
  0.1524,                                 !- Thickness {m}
  0.1154577,                              !- Conductivity {W/m-K}
  640.8,                                  !- Density {kg/m3}
  1214.23,                                !- Specific Heat {J/kg-K}
  0.9,                                    !- Thermal Absorptance
  0.6,                                    !- Solar Absorptance
  0.6;                                    !- Visible Absorptance

OS:Construction,
  {a6c95725-167f-41af-87de-9b9f9119d54c}, !- Handle
  furniture construction garage 1,        !- Name
  ,                                       !- Surface Rendering Name
  {c89b0be7-f965-4187-bb1a-977fcb75c6ee}; !- Layer 1

OS:ShadingSurface,
  {1a1a5750-4acd-4acc-8205-b082608bfadc}, !- Handle
  Neighbor azimuth 135 distance 15.0,     !- Name
  ,                                       !- Construction Name
  {9060a724-3b55-4cc5-9fd5-68665884df55}, !- Shading Surface Group Name
  ,                                       !- Transmittance Schedule Name
  ,                                       !- Number of Vertices
  25.2271701077188, -3.23289184524615, 0, !- X,Y,Z Vertex 1 {m}
  25.2271701077188, -3.23289184524615, 2.4384, !- X,Y,Z Vertex 2 {m}
  3.23289285552803, -25.22716997825, 2.4384, !- X,Y,Z Vertex 3 {m}
  3.23289285552803, -25.22716997825, 0;   !- X,Y,Z Vertex 4 {m}

OS:AdditionalProperties,
  {fda13f99-822c-401f-aab6-12969fdecb68}, !- Handle
  {1a1a5750-4acd-4acc-8205-b082608bfadc}, !- Object Name
  Azimuth,                                !- Feature Name 1
  Integer,                                !- Feature Data Type 1
  135,                                    !- Feature Value 1
  Distance,                               !- Feature Name 2
  Double,                                 !- Feature Data Type 2
  15;                                     !- Feature Value 2

OS:ShadingSurface,
  {39555ff3-9d0d-45b4-a0b2-d45309004140}, !- Handle
  Neighbor azimuth 315 distance 15.0,     !- Name
  ,                                       !- Construction Name
  {9060a724-3b55-4cc5-9fd5-68665884df55}, !- Shading Surface Group Name
  ,                                       !- Transmittance Schedule Name
  ,                                       !- Number of Vertices
  -25.2271701940313, 3.23289117172483, 0, !- X,Y,Z Vertex 1 {m}
  -25.2271701940313, 3.23289117172483, 2.4384, !- X,Y,Z Vertex 2 {m}
  -3.23289352904933, 25.2271698919374, 2.4384, !- X,Y,Z Vertex 3 {m}
  -3.23289352904933, 25.2271698919374, 0; !- X,Y,Z Vertex 4 {m}

OS:AdditionalProperties,
  {b179d975-71b7-4be0-a6ab-69d022324a1f}, !- Handle
  {39555ff3-9d0d-45b4-a0b2-d45309004140}, !- Object Name
  Azimuth,                                !- Feature Name 1
  Integer,                                !- Feature Data Type 1
  315,                                    !- Feature Value 1
  Distance,                               !- Feature Name 2
  Double,                                 !- Feature Data Type 2
  15;                                     !- Feature Value 2

OS:ShadingSurfaceGroup,
  {9060a724-3b55-4cc5-9fd5-68665884df55}, !- Handle
  neighbors,                              !- Name
  Building;                               !- Shading Surface Type

OS:Schedule:File,
  {6eeee4de-96e1-4ee7-8a34-1f461cbe4321}, !- Handle
  occupants,                              !- Name
  {8b28b612-cd64-4214-8d98-f36f80b99a49}, !- Schedule Type Limits Name
  {751edda1-ee34-4265-bfc1-2af7ad9fe9f0}, !- External File Name
  1,                                      !- Column Number
  1,                                      !- Rows to Skip at Top
  8760,                                   !- Number of Hours of Data
  ,                                       !- Column Separator
  ,                                       !- Interpolate to Timestep
  15,                                     !- Minutes per Item
  ,                                       !- Adjust Schedule for Daylight Savings
  Yes;                                    !- Translate File With Relative Path

OS:External:File,
  {751edda1-ee34-4265-bfc1-2af7ad9fe9f0}, !- Handle
  External File 1,                        !- Name
  in.schedules.csv;                       !- File Name

OS:Schedule:Constant,
  {364faaf0-83e8-40a2-bccc-dd73ecccc0ac}, !- Handle
  occupants activity schedule,            !- Name
  {edbf0ad9-0565-4387-989c-64597d13ccba}, !- Schedule Type Limits Name
  117.228428068889;                       !- Value

OS:People:Definition,
  {50848d69-dc26-44a0-bd34-815228deede2}, !- Handle
  occupants,                              !- Name
  People,                                 !- Number of People Calculation Method
  5,                                      !- Number of People {people}
  ,                                       !- People per Space Floor Area {person/m2}
  ,                                       !- Space Floor Area per Person {m2/person}
  0.314170909090909,                      !- Fraction Radiant
  0.563030303030303,                      !- Sensible Heat Fraction
  0,                                      !- Carbon Dioxide Generation Rate {m3/s-W}
  No,                                     !- Enable ASHRAE 55 Comfort Warnings
  ZoneAveraged;                           !- Mean Radiant Temperature Calculation Type

OS:People,
  {a6729b61-88e2-46ca-999d-9dd24ed78f9b}, !- Handle
  occupants,                              !- Name
  {50848d69-dc26-44a0-bd34-815228deede2}, !- People Definition Name
  {b204bd97-7d65-4c4e-91e4-774935512ef2}, !- Space or SpaceType Name
  {6eeee4de-96e1-4ee7-8a34-1f461cbe4321}, !- Number of People Schedule Name
  {364faaf0-83e8-40a2-bccc-dd73ecccc0ac}, !- Activity Level Schedule Name
  ,                                       !- Surface Name/Angle Factor List Name
  ,                                       !- Work Efficiency Schedule Name
  ,                                       !- Clothing Insulation Schedule Name
  ,                                       !- Air Velocity Schedule Name
  1;                                      !- Multiplier

OS:ScheduleTypeLimits,
  {edbf0ad9-0565-4387-989c-64597d13ccba}, !- Handle
  ActivityLevel,                          !- Name
  0,                                      !- Lower Limit Value
  ,                                       !- Upper Limit Value
  Continuous,                             !- Numeric Type
  ActivityLevel;                          !- Unit Type

OS:Curve:Biquadratic,
  {5d896e71-5600-43a9-aaed-11b18cf50332}, !- Handle
  Cool-CAP-fT1,                           !- Name
  1.557359706,                            !- Coefficient1 Constant
  -0.0744481692,                          !- Coefficient2 x
  0.00309859668,                          !- Coefficient3 x**2
  0.0014595786,                           !- Coefficient4 y
  -4.1148e-05,                            !- Coefficient5 y**2
  -0.00042671448,                         !- Coefficient6 x*y
  -100,                                   !- Minimum Value of x
  100,                                    !- Maximum Value of x
  -100,                                   !- Minimum Value of y
  100;                                    !- Maximum Value of y

OS:Curve:Biquadratic,
  {c57001ea-3e5c-4a1e-9fea-f2ae730e6af0}, !- Handle
  Cool-EIR-fT1,                           !- Name
  -0.350447695,                           !- Coefficient1 Constant
  0.116809893,                            !- Coefficient2 x
  -0.00339950844,                         !- Coefficient3 x**2
  -0.001226088,                           !- Coefficient4 y
  0.0006008094,                           !- Coefficient5 y**2
  -0.000466884,                           !- Coefficient6 x*y
  -100,                                   !- Minimum Value of x
  100,                                    !- Maximum Value of x
  -100,                                   !- Minimum Value of y
  100;                                    !- Maximum Value of y

OS:Curve:Quadratic,
  {9f813f9f-9687-431d-bc5a-748c61498cf0}, !- Handle
  Cool-CAP-fFF1,                          !- Name
  0.718664047,                            !- Coefficient1 Constant
  0.41797409,                             !- Coefficient2 x
  -0.136638137,                           !- Coefficient3 x**2
  0,                                      !- Minimum Value of x
  2,                                      !- Maximum Value of x
  0,                                      !- Minimum Curve Output
  2;                                      !- Maximum Curve Output

OS:Curve:Quadratic,
  {6c842713-7636-44b7-b7d7-4dc49d8e39cf}, !- Handle
  Cool-EIR-fFF1,                          !- Name
  1.143487507,                            !- Coefficient1 Constant
  -0.13943972,                            !- Coefficient2 x
  -0.004047787,                           !- Coefficient3 x**2
  0,                                      !- Minimum Value of x
  2,                                      !- Maximum Value of x
  0,                                      !- Minimum Curve Output
  2;                                      !- Maximum Curve Output

OS:Curve:Quadratic,
  {9fce96f1-d83a-4a30-bcaf-189e492c9e44}, !- Handle
  Cool-PLF-fPLR1,                         !- Name
  0.8,                                    !- Coefficient1 Constant
  0.2,                                    !- Coefficient2 x
  0,                                      !- Coefficient3 x**2
  0,                                      !- Minimum Value of x
  1,                                      !- Maximum Value of x
  0.7,                                    !- Minimum Curve Output
  1;                                      !- Maximum Curve Output

OS:Schedule:Constant,
  {3bd16469-fc69-4b61-9bd2-fa6a41ea70e0}, !- Handle
  Always On Discrete,                     !- Name
  {3b9af0a2-53b0-4691-a789-ed533b59dfcf}, !- Schedule Type Limits Name
  1;                                      !- Value

OS:ScheduleTypeLimits,
  {3b9af0a2-53b0-4691-a789-ed533b59dfcf}, !- Handle
  OnOff,                                  !- Name
  0,                                      !- Lower Limit Value
  1,                                      !- Upper Limit Value
  Discrete,                               !- Numeric Type
  Availability;                           !- Unit Type

OS:Coil:Cooling:DX:SingleSpeed,
  {ea3f02db-1688-44bf-bb9b-658d665639f5}, !- Handle
  central ac and furnace clg coil,        !- Name
  {3bd16469-fc69-4b61-9bd2-fa6a41ea70e0}, !- Availability Schedule Name
  10572.9443280538,                       !- Rated Total Cooling Capacity {W}
  0.730031800184905,                      !- Rated Sensible Heat Ratio
  2.9626,                                 !- Rated COP {W/W}
  0.544063395855548,                      !- Rated Air Flow Rate {m3/s}
  773.3,                                  !- Rated Evaporator Fan Power Per Volume Flow Rate 2017 {W/(m3/s)}
  934.4,                                  !- Rated Evaporator Fan Power Per Volume Flow Rate 2023 {W/(m3/s)}
  ,                                       !- Air Inlet Node Name
  ,                                       !- Air Outlet Node Name
  {5d896e71-5600-43a9-aaed-11b18cf50332}, !- Total Cooling Capacity Function of Temperature Curve Name
  {9f813f9f-9687-431d-bc5a-748c61498cf0}, !- Total Cooling Capacity Function of Flow Fraction Curve Name
  {c57001ea-3e5c-4a1e-9fea-f2ae730e6af0}, !- Energy Input Ratio Function of Temperature Curve Name
  {6c842713-7636-44b7-b7d7-4dc49d8e39cf}, !- Energy Input Ratio Function of Flow Fraction Curve Name
  {9fce96f1-d83a-4a30-bcaf-189e492c9e44}, !- Part Load Fraction Correlation Curve Name
  -25,                                    !- Minimum Outdoor Dry-Bulb Temperature for Compressor Operation {C}
  1000,                                   !- Nominal Time for Condensate Removal to Begin {s}
  1.5,                                    !- Ratio of Initial Moisture Evaporation Rate and Steady State Latent Capacity {dimensionless}
  3,                                      !- Maximum Cycling Rate {cycles/hr}
  45,                                     !- Latent Capacity Time Constant {s}
  ,                                       !- Condenser Air Inlet Node Name
  AirCooled,                              !- Condenser Type
  0.9,                                    !- Evaporative Condenser Effectiveness {dimensionless}
  autosize,                               !- Evaporative Condenser Air Flow Rate {m3/s}
  autosize,                               !- Evaporative Condenser Pump Rated Power Consumption {W}
  50,                                     !- Crankcase Heater Capacity {W}
  ,                                       !- Crankcase Heater Capacity Function of Temperature Curve Name
  10,                                     !- Maximum Outdoor Dry-Bulb Temperature for Crankcase Heater Operation {C}
  ,                                       !- Supply Water Storage Tank Name
  ,                                       !- Condensate Collection Water Storage Tank Name
  0,                                      !- Basin Heater Capacity {W/K}
  2;                                      !- Basin Heater Setpoint Temperature {C}

OS:AdditionalProperties,
  {59a33569-054f-4b4c-83ea-cfab2c533ee9}, !- Handle
  {ea3f02db-1688-44bf-bb9b-658d665639f5}, !- Object Name
  HPXML_ID,                               !- Feature Name 1
  String,                                 !- Feature Data Type 1
  CoolingSystem1;                         !- Feature Value 1

OS:Coil:Heating:Electric,
  {d5cebe3e-b879-49cf-aab7-d6cf61c44c8e}, !- Handle
  central ac and furnace htg coil,        !- Name
  {3bd16469-fc69-4b61-9bd2-fa6a41ea70e0}, !- Availability Schedule Name
  1,                                      !- Efficiency
  11371.7436648226,                       !- Nominal Capacity {W}
  ,                                       !- Air Inlet Node Name
  ;                                       !- Air Outlet Node Name

OS:AdditionalProperties,
  {12739bc5-3858-427a-ad73-4511e093cab5}, !- Handle
  {d5cebe3e-b879-49cf-aab7-d6cf61c44c8e}, !- Object Name
  HPXML_ID,                               !- Feature Name 1
  String,                                 !- Feature Data Type 1
  HeatingSystem1,                         !- Feature Value 1
  IsHeatPumpBackup,                       !- Feature Name 2
  Boolean,                                !- Feature Data Type 2
  false;                                  !- Feature Value 2

OS:Fan:SystemModel,
  {a537dbd6-d0f1-4149-b420-566ef67996a0}, !- Handle
  central ac and furnace supply fan,      !- Name
  {3bd16469-fc69-4b61-9bd2-fa6a41ea70e0}, !- Availability Schedule Name
  ,                                       !- Air Inlet Node Name
  ,                                       !- Air Outlet Node Name
  0.5177263451904,                        !- Design Maximum Air Flow Rate {m3/s}
  Discrete,                               !- Speed Control Method
  0.2,                                    !- Electric Power Minimum Flow Rate Fraction
  595.93500092512,                        !- Design Pressure Rise {Pa}
  1,                                      !- Motor Efficiency
  1,                                      !- Motor In Air Stream Fraction
  autosize,                               !- Design Electric Power Consumption {W}
  TotalEfficiencyAndPressure,             !- Design Power Sizing Method
  840,                                    !- Electric Power Per Unit Flow Rate {W/(m3/s)}
  1.66667,                                !- Electric Power Per Unit Flow Rate Per Unit Pressure {W-s/m3-Pa}
  0.75,                                   !- Fan Total Efficiency
  ,                                       !- Electric Power Function of Flow Fraction Curve Name
  ,                                       !- Night Ventilation Mode Pressure Rise {Pa}
  ,                                       !- Night Ventilation Mode Flow Fraction
  ,                                       !- Motor Loss Zone Name
  0,                                      !- Motor Loss Radiative Fraction
  supply fan,                             !- End-Use Subcategory
  0.64448,                                !- Speed Flow Fraction 1
  0.26769,                                !- Speed Electric Power Fraction 1
  1,                                      !- Speed Flow Fraction 2
  1;                                      !- Speed Electric Power Fraction 2

OS:EnergyManagementSystem:Sensor,
  {a12cd285-5a6d-4af0-9ae5-277b50d7b5d4}, !- Handle
  central_ac_and_furnace_supply_fan_s,    !- Name
  central ac and furnace supply fan,      !- Output Variable or Output Meter Index Key Name
  Fan Electricity Energy;                 !- Output Variable or Output Meter Name

OS:EnergyManagementSystem:Sensor,
  {b14d478b-d696-4552-b2f6-48bd1fe10f40}, !- Handle
  central_ac_and_furnace_clg_coil_s,      !- Name
  central ac and furnace clg coil,        !- Output Variable or Output Meter Index Key Name
  Cooling Coil Total Cooling Energy;      !- Output Variable or Output Meter Name

OS:EnergyManagementSystem:Program,
  {1e9bcc95-d8e0-4cf0-aaf2-ebda2fa71fc5}, !- Handle
  central_ac_and_furnace_supply_fan_disaggregate_program, !- Name
  Set central_ac_and_furnace_supply_fan_clg = 0, !- Program Line 1
  If central_ac_and_furnace_clg_coil_s > 0, !- Program Line 2
  Set central_ac_and_furnace_supply_fan_clg = central_ac_and_furnace_supply_fan_s, !- Program Line 3
  EndIf;                                  !- Program Line 4

OS:EnergyManagementSystem:ProgramCallingManager,
  {f9c1a77e-c22e-460c-b9b6-5013174376f6}, !- Handle
  central ac and furnace supply fan disaggregate program calling manager, !- Name
  EndOfSystemTimestepBeforeHVACReporting, !- EnergyPlus Model Calling Point
  {1e9bcc95-d8e0-4cf0-aaf2-ebda2fa71fc5}; !- Program Name 1

OS:EnergyManagementSystem:OutputVariable,
  {c3bec1e6-5c8b-47c2-a75b-5af99a269bdc}, !- Handle
  central ac and furnace supply fan disaggregate clg, !- Name
  central_ac_and_furnace_supply_fan_clg,  !- EMS Variable Name
  Summed,                                 !- Type of Data in Variable
  SystemTimestep,                         !- Update Frequency
  {1e9bcc95-d8e0-4cf0-aaf2-ebda2fa71fc5}, !- EMS Program or Subroutine Name
  J;                                      !- Units

OS:AdditionalProperties,
  {39fdb72d-1d11-40d0-8ba7-a30046d5aebf}, !- Handle
  {c3bec1e6-5c8b-47c2-a75b-5af99a269bdc}, !- Object Name
  HPXML_ID,                               !- Feature Name 1
  String,                                 !- Feature Data Type 1
  CoolingSystem1,                         !- Feature Value 1
  ObjectType,                             !- Feature Name 2
  String,                                 !- Feature Data Type 2
  disaggregate clg;                       !- Feature Value 2

OS:EnergyManagementSystem:Sensor,
  {198129b7-ec19-4b32-bc09-411ee1d3b442}, !- Handle
  central_ac_and_furnace_supply_fan_s_1,  !- Name
  central ac and furnace supply fan,      !- Output Variable or Output Meter Index Key Name
  Fan Electricity Energy;                 !- Output Variable or Output Meter Name

OS:EnergyManagementSystem:Sensor,
  {f9a6dbaa-776b-4d43-ba93-c0ddfe521589}, !- Handle
  central_ac_and_furnace_htg_coil_s,      !- Name
  central ac and furnace htg coil,        !- Output Variable or Output Meter Index Key Name
  Heating Coil Heating Energy;            !- Output Variable or Output Meter Name

OS:EnergyManagementSystem:Program,
  {b14b724f-13cb-452c-b063-82ad92c2f7ce}, !- Handle
  central_ac_and_furnace_supply_fan_disaggregate_program_1, !- Name
  Set central_ac_and_furnace_supply_fan_primary_htg = 0, !- Program Line 1
  If central_ac_and_furnace_htg_coil_s > 0, !- Program Line 2
  Set central_ac_and_furnace_supply_fan_primary_htg = central_ac_and_furnace_supply_fan_s_1, !- Program Line 3
  EndIf;                                  !- Program Line 4

OS:EnergyManagementSystem:ProgramCallingManager,
  {cbe6b8b0-b6a1-449d-a6ff-be787b605b7e}, !- Handle
  central ac and furnace supply fan disaggregate program calling manager 1, !- Name
  EndOfSystemTimestepBeforeHVACReporting, !- EnergyPlus Model Calling Point
  {b14b724f-13cb-452c-b063-82ad92c2f7ce}; !- Program Name 1

OS:EnergyManagementSystem:OutputVariable,
  {b2bd72a6-b54b-4edf-859f-1c848c91e18a}, !- Handle
  central ac and furnace supply fan disaggregate htg primary, !- Name
  central_ac_and_furnace_supply_fan_primary_htg, !- EMS Variable Name
  Summed,                                 !- Type of Data in Variable
  SystemTimestep,                         !- Update Frequency
  {b14b724f-13cb-452c-b063-82ad92c2f7ce}, !- EMS Program or Subroutine Name
  J;                                      !- Units

OS:AdditionalProperties,
  {56126142-854f-4510-a08a-bc608487172b}, !- Handle
  {b2bd72a6-b54b-4edf-859f-1c848c91e18a}, !- Object Name
  HPXML_ID,                               !- Feature Name 1
  String,                                 !- Feature Data Type 1
  HeatingSystem1,                         !- Feature Value 1
  ObjectType,                             !- Feature Name 2
  String,                                 !- Feature Data Type 2
  disaggregate htg primary;               !- Feature Value 2

OS:Schedule:Constant,
  {ec15c57b-874d-4765-82e4-08e58402e999}, !- Handle
  central ac and furnace auto fan schedule, !- Name
  {3b9af0a2-53b0-4691-a789-ed533b59dfcf}, !- Schedule Type Limits Name
  0;                                      !- Value

OS:AirLoopHVAC:UnitarySystem,
  {796d94a7-6965-40d6-9eeb-57c9722a8d85}, !- Handle
  central ac and furnace unitary system,  !- Name
  Load,                                   !- Control Type
  {f3151d8b-9ec5-4e23-8962-0a95f5d5789e}, !- Controlling Zone or Thermostat Location
  None,                                   !- Dehumidification Control Type
  {3bd16469-fc69-4b61-9bd2-fa6a41ea70e0}, !- Availability Schedule Name
  {1d8d0ddb-34a2-4cd2-b292-343687972d3d}, !- Air Inlet Node Name
  {0af95e75-ee9b-4484-b5cf-dfc8cf820f1a}, !- Air Outlet Node Name
  {a537dbd6-d0f1-4149-b420-566ef67996a0}, !- Supply Fan Name
  BlowThrough,                            !- Fan Placement
  {ec15c57b-874d-4765-82e4-08e58402e999}, !- Supply Air Fan Operating Mode Schedule Name
  {d5cebe3e-b879-49cf-aab7-d6cf61c44c8e}, !- Heating Coil Name
  1,                                      !- DX Heating Coil Sizing Ratio
  {ea3f02db-1688-44bf-bb9b-658d665639f5}, !- Cooling Coil Name
  No,                                     !- Use DOAS DX Cooling Coil
  2,                                      !- DOAS DX Cooling Coil Leaving Minimum Air Temperature {C}
  SensibleOnlyLoadControl,                !- Latent Load Control
  ,                                       !- Supplemental Heating Coil Name
  SupplyAirFlowRate,                      !- Supply Air Flow Rate Method During Cooling Operation
  0.5177263451904,                        !- Supply Air Flow Rate During Cooling Operation {m3/s}
  ,                                       !- Supply Air Flow Rate Per Floor Area During Cooling Operation {m3/s-m2}
  ,                                       !- Fraction of Autosized Design Cooling Supply Air Flow Rate
  ,                                       !- Design Supply Air Flow Rate Per Unit of Capacity During Cooling Operation {m3/s-W}
  SupplyAirFlowRate,                      !- Supply Air Flow Rate Method During Heating Operation
  0.3336668423424,                        !- Supply Air Flow Rate During Heating Operation {m3/s}
  ,                                       !- Supply Air Flow Rate Per Floor Area during Heating Operation {m3/s-m2}
  ,                                       !- Fraction of Autosized Design Heating Supply Air Flow Rate
  ,                                       !- Design Supply Air Flow Rate Per Unit of Capacity During Heating Operation {m3/s-W}
  SupplyAirFlowRate,                      !- Supply Air Flow Rate Method When No Cooling or Heating is Required
  0,                                      !- Supply Air Flow Rate When No Cooling or Heating is Required {m3/s}
  ,                                       !- Supply Air Flow Rate Per Floor Area When No Cooling or Heating is Required {m3/s-m2}
  ,                                       !- Fraction of Autosized Design Cooling Supply Air Flow Rate When No Cooling or Heating is Required
  ,                                       !- Fraction of Autosized Design Heating Supply Air Flow Rate When No Cooling or Heating is Required
  ,                                       !- Design Supply Air Flow Rate Per Unit of Capacity During Cooling Operation When No Cooling or Heating is Required {m3/s-W}
  ,                                       !- Design Supply Air Flow Rate Per Unit of Capacity During Heating Operation When No Cooling or Heating is Required {m3/s-W}
  48.8888888888889,                       !- Maximum Supply Air Temperature {C}
  21,                                     !- Maximum Outdoor Dry-Bulb Temperature for Supplemental Heater Operation {C}
  ,                                       !- Outdoor Dry-Bulb Temperature Sensor Node Name
  0,                                      !- Ancilliary On-Cycle Electric Power {W}
  0;                                      !- Ancilliary Off-Cycle Electric Power {W}

OS:AirLoopHVAC,
  {0dbfd828-a8a8-4c33-adc1-02e5156de823}, !- Handle
  central ac and furnace airloop,         !- Name
  ,                                       !- Controller List Name
  {3bd16469-fc69-4b61-9bd2-fa6a41ea70e0}, !- Availability Schedule
  {193e45ef-5bef-4653-b129-9f030b5a2add}, !- Availability Manager List Name
  0.5177263451904,                        !- Design Supply Air Flow Rate {m3/s}
  1,                                      !- Design Return Air Flow Fraction of Supply Air Flow
  ,                                       !- Branch List Name
  ,                                       !- Connector List Name
  {8922201c-fff9-4ead-af27-251829ba977e}, !- Supply Side Inlet Node Name
  {2562dfdf-f89d-43aa-9355-37658141fc75}, !- Demand Side Outlet Node Name
  {d1ba90a1-06af-43b7-ac8e-d90983fe7095}, !- Demand Side Inlet Node A
  {a4c87005-445c-48d4-9c74-1f6dece1f846}, !- Supply Side Outlet Node A
  ,                                       !- Demand Side Inlet Node B
  ,                                       !- Supply Side Outlet Node B
  ,                                       !- Return Air Bypass Flow Temperature Setpoint Schedule Name
  {6170a98e-45c2-4527-9c22-f52c3dd8a351}, !- Demand Mixer Name
  {f2358c6f-19c5-4326-ad3a-8ef6ba11b296}, !- Demand Splitter A Name
  ,                                       !- Demand Splitter B Name
  ;                                       !- Supply Splitter Name

OS:Node,
  {bfe077d1-1701-416a-9dd0-c8c19b50252a}, !- Handle
  Node 4,                                 !- Name
  {8922201c-fff9-4ead-af27-251829ba977e}, !- Inlet Port
  {1d8d0ddb-34a2-4cd2-b292-343687972d3d}; !- Outlet Port

OS:Node,
  {cc5daf28-c44e-49eb-a1e7-07d1a5bb7108}, !- Handle
  Node 5,                                 !- Name
  {0af95e75-ee9b-4484-b5cf-dfc8cf820f1a}, !- Inlet Port
  {a4c87005-445c-48d4-9c74-1f6dece1f846}; !- Outlet Port

OS:Connection,
  {8922201c-fff9-4ead-af27-251829ba977e}, !- Handle
  {0dbfd828-a8a8-4c33-adc1-02e5156de823}, !- Source Object
  9,                                      !- Outlet Port
  {bfe077d1-1701-416a-9dd0-c8c19b50252a}, !- Target Object
  2;                                      !- Inlet Port

OS:Connection,
  {a4c87005-445c-48d4-9c74-1f6dece1f846}, !- Handle
  {cc5daf28-c44e-49eb-a1e7-07d1a5bb7108}, !- Source Object
  3,                                      !- Outlet Port
  {0dbfd828-a8a8-4c33-adc1-02e5156de823}, !- Target Object
  12;                                     !- Inlet Port

OS:Node,
  {45386eb9-69ac-4592-9429-b749fa6f7096}, !- Handle
  Node 6,                                 !- Name
  {d1ba90a1-06af-43b7-ac8e-d90983fe7095}, !- Inlet Port
  {432c0b51-2289-4414-a3b7-e45cd4eda5ee}; !- Outlet Port

OS:Node,
  {0a77fa00-0c65-4652-bfa8-eaad18c55c09}, !- Handle
  Node 7,                                 !- Name
  {f0727b72-baf8-43a9-9bd1-9a1008ee91f9}, !- Inlet Port
  {2562dfdf-f89d-43aa-9355-37658141fc75}; !- Outlet Port

OS:Node,
  {2559e67e-e60e-444c-a39c-27ce9b78a530}, !- Handle
  Node 8,                                 !- Name
  {3d4bd86f-b829-4a87-ab1c-4a8b68aa0358}, !- Inlet Port
  {f39e3249-d3b8-4304-9120-f974e3d55d36}; !- Outlet Port

OS:Connection,
  {d1ba90a1-06af-43b7-ac8e-d90983fe7095}, !- Handle
  {0dbfd828-a8a8-4c33-adc1-02e5156de823}, !- Source Object
  11,                                     !- Outlet Port
  {45386eb9-69ac-4592-9429-b749fa6f7096}, !- Target Object
  2;                                      !- Inlet Port

OS:Connection,
  {2562dfdf-f89d-43aa-9355-37658141fc75}, !- Handle
  {0a77fa00-0c65-4652-bfa8-eaad18c55c09}, !- Source Object
  3,                                      !- Outlet Port
  {0dbfd828-a8a8-4c33-adc1-02e5156de823}, !- Target Object
  10;                                     !- Inlet Port

OS:AirLoopHVAC:ZoneSplitter,
  {f2358c6f-19c5-4326-ad3a-8ef6ba11b296}, !- Handle
  central ac and furnace zone splitter,   !- Name
  {432c0b51-2289-4414-a3b7-e45cd4eda5ee}, !- Inlet Node Name
  {b45db8d0-7554-4389-8080-e912ef5e73ff}; !- Outlet Node Name 1

OS:AirLoopHVAC:ZoneMixer,
  {6170a98e-45c2-4527-9c22-f52c3dd8a351}, !- Handle
  central ac and furnace zone mixer,      !- Name
  {f0727b72-baf8-43a9-9bd1-9a1008ee91f9}, !- Outlet Node Name
  {328602ea-fc7c-48a8-9b66-fc30e70dc144}; !- Inlet Node Name 1

OS:Connection,
  {432c0b51-2289-4414-a3b7-e45cd4eda5ee}, !- Handle
  {45386eb9-69ac-4592-9429-b749fa6f7096}, !- Source Object
  3,                                      !- Outlet Port
  {f2358c6f-19c5-4326-ad3a-8ef6ba11b296}, !- Target Object
  2;                                      !- Inlet Port

OS:Connection,
  {f0727b72-baf8-43a9-9bd1-9a1008ee91f9}, !- Handle
  {6170a98e-45c2-4527-9c22-f52c3dd8a351}, !- Source Object
  2,                                      !- Outlet Port
  {0a77fa00-0c65-4652-bfa8-eaad18c55c09}, !- Target Object
  2;                                      !- Inlet Port

OS:Sizing:System,
  {69a70be3-096f-4d0c-b6eb-e740ff8a8dde}, !- Handle
  {0dbfd828-a8a8-4c33-adc1-02e5156de823}, !- AirLoop Name
  ,                                       !- Type of Load to Size On
  ,                                       !- Design Outdoor Air Flow Rate {m3/s}
  0.3,                                    !- Central Heating Maximum System Air Flow Ratio
  7,                                      !- Preheat Design Temperature {C}
  0.008,                                  !- Preheat Design Humidity Ratio {kg-H2O/kg-Air}
  12.8,                                   !- Precool Design Temperature {C}
  0.008,                                  !- Precool Design Humidity Ratio {kg-H2O/kg-Air}
  12.8,                                   !- Central Cooling Design Supply Air Temperature {C}
  16.7,                                   !- Central Heating Design Supply Air Temperature {C}
  ,                                       !- Sizing Option
  Yes,                                    !- 100% Outdoor Air in Cooling
  Yes,                                    !- 100% Outdoor Air in Heating
  0.0085,                                 !- Central Cooling Design Supply Air Humidity Ratio {kg-H2O/kg-Air}
  ,                                       !- Central Heating Design Supply Air Humidity Ratio {kg-H2O/kg-Air}
  ,                                       !- Cooling Design Air Flow Method
  ,                                       !- Cooling Design Air Flow Rate {m3/s}
  ,                                       !- Heating Design Air Flow Method
  ,                                       !- Heating Design Air Flow Rate {m3/s}
  ,                                       !- System Outdoor Air Method
  1,                                      !- Zone Maximum Outdoor Air Fraction {dimensionless}
  0.0099676501,                           !- Cooling Supply Air Flow Rate Per Floor Area {m3/s-m2}
  1,                                      !- Cooling Fraction of Autosized Cooling Supply Air Flow Rate
  3.9475456e-05,                          !- Cooling Supply Air Flow Rate Per Unit Cooling Capacity {m3/s-W}
  0.0099676501,                           !- Heating Supply Air Flow Rate Per Floor Area {m3/s-m2}
  1,                                      !- Heating Fraction of Autosized Heating Supply Air Flow Rate
  1,                                      !- Heating Fraction of Autosized Cooling Supply Air Flow Rate
  3.1588213e-05,                          !- Heating Supply Air Flow Rate Per Unit Heating Capacity {m3/s-W}
  CoolingDesignCapacity,                  !- Cooling Design Capacity Method
  autosize,                               !- Cooling Design Capacity {W}
  234.7,                                  !- Cooling Design Capacity Per Floor Area {W/m2}
  1,                                      !- Fraction of Autosized Cooling Design Capacity
  HeatingDesignCapacity,                  !- Heating Design Capacity Method
  autosize,                               !- Heating Design Capacity {W}
  157,                                    !- Heating Design Capacity Per Floor Area {W/m2}
  1,                                      !- Fraction of Autosized Heating Design Capacity
  OnOff,                                  !- Central Cooling Capacity Control Method
  autosize;                               !- Occupant Diversity

OS:AvailabilityManagerAssignmentList,
  {193e45ef-5bef-4653-b129-9f030b5a2add}, !- Handle
  Air Loop HVAC 1 AvailabilityManagerAssignmentList; !- Name

OS:Connection,
  {1d8d0ddb-34a2-4cd2-b292-343687972d3d}, !- Handle
  {bfe077d1-1701-416a-9dd0-c8c19b50252a}, !- Source Object
  3,                                      !- Outlet Port
  {796d94a7-6965-40d6-9eeb-57c9722a8d85}, !- Target Object
  6;                                      !- Inlet Port

OS:Connection,
  {0af95e75-ee9b-4484-b5cf-dfc8cf820f1a}, !- Handle
  {796d94a7-6965-40d6-9eeb-57c9722a8d85}, !- Source Object
  7,                                      !- Outlet Port
  {cc5daf28-c44e-49eb-a1e7-07d1a5bb7108}, !- Target Object
  2;                                      !- Inlet Port

OS:AirTerminal:SingleDuct:ConstantVolume:NoReheat,
  {822755f2-0647-418a-a1fd-3746c5fa4abd}, !- Handle
  central ac and furnace terminal,        !- Name
  {3bd16469-fc69-4b61-9bd2-fa6a41ea70e0}, !- Availability Schedule Name
  {6edf7606-6407-4614-8f8c-bb9f00931110}, !- Air Inlet Node Name
  {3d4bd86f-b829-4a87-ab1c-4a8b68aa0358}, !- Air Outlet Node Name
  0.5177263451904;                        !- Maximum Air Flow Rate {m3/s}

OS:Node,
  {d0daf9ed-a2a0-4603-9196-80e20df50896}, !- Handle
  Node 9,                                 !- Name
  {259e6e83-8dc2-4081-bb53-648a63a72d8f}, !- Inlet Port
  {6befd4d8-3621-4430-9a4c-d2af5e51f539}; !- Outlet Port

OS:Connection,
  {f39e3249-d3b8-4304-9120-f974e3d55d36}, !- Handle
  {2559e67e-e60e-444c-a39c-27ce9b78a530}, !- Source Object
  3,                                      !- Outlet Port
  {2bbfdcfd-20f5-4643-93c7-d35aa62cacb4}, !- Target Object
  2;                                      !- Inlet Port

OS:Connection,
  {259e6e83-8dc2-4081-bb53-648a63a72d8f}, !- Handle
  {d953995f-2c4b-44e6-9b09-e6c27fd70e45}, !- Source Object
  2,                                      !- Outlet Port
  {d0daf9ed-a2a0-4603-9196-80e20df50896}, !- Target Object
  2;                                      !- Inlet Port

OS:Node,
  {5b5201ab-c5e3-4473-b07f-23cdb71bc408}, !- Handle
  Node 10,                                !- Name
  {b45db8d0-7554-4389-8080-e912ef5e73ff}, !- Inlet Port
  {6edf7606-6407-4614-8f8c-bb9f00931110}; !- Outlet Port

OS:Connection,
  {b45db8d0-7554-4389-8080-e912ef5e73ff}, !- Handle
  {f2358c6f-19c5-4326-ad3a-8ef6ba11b296}, !- Source Object
  3,                                      !- Outlet Port
  {5b5201ab-c5e3-4473-b07f-23cdb71bc408}, !- Target Object
  2;                                      !- Inlet Port

OS:Connection,
  {6edf7606-6407-4614-8f8c-bb9f00931110}, !- Handle
  {5b5201ab-c5e3-4473-b07f-23cdb71bc408}, !- Source Object
  3,                                      !- Outlet Port
  {822755f2-0647-418a-a1fd-3746c5fa4abd}, !- Target Object
  3;                                      !- Inlet Port

OS:Connection,
  {3d4bd86f-b829-4a87-ab1c-4a8b68aa0358}, !- Handle
  {822755f2-0647-418a-a1fd-3746c5fa4abd}, !- Source Object
  4,                                      !- Outlet Port
  {2559e67e-e60e-444c-a39c-27ce9b78a530}, !- Target Object
  2;                                      !- Inlet Port

OS:Schedule:Constant,
  {269ffaa2-7fd3-450d-9572-8f15bb909ef6}, !- Handle
  Sequential Fraction Schedule,           !- Name
  {8b28b612-cd64-4214-8d98-f36f80b99a49}, !- Schedule Type Limits Name
  1;                                      !- Value

OS:Schedule:Constant,
  {9ee69c60-a0cb-44da-bbd2-7fcc99f90a04}, !- Handle
  Sequential Fraction Schedule 1,         !- Name
  {8b28b612-cd64-4214-8d98-f36f80b99a49}, !- Schedule Type Limits Name
  1;                                      !- Value

OS:Schedule:File,
  {07d948a9-9862-477f-9ffc-ee7f90aa62af}, !- Handle
  ceiling_fan,                            !- Name
  {8b28b612-cd64-4214-8d98-f36f80b99a49}, !- Schedule Type Limits Name
  {751edda1-ee34-4265-bfc1-2af7ad9fe9f0}, !- External File Name
  8,                                      !- Column Number
  1,                                      !- Rows to Skip at Top
  8760,                                   !- Number of Hours of Data
  ,                                       !- Column Separator
  ,                                       !- Interpolate to Timestep
  15,                                     !- Minutes per Item
  ,                                       !- Adjust Schedule for Daylight Savings
  Yes;                                    !- Translate File With Relative Path

OS:ElectricEquipment:Definition,
  {4dc81e5d-36dc-487c-9378-41d24101e6b4}, !- Handle
  ceiling fan,                            !- Name
  EquipmentLevel,                         !- Design Level Calculation Method
  29.2914967716544,                       !- Design Level {W}
  ,                                       !- Watts per Space Floor Area {W/m2}
  ,                                       !- Watts per Person {W/person}
  0,                                      !- Fraction Latent
  0.558,                                  !- Fraction Radiant
  0;                                      !- Fraction Lost

OS:ElectricEquipment,
  {21d47a97-9042-4935-a5a9-84c6769ba102}, !- Handle
  ceiling fan,                            !- Name
  {4dc81e5d-36dc-487c-9378-41d24101e6b4}, !- Electric Equipment Definition Name
  {b204bd97-7d65-4c4e-91e4-774935512ef2}, !- Space or SpaceType Name
  {07d948a9-9862-477f-9ffc-ee7f90aa62af}, !- Schedule Name
  ,                                       !- Multiplier
  ceiling fan;                            !- End-Use Subcategory

OS:PlantLoop,
  {755fe794-ef4c-4da5-86d2-378643807ce5}, !- Handle
  dhw loop,                               !- Name
  ,                                       !- Fluid Type
  0,                                      !- Glycol Concentration
  ,                                       !- User Defined Fluid Type
  ,                                       !- Plant Equipment Operation Heating Load
  ,                                       !- Plant Equipment Operation Cooling Load
  ,                                       !- Primary Plant Equipment Operation Scheme
  {0b65a64e-957d-444d-a266-3632b1679478}, !- Loop Temperature Setpoint Node Name
  ,                                       !- Maximum Loop Temperature {C}
  ,                                       !- Minimum Loop Temperature {C}
  0.01,                                   !- Maximum Loop Flow Rate {m3/s}
  ,                                       !- Minimum Loop Flow Rate {m3/s}
  0.003,                                  !- Plant Loop Volume {m3}
  {cdea132a-33d2-4960-b17c-f81e02c63212}, !- Plant Side Inlet Node Name
  {efa29aa8-eec9-4703-83e1-06ca243c55cd}, !- Plant Side Outlet Node Name
  ,                                       !- Plant Side Branch List Name
  {3b07292d-e585-494c-b822-5aa2daac490d}, !- Demand Side Inlet Node Name
  {4596a059-cf05-4d6a-b9fb-daeaa06eda1c}, !- Demand Side Outlet Node Name
  ,                                       !- Demand Side Branch List Name
  ,                                       !- Demand Side Connector List Name
  Optimal,                                !- Load Distribution Scheme
  {bd47e84b-013d-44ab-9755-623a2313e02b}, !- Availability Manager List Name
  ,                                       !- Plant Loop Demand Calculation Scheme
  ,                                       !- Common Pipe Simulation
  ,                                       !- Pressure Simulation Type
  ,                                       !- Plant Equipment Operation Heating Load Schedule
  ,                                       !- Plant Equipment Operation Cooling Load Schedule
  ,                                       !- Primary Plant Equipment Operation Scheme Schedule
  ,                                       !- Component Setpoint Operation Scheme Schedule
  {78485562-d9f0-4f70-ab7f-3b9e114b4494}, !- Demand Mixer Name
  {85dca271-75bf-4dc0-8547-df659f82c352}, !- Demand Splitter Name
  {9d725d70-9cd8-4d1a-9c9f-734019dade3f}, !- Supply Mixer Name
  {4996855e-2290-4218-9569-760c53914b2c}; !- Supply Splitter Name

OS:Node,
  {1db89fdf-dce6-41b6-958e-b590c7f87e58}, !- Handle
  Node 11,                                !- Name
  {cdea132a-33d2-4960-b17c-f81e02c63212}, !- Inlet Port
  {9d5f2739-8fbd-46a7-8058-729e7299faf2}; !- Outlet Port

OS:Node,
  {0b65a64e-957d-444d-a266-3632b1679478}, !- Handle
  Node 12,                                !- Name
  {5d702a1c-5099-4466-852d-5fb4d96766a7}, !- Inlet Port
  {efa29aa8-eec9-4703-83e1-06ca243c55cd}; !- Outlet Port

OS:Node,
  {8be01702-ddbf-4404-8822-06ce74686bdd}, !- Handle
  Node 13,                                !- Name
  {3004d62a-3a9b-4d0c-8ce7-9b4f5780fc5c}, !- Inlet Port
  {2ad92a41-a34e-4793-b2b1-53abfe60d7dd}; !- Outlet Port

OS:Connector:Mixer,
  {9d725d70-9cd8-4d1a-9c9f-734019dade3f}, !- Handle
  Connector Mixer 1,                      !- Name
  {0026a4b9-0c77-4e88-8162-90d44ddd874e}, !- Outlet Branch Name
  {aec8987c-8794-4524-be21-20be4fe4e00b}, !- Inlet Branch Name 1
  {5aaae4d3-7166-4299-ac3a-039a424ed83b}; !- Inlet Branch Name 2

OS:Connector:Splitter,
  {4996855e-2290-4218-9569-760c53914b2c}, !- Handle
  Connector Splitter 1,                   !- Name
  {c2b7ee93-fe38-4764-973c-6203f79c721b}, !- Inlet Branch Name
  {3004d62a-3a9b-4d0c-8ce7-9b4f5780fc5c}, !- Outlet Branch Name 1
  {44d8131c-3a8d-4c67-9d90-816699a9aa61}; !- Outlet Branch Name 2

OS:Connection,
  {cdea132a-33d2-4960-b17c-f81e02c63212}, !- Handle
  {755fe794-ef4c-4da5-86d2-378643807ce5}, !- Source Object
  14,                                     !- Outlet Port
  {1db89fdf-dce6-41b6-958e-b590c7f87e58}, !- Target Object
  2;                                      !- Inlet Port

OS:Connection,
  {3004d62a-3a9b-4d0c-8ce7-9b4f5780fc5c}, !- Handle
  {4996855e-2290-4218-9569-760c53914b2c}, !- Source Object
  3,                                      !- Outlet Port
  {8be01702-ddbf-4404-8822-06ce74686bdd}, !- Target Object
  2;                                      !- Inlet Port

OS:Connection,
  {efa29aa8-eec9-4703-83e1-06ca243c55cd}, !- Handle
  {0b65a64e-957d-444d-a266-3632b1679478}, !- Source Object
  3,                                      !- Outlet Port
  {755fe794-ef4c-4da5-86d2-378643807ce5}, !- Target Object
  15;                                     !- Inlet Port

OS:Node,
  {6e315378-dc2a-4c6e-8802-aa13adea17f0}, !- Handle
  Node 14,                                !- Name
  {3b07292d-e585-494c-b822-5aa2daac490d}, !- Inlet Port
  {c3c8e75a-da73-42d0-ba9d-8f92858665d8}; !- Outlet Port

OS:Node,
  {48da8b41-dcf8-4545-9e18-5d8c5b3a728e}, !- Handle
  Node 15,                                !- Name
  {b9ca6ed5-8bcd-4def-9ca5-b63dc92c97fc}, !- Inlet Port
  {4596a059-cf05-4d6a-b9fb-daeaa06eda1c}; !- Outlet Port

OS:Node,
  {8b44f8a2-7707-45a7-a13d-8b5f0ea7a238}, !- Handle
  Node 16,                                !- Name
  {1f069b96-00be-4162-aa61-282c777a37f0}, !- Inlet Port
  {5977c48d-f9a8-4550-a509-d56dfee2ed4c}; !- Outlet Port

OS:Connector:Mixer,
  {78485562-d9f0-4f70-ab7f-3b9e114b4494}, !- Handle
  Connector Mixer 2,                      !- Name
  {b9ca6ed5-8bcd-4def-9ca5-b63dc92c97fc}, !- Outlet Branch Name
  {7367729d-a5c6-4129-b17c-a3f1518b71e0}; !- Inlet Branch Name 1

OS:Connector:Splitter,
  {85dca271-75bf-4dc0-8547-df659f82c352}, !- Handle
  Connector Splitter 2,                   !- Name
  {c3c8e75a-da73-42d0-ba9d-8f92858665d8}, !- Inlet Branch Name
  {1f069b96-00be-4162-aa61-282c777a37f0}; !- Outlet Branch Name 1

OS:Connection,
  {3b07292d-e585-494c-b822-5aa2daac490d}, !- Handle
  {755fe794-ef4c-4da5-86d2-378643807ce5}, !- Source Object
  17,                                     !- Outlet Port
  {6e315378-dc2a-4c6e-8802-aa13adea17f0}, !- Target Object
  2;                                      !- Inlet Port

OS:Connection,
  {c3c8e75a-da73-42d0-ba9d-8f92858665d8}, !- Handle
  {6e315378-dc2a-4c6e-8802-aa13adea17f0}, !- Source Object
  3,                                      !- Outlet Port
  {85dca271-75bf-4dc0-8547-df659f82c352}, !- Target Object
  2;                                      !- Inlet Port

OS:Connection,
  {1f069b96-00be-4162-aa61-282c777a37f0}, !- Handle
  {85dca271-75bf-4dc0-8547-df659f82c352}, !- Source Object
  3,                                      !- Outlet Port
  {8b44f8a2-7707-45a7-a13d-8b5f0ea7a238}, !- Target Object
  2;                                      !- Inlet Port

OS:Connection,
  {b9ca6ed5-8bcd-4def-9ca5-b63dc92c97fc}, !- Handle
  {78485562-d9f0-4f70-ab7f-3b9e114b4494}, !- Source Object
  2,                                      !- Outlet Port
  {48da8b41-dcf8-4545-9e18-5d8c5b3a728e}, !- Target Object
  2;                                      !- Inlet Port

OS:Connection,
  {4596a059-cf05-4d6a-b9fb-daeaa06eda1c}, !- Handle
  {48da8b41-dcf8-4545-9e18-5d8c5b3a728e}, !- Source Object
  3,                                      !- Outlet Port
  {755fe794-ef4c-4da5-86d2-378643807ce5}, !- Target Object
  18;                                     !- Inlet Port

OS:Sizing:Plant,
  {a5d21ae3-88ae-420b-a578-7f2c909f04fd}, !- Handle
  {755fe794-ef4c-4da5-86d2-378643807ce5}, !- Plant or Condenser Loop Name
  Heating,                                !- Loop Type
  52.6666666666667,                       !- Design Loop Exit Temperature {C}
  5.55555555555556,                       !- Loop Design Temperature Difference {deltaC}
  NonCoincident,                          !- Sizing Option
  1,                                      !- Zone Timesteps in Averaging Window
  None;                                   !- Coincident Sizing Factor Mode

OS:AvailabilityManagerAssignmentList,
  {bd47e84b-013d-44ab-9755-623a2313e02b}, !- Handle
  Plant Loop 1 AvailabilityManagerAssignmentList; !- Name

OS:Pipe:Adiabatic,
  {7f5ca144-7375-4221-8124-1bd7c12df6aa}, !- Handle
  Pipe Adiabatic 1,                       !- Name
  {2ad92a41-a34e-4793-b2b1-53abfe60d7dd}, !- Inlet Node Name
  {ccbbfb49-1cf3-4d29-be12-9ff7f2a309f0}; !- Outlet Node Name

OS:Pipe:Adiabatic,
  {ff061ad9-5de8-47d6-bb9b-9b6f58a4a727}, !- Handle
  Pipe Adiabatic 2,                       !- Name
  {52d5956a-e92a-40bb-9dae-a56a15302d56}, !- Inlet Node Name
  {5d702a1c-5099-4466-852d-5fb4d96766a7}; !- Outlet Node Name

OS:Node,
  {3e8b397b-018b-416d-91f4-e0afdd9d1b26}, !- Handle
  Node 17,                                !- Name
  {ccbbfb49-1cf3-4d29-be12-9ff7f2a309f0}, !- Inlet Port
  {aec8987c-8794-4524-be21-20be4fe4e00b}; !- Outlet Port

OS:Connection,
  {2ad92a41-a34e-4793-b2b1-53abfe60d7dd}, !- Handle
  {8be01702-ddbf-4404-8822-06ce74686bdd}, !- Source Object
  3,                                      !- Outlet Port
  {7f5ca144-7375-4221-8124-1bd7c12df6aa}, !- Target Object
  2;                                      !- Inlet Port

OS:Connection,
  {ccbbfb49-1cf3-4d29-be12-9ff7f2a309f0}, !- Handle
  {7f5ca144-7375-4221-8124-1bd7c12df6aa}, !- Source Object
  3,                                      !- Outlet Port
  {3e8b397b-018b-416d-91f4-e0afdd9d1b26}, !- Target Object
  2;                                      !- Inlet Port

OS:Connection,
  {aec8987c-8794-4524-be21-20be4fe4e00b}, !- Handle
  {3e8b397b-018b-416d-91f4-e0afdd9d1b26}, !- Source Object
  3,                                      !- Outlet Port
  {9d725d70-9cd8-4d1a-9c9f-734019dade3f}, !- Target Object
  3;                                      !- Inlet Port

OS:Node,
  {eff8f2cd-b625-4d3d-a3fe-1675f624854b}, !- Handle
  Node 18,                                !- Name
  {0026a4b9-0c77-4e88-8162-90d44ddd874e}, !- Inlet Port
  {52d5956a-e92a-40bb-9dae-a56a15302d56}; !- Outlet Port

OS:Connection,
  {0026a4b9-0c77-4e88-8162-90d44ddd874e}, !- Handle
  {9d725d70-9cd8-4d1a-9c9f-734019dade3f}, !- Source Object
  2,                                      !- Outlet Port
  {eff8f2cd-b625-4d3d-a3fe-1675f624854b}, !- Target Object
  2;                                      !- Inlet Port

OS:Connection,
  {52d5956a-e92a-40bb-9dae-a56a15302d56}, !- Handle
  {eff8f2cd-b625-4d3d-a3fe-1675f624854b}, !- Source Object
  3,                                      !- Outlet Port
  {ff061ad9-5de8-47d6-bb9b-9b6f58a4a727}, !- Target Object
  2;                                      !- Inlet Port

OS:Connection,
  {5d702a1c-5099-4466-852d-5fb4d96766a7}, !- Handle
  {ff061ad9-5de8-47d6-bb9b-9b6f58a4a727}, !- Source Object
  3,                                      !- Outlet Port
  {0b65a64e-957d-444d-a266-3632b1679478}, !- Target Object
  2;                                      !- Inlet Port

OS:Pump:VariableSpeed,
  {c2c63321-258b-4f11-87ac-fd57025f3184}, !- Handle
  Pump Variable Speed 1,                  !- Name
  {9d5f2739-8fbd-46a7-8058-729e7299faf2}, !- Inlet Node Name
  {767adc25-7d9f-48cd-8454-3b2a4612442a}, !- Outlet Node Name
  0.01,                                   !- Rated Flow Rate {m3/s}
  1,                                      !- Rated Pump Head {Pa}
  0,                                      !- Rated Power Consumption {W}
  1,                                      !- Motor Efficiency
  0,                                      !- Fraction of Motor Inefficiencies to Fluid Stream
  0,                                      !- Coefficient 1 of the Part Load Performance Curve
  1,                                      !- Coefficient 2 of the Part Load Performance Curve
  0,                                      !- Coefficient 3 of the Part Load Performance Curve
  0,                                      !- Coefficient 4 of the Part Load Performance Curve
  ,                                       !- Minimum Flow Rate {m3/s}
  Intermittent,                           !- Pump Control Type
  ,                                       !- Pump Flow Rate Schedule Name
  ,                                       !- Pump Curve Name
  ,                                       !- Impeller Diameter {m}
  ,                                       !- VFD Control Type
  ,                                       !- Pump RPM Schedule Name
  ,                                       !- Minimum Pressure Schedule {Pa}
  ,                                       !- Maximum Pressure Schedule {Pa}
  ,                                       !- Minimum RPM Schedule {rev/min}
  ,                                       !- Maximum RPM Schedule {rev/min}
  ,                                       !- Zone Name
  0.5,                                    !- Skin Loss Radiative Fraction
  PowerPerFlowPerPressure,                !- Design Power Sizing Method
  348701.1,                               !- Design Electric Power per Unit Flow Rate {W/(m3/s)}
  1.282051282,                            !- Design Shaft Power per Unit Flow Rate per Unit Head {W-s/m3-Pa}
  0,                                      !- Design Minimum Flow Rate Fraction
  General;                                !- End-Use Subcategory

OS:Node,
  {68d18fe8-3a09-4662-8523-57998904b7a5}, !- Handle
  Node 19,                                !- Name
  {767adc25-7d9f-48cd-8454-3b2a4612442a}, !- Inlet Port
  {c2b7ee93-fe38-4764-973c-6203f79c721b}; !- Outlet Port

OS:Connection,
  {9d5f2739-8fbd-46a7-8058-729e7299faf2}, !- Handle
  {1db89fdf-dce6-41b6-958e-b590c7f87e58}, !- Source Object
  3,                                      !- Outlet Port
  {c2c63321-258b-4f11-87ac-fd57025f3184}, !- Target Object
  2;                                      !- Inlet Port

OS:Connection,
  {767adc25-7d9f-48cd-8454-3b2a4612442a}, !- Handle
  {c2c63321-258b-4f11-87ac-fd57025f3184}, !- Source Object
  3,                                      !- Outlet Port
  {68d18fe8-3a09-4662-8523-57998904b7a5}, !- Target Object
  2;                                      !- Inlet Port

OS:Connection,
  {c2b7ee93-fe38-4764-973c-6203f79c721b}, !- Handle
  {68d18fe8-3a09-4662-8523-57998904b7a5}, !- Source Object
  3,                                      !- Outlet Port
  {4996855e-2290-4218-9569-760c53914b2c}, !- Target Object
  2;                                      !- Inlet Port

OS:Schedule:Constant,
  {d75170de-178c-445e-98d9-f0beafba870b}, !- Handle
  dhw temp,                               !- Name
  {253afd1c-ac24-4a05-8c58-e5855a061bb3}, !- Schedule Type Limits Name
  52.6666666666667;                       !- Value

OS:SetpointManager:Scheduled,
  {d049669f-9543-4220-88f2-724f9f9cf566}, !- Handle
  Setpoint Manager Scheduled 1,           !- Name
  Temperature,                            !- Control Variable
  {d75170de-178c-445e-98d9-f0beafba870b}, !- Schedule Name
  {0b65a64e-957d-444d-a266-3632b1679478}; !- Setpoint Node or NodeList Name

OS:WaterHeater:Mixed,
  {23eb2921-d74b-4c69-ad8a-c3b1635871c9}, !- Handle
  water heater,                           !- Name
  0.102206118167186,                      !- Tank Volume {m3}
  {5d3beaa3-9cad-4a64-80b7-35f80dbe9317}, !- Setpoint Temperature Schedule Name
  2,                                      !- Deadband Temperature Difference {deltaC}
  99,                                     !- Maximum Temperature Limit {C}
  Cycle,                                  !- Heater Control Type
  3499.85471999668,                       !- Heater Maximum Capacity {W}
  0,                                      !- Heater Minimum Capacity {W}
  ,                                       !- Heater Ignition Minimum Flow Rate {m3/s}
  ,                                       !- Heater Ignition Delay {s}
  Electricity,                            !- Heater Fuel Type
  1,                                      !- Heater Thermal Efficiency
  ,                                       !- Part Load Factor Curve Name
  0,                                      !- Off Cycle Parasitic Fuel Consumption Rate {W}
  Electricity,                            !- Off Cycle Parasitic Fuel Type
  0,                                      !- Off Cycle Parasitic Heat Fraction to Tank
  0,                                      !- On Cycle Parasitic Fuel Consumption Rate {W}
  Electricity,                            !- On Cycle Parasitic Fuel Type
  0,                                      !- On Cycle Parasitic Heat Fraction to Tank
  ThermalZone,                            !- Ambient Temperature Indicator
  ,                                       !- Ambient Temperature Schedule Name
  {f3151d8b-9ec5-4e23-8962-0a95f5d5789e}, !- Ambient Temperature Thermal Zone Name
  ,                                       !- Ambient Temperature Outdoor Air Node Name
  1.16350637011013,                       !- Off Cycle Loss Coefficient to Ambient Temperature {W/K}
  1,                                      !- Off Cycle Loss Fraction to Thermal Zone
  1.16350637011013,                       !- On Cycle Loss Coefficient to Ambient Temperature {W/K}
  1,                                      !- On Cycle Loss Fraction to Thermal Zone
  ,                                       !- Peak Use Flow Rate {m3/s}
  ,                                       !- Use Flow Rate Fraction Schedule Name
  ,                                       !- Cold Water Supply Temperature Schedule Name
  {9d380ba4-b124-469f-955c-6b761112b759}, !- Use Side Inlet Node Name
  {e06ae63f-b77b-48a1-aaec-8f8584c7f8c1}, !- Use Side Outlet Node Name
  1,                                      !- Use Side Effectiveness
  ,                                       !- Source Side Inlet Node Name
  ,                                       !- Source Side Outlet Node Name
  1,                                      !- Source Side Effectiveness
  autosize,                               !- Use Side Design Flow Rate {m3/s}
  autosize,                               !- Source Side Design Flow Rate {m3/s}
  1.5,                                    !- Indirect Water Heating Recovery Time {hr}
  IndirectHeatPrimarySetpoint,            !- Source Side Flow Control Mode
  ,                                       !- Indirect Alternate Setpoint Temperature Schedule Name
  General;                                !- End-Use Subcategory

OS:WaterHeater:Sizing,
  {25fef0b6-b0dc-4ad4-bb95-a8066342448a}, !- Handle
  {23eb2921-d74b-4c69-ad8a-c3b1635871c9}, !- WaterHeater Name
  PeakDraw,                               !- Design Mode
  0.538503,                               !- Time Storage Can Meet Peak Draw {hr}
  0,                                      !- Time for Tank Recovery {hr}
  1;                                      !- Nominal Tank Volume for Autosizing Plant Connections {m3}

OS:Schedule:Constant,
  {5d3beaa3-9cad-4a64-80b7-35f80dbe9317}, !- Handle
  water heater setpoint,                  !- Name
  {253afd1c-ac24-4a05-8c58-e5855a061bb3}, !- Schedule Type Limits Name
  52.6666666666667;                       !- Value

OS:AdditionalProperties,
  {ea21071e-31b2-44bc-a607-ee1f3e2e2695}, !- Handle
  {23eb2921-d74b-4c69-ad8a-c3b1635871c9}, !- Object Name
  HPXML_ID,                               !- Feature Name 1
  String,                                 !- Feature Data Type 1
  WaterHeatingSystem1;                    !- Feature Value 1

OS:Node,
  {f882603d-773a-4e00-b7d9-f50ea4d0570d}, !- Handle
  Node 20,                                !- Name
  {44d8131c-3a8d-4c67-9d90-816699a9aa61}, !- Inlet Port
  {9d380ba4-b124-469f-955c-6b761112b759}; !- Outlet Port

OS:Connection,
  {44d8131c-3a8d-4c67-9d90-816699a9aa61}, !- Handle
  {4996855e-2290-4218-9569-760c53914b2c}, !- Source Object
  4,                                      !- Outlet Port
  {f882603d-773a-4e00-b7d9-f50ea4d0570d}, !- Target Object
  2;                                      !- Inlet Port

OS:Node,
  {3e35d734-7309-43c8-b8a6-814d4c75af5d}, !- Handle
  Node 21,                                !- Name
  {e06ae63f-b77b-48a1-aaec-8f8584c7f8c1}, !- Inlet Port
  {5aaae4d3-7166-4299-ac3a-039a424ed83b}; !- Outlet Port

OS:Connection,
  {9d380ba4-b124-469f-955c-6b761112b759}, !- Handle
  {f882603d-773a-4e00-b7d9-f50ea4d0570d}, !- Source Object
  3,                                      !- Outlet Port
  {23eb2921-d74b-4c69-ad8a-c3b1635871c9}, !- Target Object
  31;                                     !- Inlet Port

OS:Connection,
  {e06ae63f-b77b-48a1-aaec-8f8584c7f8c1}, !- Handle
  {23eb2921-d74b-4c69-ad8a-c3b1635871c9}, !- Source Object
  32,                                     !- Outlet Port
  {3e35d734-7309-43c8-b8a6-814d4c75af5d}, !- Target Object
  2;                                      !- Inlet Port

OS:Connection,
  {5aaae4d3-7166-4299-ac3a-039a424ed83b}, !- Handle
  {3e35d734-7309-43c8-b8a6-814d4c75af5d}, !- Source Object
  3,                                      !- Outlet Port
  {9d725d70-9cd8-4d1a-9c9f-734019dade3f}, !- Target Object
  4;                                      !- Inlet Port

OS:OtherEquipment:Definition,
  {f9365003-b794-49c2-938b-e2338bc78288}, !- Handle
  water heater energy adjustment1,        !- Name
  EquipmentLevel,                         !- Design Level Calculation Method
  0.01,                                   !- Design Level {W}
  ,                                       !- Watts per Space Floor Area {W/m2}
  ,                                       !- Watts per Person {W/Person}
  0,                                      !- Fraction Latent
  0,                                      !- Fraction Radiant
  1;                                      !- Fraction Lost

OS:OtherEquipment,
  {f6e8c649-a6a8-46a2-88fa-6252bf3871f8}, !- Handle
  water heater energy adjustment1,        !- Name
  {f9365003-b794-49c2-938b-e2338bc78288}, !- Other Equipment Definition Name
  {b204bd97-7d65-4c4e-91e4-774935512ef2}, !- Space or SpaceType Name
  {3bd16469-fc69-4b61-9bd2-fa6a41ea70e0}, !- Schedule Name
  ,                                       !- Multiplier
  Electricity,                            !- Fuel Type
  water heater energy adjustment1;        !- End-Use Subcategory

OS:AdditionalProperties,
  {ea36fb2d-214d-41de-9bca-940594a8ad94}, !- Handle
  {f6e8c649-a6a8-46a2-88fa-6252bf3871f8}, !- Object Name
  HPXML_ID,                               !- Feature Name 1
  String,                                 !- Feature Data Type 1
  WaterHeatingSystem1;                    !- Feature Value 1

OS:EnergyManagementSystem:Sensor,
  {12b51d6c-51d4-4beb-a227-d3f9c1cdb7cc}, !- Handle
  water_heater_energy,                    !- Name
  water heater,                           !- Output Variable or Output Meter Index Key Name
  Water Heater Electricity Rate;          !- Output Variable or Output Meter Name

OS:EnergyManagementSystem:Sensor,
  {3c292907-daaa-4269-83e6-60e74ce5485b}, !- Handle
  water_heater_on_cycle_parasitic,        !- Name
  water heater,                           !- Output Variable or Output Meter Index Key Name
  Water Heater On Cycle Parasitic Electricity Rate; !- Output Variable or Output Meter Name

OS:EnergyManagementSystem:Sensor,
  {8f1972f7-ac33-44e0-9458-4ffef0955eef}, !- Handle
  water_heater_off_cycle_parasitic,       !- Name
  water heater,                           !- Output Variable or Output Meter Index Key Name
  Water Heater Off Cycle Parasitic Electricity Rate; !- Output Variable or Output Meter Name

OS:EnergyManagementSystem:Actuator,
  {74baaca8-4ccf-4548-960b-757318900021}, !- Handle
  water_heater_ec_adj_act,                !- Name
  {f6e8c649-a6a8-46a2-88fa-6252bf3871f8}, !- Actuated Component Name
  OtherEquipment,                         !- Actuated Component Type
  Power Level,                            !- Actuated Component Control Type
  {b204bd97-7d65-4c4e-91e4-774935512ef2}; !- Zone or Space Name

OS:EnergyManagementSystem:Program,
  {8346a119-cb1a-4074-9c89-d940cfd22941}, !- Handle
  water_heater_EC_adj,                    !- Name
  Set dhw_e_cons = water_heater_energy + water_heater_on_cycle_parasitic + water_heater_off_cycle_parasitic, !- Program Line 1
  Set water_heater_ec_adj_act = 0.0 * dhw_e_cons / 1; !- Program Line 2

OS:EnergyManagementSystem:ProgramCallingManager,
  {5337cd45-c261-49f9-a78d-228198e40aa3}, !- Handle
  water heater EC_adj ProgramManager,     !- Name
  EndOfSystemTimestepBeforeHVACReporting, !- EnergyPlus Model Calling Point
  {8346a119-cb1a-4074-9c89-d940cfd22941}; !- Program Name 1

OS:WaterUse:Connections,
  {97c98bb8-7cf7-44d5-bc2f-db066b2eb4de}, !- Handle
  Water Use Connections 1,                !- Name
  {5977c48d-f9a8-4550-a509-d56dfee2ed4c}, !- Inlet Node Name
  {f6ad9d5f-6c73-49f4-ac7a-2f41d070502d}, !- Outlet Node Name
  ,                                       !- Supply Water Storage Tank Name
  ,                                       !- Reclamation Water Storage Tank Name
  ,                                       !- Hot Water Supply Temperature Schedule Name
  ,                                       !- Cold Water Supply Temperature Schedule Name
  None,                                   !- Drain Water Heat Exchanger Type
  Plant,                                  !- Drain Water Heat Exchanger Destination
  ,                                       !- Drain Water Heat Exchanger U-Factor Times Area {W/K}
  {4f56e633-4dab-408d-97c9-3a112560b52b}, !- Water Use Equipment Name 1
  {da121f45-9a6f-484c-bd1d-8dfe22e3f3de}, !- Water Use Equipment Name 2
  {649ed9d5-3460-47b9-9f9a-9e57313c88d0}, !- Water Use Equipment Name 3
  {b422bcfe-65b2-4418-ad4f-cbefac877654}; !- Water Use Equipment Name 4

OS:AdditionalProperties,
  {1fd425b0-7a18-426c-85bf-5d3764872928}, !- Handle
  {97c98bb8-7cf7-44d5-bc2f-db066b2eb4de}, !- Object Name
  HPXML_ID,                               !- Feature Name 1
  String,                                 !- Feature Data Type 1
  WaterHeatingSystem1;                    !- Feature Value 1

OS:Node,
  {8151adbf-d326-4a89-b527-9385b722f793}, !- Handle
  Node 22,                                !- Name
  {f6ad9d5f-6c73-49f4-ac7a-2f41d070502d}, !- Inlet Port
  {7367729d-a5c6-4129-b17c-a3f1518b71e0}; !- Outlet Port

OS:Connection,
  {5977c48d-f9a8-4550-a509-d56dfee2ed4c}, !- Handle
  {8b44f8a2-7707-45a7-a13d-8b5f0ea7a238}, !- Source Object
  3,                                      !- Outlet Port
  {97c98bb8-7cf7-44d5-bc2f-db066b2eb4de}, !- Target Object
  2;                                      !- Inlet Port

OS:Connection,
  {f6ad9d5f-6c73-49f4-ac7a-2f41d070502d}, !- Handle
  {97c98bb8-7cf7-44d5-bc2f-db066b2eb4de}, !- Source Object
  3,                                      !- Outlet Port
  {8151adbf-d326-4a89-b527-9385b722f793}, !- Target Object
  2;                                      !- Inlet Port

OS:Connection,
  {7367729d-a5c6-4129-b17c-a3f1518b71e0}, !- Handle
  {8151adbf-d326-4a89-b527-9385b722f793}, !- Source Object
  3,                                      !- Outlet Port
  {78485562-d9f0-4f70-ab7f-3b9e114b4494}, !- Target Object
  3;                                      !- Inlet Port

OS:Schedule:File,
  {5d79078a-dbd4-4b9e-92b4-e7765a607d31}, !- Handle
  clothes_washer,                         !- Name
  {8b28b612-cd64-4214-8d98-f36f80b99a49}, !- Schedule Type Limits Name
  {751edda1-ee34-4265-bfc1-2af7ad9fe9f0}, !- External File Name
  6,                                      !- Column Number
  1,                                      !- Rows to Skip at Top
  8760,                                   !- Number of Hours of Data
  ,                                       !- Column Separator
  ,                                       !- Interpolate to Timestep
  15,                                     !- Minutes per Item
  ,                                       !- Adjust Schedule for Daylight Savings
  Yes;                                    !- Translate File With Relative Path

OS:ElectricEquipment:Definition,
  {fa28ebe7-abed-4d93-b504-2f58c0c6fc8d}, !- Handle
  clothes washer,                         !- Name
  EquipmentLevel,                         !- Design Level Calculation Method
  152.673245364318,                       !- Design Level {W}
  ,                                       !- Watts per Space Floor Area {W/m2}
  ,                                       !- Watts per Person {W/person}
  0.03,                                   !- Fraction Latent
  0.162,                                  !- Fraction Radiant
  0.7;                                    !- Fraction Lost

OS:ElectricEquipment,
  {a787606b-990d-404d-b508-1cb1c206fbe2}, !- Handle
  clothes washer,                         !- Name
  {fa28ebe7-abed-4d93-b504-2f58c0c6fc8d}, !- Electric Equipment Definition Name
  {b204bd97-7d65-4c4e-91e4-774935512ef2}, !- Space or SpaceType Name
  {5d79078a-dbd4-4b9e-92b4-e7765a607d31}, !- Schedule Name
  ,                                       !- Multiplier
  clothes washer;                         !- End-Use Subcategory

OS:Schedule:File,
  {c48192e2-3bcb-4177-8610-ce8617db9f10}, !- Handle
  clothes_dryer,                          !- Name
  {8b28b612-cd64-4214-8d98-f36f80b99a49}, !- Schedule Type Limits Name
  {751edda1-ee34-4265-bfc1-2af7ad9fe9f0}, !- External File Name
  7,                                      !- Column Number
  1,                                      !- Rows to Skip at Top
  8760,                                   !- Number of Hours of Data
  ,                                       !- Column Separator
  ,                                       !- Interpolate to Timestep
  15,                                     !- Minutes per Item
  ,                                       !- Adjust Schedule for Daylight Savings
  Yes;                                    !- Translate File With Relative Path

OS:ElectricEquipment:Definition,
  {e8d9bf2b-6ac9-452b-a6a3-1b96c558c0d8}, !- Handle
  clothes dryer,                          !- Name
  EquipmentLevel,                         !- Design Level Calculation Method
  7042.46922761189,                       !- Design Level {W}
  ,                                       !- Watts per Space Floor Area {W/m2}
  ,                                       !- Watts per Person {W/person}
  0.015,                                  !- Fraction Latent
  0.081,                                  !- Fraction Radiant
  0.85;                                   !- Fraction Lost

OS:ElectricEquipment,
  {a7ee6fa6-1e94-4916-baa7-50589b24d8a6}, !- Handle
  clothes dryer,                          !- Name
  {e8d9bf2b-6ac9-452b-a6a3-1b96c558c0d8}, !- Electric Equipment Definition Name
  {b204bd97-7d65-4c4e-91e4-774935512ef2}, !- Space or SpaceType Name
  {c48192e2-3bcb-4177-8610-ce8617db9f10}, !- Schedule Name
  ,                                       !- Multiplier
  clothes dryer;                          !- End-Use Subcategory

OS:Schedule:File,
  {bcbb6164-bd44-4b4d-8700-734e709e8f59}, !- Handle
  dishwasher,                             !- Name
  {8b28b612-cd64-4214-8d98-f36f80b99a49}, !- Schedule Type Limits Name
  {751edda1-ee34-4265-bfc1-2af7ad9fe9f0}, !- External File Name
  5,                                      !- Column Number
  1,                                      !- Rows to Skip at Top
  8760,                                   !- Number of Hours of Data
  ,                                       !- Column Separator
  ,                                       !- Interpolate to Timestep
  15,                                     !- Minutes per Item
  ,                                       !- Adjust Schedule for Daylight Savings
  Yes;                                    !- Translate File With Relative Path

OS:ElectricEquipment:Definition,
  {96c83fb6-fe51-4696-848e-c375bd26edcd}, !- Handle
  dishwasher,                             !- Name
  EquipmentLevel,                         !- Design Level Calculation Method
  764.498436795741,                       !- Design Level {W}
  ,                                       !- Watts per Space Floor Area {W/m2}
  ,                                       !- Watts per Person {W/person}
  0.3,                                    !- Fraction Latent
  0.18,                                   !- Fraction Radiant
  0.4;                                    !- Fraction Lost

OS:ElectricEquipment,
  {aacc678e-0d44-48bf-99aa-665efab401c4}, !- Handle
  dishwasher,                             !- Name
  {96c83fb6-fe51-4696-848e-c375bd26edcd}, !- Electric Equipment Definition Name
  {b204bd97-7d65-4c4e-91e4-774935512ef2}, !- Space or SpaceType Name
  {bcbb6164-bd44-4b4d-8700-734e709e8f59}, !- Schedule Name
  ,                                       !- Multiplier
  dishwasher;                             !- End-Use Subcategory

OS:Schedule:Ruleset,
  {7fc58329-d76e-4118-b3c6-d083a0dff052}, !- Handle
  fridge schedule,                        !- Name
  {8b28b612-cd64-4214-8d98-f36f80b99a49}, !- Schedule Type Limits Name
  {64cc970e-b00d-4ea0-b90a-690da23b6aa5}; !- Default Day Schedule Name

OS:Schedule:Day,
  {64cc970e-b00d-4ea0-b90a-690da23b6aa5}, !- Handle
  fridge schedule default day,            !- Name
  {8b28b612-cd64-4214-8d98-f36f80b99a49}, !- Schedule Type Limits Name
  ,                                       !- Interpolate to Timestep
  24,                                     !- Hour 1
  0,                                      !- Minute 1
  0;                                      !- Value Until Time 1

OS:Schedule:Rule,
  {53c65d3d-cce2-4247-bdf3-1f31ec928aad}, !- Handle
  fridge schedule allday ruleset1,        !- Name
  {7fc58329-d76e-4118-b3c6-d083a0dff052}, !- Schedule Ruleset Name
  6,                                      !- Rule Order
  {53a222ba-81d6-4e35-b874-9577482f3a0f}, !- Day Schedule Name
  Yes,                                    !- Apply Sunday
  Yes,                                    !- Apply Monday
  Yes,                                    !- Apply Tuesday
  Yes,                                    !- Apply Wednesday
  Yes,                                    !- Apply Thursday
  Yes,                                    !- Apply Friday
  Yes,                                    !- Apply Saturday
  DateRange,                              !- Date Specification Type
  1,                                      !- Start Month
  1,                                      !- Start Day
  1,                                      !- End Month
  31;                                     !- End Day

OS:Schedule:Day,
  {53a222ba-81d6-4e35-b874-9577482f3a0f}, !- Handle
  fridge schedule allday1,                !- Name
  {8b28b612-cd64-4214-8d98-f36f80b99a49}, !- Schedule Type Limits Name
  ,                                       !- Interpolate to Timestep
  1,                                      !- Hour 1
  0,                                      !- Minute 1
  0.610948905109489,                      !- Value Until Time 1
  2,                                      !- Hour 2
  0,                                      !- Minute 2
  0.595675182481752,                      !- Value Until Time 2
  3,                                      !- Hour 3
  0,                                      !- Minute 3
  0.580401459854014,                      !- Value Until Time 3
  4,                                      !- Hour 4
  0,                                      !- Minute 4
  0.565127737226277,                      !- Value Until Time 4
  6,                                      !- Hour 5
  0,                                      !- Minute 5
  0.54985401459854,                       !- Value Until Time 5
  7,                                      !- Hour 6
  0,                                      !- Minute 6
  0.580401459854014,                      !- Value Until Time 6
  8,                                      !- Hour 7
  0,                                      !- Minute 7
  0.610948905109489,                      !- Value Until Time 7
  10,                                     !- Hour 8
  0,                                      !- Minute 8
  0.626222627737226,                      !- Value Until Time 8
  12,                                     !- Hour 9
  0,                                      !- Minute 9
  0.610948905109489,                      !- Value Until Time 9
  15,                                     !- Hour 10
  0,                                      !- Minute 10
  0.641496350364963,                      !- Value Until Time 10
  16,                                     !- Hour 11
  0,                                      !- Minute 11
  0.626222627737226,                      !- Value Until Time 11
  17,                                     !- Hour 12
  0,                                      !- Minute 12
  0.672043795620438,                      !- Value Until Time 12
  18,                                     !- Hour 13
  0,                                      !- Minute 13
  0.733138686131387,                      !- Value Until Time 13
  19,                                     !- Hour 14
  0,                                      !- Minute 14
  0.763686131386861,                      !- Value Until Time 14
  20,                                     !- Hour 15
  0,                                      !- Minute 15
  0.733138686131387,                      !- Value Until Time 15
  21,                                     !- Hour 16
  0,                                      !- Minute 16
  0.717864963503649,                      !- Value Until Time 16
  22,                                     !- Hour 17
  0,                                      !- Minute 17
  0.702591240875912,                      !- Value Until Time 17
  23,                                     !- Hour 18
  0,                                      !- Minute 18
  0.672043795620438,                      !- Value Until Time 18
  24,                                     !- Hour 19
  0,                                      !- Minute 19
  0.626222627737226;                      !- Value Until Time 19

OS:Schedule:Rule,
  {3c92b2ab-e501-4daf-b15d-4387ee59718b}, !- Handle
  fridge schedule allday ruleset2,        !- Name
  {7fc58329-d76e-4118-b3c6-d083a0dff052}, !- Schedule Ruleset Name
  5,                                      !- Rule Order
  {32f40f31-56ba-4ef9-9c85-277144d00a8d}, !- Day Schedule Name
  Yes,                                    !- Apply Sunday
  Yes,                                    !- Apply Monday
  Yes,                                    !- Apply Tuesday
  Yes,                                    !- Apply Wednesday
  Yes,                                    !- Apply Thursday
  Yes,                                    !- Apply Friday
  Yes,                                    !- Apply Saturday
  DateRange,                              !- Date Specification Type
  2,                                      !- Start Month
  1,                                      !- Start Day
  2,                                      !- End Month
  28;                                     !- End Day

OS:Schedule:Day,
  {32f40f31-56ba-4ef9-9c85-277144d00a8d}, !- Handle
  fridge schedule allday2,                !- Name
  {8b28b612-cd64-4214-8d98-f36f80b99a49}, !- Schedule Type Limits Name
  ,                                       !- Interpolate to Timestep
  1,                                      !- Hour 1
  0,                                      !- Minute 1
  0.60948905109489,                       !- Value Until Time 1
  2,                                      !- Hour 2
  0,                                      !- Minute 2
  0.594251824817518,                      !- Value Until Time 2
  3,                                      !- Hour 3
  0,                                      !- Minute 3
  0.579014598540146,                      !- Value Until Time 3
  4,                                      !- Hour 4
  0,                                      !- Minute 4
  0.563777372262774,                      !- Value Until Time 4
  6,                                      !- Hour 5
  0,                                      !- Minute 5
  0.548540145985401,                      !- Value Until Time 5
  7,                                      !- Hour 6
  0,                                      !- Minute 6
  0.579014598540146,                      !- Value Until Time 6
  8,                                      !- Hour 7
  0,                                      !- Minute 7
  0.60948905109489,                       !- Value Until Time 7
  10,                                     !- Hour 8
  0,                                      !- Minute 8
  0.624726277372263,                      !- Value Until Time 8
  12,                                     !- Hour 9
  0,                                      !- Minute 9
  0.60948905109489,                       !- Value Until Time 9
  15,                                     !- Hour 10
  0,                                      !- Minute 10
  0.639963503649635,                      !- Value Until Time 10
  16,                                     !- Hour 11
  0,                                      !- Minute 11
  0.624726277372263,                      !- Value Until Time 11
  17,                                     !- Hour 12
  0,                                      !- Minute 12
  0.670437956204379,                      !- Value Until Time 12
  18,                                     !- Hour 13
  0,                                      !- Minute 13
  0.731386861313868,                      !- Value Until Time 13
  19,                                     !- Hour 14
  0,                                      !- Minute 14
  0.761861313868613,                      !- Value Until Time 14
  20,                                     !- Hour 15
  0,                                      !- Minute 15
  0.731386861313868,                      !- Value Until Time 15
  21,                                     !- Hour 16
  0,                                      !- Minute 16
  0.716149635036496,                      !- Value Until Time 16
  22,                                     !- Hour 17
  0,                                      !- Minute 17
  0.700912408759124,                      !- Value Until Time 17
  23,                                     !- Hour 18
  0,                                      !- Minute 18
  0.670437956204379,                      !- Value Until Time 18
  24,                                     !- Hour 19
  0,                                      !- Minute 19
  0.624726277372263;                      !- Value Until Time 19

OS:Schedule:Rule,
  {39aef3bf-fe15-4bf0-9e53-f5a092dcf9e3}, !- Handle
  fridge schedule allday ruleset3,        !- Name
  {7fc58329-d76e-4118-b3c6-d083a0dff052}, !- Schedule Ruleset Name
  4,                                      !- Rule Order
  {39b6646f-137c-4325-a48b-2c89eb2c7447}, !- Day Schedule Name
  Yes,                                    !- Apply Sunday
  Yes,                                    !- Apply Monday
  Yes,                                    !- Apply Tuesday
  Yes,                                    !- Apply Wednesday
  Yes,                                    !- Apply Thursday
  Yes,                                    !- Apply Friday
  Yes,                                    !- Apply Saturday
  DateRange,                              !- Date Specification Type
  3,                                      !- Start Month
  1,                                      !- Start Day
  5,                                      !- End Month
  31;                                     !- End Day

OS:Schedule:Day,
  {39b6646f-137c-4325-a48b-2c89eb2c7447}, !- Handle
  fridge schedule allday3,                !- Name
  {8b28b612-cd64-4214-8d98-f36f80b99a49}, !- Schedule Type Limits Name
  ,                                       !- Interpolate to Timestep
  1,                                      !- Hour 1
  0,                                      !- Minute 1
  0.791240875912409,                      !- Value Until Time 1
  2,                                      !- Hour 2
  0,                                      !- Minute 2
  0.771459854014598,                      !- Value Until Time 2
  3,                                      !- Hour 3
  0,                                      !- Minute 3
  0.751678832116788,                      !- Value Until Time 3
  4,                                      !- Hour 4
  0,                                      !- Minute 4
  0.731897810218978,                      !- Value Until Time 4
  6,                                      !- Hour 5
  0,                                      !- Minute 5
  0.712116788321168,                      !- Value Until Time 5
  7,                                      !- Hour 6
  0,                                      !- Minute 6
  0.751678832116788,                      !- Value Until Time 6
  8,                                      !- Hour 7
  0,                                      !- Minute 7
  0.791240875912409,                      !- Value Until Time 7
  10,                                     !- Hour 8
  0,                                      !- Minute 8
  0.811021897810219,                      !- Value Until Time 8
  12,                                     !- Hour 9
  0,                                      !- Minute 9
  0.791240875912409,                      !- Value Until Time 9
  15,                                     !- Hour 10
  0,                                      !- Minute 10
  0.830802919708029,                      !- Value Until Time 10
  16,                                     !- Hour 11
  0,                                      !- Minute 11
  0.811021897810219,                      !- Value Until Time 11
  17,                                     !- Hour 12
  0,                                      !- Minute 12
  0.87036496350365,                       !- Value Until Time 12
  18,                                     !- Hour 13
  0,                                      !- Minute 13
  0.949489051094891,                      !- Value Until Time 13
  19,                                     !- Hour 14
  0,                                      !- Minute 14
  0.989051094890511,                      !- Value Until Time 14
  20,                                     !- Hour 15
  0,                                      !- Minute 15
  0.949489051094891,                      !- Value Until Time 15
  21,                                     !- Hour 16
  0,                                      !- Minute 16
  0.92970802919708,                       !- Value Until Time 16
  22,                                     !- Hour 17
  0,                                      !- Minute 17
  0.90992700729927,                       !- Value Until Time 17
  23,                                     !- Hour 18
  0,                                      !- Minute 18
  0.87036496350365,                       !- Value Until Time 18
  24,                                     !- Hour 19
  0,                                      !- Minute 19
  0.811021897810219;                      !- Value Until Time 19

OS:Schedule:Rule,
  {be499c6e-3b17-4fc9-b90e-2044259a494f}, !- Handle
  fridge schedule allday ruleset6,        !- Name
  {7fc58329-d76e-4118-b3c6-d083a0dff052}, !- Schedule Ruleset Name
  3,                                      !- Rule Order
  {6527bd32-0313-4028-bdf7-17678ea473ff}, !- Day Schedule Name
  Yes,                                    !- Apply Sunday
  Yes,                                    !- Apply Monday
  Yes,                                    !- Apply Tuesday
  Yes,                                    !- Apply Wednesday
  Yes,                                    !- Apply Thursday
  Yes,                                    !- Apply Friday
  Yes,                                    !- Apply Saturday
  DateRange,                              !- Date Specification Type
  6,                                      !- Start Month
  1,                                      !- Start Day
  9,                                      !- End Month
  30;                                     !- End Day

OS:Schedule:Day,
  {6527bd32-0313-4028-bdf7-17678ea473ff}, !- Handle
  fridge schedule allday6,                !- Name
  {8b28b612-cd64-4214-8d98-f36f80b99a49}, !- Schedule Type Limits Name
  ,                                       !- Interpolate to Timestep
  1,                                      !- Hour 1
  0,                                      !- Minute 1
  0.8,                                    !- Value Until Time 1
  2,                                      !- Hour 2
  0,                                      !- Minute 2
  0.78,                                   !- Value Until Time 2
  3,                                      !- Hour 3
  0,                                      !- Minute 3
  0.76,                                   !- Value Until Time 3
  4,                                      !- Hour 4
  0,                                      !- Minute 4
  0.74,                                   !- Value Until Time 4
  6,                                      !- Hour 5
  0,                                      !- Minute 5
  0.72,                                   !- Value Until Time 5
  7,                                      !- Hour 6
  0,                                      !- Minute 6
  0.76,                                   !- Value Until Time 6
  8,                                      !- Hour 7
  0,                                      !- Minute 7
  0.8,                                    !- Value Until Time 7
  10,                                     !- Hour 8
  0,                                      !- Minute 8
  0.82,                                   !- Value Until Time 8
  12,                                     !- Hour 9
  0,                                      !- Minute 9
  0.8,                                    !- Value Until Time 9
  15,                                     !- Hour 10
  0,                                      !- Minute 10
  0.84,                                   !- Value Until Time 10
  16,                                     !- Hour 11
  0,                                      !- Minute 11
  0.82,                                   !- Value Until Time 11
  17,                                     !- Hour 12
  0,                                      !- Minute 12
  0.88,                                   !- Value Until Time 12
  18,                                     !- Hour 13
  0,                                      !- Minute 13
  0.96,                                   !- Value Until Time 13
  19,                                     !- Hour 14
  0,                                      !- Minute 14
  1,                                      !- Value Until Time 14
  20,                                     !- Hour 15
  0,                                      !- Minute 15
  0.96,                                   !- Value Until Time 15
  21,                                     !- Hour 16
  0,                                      !- Minute 16
  0.94,                                   !- Value Until Time 16
  22,                                     !- Hour 17
  0,                                      !- Minute 17
  0.92,                                   !- Value Until Time 17
  23,                                     !- Hour 18
  0,                                      !- Minute 18
  0.88,                                   !- Value Until Time 18
  24,                                     !- Hour 19
  0,                                      !- Minute 19
  0.82;                                   !- Value Until Time 19

OS:Schedule:Rule,
  {3f88d32a-7a94-426d-88d6-ec9c0676aaf1}, !- Handle
  fridge schedule allday ruleset10,       !- Name
  {7fc58329-d76e-4118-b3c6-d083a0dff052}, !- Schedule Ruleset Name
  2,                                      !- Rule Order
  {524eb8b0-271a-43c9-8bc8-cf836d12f2ad}, !- Day Schedule Name
  Yes,                                    !- Apply Sunday
  Yes,                                    !- Apply Monday
  Yes,                                    !- Apply Tuesday
  Yes,                                    !- Apply Wednesday
  Yes,                                    !- Apply Thursday
  Yes,                                    !- Apply Friday
  Yes,                                    !- Apply Saturday
  DateRange,                              !- Date Specification Type
  10,                                     !- Start Month
  1,                                      !- Start Day
  10,                                     !- End Month
  31;                                     !- End Day

OS:Schedule:Day,
  {524eb8b0-271a-43c9-8bc8-cf836d12f2ad}, !- Handle
  fridge schedule allday10,               !- Name
  {8b28b612-cd64-4214-8d98-f36f80b99a49}, !- Schedule Type Limits Name
  ,                                       !- Interpolate to Timestep
  1,                                      !- Hour 1
  0,                                      !- Minute 1
  0.67956204379562,                       !- Value Until Time 1
  2,                                      !- Hour 2
  0,                                      !- Minute 2
  0.66257299270073,                       !- Value Until Time 2
  3,                                      !- Hour 3
  0,                                      !- Minute 3
  0.645583941605839,                      !- Value Until Time 3
  4,                                      !- Hour 4
  0,                                      !- Minute 4
  0.628594890510949,                      !- Value Until Time 4
  6,                                      !- Hour 5
  0,                                      !- Minute 5
  0.611605839416058,                      !- Value Until Time 5
  7,                                      !- Hour 6
  0,                                      !- Minute 6
  0.645583941605839,                      !- Value Until Time 6
  8,                                      !- Hour 7
  0,                                      !- Minute 7
  0.67956204379562,                       !- Value Until Time 7
  10,                                     !- Hour 8
  0,                                      !- Minute 8
  0.696551094890511,                      !- Value Until Time 8
  12,                                     !- Hour 9
  0,                                      !- Minute 9
  0.67956204379562,                       !- Value Until Time 9
  15,                                     !- Hour 10
  0,                                      !- Minute 10
  0.713540145985401,                      !- Value Until Time 10
  16,                                     !- Hour 11
  0,                                      !- Minute 11
  0.696551094890511,                      !- Value Until Time 11
  17,                                     !- Hour 12
  0,                                      !- Minute 12
  0.747518248175182,                      !- Value Until Time 12
  18,                                     !- Hour 13
  0,                                      !- Minute 13
  0.815474452554744,                      !- Value Until Time 13
  19,                                     !- Hour 14
  0,                                      !- Minute 14
  0.849452554744526,                      !- Value Until Time 14
  20,                                     !- Hour 15
  0,                                      !- Minute 15
  0.815474452554744,                      !- Value Until Time 15
  21,                                     !- Hour 16
  0,                                      !- Minute 16
  0.798485401459854,                      !- Value Until Time 16
  22,                                     !- Hour 17
  0,                                      !- Minute 17
  0.781496350364963,                      !- Value Until Time 17
  23,                                     !- Hour 18
  0,                                      !- Minute 18
  0.747518248175182,                      !- Value Until Time 18
  24,                                     !- Hour 19
  0,                                      !- Minute 19
  0.696551094890511;                      !- Value Until Time 19

OS:Schedule:Rule,
  {cfd89a40-7661-4599-b0fd-e80988d68336}, !- Handle
  fridge schedule allday ruleset11,       !- Name
  {7fc58329-d76e-4118-b3c6-d083a0dff052}, !- Schedule Ruleset Name
  1,                                      !- Rule Order
  {7918f58b-3786-49ea-a97e-b994d603b35f}, !- Day Schedule Name
  Yes,                                    !- Apply Sunday
  Yes,                                    !- Apply Monday
  Yes,                                    !- Apply Tuesday
  Yes,                                    !- Apply Wednesday
  Yes,                                    !- Apply Thursday
  Yes,                                    !- Apply Friday
  Yes,                                    !- Apply Saturday
  DateRange,                              !- Date Specification Type
  11,                                     !- Start Month
  1,                                      !- Start Day
  11,                                     !- End Month
  30;                                     !- End Day

OS:Schedule:Day,
  {7918f58b-3786-49ea-a97e-b994d603b35f}, !- Handle
  fridge schedule allday11,               !- Name
  {8b28b612-cd64-4214-8d98-f36f80b99a49}, !- Schedule Type Limits Name
  ,                                       !- Interpolate to Timestep
  1,                                      !- Hour 1
  0,                                      !- Minute 1
  0.675182481751825,                      !- Value Until Time 1
  2,                                      !- Hour 2
  0,                                      !- Minute 2
  0.658302919708029,                      !- Value Until Time 2
  3,                                      !- Hour 3
  0,                                      !- Minute 3
  0.641423357664234,                      !- Value Until Time 3
  4,                                      !- Hour 4
  0,                                      !- Minute 4
  0.624543795620438,                      !- Value Until Time 4
  6,                                      !- Hour 5
  0,                                      !- Minute 5
  0.607664233576642,                      !- Value Until Time 5
  7,                                      !- Hour 6
  0,                                      !- Minute 6
  0.641423357664234,                      !- Value Until Time 6
  8,                                      !- Hour 7
  0,                                      !- Minute 7
  0.675182481751825,                      !- Value Until Time 7
  10,                                     !- Hour 8
  0,                                      !- Minute 8
  0.69206204379562,                       !- Value Until Time 8
  12,                                     !- Hour 9
  0,                                      !- Minute 9
  0.675182481751825,                      !- Value Until Time 9
  15,                                     !- Hour 10
  0,                                      !- Minute 10
  0.708941605839416,                      !- Value Until Time 10
  16,                                     !- Hour 11
  0,                                      !- Minute 11
  0.69206204379562,                       !- Value Until Time 11
  17,                                     !- Hour 12
  0,                                      !- Minute 12
  0.742700729927007,                      !- Value Until Time 12
  18,                                     !- Hour 13
  0,                                      !- Minute 13
  0.81021897810219,                       !- Value Until Time 13
  19,                                     !- Hour 14
  0,                                      !- Minute 14
  0.843978102189781,                      !- Value Until Time 14
  20,                                     !- Hour 15
  0,                                      !- Minute 15
  0.81021897810219,                       !- Value Until Time 15
  21,                                     !- Hour 16
  0,                                      !- Minute 16
  0.793339416058394,                      !- Value Until Time 16
  22,                                     !- Hour 17
  0,                                      !- Minute 17
  0.776459854014598,                      !- Value Until Time 17
  23,                                     !- Hour 18
  0,                                      !- Minute 18
  0.742700729927007,                      !- Value Until Time 18
  24,                                     !- Hour 19
  0,                                      !- Minute 19
  0.69206204379562;                       !- Value Until Time 19

OS:Schedule:Rule,
  {dedb3fcd-7731-43b1-9606-60caca33336b}, !- Handle
  fridge schedule allday ruleset12,       !- Name
  {7fc58329-d76e-4118-b3c6-d083a0dff052}, !- Schedule Ruleset Name
  0,                                      !- Rule Order
  {83c2989e-98e0-4494-ae4b-8d927c17c7da}, !- Day Schedule Name
  Yes,                                    !- Apply Sunday
  Yes,                                    !- Apply Monday
  Yes,                                    !- Apply Tuesday
  Yes,                                    !- Apply Wednesday
  Yes,                                    !- Apply Thursday
  Yes,                                    !- Apply Friday
  Yes,                                    !- Apply Saturday
  DateRange,                              !- Date Specification Type
  12,                                     !- Start Month
  1,                                      !- Start Day
  12,                                     !- End Month
  31;                                     !- End Day

OS:Schedule:Day,
  {83c2989e-98e0-4494-ae4b-8d927c17c7da}, !- Handle
  fridge schedule allday12,               !- Name
  {8b28b612-cd64-4214-8d98-f36f80b99a49}, !- Schedule Type Limits Name
  ,                                       !- Interpolate to Timestep
  1,                                      !- Hour 1
  0,                                      !- Minute 1
  0.610948905109489,                      !- Value Until Time 1
  2,                                      !- Hour 2
  0,                                      !- Minute 2
  0.595675182481752,                      !- Value Until Time 2
  3,                                      !- Hour 3
  0,                                      !- Minute 3
  0.580401459854014,                      !- Value Until Time 3
  4,                                      !- Hour 4
  0,                                      !- Minute 4
  0.565127737226277,                      !- Value Until Time 4
  6,                                      !- Hour 5
  0,                                      !- Minute 5
  0.54985401459854,                       !- Value Until Time 5
  7,                                      !- Hour 6
  0,                                      !- Minute 6
  0.580401459854014,                      !- Value Until Time 6
  8,                                      !- Hour 7
  0,                                      !- Minute 7
  0.610948905109489,                      !- Value Until Time 7
  10,                                     !- Hour 8
  0,                                      !- Minute 8
  0.626222627737226,                      !- Value Until Time 8
  12,                                     !- Hour 9
  0,                                      !- Minute 9
  0.610948905109489,                      !- Value Until Time 9
  15,                                     !- Hour 10
  0,                                      !- Minute 10
  0.641496350364963,                      !- Value Until Time 10
  16,                                     !- Hour 11
  0,                                      !- Minute 11
  0.626222627737226,                      !- Value Until Time 11
  17,                                     !- Hour 12
  0,                                      !- Minute 12
  0.672043795620438,                      !- Value Until Time 12
  18,                                     !- Hour 13
  0,                                      !- Minute 13
  0.733138686131387,                      !- Value Until Time 13
  19,                                     !- Hour 14
  0,                                      !- Minute 14
  0.763686131386861,                      !- Value Until Time 14
  20,                                     !- Hour 15
  0,                                      !- Minute 15
  0.733138686131387,                      !- Value Until Time 15
  21,                                     !- Hour 16
  0,                                      !- Minute 16
  0.717864963503649,                      !- Value Until Time 16
  22,                                     !- Hour 17
  0,                                      !- Minute 17
  0.702591240875912,                      !- Value Until Time 17
  23,                                     !- Hour 18
  0,                                      !- Minute 18
  0.672043795620438,                      !- Value Until Time 18
  24,                                     !- Hour 19
  0,                                      !- Minute 19
  0.626222627737226;                      !- Value Until Time 19

OS:ElectricEquipment:Definition,
  {87d1e758-4ef3-42f8-9212-201d102ceda0}, !- Handle
  fridge,                                 !- Name
  EquipmentLevel,                         !- Design Level Calculation Method
  54.5682223441954,                       !- Design Level {W}
  ,                                       !- Watts per Space Floor Area {W/m2}
  ,                                       !- Watts per Person {W/person}
  0,                                      !- Fraction Latent
  0.6,                                    !- Fraction Radiant
  0;                                      !- Fraction Lost

OS:ElectricEquipment,
  {29e12b6d-e906-49dc-b8d5-0ab9fb5a8cde}, !- Handle
  fridge,                                 !- Name
  {87d1e758-4ef3-42f8-9212-201d102ceda0}, !- Electric Equipment Definition Name
  {b204bd97-7d65-4c4e-91e4-774935512ef2}, !- Space or SpaceType Name
  {7fc58329-d76e-4118-b3c6-d083a0dff052}, !- Schedule Name
  ,                                       !- Multiplier
  fridge;                                 !- End-Use Subcategory

OS:Schedule:Ruleset,
  {9b9d6ed7-535e-48b5-995c-9d592b47e1c1}, !- Handle
  fridge schedule 1,                      !- Name
  {8b28b612-cd64-4214-8d98-f36f80b99a49}, !- Schedule Type Limits Name
  {2d48293c-e433-4c6d-a6db-fe32afc223b4}; !- Default Day Schedule Name

OS:Schedule:Day,
  {2d48293c-e433-4c6d-a6db-fe32afc223b4}, !- Handle
  fridge schedule default day 1,          !- Name
  {8b28b612-cd64-4214-8d98-f36f80b99a49}, !- Schedule Type Limits Name
  ,                                       !- Interpolate to Timestep
  24,                                     !- Hour 1
  0,                                      !- Minute 1
  0;                                      !- Value Until Time 1

OS:Schedule:Rule,
  {34e7cd30-8ae6-4854-b024-96273fe4c442}, !- Handle
  fridge schedule allday ruleset1 1,      !- Name
  {9b9d6ed7-535e-48b5-995c-9d592b47e1c1}, !- Schedule Ruleset Name
  6,                                      !- Rule Order
  {a63fd87e-7561-46b0-b74b-f83e8b18e7fb}, !- Day Schedule Name
  Yes,                                    !- Apply Sunday
  Yes,                                    !- Apply Monday
  Yes,                                    !- Apply Tuesday
  Yes,                                    !- Apply Wednesday
  Yes,                                    !- Apply Thursday
  Yes,                                    !- Apply Friday
  Yes,                                    !- Apply Saturday
  DateRange,                              !- Date Specification Type
  1,                                      !- Start Month
  1,                                      !- Start Day
  1,                                      !- End Month
  31;                                     !- End Day

OS:Schedule:Day,
  {a63fd87e-7561-46b0-b74b-f83e8b18e7fb}, !- Handle
  fridge schedule allday1 1,              !- Name
  {8b28b612-cd64-4214-8d98-f36f80b99a49}, !- Schedule Type Limits Name
  ,                                       !- Interpolate to Timestep
  1,                                      !- Hour 1
  0,                                      !- Minute 1
  0.610948905109489,                      !- Value Until Time 1
  2,                                      !- Hour 2
  0,                                      !- Minute 2
  0.595675182481752,                      !- Value Until Time 2
  3,                                      !- Hour 3
  0,                                      !- Minute 3
  0.580401459854014,                      !- Value Until Time 3
  4,                                      !- Hour 4
  0,                                      !- Minute 4
  0.565127737226277,                      !- Value Until Time 4
  6,                                      !- Hour 5
  0,                                      !- Minute 5
  0.54985401459854,                       !- Value Until Time 5
  7,                                      !- Hour 6
  0,                                      !- Minute 6
  0.580401459854014,                      !- Value Until Time 6
  8,                                      !- Hour 7
  0,                                      !- Minute 7
  0.610948905109489,                      !- Value Until Time 7
  10,                                     !- Hour 8
  0,                                      !- Minute 8
  0.626222627737226,                      !- Value Until Time 8
  12,                                     !- Hour 9
  0,                                      !- Minute 9
  0.610948905109489,                      !- Value Until Time 9
  15,                                     !- Hour 10
  0,                                      !- Minute 10
  0.641496350364963,                      !- Value Until Time 10
  16,                                     !- Hour 11
  0,                                      !- Minute 11
  0.626222627737226,                      !- Value Until Time 11
  17,                                     !- Hour 12
  0,                                      !- Minute 12
  0.672043795620438,                      !- Value Until Time 12
  18,                                     !- Hour 13
  0,                                      !- Minute 13
  0.733138686131387,                      !- Value Until Time 13
  19,                                     !- Hour 14
  0,                                      !- Minute 14
  0.763686131386861,                      !- Value Until Time 14
  20,                                     !- Hour 15
  0,                                      !- Minute 15
  0.733138686131387,                      !- Value Until Time 15
  21,                                     !- Hour 16
  0,                                      !- Minute 16
  0.717864963503649,                      !- Value Until Time 16
  22,                                     !- Hour 17
  0,                                      !- Minute 17
  0.702591240875912,                      !- Value Until Time 17
  23,                                     !- Hour 18
  0,                                      !- Minute 18
  0.672043795620438,                      !- Value Until Time 18
  24,                                     !- Hour 19
  0,                                      !- Minute 19
  0.626222627737226;                      !- Value Until Time 19

OS:Schedule:Rule,
  {6f61834d-8001-44f6-ab63-fcc09a70df0c}, !- Handle
  fridge schedule allday ruleset2 1,      !- Name
  {9b9d6ed7-535e-48b5-995c-9d592b47e1c1}, !- Schedule Ruleset Name
  5,                                      !- Rule Order
  {3f94afb0-cd8b-43c2-b35b-68966d65ba4f}, !- Day Schedule Name
  Yes,                                    !- Apply Sunday
  Yes,                                    !- Apply Monday
  Yes,                                    !- Apply Tuesday
  Yes,                                    !- Apply Wednesday
  Yes,                                    !- Apply Thursday
  Yes,                                    !- Apply Friday
  Yes,                                    !- Apply Saturday
  DateRange,                              !- Date Specification Type
  2,                                      !- Start Month
  1,                                      !- Start Day
  2,                                      !- End Month
  28;                                     !- End Day

OS:Schedule:Day,
  {3f94afb0-cd8b-43c2-b35b-68966d65ba4f}, !- Handle
  fridge schedule allday2 1,              !- Name
  {8b28b612-cd64-4214-8d98-f36f80b99a49}, !- Schedule Type Limits Name
  ,                                       !- Interpolate to Timestep
  1,                                      !- Hour 1
  0,                                      !- Minute 1
  0.60948905109489,                       !- Value Until Time 1
  2,                                      !- Hour 2
  0,                                      !- Minute 2
  0.594251824817518,                      !- Value Until Time 2
  3,                                      !- Hour 3
  0,                                      !- Minute 3
  0.579014598540146,                      !- Value Until Time 3
  4,                                      !- Hour 4
  0,                                      !- Minute 4
  0.563777372262774,                      !- Value Until Time 4
  6,                                      !- Hour 5
  0,                                      !- Minute 5
  0.548540145985401,                      !- Value Until Time 5
  7,                                      !- Hour 6
  0,                                      !- Minute 6
  0.579014598540146,                      !- Value Until Time 6
  8,                                      !- Hour 7
  0,                                      !- Minute 7
  0.60948905109489,                       !- Value Until Time 7
  10,                                     !- Hour 8
  0,                                      !- Minute 8
  0.624726277372263,                      !- Value Until Time 8
  12,                                     !- Hour 9
  0,                                      !- Minute 9
  0.60948905109489,                       !- Value Until Time 9
  15,                                     !- Hour 10
  0,                                      !- Minute 10
  0.639963503649635,                      !- Value Until Time 10
  16,                                     !- Hour 11
  0,                                      !- Minute 11
  0.624726277372263,                      !- Value Until Time 11
  17,                                     !- Hour 12
  0,                                      !- Minute 12
  0.670437956204379,                      !- Value Until Time 12
  18,                                     !- Hour 13
  0,                                      !- Minute 13
  0.731386861313868,                      !- Value Until Time 13
  19,                                     !- Hour 14
  0,                                      !- Minute 14
  0.761861313868613,                      !- Value Until Time 14
  20,                                     !- Hour 15
  0,                                      !- Minute 15
  0.731386861313868,                      !- Value Until Time 15
  21,                                     !- Hour 16
  0,                                      !- Minute 16
  0.716149635036496,                      !- Value Until Time 16
  22,                                     !- Hour 17
  0,                                      !- Minute 17
  0.700912408759124,                      !- Value Until Time 17
  23,                                     !- Hour 18
  0,                                      !- Minute 18
  0.670437956204379,                      !- Value Until Time 18
  24,                                     !- Hour 19
  0,                                      !- Minute 19
  0.624726277372263;                      !- Value Until Time 19

OS:Schedule:Rule,
  {84fd3acb-45d1-4166-a509-fe91e0f8948f}, !- Handle
  fridge schedule allday ruleset3 1,      !- Name
  {9b9d6ed7-535e-48b5-995c-9d592b47e1c1}, !- Schedule Ruleset Name
  4,                                      !- Rule Order
  {b617e350-3703-474a-9462-66a7b362e98d}, !- Day Schedule Name
  Yes,                                    !- Apply Sunday
  Yes,                                    !- Apply Monday
  Yes,                                    !- Apply Tuesday
  Yes,                                    !- Apply Wednesday
  Yes,                                    !- Apply Thursday
  Yes,                                    !- Apply Friday
  Yes,                                    !- Apply Saturday
  DateRange,                              !- Date Specification Type
  3,                                      !- Start Month
  1,                                      !- Start Day
  5,                                      !- End Month
  31;                                     !- End Day

OS:Schedule:Day,
  {b617e350-3703-474a-9462-66a7b362e98d}, !- Handle
  fridge schedule allday3 1,              !- Name
  {8b28b612-cd64-4214-8d98-f36f80b99a49}, !- Schedule Type Limits Name
  ,                                       !- Interpolate to Timestep
  1,                                      !- Hour 1
  0,                                      !- Minute 1
  0.791240875912409,                      !- Value Until Time 1
  2,                                      !- Hour 2
  0,                                      !- Minute 2
  0.771459854014598,                      !- Value Until Time 2
  3,                                      !- Hour 3
  0,                                      !- Minute 3
  0.751678832116788,                      !- Value Until Time 3
  4,                                      !- Hour 4
  0,                                      !- Minute 4
  0.731897810218978,                      !- Value Until Time 4
  6,                                      !- Hour 5
  0,                                      !- Minute 5
  0.712116788321168,                      !- Value Until Time 5
  7,                                      !- Hour 6
  0,                                      !- Minute 6
  0.751678832116788,                      !- Value Until Time 6
  8,                                      !- Hour 7
  0,                                      !- Minute 7
  0.791240875912409,                      !- Value Until Time 7
  10,                                     !- Hour 8
  0,                                      !- Minute 8
  0.811021897810219,                      !- Value Until Time 8
  12,                                     !- Hour 9
  0,                                      !- Minute 9
  0.791240875912409,                      !- Value Until Time 9
  15,                                     !- Hour 10
  0,                                      !- Minute 10
  0.830802919708029,                      !- Value Until Time 10
  16,                                     !- Hour 11
  0,                                      !- Minute 11
  0.811021897810219,                      !- Value Until Time 11
  17,                                     !- Hour 12
  0,                                      !- Minute 12
  0.87036496350365,                       !- Value Until Time 12
  18,                                     !- Hour 13
  0,                                      !- Minute 13
  0.949489051094891,                      !- Value Until Time 13
  19,                                     !- Hour 14
  0,                                      !- Minute 14
  0.989051094890511,                      !- Value Until Time 14
  20,                                     !- Hour 15
  0,                                      !- Minute 15
  0.949489051094891,                      !- Value Until Time 15
  21,                                     !- Hour 16
  0,                                      !- Minute 16
  0.92970802919708,                       !- Value Until Time 16
  22,                                     !- Hour 17
  0,                                      !- Minute 17
  0.90992700729927,                       !- Value Until Time 17
  23,                                     !- Hour 18
  0,                                      !- Minute 18
  0.87036496350365,                       !- Value Until Time 18
  24,                                     !- Hour 19
  0,                                      !- Minute 19
  0.811021897810219;                      !- Value Until Time 19

OS:Schedule:Rule,
  {82ce1779-ff46-46ca-af16-c90ce8def391}, !- Handle
  fridge schedule allday ruleset6 1,      !- Name
  {9b9d6ed7-535e-48b5-995c-9d592b47e1c1}, !- Schedule Ruleset Name
  3,                                      !- Rule Order
  {b3b9aa6d-9f8f-4173-bcbd-53dc525ee2fc}, !- Day Schedule Name
  Yes,                                    !- Apply Sunday
  Yes,                                    !- Apply Monday
  Yes,                                    !- Apply Tuesday
  Yes,                                    !- Apply Wednesday
  Yes,                                    !- Apply Thursday
  Yes,                                    !- Apply Friday
  Yes,                                    !- Apply Saturday
  DateRange,                              !- Date Specification Type
  6,                                      !- Start Month
  1,                                      !- Start Day
  9,                                      !- End Month
  30;                                     !- End Day

OS:Schedule:Day,
  {b3b9aa6d-9f8f-4173-bcbd-53dc525ee2fc}, !- Handle
  fridge schedule allday6 1,              !- Name
  {8b28b612-cd64-4214-8d98-f36f80b99a49}, !- Schedule Type Limits Name
  ,                                       !- Interpolate to Timestep
  1,                                      !- Hour 1
  0,                                      !- Minute 1
  0.8,                                    !- Value Until Time 1
  2,                                      !- Hour 2
  0,                                      !- Minute 2
  0.78,                                   !- Value Until Time 2
  3,                                      !- Hour 3
  0,                                      !- Minute 3
  0.76,                                   !- Value Until Time 3
  4,                                      !- Hour 4
  0,                                      !- Minute 4
  0.74,                                   !- Value Until Time 4
  6,                                      !- Hour 5
  0,                                      !- Minute 5
  0.72,                                   !- Value Until Time 5
  7,                                      !- Hour 6
  0,                                      !- Minute 6
  0.76,                                   !- Value Until Time 6
  8,                                      !- Hour 7
  0,                                      !- Minute 7
  0.8,                                    !- Value Until Time 7
  10,                                     !- Hour 8
  0,                                      !- Minute 8
  0.82,                                   !- Value Until Time 8
  12,                                     !- Hour 9
  0,                                      !- Minute 9
  0.8,                                    !- Value Until Time 9
  15,                                     !- Hour 10
  0,                                      !- Minute 10
  0.84,                                   !- Value Until Time 10
  16,                                     !- Hour 11
  0,                                      !- Minute 11
  0.82,                                   !- Value Until Time 11
  17,                                     !- Hour 12
  0,                                      !- Minute 12
  0.88,                                   !- Value Until Time 12
  18,                                     !- Hour 13
  0,                                      !- Minute 13
  0.96,                                   !- Value Until Time 13
  19,                                     !- Hour 14
  0,                                      !- Minute 14
  1,                                      !- Value Until Time 14
  20,                                     !- Hour 15
  0,                                      !- Minute 15
  0.96,                                   !- Value Until Time 15
  21,                                     !- Hour 16
  0,                                      !- Minute 16
  0.94,                                   !- Value Until Time 16
  22,                                     !- Hour 17
  0,                                      !- Minute 17
  0.92,                                   !- Value Until Time 17
  23,                                     !- Hour 18
  0,                                      !- Minute 18
  0.88,                                   !- Value Until Time 18
  24,                                     !- Hour 19
  0,                                      !- Minute 19
  0.82;                                   !- Value Until Time 19

OS:Schedule:Rule,
  {15390a3e-8e65-405f-908c-deb2ab8ac70b}, !- Handle
  fridge schedule allday ruleset10 1,     !- Name
  {9b9d6ed7-535e-48b5-995c-9d592b47e1c1}, !- Schedule Ruleset Name
  2,                                      !- Rule Order
  {7d52bf13-6210-4421-bf27-405ca9719342}, !- Day Schedule Name
  Yes,                                    !- Apply Sunday
  Yes,                                    !- Apply Monday
  Yes,                                    !- Apply Tuesday
  Yes,                                    !- Apply Wednesday
  Yes,                                    !- Apply Thursday
  Yes,                                    !- Apply Friday
  Yes,                                    !- Apply Saturday
  DateRange,                              !- Date Specification Type
  10,                                     !- Start Month
  1,                                      !- Start Day
  10,                                     !- End Month
  31;                                     !- End Day

OS:Schedule:Day,
  {7d52bf13-6210-4421-bf27-405ca9719342}, !- Handle
  fridge schedule allday10 1,             !- Name
  {8b28b612-cd64-4214-8d98-f36f80b99a49}, !- Schedule Type Limits Name
  ,                                       !- Interpolate to Timestep
  1,                                      !- Hour 1
  0,                                      !- Minute 1
  0.67956204379562,                       !- Value Until Time 1
  2,                                      !- Hour 2
  0,                                      !- Minute 2
  0.66257299270073,                       !- Value Until Time 2
  3,                                      !- Hour 3
  0,                                      !- Minute 3
  0.645583941605839,                      !- Value Until Time 3
  4,                                      !- Hour 4
  0,                                      !- Minute 4
  0.628594890510949,                      !- Value Until Time 4
  6,                                      !- Hour 5
  0,                                      !- Minute 5
  0.611605839416058,                      !- Value Until Time 5
  7,                                      !- Hour 6
  0,                                      !- Minute 6
  0.645583941605839,                      !- Value Until Time 6
  8,                                      !- Hour 7
  0,                                      !- Minute 7
  0.67956204379562,                       !- Value Until Time 7
  10,                                     !- Hour 8
  0,                                      !- Minute 8
  0.696551094890511,                      !- Value Until Time 8
  12,                                     !- Hour 9
  0,                                      !- Minute 9
  0.67956204379562,                       !- Value Until Time 9
  15,                                     !- Hour 10
  0,                                      !- Minute 10
  0.713540145985401,                      !- Value Until Time 10
  16,                                     !- Hour 11
  0,                                      !- Minute 11
  0.696551094890511,                      !- Value Until Time 11
  17,                                     !- Hour 12
  0,                                      !- Minute 12
  0.747518248175182,                      !- Value Until Time 12
  18,                                     !- Hour 13
  0,                                      !- Minute 13
  0.815474452554744,                      !- Value Until Time 13
  19,                                     !- Hour 14
  0,                                      !- Minute 14
  0.849452554744526,                      !- Value Until Time 14
  20,                                     !- Hour 15
  0,                                      !- Minute 15
  0.815474452554744,                      !- Value Until Time 15
  21,                                     !- Hour 16
  0,                                      !- Minute 16
  0.798485401459854,                      !- Value Until Time 16
  22,                                     !- Hour 17
  0,                                      !- Minute 17
  0.781496350364963,                      !- Value Until Time 17
  23,                                     !- Hour 18
  0,                                      !- Minute 18
  0.747518248175182,                      !- Value Until Time 18
  24,                                     !- Hour 19
  0,                                      !- Minute 19
  0.696551094890511;                      !- Value Until Time 19

OS:Schedule:Rule,
  {9ccb183a-4025-4c51-a29d-05c0ad8064fa}, !- Handle
  fridge schedule allday ruleset11 1,     !- Name
  {9b9d6ed7-535e-48b5-995c-9d592b47e1c1}, !- Schedule Ruleset Name
  1,                                      !- Rule Order
  {e4de46ea-56c6-4d6f-9bf6-08e56f39df4d}, !- Day Schedule Name
  Yes,                                    !- Apply Sunday
  Yes,                                    !- Apply Monday
  Yes,                                    !- Apply Tuesday
  Yes,                                    !- Apply Wednesday
  Yes,                                    !- Apply Thursday
  Yes,                                    !- Apply Friday
  Yes,                                    !- Apply Saturday
  DateRange,                              !- Date Specification Type
  11,                                     !- Start Month
  1,                                      !- Start Day
  11,                                     !- End Month
  30;                                     !- End Day

OS:Schedule:Day,
  {e4de46ea-56c6-4d6f-9bf6-08e56f39df4d}, !- Handle
  fridge schedule allday11 1,             !- Name
  {8b28b612-cd64-4214-8d98-f36f80b99a49}, !- Schedule Type Limits Name
  ,                                       !- Interpolate to Timestep
  1,                                      !- Hour 1
  0,                                      !- Minute 1
  0.675182481751825,                      !- Value Until Time 1
  2,                                      !- Hour 2
  0,                                      !- Minute 2
  0.658302919708029,                      !- Value Until Time 2
  3,                                      !- Hour 3
  0,                                      !- Minute 3
  0.641423357664234,                      !- Value Until Time 3
  4,                                      !- Hour 4
  0,                                      !- Minute 4
  0.624543795620438,                      !- Value Until Time 4
  6,                                      !- Hour 5
  0,                                      !- Minute 5
  0.607664233576642,                      !- Value Until Time 5
  7,                                      !- Hour 6
  0,                                      !- Minute 6
  0.641423357664234,                      !- Value Until Time 6
  8,                                      !- Hour 7
  0,                                      !- Minute 7
  0.675182481751825,                      !- Value Until Time 7
  10,                                     !- Hour 8
  0,                                      !- Minute 8
  0.69206204379562,                       !- Value Until Time 8
  12,                                     !- Hour 9
  0,                                      !- Minute 9
  0.675182481751825,                      !- Value Until Time 9
  15,                                     !- Hour 10
  0,                                      !- Minute 10
  0.708941605839416,                      !- Value Until Time 10
  16,                                     !- Hour 11
  0,                                      !- Minute 11
  0.69206204379562,                       !- Value Until Time 11
  17,                                     !- Hour 12
  0,                                      !- Minute 12
  0.742700729927007,                      !- Value Until Time 12
  18,                                     !- Hour 13
  0,                                      !- Minute 13
  0.81021897810219,                       !- Value Until Time 13
  19,                                     !- Hour 14
  0,                                      !- Minute 14
  0.843978102189781,                      !- Value Until Time 14
  20,                                     !- Hour 15
  0,                                      !- Minute 15
  0.81021897810219,                       !- Value Until Time 15
  21,                                     !- Hour 16
  0,                                      !- Minute 16
  0.793339416058394,                      !- Value Until Time 16
  22,                                     !- Hour 17
  0,                                      !- Minute 17
  0.776459854014598,                      !- Value Until Time 17
  23,                                     !- Hour 18
  0,                                      !- Minute 18
  0.742700729927007,                      !- Value Until Time 18
  24,                                     !- Hour 19
  0,                                      !- Minute 19
  0.69206204379562;                       !- Value Until Time 19

OS:Schedule:Rule,
  {0bd95e9a-9828-4576-a937-24018531e395}, !- Handle
  fridge schedule allday ruleset12 1,     !- Name
  {9b9d6ed7-535e-48b5-995c-9d592b47e1c1}, !- Schedule Ruleset Name
  0,                                      !- Rule Order
  {df73a246-096d-48f8-8406-0a01358c4d37}, !- Day Schedule Name
  Yes,                                    !- Apply Sunday
  Yes,                                    !- Apply Monday
  Yes,                                    !- Apply Tuesday
  Yes,                                    !- Apply Wednesday
  Yes,                                    !- Apply Thursday
  Yes,                                    !- Apply Friday
  Yes,                                    !- Apply Saturday
  DateRange,                              !- Date Specification Type
  12,                                     !- Start Month
  1,                                      !- Start Day
  12,                                     !- End Month
  31;                                     !- End Day

OS:Schedule:Day,
  {df73a246-096d-48f8-8406-0a01358c4d37}, !- Handle
  fridge schedule allday12 1,             !- Name
  {8b28b612-cd64-4214-8d98-f36f80b99a49}, !- Schedule Type Limits Name
  ,                                       !- Interpolate to Timestep
  1,                                      !- Hour 1
  0,                                      !- Minute 1
  0.610948905109489,                      !- Value Until Time 1
  2,                                      !- Hour 2
  0,                                      !- Minute 2
  0.595675182481752,                      !- Value Until Time 2
  3,                                      !- Hour 3
  0,                                      !- Minute 3
  0.580401459854014,                      !- Value Until Time 3
  4,                                      !- Hour 4
  0,                                      !- Minute 4
  0.565127737226277,                      !- Value Until Time 4
  6,                                      !- Hour 5
  0,                                      !- Minute 5
  0.54985401459854,                       !- Value Until Time 5
  7,                                      !- Hour 6
  0,                                      !- Minute 6
  0.580401459854014,                      !- Value Until Time 6
  8,                                      !- Hour 7
  0,                                      !- Minute 7
  0.610948905109489,                      !- Value Until Time 7
  10,                                     !- Hour 8
  0,                                      !- Minute 8
  0.626222627737226,                      !- Value Until Time 8
  12,                                     !- Hour 9
  0,                                      !- Minute 9
  0.610948905109489,                      !- Value Until Time 9
  15,                                     !- Hour 10
  0,                                      !- Minute 10
  0.641496350364963,                      !- Value Until Time 10
  16,                                     !- Hour 11
  0,                                      !- Minute 11
  0.626222627737226,                      !- Value Until Time 11
  17,                                     !- Hour 12
  0,                                      !- Minute 12
  0.672043795620438,                      !- Value Until Time 12
  18,                                     !- Hour 13
  0,                                      !- Minute 13
  0.733138686131387,                      !- Value Until Time 13
  19,                                     !- Hour 14
  0,                                      !- Minute 14
  0.763686131386861,                      !- Value Until Time 14
  20,                                     !- Hour 15
  0,                                      !- Minute 15
  0.733138686131387,                      !- Value Until Time 15
  21,                                     !- Hour 16
  0,                                      !- Minute 16
  0.717864963503649,                      !- Value Until Time 16
  22,                                     !- Hour 17
  0,                                      !- Minute 17
  0.702591240875912,                      !- Value Until Time 17
  23,                                     !- Hour 18
  0,                                      !- Minute 18
  0.672043795620438,                      !- Value Until Time 18
  24,                                     !- Hour 19
  0,                                      !- Minute 19
  0.626222627737226;                      !- Value Until Time 19

OS:ElectricEquipment:Definition,
  {31ad8f98-a77c-4492-b2d6-03847420108a}, !- Handle
  fridge 2,                               !- Name
  EquipmentLevel,                         !- Design Level Calculation Method
  64.9389591178689,                       !- Design Level {W}
  ,                                       !- Watts per Space Floor Area {W/m2}
  ,                                       !- Watts per Person {W/person}
  0,                                      !- Fraction Latent
  0.6,                                    !- Fraction Radiant
  0;                                      !- Fraction Lost

OS:ElectricEquipment,
  {8524f9b5-2039-4e17-bdfd-8d3dba13894d}, !- Handle
  fridge 1,                               !- Name
  {31ad8f98-a77c-4492-b2d6-03847420108a}, !- Electric Equipment Definition Name
  {c1e34a1f-1e7f-4d7e-89e5-3f484d37503d}, !- Space or SpaceType Name
  {9b9d6ed7-535e-48b5-995c-9d592b47e1c1}, !- Schedule Name
  ,                                       !- Multiplier
  fridge;                                 !- End-Use Subcategory

OS:Schedule:Ruleset,
  {1cc77726-eacd-4727-8d5b-2f5c3e7a69fa}, !- Handle
  freezer schedule,                       !- Name
  {8b28b612-cd64-4214-8d98-f36f80b99a49}, !- Schedule Type Limits Name
  {31146c60-e455-4f99-9acd-34608f0e41d9}; !- Default Day Schedule Name

OS:Schedule:Day,
  {31146c60-e455-4f99-9acd-34608f0e41d9}, !- Handle
  freezer schedule default day,           !- Name
  {8b28b612-cd64-4214-8d98-f36f80b99a49}, !- Schedule Type Limits Name
  ,                                       !- Interpolate to Timestep
  24,                                     !- Hour 1
  0,                                      !- Minute 1
  0;                                      !- Value Until Time 1

OS:Schedule:Rule,
  {dff55892-cbb0-419a-b773-82c29328096c}, !- Handle
  freezer schedule allday ruleset1,       !- Name
  {1cc77726-eacd-4727-8d5b-2f5c3e7a69fa}, !- Schedule Ruleset Name
  6,                                      !- Rule Order
  {2fcd179c-9a8c-41ff-9723-daba54948525}, !- Day Schedule Name
  Yes,                                    !- Apply Sunday
  Yes,                                    !- Apply Monday
  Yes,                                    !- Apply Tuesday
  Yes,                                    !- Apply Wednesday
  Yes,                                    !- Apply Thursday
  Yes,                                    !- Apply Friday
  Yes,                                    !- Apply Saturday
  DateRange,                              !- Date Specification Type
  1,                                      !- Start Month
  1,                                      !- Start Day
  1,                                      !- End Month
  31;                                     !- End Day

OS:Schedule:Day,
  {2fcd179c-9a8c-41ff-9723-daba54948525}, !- Handle
  freezer schedule allday1,               !- Name
  {8b28b612-cd64-4214-8d98-f36f80b99a49}, !- Schedule Type Limits Name
  ,                                       !- Interpolate to Timestep
  1,                                      !- Hour 1
  0,                                      !- Minute 1
  0.610948905109489,                      !- Value Until Time 1
  2,                                      !- Hour 2
  0,                                      !- Minute 2
  0.595675182481752,                      !- Value Until Time 2
  3,                                      !- Hour 3
  0,                                      !- Minute 3
  0.580401459854014,                      !- Value Until Time 3
  4,                                      !- Hour 4
  0,                                      !- Minute 4
  0.565127737226277,                      !- Value Until Time 4
  6,                                      !- Hour 5
  0,                                      !- Minute 5
  0.54985401459854,                       !- Value Until Time 5
  7,                                      !- Hour 6
  0,                                      !- Minute 6
  0.580401459854014,                      !- Value Until Time 6
  8,                                      !- Hour 7
  0,                                      !- Minute 7
  0.610948905109489,                      !- Value Until Time 7
  10,                                     !- Hour 8
  0,                                      !- Minute 8
  0.626222627737226,                      !- Value Until Time 8
  12,                                     !- Hour 9
  0,                                      !- Minute 9
  0.610948905109489,                      !- Value Until Time 9
  15,                                     !- Hour 10
  0,                                      !- Minute 10
  0.641496350364963,                      !- Value Until Time 10
  16,                                     !- Hour 11
  0,                                      !- Minute 11
  0.626222627737226,                      !- Value Until Time 11
  17,                                     !- Hour 12
  0,                                      !- Minute 12
  0.672043795620438,                      !- Value Until Time 12
  18,                                     !- Hour 13
  0,                                      !- Minute 13
  0.733138686131387,                      !- Value Until Time 13
  19,                                     !- Hour 14
  0,                                      !- Minute 14
  0.763686131386861,                      !- Value Until Time 14
  20,                                     !- Hour 15
  0,                                      !- Minute 15
  0.733138686131387,                      !- Value Until Time 15
  21,                                     !- Hour 16
  0,                                      !- Minute 16
  0.717864963503649,                      !- Value Until Time 16
  22,                                     !- Hour 17
  0,                                      !- Minute 17
  0.702591240875912,                      !- Value Until Time 17
  23,                                     !- Hour 18
  0,                                      !- Minute 18
  0.672043795620438,                      !- Value Until Time 18
  24,                                     !- Hour 19
  0,                                      !- Minute 19
  0.626222627737226;                      !- Value Until Time 19

OS:Schedule:Rule,
  {d6eae251-5df3-454d-a5c7-702a9e54302c}, !- Handle
  freezer schedule allday ruleset2,       !- Name
  {1cc77726-eacd-4727-8d5b-2f5c3e7a69fa}, !- Schedule Ruleset Name
  5,                                      !- Rule Order
  {2b9debed-38f2-4951-a812-206f0ed92dd6}, !- Day Schedule Name
  Yes,                                    !- Apply Sunday
  Yes,                                    !- Apply Monday
  Yes,                                    !- Apply Tuesday
  Yes,                                    !- Apply Wednesday
  Yes,                                    !- Apply Thursday
  Yes,                                    !- Apply Friday
  Yes,                                    !- Apply Saturday
  DateRange,                              !- Date Specification Type
  2,                                      !- Start Month
  1,                                      !- Start Day
  2,                                      !- End Month
  28;                                     !- End Day

OS:Schedule:Day,
  {2b9debed-38f2-4951-a812-206f0ed92dd6}, !- Handle
  freezer schedule allday2,               !- Name
  {8b28b612-cd64-4214-8d98-f36f80b99a49}, !- Schedule Type Limits Name
  ,                                       !- Interpolate to Timestep
  1,                                      !- Hour 1
  0,                                      !- Minute 1
  0.60948905109489,                       !- Value Until Time 1
  2,                                      !- Hour 2
  0,                                      !- Minute 2
  0.594251824817518,                      !- Value Until Time 2
  3,                                      !- Hour 3
  0,                                      !- Minute 3
  0.579014598540146,                      !- Value Until Time 3
  4,                                      !- Hour 4
  0,                                      !- Minute 4
  0.563777372262774,                      !- Value Until Time 4
  6,                                      !- Hour 5
  0,                                      !- Minute 5
  0.548540145985401,                      !- Value Until Time 5
  7,                                      !- Hour 6
  0,                                      !- Minute 6
  0.579014598540146,                      !- Value Until Time 6
  8,                                      !- Hour 7
  0,                                      !- Minute 7
  0.60948905109489,                       !- Value Until Time 7
  10,                                     !- Hour 8
  0,                                      !- Minute 8
  0.624726277372263,                      !- Value Until Time 8
  12,                                     !- Hour 9
  0,                                      !- Minute 9
  0.60948905109489,                       !- Value Until Time 9
  15,                                     !- Hour 10
  0,                                      !- Minute 10
  0.639963503649635,                      !- Value Until Time 10
  16,                                     !- Hour 11
  0,                                      !- Minute 11
  0.624726277372263,                      !- Value Until Time 11
  17,                                     !- Hour 12
  0,                                      !- Minute 12
  0.670437956204379,                      !- Value Until Time 12
  18,                                     !- Hour 13
  0,                                      !- Minute 13
  0.731386861313868,                      !- Value Until Time 13
  19,                                     !- Hour 14
  0,                                      !- Minute 14
  0.761861313868613,                      !- Value Until Time 14
  20,                                     !- Hour 15
  0,                                      !- Minute 15
  0.731386861313868,                      !- Value Until Time 15
  21,                                     !- Hour 16
  0,                                      !- Minute 16
  0.716149635036496,                      !- Value Until Time 16
  22,                                     !- Hour 17
  0,                                      !- Minute 17
  0.700912408759124,                      !- Value Until Time 17
  23,                                     !- Hour 18
  0,                                      !- Minute 18
  0.670437956204379,                      !- Value Until Time 18
  24,                                     !- Hour 19
  0,                                      !- Minute 19
  0.624726277372263;                      !- Value Until Time 19

OS:Schedule:Rule,
  {1cfa1c01-0dba-49e0-bf49-da6970f6847c}, !- Handle
  freezer schedule allday ruleset3,       !- Name
  {1cc77726-eacd-4727-8d5b-2f5c3e7a69fa}, !- Schedule Ruleset Name
  4,                                      !- Rule Order
  {7892575c-01ed-4237-b8e0-79bbff9ba771}, !- Day Schedule Name
  Yes,                                    !- Apply Sunday
  Yes,                                    !- Apply Monday
  Yes,                                    !- Apply Tuesday
  Yes,                                    !- Apply Wednesday
  Yes,                                    !- Apply Thursday
  Yes,                                    !- Apply Friday
  Yes,                                    !- Apply Saturday
  DateRange,                              !- Date Specification Type
  3,                                      !- Start Month
  1,                                      !- Start Day
  5,                                      !- End Month
  31;                                     !- End Day

OS:Schedule:Day,
  {7892575c-01ed-4237-b8e0-79bbff9ba771}, !- Handle
  freezer schedule allday3,               !- Name
  {8b28b612-cd64-4214-8d98-f36f80b99a49}, !- Schedule Type Limits Name
  ,                                       !- Interpolate to Timestep
  1,                                      !- Hour 1
  0,                                      !- Minute 1
  0.791240875912409,                      !- Value Until Time 1
  2,                                      !- Hour 2
  0,                                      !- Minute 2
  0.771459854014598,                      !- Value Until Time 2
  3,                                      !- Hour 3
  0,                                      !- Minute 3
  0.751678832116788,                      !- Value Until Time 3
  4,                                      !- Hour 4
  0,                                      !- Minute 4
  0.731897810218978,                      !- Value Until Time 4
  6,                                      !- Hour 5
  0,                                      !- Minute 5
  0.712116788321168,                      !- Value Until Time 5
  7,                                      !- Hour 6
  0,                                      !- Minute 6
  0.751678832116788,                      !- Value Until Time 6
  8,                                      !- Hour 7
  0,                                      !- Minute 7
  0.791240875912409,                      !- Value Until Time 7
  10,                                     !- Hour 8
  0,                                      !- Minute 8
  0.811021897810219,                      !- Value Until Time 8
  12,                                     !- Hour 9
  0,                                      !- Minute 9
  0.791240875912409,                      !- Value Until Time 9
  15,                                     !- Hour 10
  0,                                      !- Minute 10
  0.830802919708029,                      !- Value Until Time 10
  16,                                     !- Hour 11
  0,                                      !- Minute 11
  0.811021897810219,                      !- Value Until Time 11
  17,                                     !- Hour 12
  0,                                      !- Minute 12
  0.87036496350365,                       !- Value Until Time 12
  18,                                     !- Hour 13
  0,                                      !- Minute 13
  0.949489051094891,                      !- Value Until Time 13
  19,                                     !- Hour 14
  0,                                      !- Minute 14
  0.989051094890511,                      !- Value Until Time 14
  20,                                     !- Hour 15
  0,                                      !- Minute 15
  0.949489051094891,                      !- Value Until Time 15
  21,                                     !- Hour 16
  0,                                      !- Minute 16
  0.92970802919708,                       !- Value Until Time 16
  22,                                     !- Hour 17
  0,                                      !- Minute 17
  0.90992700729927,                       !- Value Until Time 17
  23,                                     !- Hour 18
  0,                                      !- Minute 18
  0.87036496350365,                       !- Value Until Time 18
  24,                                     !- Hour 19
  0,                                      !- Minute 19
  0.811021897810219;                      !- Value Until Time 19

OS:Schedule:Rule,
  {f1d1c14a-9733-4ca6-869d-16fe5e7959fd}, !- Handle
  freezer schedule allday ruleset6,       !- Name
  {1cc77726-eacd-4727-8d5b-2f5c3e7a69fa}, !- Schedule Ruleset Name
  3,                                      !- Rule Order
  {11dd968b-92d9-4b79-945a-d66eeabf4081}, !- Day Schedule Name
  Yes,                                    !- Apply Sunday
  Yes,                                    !- Apply Monday
  Yes,                                    !- Apply Tuesday
  Yes,                                    !- Apply Wednesday
  Yes,                                    !- Apply Thursday
  Yes,                                    !- Apply Friday
  Yes,                                    !- Apply Saturday
  DateRange,                              !- Date Specification Type
  6,                                      !- Start Month
  1,                                      !- Start Day
  9,                                      !- End Month
  30;                                     !- End Day

OS:Schedule:Day,
  {11dd968b-92d9-4b79-945a-d66eeabf4081}, !- Handle
  freezer schedule allday6,               !- Name
  {8b28b612-cd64-4214-8d98-f36f80b99a49}, !- Schedule Type Limits Name
  ,                                       !- Interpolate to Timestep
  1,                                      !- Hour 1
  0,                                      !- Minute 1
  0.8,                                    !- Value Until Time 1
  2,                                      !- Hour 2
  0,                                      !- Minute 2
  0.78,                                   !- Value Until Time 2
  3,                                      !- Hour 3
  0,                                      !- Minute 3
  0.76,                                   !- Value Until Time 3
  4,                                      !- Hour 4
  0,                                      !- Minute 4
  0.74,                                   !- Value Until Time 4
  6,                                      !- Hour 5
  0,                                      !- Minute 5
  0.72,                                   !- Value Until Time 5
  7,                                      !- Hour 6
  0,                                      !- Minute 6
  0.76,                                   !- Value Until Time 6
  8,                                      !- Hour 7
  0,                                      !- Minute 7
  0.8,                                    !- Value Until Time 7
  10,                                     !- Hour 8
  0,                                      !- Minute 8
  0.82,                                   !- Value Until Time 8
  12,                                     !- Hour 9
  0,                                      !- Minute 9
  0.8,                                    !- Value Until Time 9
  15,                                     !- Hour 10
  0,                                      !- Minute 10
  0.84,                                   !- Value Until Time 10
  16,                                     !- Hour 11
  0,                                      !- Minute 11
  0.82,                                   !- Value Until Time 11
  17,                                     !- Hour 12
  0,                                      !- Minute 12
  0.88,                                   !- Value Until Time 12
  18,                                     !- Hour 13
  0,                                      !- Minute 13
  0.96,                                   !- Value Until Time 13
  19,                                     !- Hour 14
  0,                                      !- Minute 14
  1,                                      !- Value Until Time 14
  20,                                     !- Hour 15
  0,                                      !- Minute 15
  0.96,                                   !- Value Until Time 15
  21,                                     !- Hour 16
  0,                                      !- Minute 16
  0.94,                                   !- Value Until Time 16
  22,                                     !- Hour 17
  0,                                      !- Minute 17
  0.92,                                   !- Value Until Time 17
  23,                                     !- Hour 18
  0,                                      !- Minute 18
  0.88,                                   !- Value Until Time 18
  24,                                     !- Hour 19
  0,                                      !- Minute 19
  0.82;                                   !- Value Until Time 19

OS:Schedule:Rule,
  {f7301db9-e024-417e-9660-e6530ad2bf32}, !- Handle
  freezer schedule allday ruleset10,      !- Name
  {1cc77726-eacd-4727-8d5b-2f5c3e7a69fa}, !- Schedule Ruleset Name
  2,                                      !- Rule Order
  {d1a3462c-13ab-4637-a5c8-28e7850b4e62}, !- Day Schedule Name
  Yes,                                    !- Apply Sunday
  Yes,                                    !- Apply Monday
  Yes,                                    !- Apply Tuesday
  Yes,                                    !- Apply Wednesday
  Yes,                                    !- Apply Thursday
  Yes,                                    !- Apply Friday
  Yes,                                    !- Apply Saturday
  DateRange,                              !- Date Specification Type
  10,                                     !- Start Month
  1,                                      !- Start Day
  10,                                     !- End Month
  31;                                     !- End Day

OS:Schedule:Day,
  {d1a3462c-13ab-4637-a5c8-28e7850b4e62}, !- Handle
  freezer schedule allday10,              !- Name
  {8b28b612-cd64-4214-8d98-f36f80b99a49}, !- Schedule Type Limits Name
  ,                                       !- Interpolate to Timestep
  1,                                      !- Hour 1
  0,                                      !- Minute 1
  0.67956204379562,                       !- Value Until Time 1
  2,                                      !- Hour 2
  0,                                      !- Minute 2
  0.66257299270073,                       !- Value Until Time 2
  3,                                      !- Hour 3
  0,                                      !- Minute 3
  0.645583941605839,                      !- Value Until Time 3
  4,                                      !- Hour 4
  0,                                      !- Minute 4
  0.628594890510949,                      !- Value Until Time 4
  6,                                      !- Hour 5
  0,                                      !- Minute 5
  0.611605839416058,                      !- Value Until Time 5
  7,                                      !- Hour 6
  0,                                      !- Minute 6
  0.645583941605839,                      !- Value Until Time 6
  8,                                      !- Hour 7
  0,                                      !- Minute 7
  0.67956204379562,                       !- Value Until Time 7
  10,                                     !- Hour 8
  0,                                      !- Minute 8
  0.696551094890511,                      !- Value Until Time 8
  12,                                     !- Hour 9
  0,                                      !- Minute 9
  0.67956204379562,                       !- Value Until Time 9
  15,                                     !- Hour 10
  0,                                      !- Minute 10
  0.713540145985401,                      !- Value Until Time 10
  16,                                     !- Hour 11
  0,                                      !- Minute 11
  0.696551094890511,                      !- Value Until Time 11
  17,                                     !- Hour 12
  0,                                      !- Minute 12
  0.747518248175182,                      !- Value Until Time 12
  18,                                     !- Hour 13
  0,                                      !- Minute 13
  0.815474452554744,                      !- Value Until Time 13
  19,                                     !- Hour 14
  0,                                      !- Minute 14
  0.849452554744526,                      !- Value Until Time 14
  20,                                     !- Hour 15
  0,                                      !- Minute 15
  0.815474452554744,                      !- Value Until Time 15
  21,                                     !- Hour 16
  0,                                      !- Minute 16
  0.798485401459854,                      !- Value Until Time 16
  22,                                     !- Hour 17
  0,                                      !- Minute 17
  0.781496350364963,                      !- Value Until Time 17
  23,                                     !- Hour 18
  0,                                      !- Minute 18
  0.747518248175182,                      !- Value Until Time 18
  24,                                     !- Hour 19
  0,                                      !- Minute 19
  0.696551094890511;                      !- Value Until Time 19

OS:Schedule:Rule,
  {ab834143-a6f9-4cac-8dd2-ef4bbd500bc0}, !- Handle
  freezer schedule allday ruleset11,      !- Name
  {1cc77726-eacd-4727-8d5b-2f5c3e7a69fa}, !- Schedule Ruleset Name
  1,                                      !- Rule Order
  {33338508-8d17-41fa-a4aa-5a782d6fb714}, !- Day Schedule Name
  Yes,                                    !- Apply Sunday
  Yes,                                    !- Apply Monday
  Yes,                                    !- Apply Tuesday
  Yes,                                    !- Apply Wednesday
  Yes,                                    !- Apply Thursday
  Yes,                                    !- Apply Friday
  Yes,                                    !- Apply Saturday
  DateRange,                              !- Date Specification Type
  11,                                     !- Start Month
  1,                                      !- Start Day
  11,                                     !- End Month
  30;                                     !- End Day

OS:Schedule:Day,
  {33338508-8d17-41fa-a4aa-5a782d6fb714}, !- Handle
  freezer schedule allday11,              !- Name
  {8b28b612-cd64-4214-8d98-f36f80b99a49}, !- Schedule Type Limits Name
  ,                                       !- Interpolate to Timestep
  1,                                      !- Hour 1
  0,                                      !- Minute 1
  0.675182481751825,                      !- Value Until Time 1
  2,                                      !- Hour 2
  0,                                      !- Minute 2
  0.658302919708029,                      !- Value Until Time 2
  3,                                      !- Hour 3
  0,                                      !- Minute 3
  0.641423357664234,                      !- Value Until Time 3
  4,                                      !- Hour 4
  0,                                      !- Minute 4
  0.624543795620438,                      !- Value Until Time 4
  6,                                      !- Hour 5
  0,                                      !- Minute 5
  0.607664233576642,                      !- Value Until Time 5
  7,                                      !- Hour 6
  0,                                      !- Minute 6
  0.641423357664234,                      !- Value Until Time 6
  8,                                      !- Hour 7
  0,                                      !- Minute 7
  0.675182481751825,                      !- Value Until Time 7
  10,                                     !- Hour 8
  0,                                      !- Minute 8
  0.69206204379562,                       !- Value Until Time 8
  12,                                     !- Hour 9
  0,                                      !- Minute 9
  0.675182481751825,                      !- Value Until Time 9
  15,                                     !- Hour 10
  0,                                      !- Minute 10
  0.708941605839416,                      !- Value Until Time 10
  16,                                     !- Hour 11
  0,                                      !- Minute 11
  0.69206204379562,                       !- Value Until Time 11
  17,                                     !- Hour 12
  0,                                      !- Minute 12
  0.742700729927007,                      !- Value Until Time 12
  18,                                     !- Hour 13
  0,                                      !- Minute 13
  0.81021897810219,                       !- Value Until Time 13
  19,                                     !- Hour 14
  0,                                      !- Minute 14
  0.843978102189781,                      !- Value Until Time 14
  20,                                     !- Hour 15
  0,                                      !- Minute 15
  0.81021897810219,                       !- Value Until Time 15
  21,                                     !- Hour 16
  0,                                      !- Minute 16
  0.793339416058394,                      !- Value Until Time 16
  22,                                     !- Hour 17
  0,                                      !- Minute 17
  0.776459854014598,                      !- Value Until Time 17
  23,                                     !- Hour 18
  0,                                      !- Minute 18
  0.742700729927007,                      !- Value Until Time 18
  24,                                     !- Hour 19
  0,                                      !- Minute 19
  0.69206204379562;                       !- Value Until Time 19

OS:Schedule:Rule,
  {feccbfad-c3e4-4541-b54b-8bfb7e5e7a6a}, !- Handle
  freezer schedule allday ruleset12,      !- Name
  {1cc77726-eacd-4727-8d5b-2f5c3e7a69fa}, !- Schedule Ruleset Name
  0,                                      !- Rule Order
  {d1b074c9-f71e-43de-905d-cfe46bfb0248}, !- Day Schedule Name
  Yes,                                    !- Apply Sunday
  Yes,                                    !- Apply Monday
  Yes,                                    !- Apply Tuesday
  Yes,                                    !- Apply Wednesday
  Yes,                                    !- Apply Thursday
  Yes,                                    !- Apply Friday
  Yes,                                    !- Apply Saturday
  DateRange,                              !- Date Specification Type
  12,                                     !- Start Month
  1,                                      !- Start Day
  12,                                     !- End Month
  31;                                     !- End Day

OS:Schedule:Day,
  {d1b074c9-f71e-43de-905d-cfe46bfb0248}, !- Handle
  freezer schedule allday12,              !- Name
  {8b28b612-cd64-4214-8d98-f36f80b99a49}, !- Schedule Type Limits Name
  ,                                       !- Interpolate to Timestep
  1,                                      !- Hour 1
  0,                                      !- Minute 1
  0.610948905109489,                      !- Value Until Time 1
  2,                                      !- Hour 2
  0,                                      !- Minute 2
  0.595675182481752,                      !- Value Until Time 2
  3,                                      !- Hour 3
  0,                                      !- Minute 3
  0.580401459854014,                      !- Value Until Time 3
  4,                                      !- Hour 4
  0,                                      !- Minute 4
  0.565127737226277,                      !- Value Until Time 4
  6,                                      !- Hour 5
  0,                                      !- Minute 5
  0.54985401459854,                       !- Value Until Time 5
  7,                                      !- Hour 6
  0,                                      !- Minute 6
  0.580401459854014,                      !- Value Until Time 6
  8,                                      !- Hour 7
  0,                                      !- Minute 7
  0.610948905109489,                      !- Value Until Time 7
  10,                                     !- Hour 8
  0,                                      !- Minute 8
  0.626222627737226,                      !- Value Until Time 8
  12,                                     !- Hour 9
  0,                                      !- Minute 9
  0.610948905109489,                      !- Value Until Time 9
  15,                                     !- Hour 10
  0,                                      !- Minute 10
  0.641496350364963,                      !- Value Until Time 10
  16,                                     !- Hour 11
  0,                                      !- Minute 11
  0.626222627737226,                      !- Value Until Time 11
  17,                                     !- Hour 12
  0,                                      !- Minute 12
  0.672043795620438,                      !- Value Until Time 12
  18,                                     !- Hour 13
  0,                                      !- Minute 13
  0.733138686131387,                      !- Value Until Time 13
  19,                                     !- Hour 14
  0,                                      !- Minute 14
  0.763686131386861,                      !- Value Until Time 14
  20,                                     !- Hour 15
  0,                                      !- Minute 15
  0.733138686131387,                      !- Value Until Time 15
  21,                                     !- Hour 16
  0,                                      !- Minute 16
  0.717864963503649,                      !- Value Until Time 16
  22,                                     !- Hour 17
  0,                                      !- Minute 17
  0.702591240875912,                      !- Value Until Time 17
  23,                                     !- Hour 18
  0,                                      !- Minute 18
  0.672043795620438,                      !- Value Until Time 18
  24,                                     !- Hour 19
  0,                                      !- Minute 19
  0.626222627737226;                      !- Value Until Time 19

OS:ElectricEquipment:Definition,
  {63f64a68-b2f4-4329-a351-e45bfaff2807}, !- Handle
  freezer,                                !- Name
  EquipmentLevel,                         !- Design Level Calculation Method
  47.9573463212955,                       !- Design Level {W}
  ,                                       !- Watts per Space Floor Area {W/m2}
  ,                                       !- Watts per Person {W/person}
  0,                                      !- Fraction Latent
  0.6,                                    !- Fraction Radiant
  0;                                      !- Fraction Lost

OS:ElectricEquipment,
  {f82fa34e-0b33-4fde-aa23-3c7f3b677854}, !- Handle
  freezer,                                !- Name
  {63f64a68-b2f4-4329-a351-e45bfaff2807}, !- Electric Equipment Definition Name
  {c1e34a1f-1e7f-4d7e-89e5-3f484d37503d}, !- Space or SpaceType Name
  {1cc77726-eacd-4727-8d5b-2f5c3e7a69fa}, !- Schedule Name
  ,                                       !- Multiplier
  freezer;                                !- End-Use Subcategory

OS:Schedule:File,
  {5227f6ce-bf8e-446b-92bf-8101e3aa8250}, !- Handle
  cooking_range,                          !- Name
  {8b28b612-cd64-4214-8d98-f36f80b99a49}, !- Schedule Type Limits Name
  {751edda1-ee34-4265-bfc1-2af7ad9fe9f0}, !- External File Name
  4,                                      !- Column Number
  1,                                      !- Rows to Skip at Top
  8760,                                   !- Number of Hours of Data
  ,                                       !- Column Separator
  ,                                       !- Interpolate to Timestep
  15,                                     !- Minutes per Item
  ,                                       !- Adjust Schedule for Daylight Savings
  Yes;                                    !- Translate File With Relative Path

OS:ElectricEquipment:Definition,
  {f129d0e4-ae4d-4b03-984c-57a5119a52df}, !- Handle
  cooking range,                          !- Name
  EquipmentLevel,                         !- Design Level Calculation Method
  806.453418815631,                       !- Design Level {W}
  ,                                       !- Watts per Space Floor Area {W/m2}
  ,                                       !- Watts per Person {W/person}
  0.0799999999999999,                     !- Fraction Latent
  0.432,                                  !- Fraction Radiant
  0.2;                                    !- Fraction Lost

OS:ElectricEquipment,
  {101c399d-e546-4e30-ace4-0ee16109ca6f}, !- Handle
  cooking range,                          !- Name
  {f129d0e4-ae4d-4b03-984c-57a5119a52df}, !- Electric Equipment Definition Name
  {b204bd97-7d65-4c4e-91e4-774935512ef2}, !- Space or SpaceType Name
  {5227f6ce-bf8e-446b-92bf-8101e3aa8250}, !- Schedule Name
  ,                                       !- Multiplier
  cooking range;                          !- End-Use Subcategory

OS:Schedule:FixedInterval,
  {73e64b60-7428-44b5-a22d-3af93c2bab5b}, !- Handle
  mains temperature schedule,             !- Name
  {253afd1c-ac24-4a05-8c58-e5855a061bb3}, !- Schedule Type Limits Name
  ,                                       !- Translate to Schedule File
  ,                                       !- Interpolate to Timestep
  1440,                                   !- Interval Length {minutes}
  ,                                       !- Out Of Range Value
  1,                                      !- Start Month
  1,                                      !- Start Day
  17.8933333333333,                       !- Value 1
  17.8544444444444,                       !- Value 2
  17.8166666666667,                       !- Value 3
  17.7805555555556,                       !- Value 4
  17.7455555555556,                       !- Value 5
  17.7122222222222,                       !- Value 6
  17.6805555555556,                       !- Value 7
  17.65,                                  !- Value 8
  17.6211111111111,                       !- Value 9
  17.5933333333333,                       !- Value 10
  17.5677777777778,                       !- Value 11
  17.5433333333333,                       !- Value 12
  17.5205555555556,                       !- Value 13
  17.4988888888889,                       !- Value 14
  17.4794444444444,                       !- Value 15
  17.4611111111111,                       !- Value 16
  17.4444444444444,                       !- Value 17
  17.4288888888889,                       !- Value 18
  17.4155555555556,                       !- Value 19
  17.4033333333333,                       !- Value 20
  17.3927777777778,                       !- Value 21
  17.3838888888889,                       !- Value 22
  17.3766666666667,                       !- Value 23
  17.3711111111111,                       !- Value 24
  17.3666666666667,                       !- Value 25
  17.3638888888889,                       !- Value 26
  17.3633333333333,                       !- Value 27
  17.3633333333333,                       !- Value 28
  17.3655555555556,                       !- Value 29
  17.3694444444444,                       !- Value 30
  17.3744444444444,                       !- Value 31
  17.3816666666667,                       !- Value 32
  17.39,                                  !- Value 33
  17.4,                                   !- Value 34
  17.4111111111111,                       !- Value 35
  17.4244444444444,                       !- Value 36
  17.4388888888889,                       !- Value 37
  17.455,                                 !- Value 38
  17.4727777777778,                       !- Value 39
  17.4922222222222,                       !- Value 40
  17.5127777777778,                       !- Value 41
  17.5355555555556,                       !- Value 42
  17.5594444444444,                       !- Value 43
  17.5844444444444,                       !- Value 44
  17.6116666666667,                       !- Value 45
  17.64,                                  !- Value 46
  17.67,                                  !- Value 47
  17.7011111111111,                       !- Value 48
  17.7338888888889,                       !- Value 49
  17.7683333333333,                       !- Value 50
  17.8044444444444,                       !- Value 51
  17.8416666666667,                       !- Value 52
  17.88,                                  !- Value 53
  17.92,                                  !- Value 54
  17.9616666666667,                       !- Value 55
  18.0044444444444,                       !- Value 56
  18.0488888888889,                       !- Value 57
  18.0944444444444,                       !- Value 58
  18.1416666666667,                       !- Value 59
  18.19,                                  !- Value 60
  18.2394444444444,                       !- Value 61
  18.2905555555556,                       !- Value 62
  18.3427777777778,                       !- Value 63
  18.3966666666667,                       !- Value 64
  18.4511111111111,                       !- Value 65
  18.5072222222222,                       !- Value 66
  18.565,                                 !- Value 67
  18.6233333333333,                       !- Value 68
  18.6833333333333,                       !- Value 69
  18.7438888888889,                       !- Value 70
  18.8061111111111,                       !- Value 71
  18.8694444444444,                       !- Value 72
  18.9338888888889,                       !- Value 73
  18.9994444444444,                       !- Value 74
  19.0661111111111,                       !- Value 75
  19.1338888888889,                       !- Value 76
  19.2022222222222,                       !- Value 77
  19.2722222222222,                       !- Value 78
  19.3427777777778,                       !- Value 79
  19.4144444444444,                       !- Value 80
  19.4872222222222,                       !- Value 81
  19.5611111111111,                       !- Value 82
  19.6355555555556,                       !- Value 83
  19.7111111111111,                       !- Value 84
  19.7877777777778,                       !- Value 85
  19.865,                                 !- Value 86
  19.9427777777778,                       !- Value 87
  20.0216666666667,                       !- Value 88
  20.1016666666667,                       !- Value 89
  20.1816666666667,                       !- Value 90
  20.2627777777778,                       !- Value 91
  20.345,                                 !- Value 92
  20.4277777777778,                       !- Value 93
  20.5105555555556,                       !- Value 94
  20.5944444444444,                       !- Value 95
  20.6794444444444,                       !- Value 96
  20.7644444444444,                       !- Value 97
  20.85,                                  !- Value 98
  20.9361111111111,                       !- Value 99
  21.0227777777778,                       !- Value 100
  21.11,                                  !- Value 101
  21.1977777777778,                       !- Value 102
  21.2861111111111,                       !- Value 103
  21.3744444444444,                       !- Value 104
  21.4633333333333,                       !- Value 105
  21.5527777777778,                       !- Value 106
  21.6422222222222,                       !- Value 107
  21.7322222222222,                       !- Value 108
  21.8227777777778,                       !- Value 109
  21.9133333333333,                       !- Value 110
  22.0038888888889,                       !- Value 111
  22.0944444444444,                       !- Value 112
  22.1855555555556,                       !- Value 113
  22.2772222222222,                       !- Value 114
  22.3683333333333,                       !- Value 115
  22.46,                                  !- Value 116
  22.5511111111111,                       !- Value 117
  22.6427777777778,                       !- Value 118
  22.7344444444444,                       !- Value 119
  22.8261111111111,                       !- Value 120
  22.9177777777778,                       !- Value 121
  23.0088888888889,                       !- Value 122
  23.1005555555556,                       !- Value 123
  23.1916666666667,                       !- Value 124
  23.2827777777778,                       !- Value 125
  23.3733333333333,                       !- Value 126
  23.4638888888889,                       !- Value 127
  23.5544444444444,                       !- Value 128
  23.645,                                 !- Value 129
  23.7344444444444,                       !- Value 130
  23.8244444444444,                       !- Value 131
  23.9133333333333,                       !- Value 132
  24.0022222222222,                       !- Value 133
  24.0911111111111,                       !- Value 134
  24.1788888888889,                       !- Value 135
  24.2666666666667,                       !- Value 136
  24.3538888888889,                       !- Value 137
  24.4405555555556,                       !- Value 138
  24.5266666666667,                       !- Value 139
  24.6122222222222,                       !- Value 140
  24.6972222222222,                       !- Value 141
  24.7816666666667,                       !- Value 142
  24.8655555555556,                       !- Value 143
  24.9488888888889,                       !- Value 144
  25.0316666666667,                       !- Value 145
  25.1133333333333,                       !- Value 146
  25.1944444444444,                       !- Value 147
  25.2744444444444,                       !- Value 148
  25.3544444444444,                       !- Value 149
  25.4333333333333,                       !- Value 150
  25.5111111111111,                       !- Value 151
  25.5883333333333,                       !- Value 152
  25.6644444444444,                       !- Value 153
  25.74,                                  !- Value 154
  25.8144444444444,                       !- Value 155
  25.8877777777778,                       !- Value 156
  25.9605555555556,                       !- Value 157
  26.0322222222222,                       !- Value 158
  26.1027777777778,                       !- Value 159
  26.1727777777778,                       !- Value 160
  26.2411111111111,                       !- Value 161
  26.3088888888889,                       !- Value 162
  26.375,                                 !- Value 163
  26.4405555555556,                       !- Value 164
  26.505,                                 !- Value 165
  26.5677777777778,                       !- Value 166
  26.63,                                  !- Value 167
  26.6911111111111,                       !- Value 168
  26.7505555555556,                       !- Value 169
  26.8088888888889,                       !- Value 170
  26.8661111111111,                       !- Value 171
  26.9222222222222,                       !- Value 172
  26.9766666666667,                       !- Value 173
  27.0305555555556,                       !- Value 174
  27.0827777777778,                       !- Value 175
  27.1333333333333,                       !- Value 176
  27.1827777777778,                       !- Value 177
  27.2311111111111,                       !- Value 178
  27.2777777777778,                       !- Value 179
  27.3233333333333,                       !- Value 180
  27.3677777777778,                       !- Value 181
  27.4105555555556,                       !- Value 182
  27.4516666666667,                       !- Value 183
  27.4916666666667,                       !- Value 184
  27.53,                                  !- Value 185
  27.5672222222222,                       !- Value 186
  27.6027777777778,                       !- Value 187
  27.6372222222222,                       !- Value 188
  27.67,                                  !- Value 189
  27.7011111111111,                       !- Value 190
  27.7305555555556,                       !- Value 191
  27.7588888888889,                       !- Value 192
  27.7855555555556,                       !- Value 193
  27.8111111111111,                       !- Value 194
  27.8344444444444,                       !- Value 195
  27.8566666666667,                       !- Value 196
  27.8777777777778,                       !- Value 197
  27.8966666666667,                       !- Value 198
  27.9144444444444,                       !- Value 199
  27.93,                                  !- Value 200
  27.945,                                 !- Value 201
  27.9577777777778,                       !- Value 202
  27.9688888888889,                       !- Value 203
  27.9788888888889,                       !- Value 204
  27.9872222222222,                       !- Value 205
  27.9938888888889,                       !- Value 206
  27.9988888888889,                       !- Value 207
  28.0022222222222,                       !- Value 208
  28.0044444444444,                       !- Value 209
  28.0044444444444,                       !- Value 210
  28.0033333333333,                       !- Value 211
  28.0005555555556,                       !- Value 212
  27.9961111111111,                       !- Value 213
  27.99,                                  !- Value 214
  27.9827777777778,                       !- Value 215
  27.9733333333333,                       !- Value 216
  27.9627777777778,                       !- Value 217
  27.9505555555556,                       !- Value 218
  27.9372222222222,                       !- Value 219
  27.9216666666667,                       !- Value 220
  27.905,                                 !- Value 221
  27.8861111111111,                       !- Value 222
  27.8661111111111,                       !- Value 223
  27.845,                                 !- Value 224
  27.8216666666667,                       !- Value 225
  27.7972222222222,                       !- Value 226
  27.7711111111111,                       !- Value 227
  27.7438888888889,                       !- Value 228
  27.7144444444444,                       !- Value 229
  27.6838888888889,                       !- Value 230
  27.6522222222222,                       !- Value 231
  27.6183333333333,                       !- Value 232
  27.5833333333333,                       !- Value 233
  27.5472222222222,                       !- Value 234
  27.5094444444444,                       !- Value 235
  27.47,                                  !- Value 236
  27.4288888888889,                       !- Value 237
  27.3872222222222,                       !- Value 238
  27.3433333333333,                       !- Value 239
  27.2988888888889,                       !- Value 240
  27.2522222222222,                       !- Value 241
  27.205,                                 !- Value 242
  27.1555555555556,                       !- Value 243
  27.1055555555556,                       !- Value 244
  27.0538888888889,                       !- Value 245
  27.0011111111111,                       !- Value 246
  26.9466666666667,                       !- Value 247
  26.8916666666667,                       !- Value 248
  26.835,                                 !- Value 249
  26.7772222222222,                       !- Value 250
  26.7177777777778,                       !- Value 251
  26.6577777777778,                       !- Value 252
  26.5961111111111,                       !- Value 253
  26.5333333333333,                       !- Value 254
  26.4694444444444,                       !- Value 255
  26.405,                                 !- Value 256
  26.3388888888889,                       !- Value 257
  26.2716666666667,                       !- Value 258
  26.2033333333333,                       !- Value 259
  26.1344444444444,                       !- Value 260
  26.0638888888889,                       !- Value 261
  25.9927777777778,                       !- Value 262
  25.9205555555556,                       !- Value 263
  25.8477777777778,                       !- Value 264
  25.7733333333333,                       !- Value 265
  25.6983333333333,                       !- Value 266
  25.6227777777778,                       !- Value 267
  25.5461111111111,                       !- Value 268
  25.4683333333333,                       !- Value 269
  25.39,                                  !- Value 270
  25.3105555555556,                       !- Value 271
  25.2305555555556,                       !- Value 272
  25.15,                                  !- Value 273
  25.0683333333333,                       !- Value 274
  24.9861111111111,                       !- Value 275
  24.9033333333333,                       !- Value 276
  24.8194444444444,                       !- Value 277
  24.7355555555556,                       !- Value 278
  24.6505555555556,                       !- Value 279
  24.5655555555556,                       !- Value 280
  24.4794444444444,                       !- Value 281
  24.3927777777778,                       !- Value 282
  24.3061111111111,                       !- Value 283
  24.2183333333333,                       !- Value 284
  24.1305555555556,                       !- Value 285
  24.0422222222222,                       !- Value 286
  23.9538888888889,                       !- Value 287
  23.8644444444444,                       !- Value 288
  23.775,                                 !- Value 289
  23.6855555555556,                       !- Value 290
  23.595,                                 !- Value 291
  23.505,                                 !- Value 292
  23.4144444444444,                       !- Value 293
  23.3233333333333,                       !- Value 294
  23.2322222222222,                       !- Value 295
  23.1411111111111,                       !- Value 296
  23.05,                                  !- Value 297
  22.9588888888889,                       !- Value 298
  22.8672222222222,                       !- Value 299
  22.7755555555556,                       !- Value 300
  22.6838888888889,                       !- Value 301
  22.5927777777778,                       !- Value 302
  22.5011111111111,                       !- Value 303
  22.4094444444444,                       !- Value 304
  22.3183333333333,                       !- Value 305
  22.2266666666667,                       !- Value 306
  22.1355555555556,                       !- Value 307
  22.0444444444444,                       !- Value 308
  21.9538888888889,                       !- Value 309
  21.8633333333333,                       !- Value 310
  21.7727777777778,                       !- Value 311
  21.6827777777778,                       !- Value 312
  21.5933333333333,                       !- Value 313
  21.5038888888889,                       !- Value 314
  21.4144444444444,                       !- Value 315
  21.3255555555556,                       !- Value 316
  21.2372222222222,                       !- Value 317
  21.1494444444444,                       !- Value 318
  21.0622222222222,                       !- Value 319
  20.975,                                 !- Value 320
  20.8888888888889,                       !- Value 321
  20.8027777777778,                       !- Value 322
  20.7172222222222,                       !- Value 323
  20.6327777777778,                       !- Value 324
  20.5483333333333,                       !- Value 325
  20.465,                                 !- Value 326
  20.3822222222222,                       !- Value 327
  20.3,                                   !- Value 328
  20.2183333333333,                       !- Value 329
  20.1377777777778,                       !- Value 330
  20.0577777777778,                       !- Value 331
  19.9783333333333,                       !- Value 332
  19.9,                                   !- Value 333
  19.8222222222222,                       !- Value 334
  19.7455555555556,                       !- Value 335
  19.6694444444444,                       !- Value 336
  19.5944444444444,                       !- Value 337
  19.5205555555556,                       !- Value 338
  19.4472222222222,                       !- Value 339
  19.375,                                 !- Value 340
  19.3038888888889,                       !- Value 341
  19.2338888888889,                       !- Value 342
  19.1644444444444,                       !- Value 343
  19.0961111111111,                       !- Value 344
  19.0294444444444,                       !- Value 345
  18.9633333333333,                       !- Value 346
  18.8983333333333,                       !- Value 347
  18.8344444444444,                       !- Value 348
  18.7716666666667,                       !- Value 349
  18.7105555555556,                       !- Value 350
  18.65,                                  !- Value 351
  18.5911111111111,                       !- Value 352
  18.5333333333333,                       !- Value 353
  18.4766666666667,                       !- Value 354
  18.4211111111111,                       !- Value 355
  18.3666666666667,                       !- Value 356
  18.3138888888889,                       !- Value 357
  18.2622222222222,                       !- Value 358
  18.2122222222222,                       !- Value 359
  18.1633333333333,                       !- Value 360
  18.1155555555556,                       !- Value 361
  18.0694444444444,                       !- Value 362
  18.0244444444444,                       !- Value 363
  17.9811111111111,                       !- Value 364
  17.9388888888889;                       !- Value 365

OS:Site:WaterMainsTemperature,
  {8240fed8-3d04-41bb-bd8e-52edab235386}, !- Handle
  Schedule,                               !- Calculation Method
  {73e64b60-7428-44b5-a22d-3af93c2bab5b}; !- Temperature Schedule Name

OS:Schedule:Constant,
  {efffedd0-23e7-4d2e-b944-535ddd71c6d2}, !- Handle
  mixed water temperature schedule,       !- Name
  {253afd1c-ac24-4a05-8c58-e5855a061bb3}, !- Schedule Type Limits Name
  40.5555555555556;                       !- Value

OS:Schedule:File,
  {4c52e518-c93a-43c9-922d-397d30482112}, !- Handle
  hot_water_fixtures,                     !- Name
  {8b28b612-cd64-4214-8d98-f36f80b99a49}, !- Schedule Type Limits Name
  {751edda1-ee34-4265-bfc1-2af7ad9fe9f0}, !- External File Name
  13,                                     !- Column Number
  1,                                      !- Rows to Skip at Top
  8760,                                   !- Number of Hours of Data
  ,                                       !- Column Separator
  ,                                       !- Interpolate to Timestep
  15,                                     !- Minutes per Item
  ,                                       !- Adjust Schedule for Daylight Savings
  Yes;                                    !- Translate File With Relative Path

OS:WaterUse:Equipment:Definition,
  {958cfab5-f4aa-4ec3-8af8-6b3c38beb2c1}, !- Handle
  dhw fixtures,                           !- Name
  dhw fixtures,                           !- End-Use Subcategory
  3.25702168590921e-05,                   !- Peak Flow Rate {m3/s}
  {efffedd0-23e7-4d2e-b944-535ddd71c6d2}; !- Target Temperature Schedule Name

OS:WaterUse:Equipment,
  {4f56e633-4dab-408d-97c9-3a112560b52b}, !- Handle
  dhw fixtures,                           !- Name
  {958cfab5-f4aa-4ec3-8af8-6b3c38beb2c1}, !- Water Use Equipment Definition Name
  ,                                       !- Space Name
  {4c52e518-c93a-43c9-922d-397d30482112}; !- Flow Rate Fraction Schedule Name

OS:WaterUse:Equipment:Definition,
  {3186f6c1-98aa-4701-9711-22effc1a6489}, !- Handle
  dhw distribution waste,                 !- Name
  dhw distribution waste,                 !- End-Use Subcategory
  8.7209161528308e-06,                    !- Peak Flow Rate {m3/s}
  {efffedd0-23e7-4d2e-b944-535ddd71c6d2}; !- Target Temperature Schedule Name

OS:WaterUse:Equipment,
  {da121f45-9a6f-484c-bd1d-8dfe22e3f3de}, !- Handle
  dhw distribution waste,                 !- Name
  {3186f6c1-98aa-4701-9711-22effc1a6489}, !- Water Use Equipment Definition Name
  ,                                       !- Space Name
  {4c52e518-c93a-43c9-922d-397d30482112}; !- Flow Rate Fraction Schedule Name

OS:Schedule:File,
  {e6f01f32-28dc-467c-b9d5-e98f85504e3a}, !- Handle
  hot_water_clothes_washer,               !- Name
  {8b28b612-cd64-4214-8d98-f36f80b99a49}, !- Schedule Type Limits Name
  {751edda1-ee34-4265-bfc1-2af7ad9fe9f0}, !- External File Name
  12,                                     !- Column Number
  1,                                      !- Rows to Skip at Top
  8760,                                   !- Number of Hours of Data
  ,                                       !- Column Separator
  ,                                       !- Interpolate to Timestep
  15,                                     !- Minutes per Item
  ,                                       !- Adjust Schedule for Daylight Savings
  Yes;                                    !- Translate File With Relative Path

OS:WaterUse:Equipment:Definition,
  {e442d681-c89c-4ad3-b08c-309de49b4bae}, !- Handle
  clothes washer,                         !- Name
  clothes washer,                         !- End-Use Subcategory
  7.27639166546803e-06;                   !- Peak Flow Rate {m3/s}

OS:WaterUse:Equipment,
  {649ed9d5-3460-47b9-9f9a-9e57313c88d0}, !- Handle
  clothes washer,                         !- Name
  {e442d681-c89c-4ad3-b08c-309de49b4bae}, !- Water Use Equipment Definition Name
  ,                                       !- Space Name
  {e6f01f32-28dc-467c-b9d5-e98f85504e3a}; !- Flow Rate Fraction Schedule Name

OS:Schedule:File,
  {471ef96b-3c0a-4df8-a23f-dabf18f7e20e}, !- Handle
  hot_water_dishwasher,                   !- Name
  {8b28b612-cd64-4214-8d98-f36f80b99a49}, !- Schedule Type Limits Name
  {751edda1-ee34-4265-bfc1-2af7ad9fe9f0}, !- External File Name
  11,                                     !- Column Number
  1,                                      !- Rows to Skip at Top
  8760,                                   !- Number of Hours of Data
  ,                                       !- Column Separator
  ,                                       !- Interpolate to Timestep
  15,                                     !- Minutes per Item
  ,                                       !- Adjust Schedule for Daylight Savings
  Yes;                                    !- Translate File With Relative Path

OS:WaterUse:Equipment:Definition,
  {e3f933ad-b7ee-466c-8eb7-66fe3e7d7fce}, !- Handle
  dishwasher,                             !- Name
  dishwasher,                             !- End-Use Subcategory
  3.9309336530974e-06;                    !- Peak Flow Rate {m3/s}

OS:WaterUse:Equipment,
  {b422bcfe-65b2-4418-ad4f-cbefac877654}, !- Handle
  dishwasher,                             !- Name
  {e3f933ad-b7ee-466c-8eb7-66fe3e7d7fce}, !- Water Use Equipment Definition Name
  ,                                       !- Space Name
  {471ef96b-3c0a-4df8-a23f-dabf18f7e20e}; !- Flow Rate Fraction Schedule Name

OS:OtherEquipment:Definition,
  {cbe79f71-546c-4747-b7b1-ed2d6951c6ba}, !- Handle
  water sensible,                         !- Name
  EquipmentLevel,                         !- Design Level Calculation Method
  -439.030178326311,                      !- Design Level {W}
  ,                                       !- Watts per Space Floor Area {W/m2}
  ,                                       !- Watts per Person {W/Person}
  0,                                      !- Fraction Latent
  0.6,                                    !- Fraction Radiant
  0;                                      !- Fraction Lost

OS:OtherEquipment,
  {4feae0e1-5bcf-47d3-8c54-8fc6c6510916}, !- Handle
  water sensible,                         !- Name
  {cbe79f71-546c-4747-b7b1-ed2d6951c6ba}, !- Other Equipment Definition Name
  {b204bd97-7d65-4c4e-91e4-774935512ef2}, !- Space or SpaceType Name
  {4c52e518-c93a-43c9-922d-397d30482112}, !- Schedule Name
  ,                                       !- Multiplier
  None,                                   !- Fuel Type
  water sensible;                         !- End-Use Subcategory

OS:OtherEquipment:Definition,
  {70bfbf50-54ab-4b7e-acb0-f8f439570790}, !- Handle
  water latent,                           !- Name
  EquipmentLevel,                         !- Design Level Calculation Method
  445.470718839655,                       !- Design Level {W}
  ,                                       !- Watts per Space Floor Area {W/m2}
  ,                                       !- Watts per Person {W/Person}
  1,                                      !- Fraction Latent
  0,                                      !- Fraction Radiant
  0;                                      !- Fraction Lost

OS:OtherEquipment,
  {0878b7e4-c5a2-4cce-b689-482414b11c62}, !- Handle
  water latent,                           !- Name
  {70bfbf50-54ab-4b7e-acb0-f8f439570790}, !- Other Equipment Definition Name
  {b204bd97-7d65-4c4e-91e4-774935512ef2}, !- Space or SpaceType Name
  {4c52e518-c93a-43c9-922d-397d30482112}, !- Schedule Name
  ,                                       !- Multiplier
  None,                                   !- Fuel Type
  water latent;                           !- End-Use Subcategory

OS:Schedule:File,
  {2faeebe7-402f-4fc6-aa26-5cd2a76e69b9}, !- Handle
  plug_loads_other,                       !- Name
  {8b28b612-cd64-4214-8d98-f36f80b99a49}, !- Schedule Type Limits Name
  {751edda1-ee34-4265-bfc1-2af7ad9fe9f0}, !- External File Name
  9,                                      !- Column Number
  1,                                      !- Rows to Skip at Top
  8760,                                   !- Number of Hours of Data
  ,                                       !- Column Separator
  ,                                       !- Interpolate to Timestep
  15,                                     !- Minutes per Item
  ,                                       !- Adjust Schedule for Daylight Savings
  Yes;                                    !- Translate File With Relative Path

OS:ElectricEquipment:Definition,
  {55565886-46a5-4f0a-8806-ed6a282e2e96}, !- Handle
  misc plug loads,                        !- Name
  EquipmentLevel,                         !- Design Level Calculation Method
  324.572935987833,                       !- Design Level {W}
  ,                                       !- Watts per Space Floor Area {W/m2}
  ,                                       !- Watts per Person {W/person}
  0.021,                                  !- Fraction Latent
  0.558,                                  !- Fraction Radiant
  0.0489999999999999;                     !- Fraction Lost

OS:ElectricEquipment,
  {77d3f5b1-7ae1-4040-afa9-68606cdda7f1}, !- Handle
  misc plug loads,                        !- Name
  {55565886-46a5-4f0a-8806-ed6a282e2e96}, !- Electric Equipment Definition Name
  {b204bd97-7d65-4c4e-91e4-774935512ef2}, !- Space or SpaceType Name
  {2faeebe7-402f-4fc6-aa26-5cd2a76e69b9}, !- Schedule Name
  ,                                       !- Multiplier
  misc plug loads;                        !- End-Use Subcategory

OS:Schedule:File,
  {13bcc97b-52ad-4870-a54b-698a53ca85a7}, !- Handle
  lighting_interior,                      !- Name
  {8b28b612-cd64-4214-8d98-f36f80b99a49}, !- Schedule Type Limits Name
  {751edda1-ee34-4265-bfc1-2af7ad9fe9f0}, !- External File Name
  2,                                      !- Column Number
  1,                                      !- Rows to Skip at Top
  8760,                                   !- Number of Hours of Data
  ,                                       !- Column Separator
  ,                                       !- Interpolate to Timestep
  15,                                     !- Minutes per Item
  ,                                       !- Adjust Schedule for Daylight Savings
  Yes;                                    !- Translate File With Relative Path

OS:Lights:Definition,
  {2c0bcb93-fed4-4cfc-81f7-85332ba826c8}, !- Handle
  interior lighting,                      !- Name
  LightingLevel,                          !- Design Level Calculation Method
  177.705244367189,                       !- Lighting Level {W}
  ,                                       !- Watts per Space Floor Area {W/m2}
  ,                                       !- Watts per Person {W/person}
  0.6,                                    !- Fraction Radiant
  0.2,                                    !- Fraction Visible
  0;                                      !- Return Air Fraction

OS:Lights,
  {15609626-81ec-4b72-811d-0d711951300a}, !- Handle
  interior lighting,                      !- Name
  {2c0bcb93-fed4-4cfc-81f7-85332ba826c8}, !- Lights Definition Name
  {b204bd97-7d65-4c4e-91e4-774935512ef2}, !- Space or SpaceType Name
  {13bcc97b-52ad-4870-a54b-698a53ca85a7}, !- Schedule Name
  1,                                      !- Fraction Replaceable
  ,                                       !- Multiplier
  interior lighting;                      !- End-Use Subcategory

OS:Schedule:File,
  {a4c85b3a-d252-418f-be77-ddf29a06bbfc}, !- Handle
  lighting_garage,                        !- Name
  {8b28b612-cd64-4214-8d98-f36f80b99a49}, !- Schedule Type Limits Name
  {751edda1-ee34-4265-bfc1-2af7ad9fe9f0}, !- External File Name
  3,                                      !- Column Number
  1,                                      !- Rows to Skip at Top
  8760,                                   !- Number of Hours of Data
  ,                                       !- Column Separator
  ,                                       !- Interpolate to Timestep
  15,                                     !- Minutes per Item
  ,                                       !- Adjust Schedule for Daylight Savings
  Yes;                                    !- Translate File With Relative Path

OS:Lights:Definition,
  {5e2d9c5c-d361-415f-a87e-78b9b3ec18d0}, !- Handle
  garage lighting,                        !- Name
  LightingLevel,                          !- Design Level Calculation Method
  7.85961628119355,                       !- Lighting Level {W}
  ,                                       !- Watts per Space Floor Area {W/m2}
  ,                                       !- Watts per Person {W/person}
  0.6,                                    !- Fraction Radiant
  0.2,                                    !- Fraction Visible
  0;                                      !- Return Air Fraction

OS:Lights,
  {6ffe51e3-76e5-468a-bfaf-995d1b343cdf}, !- Handle
  garage lighting,                        !- Name
  {5e2d9c5c-d361-415f-a87e-78b9b3ec18d0}, !- Lights Definition Name
  {c1e34a1f-1e7f-4d7e-89e5-3f484d37503d}, !- Space or SpaceType Name
  {a4c85b3a-d252-418f-be77-ddf29a06bbfc}, !- Schedule Name
  1,                                      !- Fraction Replaceable
  ,                                       !- Multiplier
  garage lighting;                        !- End-Use Subcategory

OS:Schedule:Ruleset,
  {6a69b67d-d51e-4306-9eb4-6e78b3c675eb}, !- Handle
  exterior lighting schedule,             !- Name
  {8b28b612-cd64-4214-8d98-f36f80b99a49}, !- Schedule Type Limits Name
  {b36fd91a-cb5f-4da2-b5ca-b228afe135bb}; !- Default Day Schedule Name

OS:Schedule:Day,
  {b36fd91a-cb5f-4da2-b5ca-b228afe135bb}, !- Handle
  exterior lighting schedule default day, !- Name
  {8b28b612-cd64-4214-8d98-f36f80b99a49}, !- Schedule Type Limits Name
  ,                                       !- Interpolate to Timestep
  24,                                     !- Hour 1
  0,                                      !- Minute 1
  0;                                      !- Value Until Time 1

OS:Schedule:Rule,
  {d23a58c3-290e-4596-9a17-a646151d0ac9}, !- Handle
  exterior lighting schedule weekday ruleset1, !- Name
  {6a69b67d-d51e-4306-9eb4-6e78b3c675eb}, !- Schedule Ruleset Name
  21,                                     !- Rule Order
  {b089a2f6-26c7-486c-9f66-0770dc80bf7e}, !- Day Schedule Name
  ,                                       !- Apply Sunday
  Yes,                                    !- Apply Monday
  Yes,                                    !- Apply Tuesday
  Yes,                                    !- Apply Wednesday
  Yes,                                    !- Apply Thursday
  Yes,                                    !- Apply Friday
  ,                                       !- Apply Saturday
  DateRange,                              !- Date Specification Type
  1,                                      !- Start Month
  1,                                      !- Start Day
  1,                                      !- End Month
  31;                                     !- End Day

OS:Schedule:Day,
  {b089a2f6-26c7-486c-9f66-0770dc80bf7e}, !- Handle
  exterior lighting schedule weekday1,    !- Name
  {8b28b612-cd64-4214-8d98-f36f80b99a49}, !- Schedule Type Limits Name
  ,                                       !- Interpolate to Timestep
  5,                                      !- Hour 1
  0,                                      !- Minute 1
  0.434958518013411,                      !- Value Until Time 1
  6,                                      !- Hour 2
  0,                                      !- Minute 2
  0.349857938402091,                      !- Value Until Time 2
  7,                                      !- Hour 3
  0,                                      !- Minute 3
  0.330946698488465,                      !- Value Until Time 3
  8,                                      !- Hour 4
  0,                                      !- Minute 4
  0.321491078531651,                      !- Value Until Time 4
  9,                                      !- Hour 5
  0,                                      !- Minute 5
  0.312035458574838,                      !- Value Until Time 5
  10,                                     !- Hour 6
  0,                                      !- Minute 6
  0.264757358790772,                      !- Value Until Time 6
  11,                                     !- Hour 7
  0,                                      !- Minute 7
  0.208023639049892,                      !- Value Until Time 7
  12,                                     !- Hour 8
  0,                                      !- Minute 8
  0.141834299352199,                      !- Value Until Time 8
  13,                                     !- Hour 9
  0,                                      !- Minute 9
  0.113467439481759,                      !- Value Until Time 9
  15,                                     !- Hour 10
  0,                                      !- Minute 10
  0.104011819524946,                      !- Value Until Time 10
  16,                                     !- Hour 11
  0,                                      !- Minute 11
  0.113467439481759,                      !- Value Until Time 11
  17,                                     !- Hour 12
  0,                                      !- Minute 12
  0.179656779179452,                      !- Value Until Time 12
  18,                                     !- Hour 13
  0,                                      !- Minute 13
  0.349857938402091,                      !- Value Until Time 13
  19,                                     !- Hour 14
  0,                                      !- Minute 14
  0.463325377883851,                      !- Value Until Time 14
  20,                                     !- Hour 15
  0,                                      !- Minute 15
  0.614615297192863,                      !- Value Until Time 15
  21,                                     !- Hour 16
  0,                                      !- Minute 16
  0.860461416070008,                      !- Value Until Time 16
  22,                                     !- Hour 17
  0,                                      !- Minute 17
  0.992840095465394,                      !- Value Until Time 17
  23,                                     !- Hour 18
  0,                                      !- Minute 18
  0.860461416070008,                      !- Value Until Time 18
  24,                                     !- Hour 19
  0,                                      !- Minute 19
  0.595704057279236;                      !- Value Until Time 19

OS:Schedule:Rule,
  {daf89908-0f9d-4cb2-b059-46da1cba70c8}, !- Handle
  exterior lighting schedule weekend ruleset1, !- Name
  {6a69b67d-d51e-4306-9eb4-6e78b3c675eb}, !- Schedule Ruleset Name
  20,                                     !- Rule Order
  {707d73d4-3ec9-4311-9438-410f0bd5080a}, !- Day Schedule Name
  Yes,                                    !- Apply Sunday
  ,                                       !- Apply Monday
  ,                                       !- Apply Tuesday
  ,                                       !- Apply Wednesday
  ,                                       !- Apply Thursday
  ,                                       !- Apply Friday
  Yes,                                    !- Apply Saturday
  DateRange,                              !- Date Specification Type
  1,                                      !- Start Month
  1,                                      !- Start Day
  1,                                      !- End Month
  31;                                     !- End Day

OS:Schedule:Day,
  {707d73d4-3ec9-4311-9438-410f0bd5080a}, !- Handle
  exterior lighting schedule weekend1,    !- Name
  {8b28b612-cd64-4214-8d98-f36f80b99a49}, !- Schedule Type Limits Name
  ,                                       !- Interpolate to Timestep
  2,                                      !- Hour 1
  0,                                      !- Minute 1
  0.434958518013411,                      !- Value Until Time 1
  4,                                      !- Hour 2
  0,                                      !- Minute 2
  0.425502898056597,                      !- Value Until Time 2
  5,                                      !- Hour 3
  0,                                      !- Minute 3
  0.434958518013411,                      !- Value Until Time 3
  6,                                      !- Hour 4
  0,                                      !- Minute 4
  0.425502898056597,                      !- Value Until Time 4
  7,                                      !- Hour 5
  0,                                      !- Minute 5
  0.416047278099784,                      !- Value Until Time 5
  8,                                      !- Hour 6
  0,                                      !- Minute 6
  0.387680418229344,                      !- Value Until Time 6
  9,                                      !- Hour 7
  0,                                      !- Minute 7
  0.340402318445278,                      !- Value Until Time 7
  10,                                     !- Hour 8
  0,                                      !- Minute 8
  0.283668598704398,                      !- Value Until Time 8
  11,                                     !- Hour 9
  0,                                      !- Minute 9
  0.226934878963519,                      !- Value Until Time 9
  12,                                     !- Hour 10
  0,                                      !- Minute 10
  0.151289919309012,                      !- Value Until Time 10
  13,                                     !- Hour 11
  0,                                      !- Minute 11
  0.113467439481759,                      !- Value Until Time 11
  15,                                     !- Hour 12
  0,                                      !- Minute 12
  0.104011819524946,                      !- Value Until Time 12
  16,                                     !- Hour 13
  0,                                      !- Minute 13
  0.113467439481759,                      !- Value Until Time 13
  17,                                     !- Hour 14
  0,                                      !- Minute 14
  0.179656779179452,                      !- Value Until Time 14
  18,                                     !- Hour 15
  0,                                      !- Minute 15
  0.359313558358904,                      !- Value Until Time 15
  19,                                     !- Hour 16
  0,                                      !- Minute 16
  0.453869757927037,                      !- Value Until Time 16
  20,                                     !- Hour 17
  0,                                      !- Minute 17
  0.567337197408797,                      !- Value Until Time 17
  21,                                     !- Hour 18
  0,                                      !- Minute 18
  0.784816456415502,                      !- Value Until Time 18
  22,                                     !- Hour 19
  0,                                      !- Minute 19
  0.926650755767701,                      !- Value Until Time 19
  23,                                     !- Hour 20
  0,                                      !- Minute 20
  0.803727696329128,                      !- Value Until Time 20
  24,                                     !- Hour 21
  0,                                      !- Minute 21
  0.557881577451983;                      !- Value Until Time 21

OS:Schedule:Rule,
  {3653bd8b-1f6f-4c25-93f4-ce900555cff0}, !- Handle
  exterior lighting schedule weekday ruleset2, !- Name
  {6a69b67d-d51e-4306-9eb4-6e78b3c675eb}, !- Schedule Ruleset Name
  19,                                     !- Rule Order
  {583aa2ea-28d6-42bb-bf18-a8fc2363e923}, !- Day Schedule Name
  ,                                       !- Apply Sunday
  Yes,                                    !- Apply Monday
  Yes,                                    !- Apply Tuesday
  Yes,                                    !- Apply Wednesday
  Yes,                                    !- Apply Thursday
  Yes,                                    !- Apply Friday
  ,                                       !- Apply Saturday
  DateRange,                              !- Date Specification Type
  2,                                      !- Start Month
  1,                                      !- Start Day
  2,                                      !- End Month
  28;                                     !- End Day

OS:Schedule:Day,
  {583aa2ea-28d6-42bb-bf18-a8fc2363e923}, !- Handle
  exterior lighting schedule weekday2,    !- Name
  {8b28b612-cd64-4214-8d98-f36f80b99a49}, !- Schedule Type Limits Name
  ,                                       !- Interpolate to Timestep
  5,                                      !- Hour 1
  0,                                      !- Minute 1
  0.438095238095238,                      !- Value Until Time 1
  6,                                      !- Hour 2
  0,                                      !- Minute 2
  0.352380952380952,                      !- Value Until Time 2
  7,                                      !- Hour 3
  0,                                      !- Minute 3
  0.333333333333333,                      !- Value Until Time 3
  8,                                      !- Hour 4
  0,                                      !- Minute 4
  0.323809523809524,                      !- Value Until Time 4
  9,                                      !- Hour 5
  0,                                      !- Minute 5
  0.314285714285714,                      !- Value Until Time 5
  10,                                     !- Hour 6
  0,                                      !- Minute 6
  0.266666666666667,                      !- Value Until Time 6
  11,                                     !- Hour 7
  0,                                      !- Minute 7
  0.20952380952381,                       !- Value Until Time 7
  12,                                     !- Hour 8
  0,                                      !- Minute 8
  0.142857142857143,                      !- Value Until Time 8
  13,                                     !- Hour 9
  0,                                      !- Minute 9
  0.114285714285714,                      !- Value Until Time 9
  15,                                     !- Hour 10
  0,                                      !- Minute 10
  0.104761904761905,                      !- Value Until Time 10
  16,                                     !- Hour 11
  0,                                      !- Minute 11
  0.114285714285714,                      !- Value Until Time 11
  17,                                     !- Hour 12
  0,                                      !- Minute 12
  0.180952380952381,                      !- Value Until Time 12
  18,                                     !- Hour 13
  0,                                      !- Minute 13
  0.352380952380952,                      !- Value Until Time 13
  19,                                     !- Hour 14
  0,                                      !- Minute 14
  0.466666666666667,                      !- Value Until Time 14
  20,                                     !- Hour 15
  0,                                      !- Minute 15
  0.619047619047619,                      !- Value Until Time 15
  21,                                     !- Hour 16
  0,                                      !- Minute 16
  0.866666666666667,                      !- Value Until Time 16
  22,                                     !- Hour 17
  0,                                      !- Minute 17
  1,                                      !- Value Until Time 17
  23,                                     !- Hour 18
  0,                                      !- Minute 18
  0.866666666666667,                      !- Value Until Time 18
  24,                                     !- Hour 19
  0,                                      !- Minute 19
  0.6;                                    !- Value Until Time 19

OS:Schedule:Rule,
  {2d70c1e9-e76b-4177-9c99-a6a1bb9e3b71}, !- Handle
  exterior lighting schedule weekend ruleset2, !- Name
  {6a69b67d-d51e-4306-9eb4-6e78b3c675eb}, !- Schedule Ruleset Name
  18,                                     !- Rule Order
  {5609f489-4062-4771-b4fa-779025a83883}, !- Day Schedule Name
  Yes,                                    !- Apply Sunday
  ,                                       !- Apply Monday
  ,                                       !- Apply Tuesday
  ,                                       !- Apply Wednesday
  ,                                       !- Apply Thursday
  ,                                       !- Apply Friday
  Yes,                                    !- Apply Saturday
  DateRange,                              !- Date Specification Type
  2,                                      !- Start Month
  1,                                      !- Start Day
  2,                                      !- End Month
  28;                                     !- End Day

OS:Schedule:Day,
  {5609f489-4062-4771-b4fa-779025a83883}, !- Handle
  exterior lighting schedule weekend2,    !- Name
  {8b28b612-cd64-4214-8d98-f36f80b99a49}, !- Schedule Type Limits Name
  ,                                       !- Interpolate to Timestep
  2,                                      !- Hour 1
  0,                                      !- Minute 1
  0.438095238095238,                      !- Value Until Time 1
  4,                                      !- Hour 2
  0,                                      !- Minute 2
  0.428571428571429,                      !- Value Until Time 2
  5,                                      !- Hour 3
  0,                                      !- Minute 3
  0.438095238095238,                      !- Value Until Time 3
  6,                                      !- Hour 4
  0,                                      !- Minute 4
  0.428571428571429,                      !- Value Until Time 4
  7,                                      !- Hour 5
  0,                                      !- Minute 5
  0.419047619047619,                      !- Value Until Time 5
  8,                                      !- Hour 6
  0,                                      !- Minute 6
  0.390476190476191,                      !- Value Until Time 6
  9,                                      !- Hour 7
  0,                                      !- Minute 7
  0.342857142857143,                      !- Value Until Time 7
  10,                                     !- Hour 8
  0,                                      !- Minute 8
  0.285714285714286,                      !- Value Until Time 8
  11,                                     !- Hour 9
  0,                                      !- Minute 9
  0.228571428571429,                      !- Value Until Time 9
  12,                                     !- Hour 10
  0,                                      !- Minute 10
  0.152380952380952,                      !- Value Until Time 10
  13,                                     !- Hour 11
  0,                                      !- Minute 11
  0.114285714285714,                      !- Value Until Time 11
  15,                                     !- Hour 12
  0,                                      !- Minute 12
  0.104761904761905,                      !- Value Until Time 12
  16,                                     !- Hour 13
  0,                                      !- Minute 13
  0.114285714285714,                      !- Value Until Time 13
  17,                                     !- Hour 14
  0,                                      !- Minute 14
  0.180952380952381,                      !- Value Until Time 14
  18,                                     !- Hour 15
  0,                                      !- Minute 15
  0.361904761904762,                      !- Value Until Time 15
  19,                                     !- Hour 16
  0,                                      !- Minute 16
  0.457142857142857,                      !- Value Until Time 16
  20,                                     !- Hour 17
  0,                                      !- Minute 17
  0.571428571428571,                      !- Value Until Time 17
  21,                                     !- Hour 18
  0,                                      !- Minute 18
  0.790476190476191,                      !- Value Until Time 18
  22,                                     !- Hour 19
  0,                                      !- Minute 19
  0.933333333333333,                      !- Value Until Time 19
  23,                                     !- Hour 20
  0,                                      !- Minute 20
  0.80952380952381,                       !- Value Until Time 20
  24,                                     !- Hour 21
  0,                                      !- Minute 21
  0.561904761904762;                      !- Value Until Time 21

OS:Schedule:Rule,
  {9d827c75-d1d8-45a1-946f-925fd4592350}, !- Handle
  exterior lighting schedule weekday ruleset3, !- Name
  {6a69b67d-d51e-4306-9eb4-6e78b3c675eb}, !- Schedule Ruleset Name
  17,                                     !- Rule Order
  {50abc40f-c005-4341-8993-1773ed770924}, !- Day Schedule Name
  ,                                       !- Apply Sunday
  Yes,                                    !- Apply Monday
  Yes,                                    !- Apply Tuesday
  Yes,                                    !- Apply Wednesday
  Yes,                                    !- Apply Thursday
  Yes,                                    !- Apply Friday
  ,                                       !- Apply Saturday
  DateRange,                              !- Date Specification Type
  3,                                      !- Start Month
  1,                                      !- Start Day
  3,                                      !- End Month
  31;                                     !- End Day

OS:Schedule:Day,
  {50abc40f-c005-4341-8993-1773ed770924}, !- Handle
  exterior lighting schedule weekday3,    !- Name
  {8b28b612-cd64-4214-8d98-f36f80b99a49}, !- Schedule Type Limits Name
  ,                                       !- Interpolate to Timestep
  5,                                      !- Hour 1
  0,                                      !- Minute 1
  0.346084782361632,                      !- Value Until Time 1
  6,                                      !- Hour 2
  0,                                      !- Minute 2
  0.278372542334356,                      !- Value Until Time 2
  7,                                      !- Hour 3
  0,                                      !- Minute 3
  0.26332537788385,                       !- Value Until Time 3
  8,                                      !- Hour 4
  0,                                      !- Minute 4
  0.255801795658598,                      !- Value Until Time 4
  9,                                      !- Hour 5
  0,                                      !- Minute 5
  0.248278213433345,                      !- Value Until Time 5
  10,                                     !- Hour 6
  0,                                      !- Minute 6
  0.21066030230708,                       !- Value Until Time 6
  11,                                     !- Hour 7
  0,                                      !- Minute 7
  0.165518808955563,                      !- Value Until Time 7
  12,                                     !- Hour 8
  0,                                      !- Minute 8
  0.112853733378793,                      !- Value Until Time 8
  13,                                     !- Hour 9
  0,                                      !- Minute 9
  0.0902829867030344,                     !- Value Until Time 9
  15,                                     !- Hour 10
  0,                                      !- Minute 10
  0.0827594044777816,                     !- Value Until Time 10
  16,                                     !- Hour 11
  0,                                      !- Minute 11
  0.0902829867030344,                     !- Value Until Time 11
  17,                                     !- Hour 12
  0,                                      !- Minute 12
  0.142948062279805,                      !- Value Until Time 12
  18,                                     !- Hour 13
  0,                                      !- Minute 13
  0.278372542334356,                      !- Value Until Time 13
  19,                                     !- Hour 14
  0,                                      !- Minute 14
  0.368655529037391,                      !- Value Until Time 14
  20,                                     !- Hour 15
  0,                                      !- Minute 15
  0.489032844641437,                      !- Value Until Time 15
  21,                                     !- Hour 16
  0,                                      !- Minute 16
  0.684645982498011,                      !- Value Until Time 16
  22,                                     !- Hour 17
  0,                                      !- Minute 17
  0.789976133651551,                      !- Value Until Time 17
  23,                                     !- Hour 18
  0,                                      !- Minute 18
  0.684645982498011,                      !- Value Until Time 18
  24,                                     !- Hour 19
  0,                                      !- Minute 19
  0.473985680190931;                      !- Value Until Time 19

OS:Schedule:Rule,
  {451ca579-ec4d-401d-a7a0-21200e9a1437}, !- Handle
  exterior lighting schedule weekend ruleset3, !- Name
  {6a69b67d-d51e-4306-9eb4-6e78b3c675eb}, !- Schedule Ruleset Name
  16,                                     !- Rule Order
  {6eda9f6a-e678-4258-ab0d-1d53f7f44ce0}, !- Day Schedule Name
  Yes,                                    !- Apply Sunday
  ,                                       !- Apply Monday
  ,                                       !- Apply Tuesday
  ,                                       !- Apply Wednesday
  ,                                       !- Apply Thursday
  ,                                       !- Apply Friday
  Yes,                                    !- Apply Saturday
  DateRange,                              !- Date Specification Type
  3,                                      !- Start Month
  1,                                      !- Start Day
  3,                                      !- End Month
  31;                                     !- End Day

OS:Schedule:Day,
  {6eda9f6a-e678-4258-ab0d-1d53f7f44ce0}, !- Handle
  exterior lighting schedule weekend3,    !- Name
  {8b28b612-cd64-4214-8d98-f36f80b99a49}, !- Schedule Type Limits Name
  ,                                       !- Interpolate to Timestep
  2,                                      !- Hour 1
  0,                                      !- Minute 1
  0.346084782361632,                      !- Value Until Time 1
  4,                                      !- Hour 2
  0,                                      !- Minute 2
  0.338561200136379,                      !- Value Until Time 2
  5,                                      !- Hour 3
  0,                                      !- Minute 3
  0.346084782361632,                      !- Value Until Time 3
  6,                                      !- Hour 4
  0,                                      !- Minute 4
  0.338561200136379,                      !- Value Until Time 4
  7,                                      !- Hour 5
  0,                                      !- Minute 5
  0.331037617911126,                      !- Value Until Time 5
  8,                                      !- Hour 6
  0,                                      !- Minute 6
  0.308466871235368,                      !- Value Until Time 6
  9,                                      !- Hour 7
  0,                                      !- Minute 7
  0.270848960109103,                      !- Value Until Time 7
  10,                                     !- Hour 8
  0,                                      !- Minute 8
  0.225707466757586,                      !- Value Until Time 8
  11,                                     !- Hour 9
  0,                                      !- Minute 9
  0.180565973406069,                      !- Value Until Time 9
  12,                                     !- Hour 10
  0,                                      !- Minute 10
  0.120377315604046,                      !- Value Until Time 10
  13,                                     !- Hour 11
  0,                                      !- Minute 11
  0.0902829867030344,                     !- Value Until Time 11
  15,                                     !- Hour 12
  0,                                      !- Minute 12
  0.0827594044777816,                     !- Value Until Time 12
  16,                                     !- Hour 13
  0,                                      !- Minute 13
  0.0902829867030344,                     !- Value Until Time 13
  17,                                     !- Hour 14
  0,                                      !- Minute 14
  0.142948062279805,                      !- Value Until Time 14
  18,                                     !- Hour 15
  0,                                      !- Minute 15
  0.285896124559609,                      !- Value Until Time 15
  19,                                     !- Hour 16
  0,                                      !- Minute 16
  0.361131946812138,                      !- Value Until Time 16
  20,                                     !- Hour 17
  0,                                      !- Minute 17
  0.451414933515172,                      !- Value Until Time 17
  21,                                     !- Hour 18
  0,                                      !- Minute 18
  0.624457324695988,                      !- Value Until Time 18
  22,                                     !- Hour 19
  0,                                      !- Minute 19
  0.737311058074781,                      !- Value Until Time 19
  23,                                     !- Hour 20
  0,                                      !- Minute 20
  0.639504489146494,                      !- Value Until Time 20
  24,                                     !- Hour 21
  0,                                      !- Minute 21
  0.443891351289919;                      !- Value Until Time 21

OS:Schedule:Rule,
  {889e4129-f3e9-4dd9-852d-7f64788dfb5a}, !- Handle
  exterior lighting schedule weekday ruleset4, !- Name
  {6a69b67d-d51e-4306-9eb4-6e78b3c675eb}, !- Schedule Ruleset Name
  15,                                     !- Rule Order
  {da9ab7a9-464a-4de0-8c05-c411584b5690}, !- Day Schedule Name
  ,                                       !- Apply Sunday
  Yes,                                    !- Apply Monday
  Yes,                                    !- Apply Tuesday
  Yes,                                    !- Apply Wednesday
  Yes,                                    !- Apply Thursday
  Yes,                                    !- Apply Friday
  ,                                       !- Apply Saturday
  DateRange,                              !- Date Specification Type
  4,                                      !- Start Month
  1,                                      !- Start Day
  4,                                      !- End Month
  30;                                     !- End Day

OS:Schedule:Day,
  {da9ab7a9-464a-4de0-8c05-c411584b5690}, !- Handle
  exterior lighting schedule weekday4,    !- Name
  {8b28b612-cd64-4214-8d98-f36f80b99a49}, !- Schedule Type Limits Name
  ,                                       !- Interpolate to Timestep
  5,                                      !- Hour 1
  0,                                      !- Minute 1
  0.344690684547486,                      !- Value Until Time 1
  6,                                      !- Hour 2
  0,                                      !- Minute 2
  0.277251202788196,                      !- Value Until Time 2
  7,                                      !- Hour 3
  0,                                      !- Minute 3
  0.262264651286131,                      !- Value Until Time 3
  8,                                      !- Hour 4
  0,                                      !- Minute 4
  0.254771375535099,                      !- Value Until Time 4
  9,                                      !- Hour 5
  0,                                      !- Minute 5
  0.247278099784066,                      !- Value Until Time 5
  10,                                     !- Hour 6
  0,                                      !- Minute 6
  0.209811721028905,                      !- Value Until Time 6
  11,                                     !- Hour 7
  0,                                      !- Minute 7
  0.164852066522711,                      !- Value Until Time 7
  12,                                     !- Hour 8
  0,                                      !- Minute 8
  0.112399136265485,                      !- Value Until Time 8
  13,                                     !- Hour 9
  0,                                      !- Minute 9
  0.0899193090123878,                     !- Value Until Time 9
  15,                                     !- Hour 10
  0,                                      !- Minute 10
  0.0824260332613555,                     !- Value Until Time 10
  16,                                     !- Hour 11
  0,                                      !- Minute 11
  0.0899193090123878,                     !- Value Until Time 11
  17,                                     !- Hour 12
  0,                                      !- Minute 12
  0.142372239269614,                      !- Value Until Time 12
  18,                                     !- Hour 13
  0,                                      !- Minute 13
  0.277251202788196,                      !- Value Until Time 13
  19,                                     !- Hour 14
  0,                                      !- Minute 14
  0.367170511800583,                      !- Value Until Time 14
  20,                                     !- Hour 15
  0,                                      !- Minute 15
  0.4870629238171,                        !- Value Until Time 15
  21,                                     !- Hour 16
  0,                                      !- Minute 16
  0.681888093343941,                      !- Value Until Time 16
  22,                                     !- Hour 17
  0,                                      !- Minute 17
  0.786793953858393,                      !- Value Until Time 17
  23,                                     !- Hour 18
  0,                                      !- Minute 18
  0.681888093343941,                      !- Value Until Time 18
  24,                                     !- Hour 19
  0,                                      !- Minute 19
  0.472076372315036;                      !- Value Until Time 19

OS:Schedule:Rule,
  {f8e2f973-ea23-44ca-9bbe-9b8ee56e91aa}, !- Handle
  exterior lighting schedule weekend ruleset4, !- Name
  {6a69b67d-d51e-4306-9eb4-6e78b3c675eb}, !- Schedule Ruleset Name
  14,                                     !- Rule Order
  {48f21893-2fa3-413f-ab31-bb6de9d0bcd0}, !- Day Schedule Name
  Yes,                                    !- Apply Sunday
  ,                                       !- Apply Monday
  ,                                       !- Apply Tuesday
  ,                                       !- Apply Wednesday
  ,                                       !- Apply Thursday
  ,                                       !- Apply Friday
  Yes,                                    !- Apply Saturday
  DateRange,                              !- Date Specification Type
  4,                                      !- Start Month
  1,                                      !- Start Day
  4,                                      !- End Month
  30;                                     !- End Day

OS:Schedule:Day,
  {48f21893-2fa3-413f-ab31-bb6de9d0bcd0}, !- Handle
  exterior lighting schedule weekend4,    !- Name
  {8b28b612-cd64-4214-8d98-f36f80b99a49}, !- Schedule Type Limits Name
  ,                                       !- Interpolate to Timestep
  2,                                      !- Hour 1
  0,                                      !- Minute 1
  0.344690684547486,                      !- Value Until Time 1
  4,                                      !- Hour 2
  0,                                      !- Minute 2
  0.337197408796454,                      !- Value Until Time 2
  5,                                      !- Hour 3
  0,                                      !- Minute 3
  0.344690684547486,                      !- Value Until Time 3
  6,                                      !- Hour 4
  0,                                      !- Minute 4
  0.337197408796454,                      !- Value Until Time 4
  7,                                      !- Hour 5
  0,                                      !- Minute 5
  0.329704133045422,                      !- Value Until Time 5
  8,                                      !- Hour 6
  0,                                      !- Minute 6
  0.307224305792325,                      !- Value Until Time 6
  9,                                      !- Hour 7
  0,                                      !- Minute 7
  0.269757927037163,                      !- Value Until Time 7
  10,                                     !- Hour 8
  0,                                      !- Minute 8
  0.224798272530969,                      !- Value Until Time 8
  11,                                     !- Hour 9
  0,                                      !- Minute 9
  0.179838618024776,                      !- Value Until Time 9
  12,                                     !- Hour 10
  0,                                      !- Minute 10
  0.119892412016517,                      !- Value Until Time 10
  13,                                     !- Hour 11
  0,                                      !- Minute 11
  0.0899193090123878,                     !- Value Until Time 11
  15,                                     !- Hour 12
  0,                                      !- Minute 12
  0.0824260332613555,                     !- Value Until Time 12
  16,                                     !- Hour 13
  0,                                      !- Minute 13
  0.0899193090123878,                     !- Value Until Time 13
  17,                                     !- Hour 14
  0,                                      !- Minute 14
  0.142372239269614,                      !- Value Until Time 14
  18,                                     !- Hour 15
  0,                                      !- Minute 15
  0.284744478539228,                      !- Value Until Time 15
  19,                                     !- Hour 16
  0,                                      !- Minute 16
  0.359677236049551,                      !- Value Until Time 16
  20,                                     !- Hour 17
  0,                                      !- Minute 17
  0.449596545061939,                      !- Value Until Time 17
  21,                                     !- Hour 18
  0,                                      !- Minute 18
  0.621941887335682,                      !- Value Until Time 18
  22,                                     !- Hour 19
  0,                                      !- Minute 19
  0.734341023601167,                      !- Value Until Time 19
  23,                                     !- Hour 20
  0,                                      !- Minute 20
  0.636928438837747,                      !- Value Until Time 20
  24,                                     !- Hour 21
  0,                                      !- Minute 21
  0.442103269310907;                      !- Value Until Time 21

OS:Schedule:Rule,
  {4ad8e4ec-1ea6-491d-83e4-a2b8a2239bef}, !- Handle
  exterior lighting schedule weekday ruleset5, !- Name
  {6a69b67d-d51e-4306-9eb4-6e78b3c675eb}, !- Schedule Ruleset Name
  13,                                     !- Rule Order
  {89f89e74-4d39-42ac-8e2a-abb23841ae1b}, !- Day Schedule Name
  ,                                       !- Apply Sunday
  Yes,                                    !- Apply Monday
  Yes,                                    !- Apply Tuesday
  Yes,                                    !- Apply Wednesday
  Yes,                                    !- Apply Thursday
  Yes,                                    !- Apply Friday
  ,                                       !- Apply Saturday
  DateRange,                              !- Date Specification Type
  5,                                      !- Start Month
  1,                                      !- Start Day
  5,                                      !- End Month
  31;                                     !- End Day

OS:Schedule:Day,
  {89f89e74-4d39-42ac-8e2a-abb23841ae1b}, !- Handle
  exterior lighting schedule weekday5,    !- Name
  {8b28b612-cd64-4214-8d98-f36f80b99a49}, !- Schedule Type Limits Name
  ,                                       !- Interpolate to Timestep
  5,                                      !- Hour 1
  0,                                      !- Minute 1
  0.346084782361632,                      !- Value Until Time 1
  6,                                      !- Hour 2
  0,                                      !- Minute 2
  0.278372542334356,                      !- Value Until Time 2
  7,                                      !- Hour 3
  0,                                      !- Minute 3
  0.26332537788385,                       !- Value Until Time 3
  8,                                      !- Hour 4
  0,                                      !- Minute 4
  0.255801795658598,                      !- Value Until Time 4
  9,                                      !- Hour 5
  0,                                      !- Minute 5
  0.248278213433345,                      !- Value Until Time 5
  10,                                     !- Hour 6
  0,                                      !- Minute 6
  0.21066030230708,                       !- Value Until Time 6
  11,                                     !- Hour 7
  0,                                      !- Minute 7
  0.165518808955563,                      !- Value Until Time 7
  12,                                     !- Hour 8
  0,                                      !- Minute 8
  0.112853733378793,                      !- Value Until Time 8
  13,                                     !- Hour 9
  0,                                      !- Minute 9
  0.0902829867030344,                     !- Value Until Time 9
  15,                                     !- Hour 10
  0,                                      !- Minute 10
  0.0827594044777816,                     !- Value Until Time 10
  16,                                     !- Hour 11
  0,                                      !- Minute 11
  0.0902829867030344,                     !- Value Until Time 11
  17,                                     !- Hour 12
  0,                                      !- Minute 12
  0.142948062279805,                      !- Value Until Time 12
  18,                                     !- Hour 13
  0,                                      !- Minute 13
  0.278372542334356,                      !- Value Until Time 13
  19,                                     !- Hour 14
  0,                                      !- Minute 14
  0.368655529037391,                      !- Value Until Time 14
  20,                                     !- Hour 15
  0,                                      !- Minute 15
  0.489032844641437,                      !- Value Until Time 15
  21,                                     !- Hour 16
  0,                                      !- Minute 16
  0.684645982498011,                      !- Value Until Time 16
  22,                                     !- Hour 17
  0,                                      !- Minute 17
  0.789976133651551,                      !- Value Until Time 17
  23,                                     !- Hour 18
  0,                                      !- Minute 18
  0.684645982498011,                      !- Value Until Time 18
  24,                                     !- Hour 19
  0,                                      !- Minute 19
  0.473985680190931;                      !- Value Until Time 19

OS:Schedule:Rule,
  {2730360a-43cf-4587-ad1e-1eb9ff10d2da}, !- Handle
  exterior lighting schedule weekend ruleset5, !- Name
  {6a69b67d-d51e-4306-9eb4-6e78b3c675eb}, !- Schedule Ruleset Name
  12,                                     !- Rule Order
  {4ab343db-b3bc-43ad-88fd-bb16405eddd8}, !- Day Schedule Name
  Yes,                                    !- Apply Sunday
  ,                                       !- Apply Monday
  ,                                       !- Apply Tuesday
  ,                                       !- Apply Wednesday
  ,                                       !- Apply Thursday
  ,                                       !- Apply Friday
  Yes,                                    !- Apply Saturday
  DateRange,                              !- Date Specification Type
  5,                                      !- Start Month
  1,                                      !- Start Day
  5,                                      !- End Month
  31;                                     !- End Day

OS:Schedule:Day,
  {4ab343db-b3bc-43ad-88fd-bb16405eddd8}, !- Handle
  exterior lighting schedule weekend5,    !- Name
  {8b28b612-cd64-4214-8d98-f36f80b99a49}, !- Schedule Type Limits Name
  ,                                       !- Interpolate to Timestep
  2,                                      !- Hour 1
  0,                                      !- Minute 1
  0.346084782361632,                      !- Value Until Time 1
  4,                                      !- Hour 2
  0,                                      !- Minute 2
  0.338561200136379,                      !- Value Until Time 2
  5,                                      !- Hour 3
  0,                                      !- Minute 3
  0.346084782361632,                      !- Value Until Time 3
  6,                                      !- Hour 4
  0,                                      !- Minute 4
  0.338561200136379,                      !- Value Until Time 4
  7,                                      !- Hour 5
  0,                                      !- Minute 5
  0.331037617911126,                      !- Value Until Time 5
  8,                                      !- Hour 6
  0,                                      !- Minute 6
  0.308466871235368,                      !- Value Until Time 6
  9,                                      !- Hour 7
  0,                                      !- Minute 7
  0.270848960109103,                      !- Value Until Time 7
  10,                                     !- Hour 8
  0,                                      !- Minute 8
  0.225707466757586,                      !- Value Until Time 8
  11,                                     !- Hour 9
  0,                                      !- Minute 9
  0.180565973406069,                      !- Value Until Time 9
  12,                                     !- Hour 10
  0,                                      !- Minute 10
  0.120377315604046,                      !- Value Until Time 10
  13,                                     !- Hour 11
  0,                                      !- Minute 11
  0.0902829867030344,                     !- Value Until Time 11
  15,                                     !- Hour 12
  0,                                      !- Minute 12
  0.0827594044777816,                     !- Value Until Time 12
  16,                                     !- Hour 13
  0,                                      !- Minute 13
  0.0902829867030344,                     !- Value Until Time 13
  17,                                     !- Hour 14
  0,                                      !- Minute 14
  0.142948062279805,                      !- Value Until Time 14
  18,                                     !- Hour 15
  0,                                      !- Minute 15
  0.285896124559609,                      !- Value Until Time 15
  19,                                     !- Hour 16
  0,                                      !- Minute 16
  0.361131946812138,                      !- Value Until Time 16
  20,                                     !- Hour 17
  0,                                      !- Minute 17
  0.451414933515172,                      !- Value Until Time 17
  21,                                     !- Hour 18
  0,                                      !- Minute 18
  0.624457324695988,                      !- Value Until Time 18
  22,                                     !- Hour 19
  0,                                      !- Minute 19
  0.737311058074781,                      !- Value Until Time 19
  23,                                     !- Hour 20
  0,                                      !- Minute 20
  0.639504489146494,                      !- Value Until Time 20
  24,                                     !- Hour 21
  0,                                      !- Minute 21
  0.443891351289919;                      !- Value Until Time 21

OS:Schedule:Rule,
  {b87e868f-3d20-4bd1-8304-69b691411dad}, !- Handle
  exterior lighting schedule weekday ruleset6, !- Name
  {6a69b67d-d51e-4306-9eb4-6e78b3c675eb}, !- Schedule Ruleset Name
  11,                                     !- Rule Order
  {57b01454-ed63-4326-9425-3ddbda2376f8}, !- Day Schedule Name
  ,                                       !- Apply Sunday
  Yes,                                    !- Apply Monday
  Yes,                                    !- Apply Tuesday
  Yes,                                    !- Apply Wednesday
  Yes,                                    !- Apply Thursday
  Yes,                                    !- Apply Friday
  ,                                       !- Apply Saturday
  DateRange,                              !- Date Specification Type
  6,                                      !- Start Month
  1,                                      !- Start Day
  6,                                      !- End Month
  30;                                     !- End Day

OS:Schedule:Day,
  {57b01454-ed63-4326-9425-3ddbda2376f8}, !- Handle
  exterior lighting schedule weekday6,    !- Name
  {8b28b612-cd64-4214-8d98-f36f80b99a49}, !- Schedule Type Limits Name
  ,                                       !- Interpolate to Timestep
  5,                                      !- Hour 1
  0,                                      !- Minute 1
  0.288229723074592,                      !- Value Until Time 1
  6,                                      !- Hour 2
  0,                                      !- Minute 2
  0.231836951168693,                      !- Value Until Time 2
  7,                                      !- Hour 3
  0,                                      !- Minute 3
  0.219305224078494,                      !- Value Until Time 3
  8,                                      !- Hour 4
  0,                                      !- Minute 4
  0.213039360533394,                      !- Value Until Time 4
  9,                                      !- Hour 5
  0,                                      !- Minute 5
  0.206773496988294,                      !- Value Until Time 5
  10,                                     !- Hour 6
  0,                                      !- Minute 6
  0.175444179262795,                      !- Value Until Time 6
  11,                                     !- Hour 7
  0,                                      !- Minute 7
  0.137848997992196,                      !- Value Until Time 7
  12,                                     !- Hour 8
  0,                                      !- Minute 8
  0.0939879531764973,                     !- Value Until Time 8
  13,                                     !- Hour 9
  0,                                      !- Minute 9
  0.0751903625411979,                     !- Value Until Time 9
  15,                                     !- Hour 10
  0,                                      !- Minute 10
  0.068924498996098,                      !- Value Until Time 10
  16,                                     !- Hour 11
  0,                                      !- Minute 11
  0.0751903625411979,                     !- Value Until Time 11
  17,                                     !- Hour 12
  0,                                      !- Minute 12
  0.119051407356897,                      !- Value Until Time 12
  18,                                     !- Hour 13
  0,                                      !- Minute 13
  0.231836951168693,                      !- Value Until Time 13
  19,                                     !- Hour 14
  0,                                      !- Minute 14
  0.307027313709891,                      !- Value Until Time 14
  20,                                     !- Hour 15
  0,                                      !- Minute 15
  0.407281130431488,                      !- Value Until Time 15
  21,                                     !- Hour 16
  0,                                      !- Minute 16
  0.570193582604084,                      !- Value Until Time 16
  22,                                     !- Hour 17
  0,                                      !- Minute 17
  0.657915672235481,                      !- Value Until Time 17
  23,                                     !- Hour 18
  0,                                      !- Minute 18
  0.570193582604084,                      !- Value Until Time 18
  24,                                     !- Hour 19
  0,                                      !- Minute 19
  0.394749403341289;                      !- Value Until Time 19

OS:Schedule:Rule,
  {cb42513c-4fbb-44b1-85c4-f6abd0994104}, !- Handle
  exterior lighting schedule weekend ruleset6, !- Name
  {6a69b67d-d51e-4306-9eb4-6e78b3c675eb}, !- Schedule Ruleset Name
  10,                                     !- Rule Order
  {49ef5814-9893-4a47-8612-97099ec633ba}, !- Day Schedule Name
  Yes,                                    !- Apply Sunday
  ,                                       !- Apply Monday
  ,                                       !- Apply Tuesday
  ,                                       !- Apply Wednesday
  ,                                       !- Apply Thursday
  ,                                       !- Apply Friday
  Yes,                                    !- Apply Saturday
  DateRange,                              !- Date Specification Type
  6,                                      !- Start Month
  1,                                      !- Start Day
  6,                                      !- End Month
  30;                                     !- End Day

OS:Schedule:Day,
  {49ef5814-9893-4a47-8612-97099ec633ba}, !- Handle
  exterior lighting schedule weekend6,    !- Name
  {8b28b612-cd64-4214-8d98-f36f80b99a49}, !- Schedule Type Limits Name
  ,                                       !- Interpolate to Timestep
  2,                                      !- Hour 1
  0,                                      !- Minute 1
  0.288229723074592,                      !- Value Until Time 1
  4,                                      !- Hour 2
  0,                                      !- Minute 2
  0.281963859529492,                      !- Value Until Time 2
  5,                                      !- Hour 3
  0,                                      !- Minute 3
  0.288229723074592,                      !- Value Until Time 3
  6,                                      !- Hour 4
  0,                                      !- Minute 4
  0.281963859529492,                      !- Value Until Time 4
  7,                                      !- Hour 5
  0,                                      !- Minute 5
  0.275697995984392,                      !- Value Until Time 5
  8,                                      !- Hour 6
  0,                                      !- Minute 6
  0.256900405349093,                      !- Value Until Time 6
  9,                                      !- Hour 7
  0,                                      !- Minute 7
  0.225571087623594,                      !- Value Until Time 7
  10,                                     !- Hour 8
  0,                                      !- Minute 8
  0.187975906352995,                      !- Value Until Time 8
  11,                                     !- Hour 9
  0,                                      !- Minute 9
  0.150380725082396,                      !- Value Until Time 9
  12,                                     !- Hour 10
  0,                                      !- Minute 10
  0.100253816721597,                      !- Value Until Time 10
  13,                                     !- Hour 11
  0,                                      !- Minute 11
  0.0751903625411979,                     !- Value Until Time 11
  15,                                     !- Hour 12
  0,                                      !- Minute 12
  0.068924498996098,                      !- Value Until Time 12
  16,                                     !- Hour 13
  0,                                      !- Minute 13
  0.0751903625411979,                     !- Value Until Time 13
  17,                                     !- Hour 14
  0,                                      !- Minute 14
  0.119051407356897,                      !- Value Until Time 14
  18,                                     !- Hour 15
  0,                                      !- Minute 15
  0.238102814713793,                      !- Value Until Time 15
  19,                                     !- Hour 16
  0,                                      !- Minute 16
  0.300761450164791,                      !- Value Until Time 16
  20,                                     !- Hour 17
  0,                                      !- Minute 17
  0.375951812705989,                      !- Value Until Time 17
  21,                                     !- Hour 18
  0,                                      !- Minute 18
  0.520066674243285,                      !- Value Until Time 18
  22,                                     !- Hour 19
  0,                                      !- Minute 19
  0.614054627419783,                      !- Value Until Time 19
  23,                                     !- Hour 20
  0,                                      !- Minute 20
  0.532598401333485,                      !- Value Until Time 20
  24,                                     !- Hour 21
  0,                                      !- Minute 21
  0.369685949160889;                      !- Value Until Time 21

OS:Schedule:Rule,
  {f6aac912-0e1c-48a8-866e-f1d52abaff66}, !- Handle
  exterior lighting schedule weekday ruleset7, !- Name
  {6a69b67d-d51e-4306-9eb4-6e78b3c675eb}, !- Schedule Ruleset Name
  9,                                      !- Rule Order
  {8685e8ab-8754-4af0-a749-3839546861c4}, !- Day Schedule Name
  ,                                       !- Apply Sunday
  Yes,                                    !- Apply Monday
  Yes,                                    !- Apply Tuesday
  Yes,                                    !- Apply Wednesday
  Yes,                                    !- Apply Thursday
  Yes,                                    !- Apply Friday
  ,                                       !- Apply Saturday
  DateRange,                              !- Date Specification Type
  7,                                      !- Start Month
  1,                                      !- Start Day
  8,                                      !- End Month
  31;                                     !- End Day

OS:Schedule:Day,
  {8685e8ab-8754-4af0-a749-3839546861c4}, !- Handle
  exterior lighting schedule weekday7,    !- Name
  {8b28b612-cd64-4214-8d98-f36f80b99a49}, !- Schedule Type Limits Name
  ,                                       !- Interpolate to Timestep
  5,                                      !- Hour 1
  0,                                      !- Minute 1
  0.286138576353373,                      !- Value Until Time 1
  6,                                      !- Hour 2
  0,                                      !- Minute 2
  0.230154941849453,                      !- Value Until Time 2
  7,                                      !- Hour 3
  0,                                      !- Minute 3
  0.217714134181915,                      !- Value Until Time 3
  8,                                      !- Hour 4
  0,                                      !- Minute 4
  0.211493730348146,                      !- Value Until Time 4
  9,                                      !- Hour 5
  0,                                      !- Minute 5
  0.205273326514377,                      !- Value Until Time 5
  10,                                     !- Hour 6
  0,                                      !- Minute 6
  0.174171307345532,                      !- Value Until Time 6
  11,                                     !- Hour 7
  0,                                      !- Minute 7
  0.136848884342918,                      !- Value Until Time 7
  12,                                     !- Hour 8
  0,                                      !- Minute 8
  0.0933060575065348,                     !- Value Until Time 8
  13,                                     !- Hour 9
  0,                                      !- Minute 9
  0.0746448460052279,                     !- Value Until Time 9
  15,                                     !- Hour 10
  0,                                      !- Minute 10
  0.0684244421714589,                     !- Value Until Time 10
  16,                                     !- Hour 11
  0,                                      !- Minute 11
  0.0746448460052279,                     !- Value Until Time 11
  17,                                     !- Hour 12
  0,                                      !- Minute 12
  0.118187672841611,                      !- Value Until Time 12
  18,                                     !- Hour 13
  0,                                      !- Minute 13
  0.230154941849453,                      !- Value Until Time 13
  19,                                     !- Hour 14
  0,                                      !- Minute 14
  0.30479978785468,                       !- Value Until Time 14
  20,                                     !- Hour 15
  0,                                      !- Minute 15
  0.404326249194984,                      !- Value Until Time 15
  21,                                     !- Hour 16
  0,                                      !- Minute 16
  0.566056748872978,                      !- Value Until Time 16
  22,                                     !- Hour 17
  0,                                      !- Minute 17
  0.653142402545744,                      !- Value Until Time 17
  23,                                     !- Hour 18
  0,                                      !- Minute 18
  0.566056748872978,                      !- Value Until Time 18
  24,                                     !- Hour 19
  0,                                      !- Minute 19
  0.391885441527446;                      !- Value Until Time 19

OS:Schedule:Rule,
  {84d29736-b182-4ecf-9536-9a00a9184402}, !- Handle
  exterior lighting schedule weekend ruleset7, !- Name
  {6a69b67d-d51e-4306-9eb4-6e78b3c675eb}, !- Schedule Ruleset Name
  8,                                      !- Rule Order
  {7c007a36-4df6-41cc-96d8-61ae21a689f3}, !- Day Schedule Name
  Yes,                                    !- Apply Sunday
  ,                                       !- Apply Monday
  ,                                       !- Apply Tuesday
  ,                                       !- Apply Wednesday
  ,                                       !- Apply Thursday
  ,                                       !- Apply Friday
  Yes,                                    !- Apply Saturday
  DateRange,                              !- Date Specification Type
  7,                                      !- Start Month
  1,                                      !- Start Day
  8,                                      !- End Month
  31;                                     !- End Day

OS:Schedule:Day,
  {7c007a36-4df6-41cc-96d8-61ae21a689f3}, !- Handle
  exterior lighting schedule weekend7,    !- Name
  {8b28b612-cd64-4214-8d98-f36f80b99a49}, !- Schedule Type Limits Name
  ,                                       !- Interpolate to Timestep
  2,                                      !- Hour 1
  0,                                      !- Minute 1
  0.286138576353373,                      !- Value Until Time 1
  4,                                      !- Hour 2
  0,                                      !- Minute 2
  0.279918172519604,                      !- Value Until Time 2
  5,                                      !- Hour 3
  0,                                      !- Minute 3
  0.286138576353373,                      !- Value Until Time 3
  6,                                      !- Hour 4
  0,                                      !- Minute 4
  0.279918172519604,                      !- Value Until Time 4
  7,                                      !- Hour 5
  0,                                      !- Minute 5
  0.273697768685836,                      !- Value Until Time 5
  8,                                      !- Hour 6
  0,                                      !- Minute 6
  0.255036557184529,                      !- Value Until Time 6
  9,                                      !- Hour 7
  0,                                      !- Minute 7
  0.223934538015684,                      !- Value Until Time 7
  10,                                     !- Hour 8
  0,                                      !- Minute 8
  0.18661211501307,                       !- Value Until Time 8
  11,                                     !- Hour 9
  0,                                      !- Minute 9
  0.149289692010456,                      !- Value Until Time 9
  12,                                     !- Hour 10
  0,                                      !- Minute 10
  0.0995264613403038,                     !- Value Until Time 10
  13,                                     !- Hour 11
  0,                                      !- Minute 11
  0.0746448460052279,                     !- Value Until Time 11
  15,                                     !- Hour 12
  0,                                      !- Minute 12
  0.0684244421714589,                     !- Value Until Time 12
  16,                                     !- Hour 13
  0,                                      !- Minute 13
  0.0746448460052279,                     !- Value Until Time 13
  17,                                     !- Hour 14
  0,                                      !- Minute 14
  0.118187672841611,                      !- Value Until Time 14
  18,                                     !- Hour 15
  0,                                      !- Minute 15
  0.236375345683222,                      !- Value Until Time 15
  19,                                     !- Hour 16
  0,                                      !- Minute 16
  0.298579384020911,                      !- Value Until Time 16
  20,                                     !- Hour 17
  0,                                      !- Minute 17
  0.373224230026139,                      !- Value Until Time 17
  21,                                     !- Hour 18
  0,                                      !- Minute 18
  0.516293518202826,                      !- Value Until Time 18
  22,                                     !- Hour 19
  0,                                      !- Minute 19
  0.609599575709361,                      !- Value Until Time 19
  23,                                     !- Hour 20
  0,                                      !- Minute 20
  0.528734325870364,                      !- Value Until Time 20
  24,                                     !- Hour 21
  0,                                      !- Minute 21
  0.36700382619237;                       !- Value Until Time 21

OS:Schedule:Rule,
  {d8dbb61a-4edc-41fa-b4c2-b737232b922b}, !- Handle
  exterior lighting schedule weekday ruleset9, !- Name
  {6a69b67d-d51e-4306-9eb4-6e78b3c675eb}, !- Schedule Ruleset Name
  7,                                      !- Rule Order
  {f1c65b2b-b8e9-4eb9-8501-ed20b88bd831}, !- Day Schedule Name
  ,                                       !- Apply Sunday
  Yes,                                    !- Apply Monday
  Yes,                                    !- Apply Tuesday
  Yes,                                    !- Apply Wednesday
  Yes,                                    !- Apply Thursday
  Yes,                                    !- Apply Friday
  ,                                       !- Apply Saturday
  DateRange,                              !- Date Specification Type
  9,                                      !- Start Month
  1,                                      !- Start Day
  9,                                      !- End Month
  30;                                     !- End Day

OS:Schedule:Day,
  {f1c65b2b-b8e9-4eb9-8501-ed20b88bd831}, !- Handle
  exterior lighting schedule weekday9,    !- Name
  {8b28b612-cd64-4214-8d98-f36f80b99a49}, !- Schedule Type Limits Name
  ,                                       !- Interpolate to Timestep
  5,                                      !- Hour 1
  0,                                      !- Minute 1
  0.288229723074592,                      !- Value Until Time 1
  6,                                      !- Hour 2
  0,                                      !- Minute 2
  0.231836951168693,                      !- Value Until Time 2
  7,                                      !- Hour 3
  0,                                      !- Minute 3
  0.219305224078494,                      !- Value Until Time 3
  8,                                      !- Hour 4
  0,                                      !- Minute 4
  0.213039360533394,                      !- Value Until Time 4
  9,                                      !- Hour 5
  0,                                      !- Minute 5
  0.206773496988294,                      !- Value Until Time 5
  10,                                     !- Hour 6
  0,                                      !- Minute 6
  0.175444179262795,                      !- Value Until Time 6
  11,                                     !- Hour 7
  0,                                      !- Minute 7
  0.137848997992196,                      !- Value Until Time 7
  12,                                     !- Hour 8
  0,                                      !- Minute 8
  0.0939879531764973,                     !- Value Until Time 8
  13,                                     !- Hour 9
  0,                                      !- Minute 9
  0.0751903625411979,                     !- Value Until Time 9
  15,                                     !- Hour 10
  0,                                      !- Minute 10
  0.068924498996098,                      !- Value Until Time 10
  16,                                     !- Hour 11
  0,                                      !- Minute 11
  0.0751903625411979,                     !- Value Until Time 11
  17,                                     !- Hour 12
  0,                                      !- Minute 12
  0.119051407356897,                      !- Value Until Time 12
  18,                                     !- Hour 13
  0,                                      !- Minute 13
  0.231836951168693,                      !- Value Until Time 13
  19,                                     !- Hour 14
  0,                                      !- Minute 14
  0.307027313709891,                      !- Value Until Time 14
  20,                                     !- Hour 15
  0,                                      !- Minute 15
  0.407281130431488,                      !- Value Until Time 15
  21,                                     !- Hour 16
  0,                                      !- Minute 16
  0.570193582604084,                      !- Value Until Time 16
  22,                                     !- Hour 17
  0,                                      !- Minute 17
  0.657915672235481,                      !- Value Until Time 17
  23,                                     !- Hour 18
  0,                                      !- Minute 18
  0.570193582604084,                      !- Value Until Time 18
  24,                                     !- Hour 19
  0,                                      !- Minute 19
  0.394749403341289;                      !- Value Until Time 19

OS:Schedule:Rule,
  {c6ca27ce-2d76-45ee-bc67-d6df11285019}, !- Handle
  exterior lighting schedule weekend ruleset9, !- Name
  {6a69b67d-d51e-4306-9eb4-6e78b3c675eb}, !- Schedule Ruleset Name
  6,                                      !- Rule Order
  {ea44d9d7-a890-4048-8d52-005c679ad6ea}, !- Day Schedule Name
  Yes,                                    !- Apply Sunday
  ,                                       !- Apply Monday
  ,                                       !- Apply Tuesday
  ,                                       !- Apply Wednesday
  ,                                       !- Apply Thursday
  ,                                       !- Apply Friday
  Yes,                                    !- Apply Saturday
  DateRange,                              !- Date Specification Type
  9,                                      !- Start Month
  1,                                      !- Start Day
  9,                                      !- End Month
  30;                                     !- End Day

OS:Schedule:Day,
  {ea44d9d7-a890-4048-8d52-005c679ad6ea}, !- Handle
  exterior lighting schedule weekend9,    !- Name
  {8b28b612-cd64-4214-8d98-f36f80b99a49}, !- Schedule Type Limits Name
  ,                                       !- Interpolate to Timestep
  2,                                      !- Hour 1
  0,                                      !- Minute 1
  0.288229723074592,                      !- Value Until Time 1
  4,                                      !- Hour 2
  0,                                      !- Minute 2
  0.281963859529492,                      !- Value Until Time 2
  5,                                      !- Hour 3
  0,                                      !- Minute 3
  0.288229723074592,                      !- Value Until Time 3
  6,                                      !- Hour 4
  0,                                      !- Minute 4
  0.281963859529492,                      !- Value Until Time 4
  7,                                      !- Hour 5
  0,                                      !- Minute 5
  0.275697995984392,                      !- Value Until Time 5
  8,                                      !- Hour 6
  0,                                      !- Minute 6
  0.256900405349093,                      !- Value Until Time 6
  9,                                      !- Hour 7
  0,                                      !- Minute 7
  0.225571087623594,                      !- Value Until Time 7
  10,                                     !- Hour 8
  0,                                      !- Minute 8
  0.187975906352995,                      !- Value Until Time 8
  11,                                     !- Hour 9
  0,                                      !- Minute 9
  0.150380725082396,                      !- Value Until Time 9
  12,                                     !- Hour 10
  0,                                      !- Minute 10
  0.100253816721597,                      !- Value Until Time 10
  13,                                     !- Hour 11
  0,                                      !- Minute 11
  0.0751903625411979,                     !- Value Until Time 11
  15,                                     !- Hour 12
  0,                                      !- Minute 12
  0.068924498996098,                      !- Value Until Time 12
  16,                                     !- Hour 13
  0,                                      !- Minute 13
  0.0751903625411979,                     !- Value Until Time 13
  17,                                     !- Hour 14
  0,                                      !- Minute 14
  0.119051407356897,                      !- Value Until Time 14
  18,                                     !- Hour 15
  0,                                      !- Minute 15
  0.238102814713793,                      !- Value Until Time 15
  19,                                     !- Hour 16
  0,                                      !- Minute 16
  0.300761450164791,                      !- Value Until Time 16
  20,                                     !- Hour 17
  0,                                      !- Minute 17
  0.375951812705989,                      !- Value Until Time 17
  21,                                     !- Hour 18
  0,                                      !- Minute 18
  0.520066674243285,                      !- Value Until Time 18
  22,                                     !- Hour 19
  0,                                      !- Minute 19
  0.614054627419783,                      !- Value Until Time 19
  23,                                     !- Hour 20
  0,                                      !- Minute 20
  0.532598401333485,                      !- Value Until Time 20
  24,                                     !- Hour 21
  0,                                      !- Minute 21
  0.369685949160889;                      !- Value Until Time 21

OS:Schedule:Rule,
  {32a4444f-0143-4a36-a9e5-1bdef6ba0754}, !- Handle
  exterior lighting schedule weekday ruleset10, !- Name
  {6a69b67d-d51e-4306-9eb4-6e78b3c675eb}, !- Schedule Ruleset Name
  5,                                      !- Rule Order
  {384d43c8-cece-431d-8402-23bc02de95ae}, !- Day Schedule Name
  ,                                       !- Apply Sunday
  Yes,                                    !- Apply Monday
  Yes,                                    !- Apply Tuesday
  Yes,                                    !- Apply Wednesday
  Yes,                                    !- Apply Thursday
  Yes,                                    !- Apply Friday
  ,                                       !- Apply Saturday
  DateRange,                              !- Date Specification Type
  10,                                     !- Start Month
  1,                                      !- Start Day
  10,                                     !- End Month
  31;                                     !- End Day

OS:Schedule:Day,
  {384d43c8-cece-431d-8402-23bc02de95ae}, !- Handle
  exterior lighting schedule weekday10,   !- Name
  {8b28b612-cd64-4214-8d98-f36f80b99a49}, !- Schedule Type Limits Name
  ,                                       !- Interpolate to Timestep
  5,                                      !- Hour 1
  0,                                      !- Minute 1
  0.345039209001023,                      !- Value Until Time 1
  6,                                      !- Hour 2
  0,                                      !- Minute 2
  0.277531537674736,                      !- Value Until Time 2
  7,                                      !- Hour 3
  0,                                      !- Minute 3
  0.262529832935561,                      !- Value Until Time 3
  8,                                      !- Hour 4
  0,                                      !- Minute 4
  0.255028980565973,                      !- Value Until Time 4
  9,                                      !- Hour 5
  0,                                      !- Minute 5
  0.247528128196386,                      !- Value Until Time 5
  10,                                     !- Hour 6
  0,                                      !- Minute 6
  0.210023866348449,                      !- Value Until Time 6
  11,                                     !- Hour 7
  0,                                      !- Minute 7
  0.165018752130924,                      !- Value Until Time 7
  12,                                     !- Hour 8
  0,                                      !- Minute 8
  0.112512785543812,                      !- Value Until Time 8
  13,                                     !- Hour 9
  0,                                      !- Minute 9
  0.0900102284350494,                     !- Value Until Time 9
  15,                                     !- Hour 10
  0,                                      !- Minute 10
  0.082509376065462,                      !- Value Until Time 10
  16,                                     !- Hour 11
  0,                                      !- Minute 11
  0.0900102284350494,                     !- Value Until Time 11
  17,                                     !- Hour 12
  0,                                      !- Minute 12
  0.142516195022162,                      !- Value Until Time 12
  18,                                     !- Hour 13
  0,                                      !- Minute 13
  0.277531537674736,                      !- Value Until Time 13
  19,                                     !- Hour 14
  0,                                      !- Minute 14
  0.367541766109785,                      !- Value Until Time 14
  20,                                     !- Hour 15
  0,                                      !- Minute 15
  0.487555404023184,                      !- Value Until Time 15
  21,                                     !- Hour 16
  0,                                      !- Minute 16
  0.682577565632458,                      !- Value Until Time 16
  22,                                     !- Hour 17
  0,                                      !- Minute 17
  0.787589498806682,                      !- Value Until Time 17
  23,                                     !- Hour 18
  0,                                      !- Minute 18
  0.682577565632458,                      !- Value Until Time 18
  24,                                     !- Hour 19
  0,                                      !- Minute 19
  0.47255369928401;                       !- Value Until Time 19

OS:Schedule:Rule,
  {4b0d949f-f97c-4e49-9df4-8f5f77361f6a}, !- Handle
  exterior lighting schedule weekend ruleset10, !- Name
  {6a69b67d-d51e-4306-9eb4-6e78b3c675eb}, !- Schedule Ruleset Name
  4,                                      !- Rule Order
  {047af52f-ef20-48f3-b0a5-e0e9d7a46d17}, !- Day Schedule Name
  Yes,                                    !- Apply Sunday
  ,                                       !- Apply Monday
  ,                                       !- Apply Tuesday
  ,                                       !- Apply Wednesday
  ,                                       !- Apply Thursday
  ,                                       !- Apply Friday
  Yes,                                    !- Apply Saturday
  DateRange,                              !- Date Specification Type
  10,                                     !- Start Month
  1,                                      !- Start Day
  10,                                     !- End Month
  31;                                     !- End Day

OS:Schedule:Day,
  {047af52f-ef20-48f3-b0a5-e0e9d7a46d17}, !- Handle
  exterior lighting schedule weekend10,   !- Name
  {8b28b612-cd64-4214-8d98-f36f80b99a49}, !- Schedule Type Limits Name
  ,                                       !- Interpolate to Timestep
  2,                                      !- Hour 1
  0,                                      !- Minute 1
  0.345039209001023,                      !- Value Until Time 1
  4,                                      !- Hour 2
  0,                                      !- Minute 2
  0.337538356631435,                      !- Value Until Time 2
  5,                                      !- Hour 3
  0,                                      !- Minute 3
  0.345039209001023,                      !- Value Until Time 3
  6,                                      !- Hour 4
  0,                                      !- Minute 4
  0.337538356631435,                      !- Value Until Time 4
  7,                                      !- Hour 5
  0,                                      !- Minute 5
  0.330037504261848,                      !- Value Until Time 5
  8,                                      !- Hour 6
  0,                                      !- Minute 6
  0.307534947153086,                      !- Value Until Time 6
  9,                                      !- Hour 7
  0,                                      !- Minute 7
  0.270030685305148,                      !- Value Until Time 7
  10,                                     !- Hour 8
  0,                                      !- Minute 8
  0.225025571087624,                      !- Value Until Time 8
  11,                                     !- Hour 9
  0,                                      !- Minute 9
  0.180020456870099,                      !- Value Until Time 9
  12,                                     !- Hour 10
  0,                                      !- Minute 10
  0.120013637913399,                      !- Value Until Time 10
  13,                                     !- Hour 11
  0,                                      !- Minute 11
  0.0900102284350494,                     !- Value Until Time 11
  15,                                     !- Hour 12
  0,                                      !- Minute 12
  0.082509376065462,                      !- Value Until Time 12
  16,                                     !- Hour 13
  0,                                      !- Minute 13
  0.0900102284350494,                     !- Value Until Time 13
  17,                                     !- Hour 14
  0,                                      !- Minute 14
  0.142516195022162,                      !- Value Until Time 14
  18,                                     !- Hour 15
  0,                                      !- Minute 15
  0.285032390044323,                      !- Value Until Time 15
  19,                                     !- Hour 16
  0,                                      !- Minute 16
  0.360040913740198,                      !- Value Until Time 16
  20,                                     !- Hour 17
  0,                                      !- Minute 17
  0.450051142175247,                      !- Value Until Time 17
  21,                                     !- Hour 18
  0,                                      !- Minute 18
  0.622570746675759,                      !- Value Until Time 18
  22,                                     !- Hour 19
  0,                                      !- Minute 19
  0.73508353221957,                       !- Value Until Time 19
  23,                                     !- Hour 20
  0,                                      !- Minute 20
  0.637572451414934,                      !- Value Until Time 20
  24,                                     !- Hour 21
  0,                                      !- Minute 21
  0.44255028980566;                       !- Value Until Time 21

OS:Schedule:Rule,
  {71f14926-6a34-469c-8637-718819ea712f}, !- Handle
  exterior lighting schedule weekday ruleset11, !- Name
  {6a69b67d-d51e-4306-9eb4-6e78b3c675eb}, !- Schedule Ruleset Name
  3,                                      !- Rule Order
  {08c94db0-716c-43b0-958a-092d1c6a4749}, !- Day Schedule Name
  ,                                       !- Apply Sunday
  Yes,                                    !- Apply Monday
  Yes,                                    !- Apply Tuesday
  Yes,                                    !- Apply Wednesday
  Yes,                                    !- Apply Thursday
  Yes,                                    !- Apply Friday
  ,                                       !- Apply Saturday
  DateRange,                              !- Date Specification Type
  11,                                     !- Start Month
  1,                                      !- Start Day
  11,                                     !- End Month
  30;                                     !- End Day

OS:Schedule:Day,
  {08c94db0-716c-43b0-958a-092d1c6a4749}, !- Handle
  exterior lighting schedule weekday11,   !- Name
  {8b28b612-cd64-4214-8d98-f36f80b99a49}, !- Schedule Type Limits Name
  ,                                       !- Interpolate to Timestep
  5,                                      !- Hour 1
  0,                                      !- Minute 1
  0.343993635640414,                      !- Value Until Time 1
  6,                                      !- Hour 2
  0,                                      !- Minute 2
  0.276690533015115,                      !- Value Until Time 2
  7,                                      !- Hour 3
  0,                                      !- Minute 3
  0.261734287987271,                      !- Value Until Time 3
  8,                                      !- Hour 4
  0,                                      !- Minute 4
  0.254256165473349,                      !- Value Until Time 4
  9,                                      !- Hour 5
  0,                                      !- Minute 5
  0.246778042959427,                      !- Value Until Time 5
  10,                                     !- Hour 6
  0,                                      !- Minute 6
  0.209387430389817,                      !- Value Until Time 6
  11,                                     !- Hour 7
  0,                                      !- Minute 7
  0.164518695306285,                      !- Value Until Time 7
  12,                                     !- Hour 8
  0,                                      !- Minute 8
  0.112171837708831,                      !- Value Until Time 8
  13,                                     !- Hour 9
  0,                                      !- Minute 9
  0.0897374701670644,                     !- Value Until Time 9
  15,                                     !- Hour 10
  0,                                      !- Minute 10
  0.0822593476531424,                     !- Value Until Time 10
  16,                                     !- Hour 11
  0,                                      !- Minute 11
  0.0897374701670644,                     !- Value Until Time 11
  17,                                     !- Hour 12
  0,                                      !- Minute 12
  0.142084327764519,                      !- Value Until Time 12
  18,                                     !- Hour 13
  0,                                      !- Minute 13
  0.276690533015115,                      !- Value Until Time 13
  19,                                     !- Hour 14
  0,                                      !- Minute 14
  0.36642800318218,                       !- Value Until Time 14
  20,                                     !- Hour 15
  0,                                      !- Minute 15
  0.486077963404932,                      !- Value Until Time 15
  21,                                     !- Hour 16
  0,                                      !- Minute 16
  0.680509148766905,                      !- Value Until Time 16
  22,                                     !- Hour 17
  0,                                      !- Minute 17
  0.785202863961814,                      !- Value Until Time 17
  23,                                     !- Hour 18
  0,                                      !- Minute 18
  0.680509148766905,                      !- Value Until Time 18
  24,                                     !- Hour 19
  0,                                      !- Minute 19
  0.471121718377088;                      !- Value Until Time 19

OS:Schedule:Rule,
  {f9828ca4-54b4-4b81-b1df-a2f5aa04a661}, !- Handle
  exterior lighting schedule weekend ruleset11, !- Name
  {6a69b67d-d51e-4306-9eb4-6e78b3c675eb}, !- Schedule Ruleset Name
  2,                                      !- Rule Order
  {0fa70c32-0c6b-4025-9955-7ce99fa92bf7}, !- Day Schedule Name
  Yes,                                    !- Apply Sunday
  ,                                       !- Apply Monday
  ,                                       !- Apply Tuesday
  ,                                       !- Apply Wednesday
  ,                                       !- Apply Thursday
  ,                                       !- Apply Friday
  Yes,                                    !- Apply Saturday
  DateRange,                              !- Date Specification Type
  11,                                     !- Start Month
  1,                                      !- Start Day
  11,                                     !- End Month
  30;                                     !- End Day

OS:Schedule:Day,
  {0fa70c32-0c6b-4025-9955-7ce99fa92bf7}, !- Handle
  exterior lighting schedule weekend11,   !- Name
  {8b28b612-cd64-4214-8d98-f36f80b99a49}, !- Schedule Type Limits Name
  ,                                       !- Interpolate to Timestep
  2,                                      !- Hour 1
  0,                                      !- Minute 1
  0.343993635640414,                      !- Value Until Time 1
  4,                                      !- Hour 2
  0,                                      !- Minute 2
  0.336515513126492,                      !- Value Until Time 2
  5,                                      !- Hour 3
  0,                                      !- Minute 3
  0.343993635640414,                      !- Value Until Time 3
  6,                                      !- Hour 4
  0,                                      !- Minute 4
  0.336515513126492,                      !- Value Until Time 4
  7,                                      !- Hour 5
  0,                                      !- Minute 5
  0.32903739061257,                       !- Value Until Time 5
  8,                                      !- Hour 6
  0,                                      !- Minute 6
  0.306603023070804,                      !- Value Until Time 6
  9,                                      !- Hour 7
  0,                                      !- Minute 7
  0.269212410501193,                      !- Value Until Time 7
  10,                                     !- Hour 8
  0,                                      !- Minute 8
  0.224343675417661,                      !- Value Until Time 8
  11,                                     !- Hour 9
  0,                                      !- Minute 9
  0.179474940334129,                      !- Value Until Time 9
  12,                                     !- Hour 10
  0,                                      !- Minute 10
  0.119649960222753,                      !- Value Until Time 10
  13,                                     !- Hour 11
  0,                                      !- Minute 11
  0.0897374701670644,                     !- Value Until Time 11
  15,                                     !- Hour 12
  0,                                      !- Minute 12
  0.0822593476531424,                     !- Value Until Time 12
  16,                                     !- Hour 13
  0,                                      !- Minute 13
  0.0897374701670644,                     !- Value Until Time 13
  17,                                     !- Hour 14
  0,                                      !- Minute 14
  0.142084327764519,                      !- Value Until Time 14
  18,                                     !- Hour 15
  0,                                      !- Minute 15
  0.284168655529037,                      !- Value Until Time 15
  19,                                     !- Hour 16
  0,                                      !- Minute 16
  0.358949880668258,                      !- Value Until Time 16
  20,                                     !- Hour 17
  0,                                      !- Minute 17
  0.448687350835322,                      !- Value Until Time 17
  21,                                     !- Hour 18
  0,                                      !- Minute 18
  0.620684168655529,                      !- Value Until Time 18
  22,                                     !- Hour 19
  0,                                      !- Minute 19
  0.73285600636436,                       !- Value Until Time 19
  23,                                     !- Hour 20
  0,                                      !- Minute 20
  0.635640413683373,                      !- Value Until Time 20
  24,                                     !- Hour 21
  0,                                      !- Minute 21
  0.4412092283214;                        !- Value Until Time 21

OS:Schedule:Rule,
  {8098761c-596c-4b95-9928-6cb980c31595}, !- Handle
  exterior lighting schedule weekday ruleset12, !- Name
  {6a69b67d-d51e-4306-9eb4-6e78b3c675eb}, !- Schedule Ruleset Name
  1,                                      !- Rule Order
  {b7d5b455-7b88-46ea-ba54-2d26caed0b3f}, !- Day Schedule Name
  ,                                       !- Apply Sunday
  Yes,                                    !- Apply Monday
  Yes,                                    !- Apply Tuesday
  Yes,                                    !- Apply Wednesday
  Yes,                                    !- Apply Thursday
  Yes,                                    !- Apply Friday
  ,                                       !- Apply Saturday
  DateRange,                              !- Date Specification Type
  12,                                     !- Start Month
  1,                                      !- Start Day
  12,                                     !- End Month
  31;                                     !- End Day

OS:Schedule:Day,
  {b7d5b455-7b88-46ea-ba54-2d26caed0b3f}, !- Handle
  exterior lighting schedule weekday12,   !- Name
  {8b28b612-cd64-4214-8d98-f36f80b99a49}, !- Schedule Type Limits Name
  ,                                       !- Interpolate to Timestep
  5,                                      !- Hour 1
  0,                                      !- Minute 1
  0.434958518013411,                      !- Value Until Time 1
  6,                                      !- Hour 2
  0,                                      !- Minute 2
  0.349857938402091,                      !- Value Until Time 2
  7,                                      !- Hour 3
  0,                                      !- Minute 3
  0.330946698488465,                      !- Value Until Time 3
  8,                                      !- Hour 4
  0,                                      !- Minute 4
  0.321491078531651,                      !- Value Until Time 4
  9,                                      !- Hour 5
  0,                                      !- Minute 5
  0.312035458574838,                      !- Value Until Time 5
  10,                                     !- Hour 6
  0,                                      !- Minute 6
  0.264757358790772,                      !- Value Until Time 6
  11,                                     !- Hour 7
  0,                                      !- Minute 7
  0.208023639049892,                      !- Value Until Time 7
  12,                                     !- Hour 8
  0,                                      !- Minute 8
  0.141834299352199,                      !- Value Until Time 8
  13,                                     !- Hour 9
  0,                                      !- Minute 9
  0.113467439481759,                      !- Value Until Time 9
  15,                                     !- Hour 10
  0,                                      !- Minute 10
  0.104011819524946,                      !- Value Until Time 10
  16,                                     !- Hour 11
  0,                                      !- Minute 11
  0.113467439481759,                      !- Value Until Time 11
  17,                                     !- Hour 12
  0,                                      !- Minute 12
  0.179656779179452,                      !- Value Until Time 12
  18,                                     !- Hour 13
  0,                                      !- Minute 13
  0.349857938402091,                      !- Value Until Time 13
  19,                                     !- Hour 14
  0,                                      !- Minute 14
  0.463325377883851,                      !- Value Until Time 14
  20,                                     !- Hour 15
  0,                                      !- Minute 15
  0.614615297192863,                      !- Value Until Time 15
  21,                                     !- Hour 16
  0,                                      !- Minute 16
  0.860461416070008,                      !- Value Until Time 16
  22,                                     !- Hour 17
  0,                                      !- Minute 17
  0.992840095465394,                      !- Value Until Time 17
  23,                                     !- Hour 18
  0,                                      !- Minute 18
  0.860461416070008,                      !- Value Until Time 18
  24,                                     !- Hour 19
  0,                                      !- Minute 19
  0.595704057279236;                      !- Value Until Time 19

OS:Schedule:Rule,
  {1e132421-ef1a-4af8-a6ca-b4d540c3daec}, !- Handle
  exterior lighting schedule weekend ruleset12, !- Name
  {6a69b67d-d51e-4306-9eb4-6e78b3c675eb}, !- Schedule Ruleset Name
  0,                                      !- Rule Order
  {5ebf26cc-059b-4b7a-a18c-ac2636cacfee}, !- Day Schedule Name
  Yes,                                    !- Apply Sunday
  ,                                       !- Apply Monday
  ,                                       !- Apply Tuesday
  ,                                       !- Apply Wednesday
  ,                                       !- Apply Thursday
  ,                                       !- Apply Friday
  Yes,                                    !- Apply Saturday
  DateRange,                              !- Date Specification Type
  12,                                     !- Start Month
  1,                                      !- Start Day
  12,                                     !- End Month
  31;                                     !- End Day

OS:Schedule:Day,
  {5ebf26cc-059b-4b7a-a18c-ac2636cacfee}, !- Handle
  exterior lighting schedule weekend12,   !- Name
  {8b28b612-cd64-4214-8d98-f36f80b99a49}, !- Schedule Type Limits Name
  ,                                       !- Interpolate to Timestep
  2,                                      !- Hour 1
  0,                                      !- Minute 1
  0.434958518013411,                      !- Value Until Time 1
  4,                                      !- Hour 2
  0,                                      !- Minute 2
  0.425502898056597,                      !- Value Until Time 2
  5,                                      !- Hour 3
  0,                                      !- Minute 3
  0.434958518013411,                      !- Value Until Time 3
  6,                                      !- Hour 4
  0,                                      !- Minute 4
  0.425502898056597,                      !- Value Until Time 4
  7,                                      !- Hour 5
  0,                                      !- Minute 5
  0.416047278099784,                      !- Value Until Time 5
  8,                                      !- Hour 6
  0,                                      !- Minute 6
  0.387680418229344,                      !- Value Until Time 6
  9,                                      !- Hour 7
  0,                                      !- Minute 7
  0.340402318445278,                      !- Value Until Time 7
  10,                                     !- Hour 8
  0,                                      !- Minute 8
  0.283668598704398,                      !- Value Until Time 8
  11,                                     !- Hour 9
  0,                                      !- Minute 9
  0.226934878963519,                      !- Value Until Time 9
  12,                                     !- Hour 10
  0,                                      !- Minute 10
  0.151289919309012,                      !- Value Until Time 10
  13,                                     !- Hour 11
  0,                                      !- Minute 11
  0.113467439481759,                      !- Value Until Time 11
  15,                                     !- Hour 12
  0,                                      !- Minute 12
  0.104011819524946,                      !- Value Until Time 12
  16,                                     !- Hour 13
  0,                                      !- Minute 13
  0.113467439481759,                      !- Value Until Time 13
  17,                                     !- Hour 14
  0,                                      !- Minute 14
  0.179656779179452,                      !- Value Until Time 14
  18,                                     !- Hour 15
  0,                                      !- Minute 15
  0.359313558358904,                      !- Value Until Time 15
  19,                                     !- Hour 16
  0,                                      !- Minute 16
  0.453869757927037,                      !- Value Until Time 16
  20,                                     !- Hour 17
  0,                                      !- Minute 17
  0.567337197408797,                      !- Value Until Time 17
  21,                                     !- Hour 18
  0,                                      !- Minute 18
  0.784816456415502,                      !- Value Until Time 18
  22,                                     !- Hour 19
  0,                                      !- Minute 19
  0.926650755767701,                      !- Value Until Time 19
  23,                                     !- Hour 20
  0,                                      !- Minute 20
  0.803727696329128,                      !- Value Until Time 20
  24,                                     !- Hour 21
  0,                                      !- Minute 21
  0.557881577451983;                      !- Value Until Time 21

OS:Exterior:Lights:Definition,
  {4d7e4269-7963-44eb-9ced-36292e10706c}, !- Handle
  exterior lighting,                      !- Name
  9.72630317336569;                       !- Design Level {W}

OS:Exterior:Lights,
  {09457b6a-6f85-427d-899a-e3401bfad094}, !- Handle
  exterior lighting,                      !- Name
  {4d7e4269-7963-44eb-9ced-36292e10706c}, !- Exterior Lights Definition Name
  {6a69b67d-d51e-4306-9eb4-6e78b3c675eb}, !- Schedule Name
  ,                                       !- Control Option
  ,                                       !- Multiplier
  exterior lighting;                      !- End-Use Subcategory

OS:Schedule:Ruleset,
  {a123f723-b9fa-480b-b189-96ebf0f0b277}, !- Handle
  cooling season schedule,                !- Name
  {8b28b612-cd64-4214-8d98-f36f80b99a49}, !- Schedule Type Limits Name
  {94523357-3c9f-4c3b-9c1a-a4b2a2605eb6}; !- Default Day Schedule Name

OS:Schedule:Day,
  {94523357-3c9f-4c3b-9c1a-a4b2a2605eb6}, !- Handle
  cooling season schedule default day,    !- Name
  {8b28b612-cd64-4214-8d98-f36f80b99a49}, !- Schedule Type Limits Name
  ,                                       !- Interpolate to Timestep
  24,                                     !- Hour 1
  0,                                      !- Minute 1
  0;                                      !- Value Until Time 1

OS:Schedule:Rule,
  {77186ed5-132a-47c6-8b9e-bc7fbd882b53}, !- Handle
  cooling season schedule allday ruleset1, !- Name
  {a123f723-b9fa-480b-b189-96ebf0f0b277}, !- Schedule Ruleset Name
  2,                                      !- Rule Order
  {fdf82d09-71d5-4713-ac67-94906c0d6594}, !- Day Schedule Name
  Yes,                                    !- Apply Sunday
  Yes,                                    !- Apply Monday
  Yes,                                    !- Apply Tuesday
  Yes,                                    !- Apply Wednesday
  Yes,                                    !- Apply Thursday
  Yes,                                    !- Apply Friday
  Yes,                                    !- Apply Saturday
  DateRange,                              !- Date Specification Type
  1,                                      !- Start Month
  1,                                      !- Start Day
  2,                                      !- End Month
  28;                                     !- End Day

OS:Schedule:Day,
  {fdf82d09-71d5-4713-ac67-94906c0d6594}, !- Handle
  cooling season schedule allday1,        !- Name
  {8b28b612-cd64-4214-8d98-f36f80b99a49}, !- Schedule Type Limits Name
  ,                                       !- Interpolate to Timestep
  24,                                     !- Hour 1
  0,                                      !- Minute 1
  0;                                      !- Value Until Time 1

OS:Schedule:Rule,
  {6ebc7e6c-7b6b-4e86-9ded-73504fa46603}, !- Handle
  cooling season schedule allday ruleset3, !- Name
  {a123f723-b9fa-480b-b189-96ebf0f0b277}, !- Schedule Ruleset Name
  1,                                      !- Rule Order
  {b4cfd5fd-abbd-4c63-8faf-4a033e11ee0e}, !- Day Schedule Name
  Yes,                                    !- Apply Sunday
  Yes,                                    !- Apply Monday
  Yes,                                    !- Apply Tuesday
  Yes,                                    !- Apply Wednesday
  Yes,                                    !- Apply Thursday
  Yes,                                    !- Apply Friday
  Yes,                                    !- Apply Saturday
  DateRange,                              !- Date Specification Type
  3,                                      !- Start Month
  1,                                      !- Start Day
  11,                                     !- End Month
  30;                                     !- End Day

OS:Schedule:Day,
  {b4cfd5fd-abbd-4c63-8faf-4a033e11ee0e}, !- Handle
  cooling season schedule allday3,        !- Name
  {8b28b612-cd64-4214-8d98-f36f80b99a49}, !- Schedule Type Limits Name
  ,                                       !- Interpolate to Timestep
  24,                                     !- Hour 1
  0,                                      !- Minute 1
  1;                                      !- Value Until Time 1

OS:Schedule:Rule,
  {362dbaaa-3e74-43be-932d-cdbf21ff8e46}, !- Handle
  cooling season schedule allday ruleset12, !- Name
  {a123f723-b9fa-480b-b189-96ebf0f0b277}, !- Schedule Ruleset Name
  0,                                      !- Rule Order
  {12b8fd38-8e53-4d95-bdc8-443774fa0e04}, !- Day Schedule Name
  Yes,                                    !- Apply Sunday
  Yes,                                    !- Apply Monday
  Yes,                                    !- Apply Tuesday
  Yes,                                    !- Apply Wednesday
  Yes,                                    !- Apply Thursday
  Yes,                                    !- Apply Friday
  Yes,                                    !- Apply Saturday
  DateRange,                              !- Date Specification Type
  12,                                     !- Start Month
  1,                                      !- Start Day
  12,                                     !- End Month
  31;                                     !- End Day

OS:Schedule:Day,
  {12b8fd38-8e53-4d95-bdc8-443774fa0e04}, !- Handle
  cooling season schedule allday12,       !- Name
  {8b28b612-cd64-4214-8d98-f36f80b99a49}, !- Schedule Type Limits Name
  ,                                       !- Interpolate to Timestep
  24,                                     !- Hour 1
  0,                                      !- Minute 1
  0;                                      !- Value Until Time 1

OS:EnergyManagementSystem:Sensor,
  {f11ab2ee-2ed1-4d20-a522-948056580a65}, !- Handle
  cool_season,                            !- Name
  cooling season schedule,                !- Output Variable or Output Meter Index Key Name
  Schedule Value;                         !- Output Variable or Output Meter Name

OS:EnergyManagementSystem:Sensor,
  {d83bc01f-a9b5-448a-adf7-6107d6ab631f}, !- Handle
  out_pb_s,                               !- Name
  ,                                       !- Output Variable or Output Meter Index Key Name
  Site Outdoor Air Barometric Pressure;   !- Output Variable or Output Meter Name

OS:EnergyManagementSystem:Sensor,
  {beeca49a-e5ab-4dca-82e1-fa44106c21d3}, !- Handle
  out_wt_s,                               !- Name
  ,                                       !- Output Variable or Output Meter Index Key Name
  Site Outdoor Air Humidity Ratio;        !- Output Variable or Output Meter Name

OS:EnergyManagementSystem:Sensor,
  {e759a1b3-20d3-49e8-b6db-8d2338399599}, !- Handle
  win_s,                                  !- Name
  conditioned space,                      !- Output Variable or Output Meter Index Key Name
  Zone Air Humidity Ratio;                !- Output Variable or Output Meter Name

OS:EnergyManagementSystem:Sensor,
  {afc3760b-d9ab-4bd1-ad33-058688e41c9c}, !- Handle
  site_vw_s,                              !- Name
  ,                                       !- Output Variable or Output Meter Index Key Name
  Site Wind Speed;                        !- Output Variable or Output Meter Name

OS:EnergyManagementSystem:Sensor,
  {59c1754e-bee4-4ab3-a12f-e068f76ec9d5}, !- Handle
  tin_s,                                  !- Name
  conditioned space,                      !- Output Variable or Output Meter Index Key Name
  Zone Mean Air Temperature;              !- Output Variable or Output Meter Name

OS:EnergyManagementSystem:Sensor,
  {f75f6bb1-91f2-4c36-ad4d-bf74ac136f28}, !- Handle
  tout_s,                                 !- Name
  conditioned space,                      !- Output Variable or Output Meter Index Key Name
  Zone Outdoor Air Drybulb Temperature;   !- Output Variable or Output Meter Name

OS:EnergyManagementSystem:GlobalVariable,
  {ce330563-0dab-4c3e-9894-a0b3b56fb4a0}, !- Handle
  central_ac_and_furnace_airloop_Fan_RTF; !- Name

OS:EnergyManagementSystem:InternalVariable,
  {5940bede-5904-4f62-8270-94a2785108c7}, !- Handle
  central_ac_and_furnace_airloop_max_sup_fan_mfr, !- Name
  central ac and furnace supply fan,      !- Internal Data Index Key Name
  Fan Maximum Mass Flow Rate;             !- Internal Data Type

OS:EnergyManagementSystem:Sensor,
  {027e7ec8-30f3-41fd-b747-eb2de0bb07ca}, !- Handle
  central_ac_and_furnace_airloop_Fan_RTF_s, !- Name
  central ac and furnace supply fan,      !- Output Variable or Output Meter Index Key Name
  Fan Runtime Fraction Speed 1;           !- Output Variable or Output Meter Name

OS:EnergyManagementSystem:Sensor,
  {cb549de4-45a8-4b9e-be39-469e7cc83795}, !- Handle
  central_ac_and_furnace_airloop_Fan_RTF_s_1, !- Name
  central ac and furnace supply fan,      !- Output Variable or Output Meter Index Key Name
  Fan Runtime Fraction Speed 2;           !- Output Variable or Output Meter Name

OS:ThermalZone,
  {cb1dd659-6c05-4d86-9dff-315bbb8a0669}, !- Handle
  central ac and furnace airloop ret air zone, !- Name
  1,                                      !- Multiplier
  ,                                       !- Ceiling Height {m}
  1,                                      !- Volume {m3}
  ,                                       !- Floor Area {m2}
  ,                                       !- Zone Inside Convection Algorithm
  ,                                       !- Zone Outside Convection Algorithm
  ,                                       !- Zone Conditioning Equipment List Name
  {566fa766-906a-410f-b127-ccd614aa73ae}, !- Zone Air Inlet Port List
  {c76ca840-720e-48a0-871c-4ba60d79d167}, !- Zone Air Exhaust Port List
  {d1133297-aaff-449e-804e-2874359e4833}, !- Zone Air Node Name
  {12ca37be-82f3-4cbb-add4-d500cb55bc42}, !- Zone Return Air Port List
  ,                                       !- Primary Daylighting Control Name
  ,                                       !- Fraction of Zone Controlled by Primary Daylighting Control
  ,                                       !- Secondary Daylighting Control Name
  ,                                       !- Fraction of Zone Controlled by Secondary Daylighting Control
  ,                                       !- Illuminance Map Name
  ,                                       !- Group Rendering Name
  ,                                       !- Thermostat Name
  No;                                     !- Use Ideal Air Loads

OS:Node,
  {65601808-bba5-4e32-8702-dbdb24201cae}, !- Handle
  Node 23,                                !- Name
  {d1133297-aaff-449e-804e-2874359e4833}, !- Inlet Port
  ;                                       !- Outlet Port

OS:Connection,
  {d1133297-aaff-449e-804e-2874359e4833}, !- Handle
  {cb1dd659-6c05-4d86-9dff-315bbb8a0669}, !- Source Object
  11,                                     !- Outlet Port
  {65601808-bba5-4e32-8702-dbdb24201cae}, !- Target Object
  2;                                      !- Inlet Port

OS:PortList,
  {566fa766-906a-410f-b127-ccd614aa73ae}, !- Handle
  {cb1dd659-6c05-4d86-9dff-315bbb8a0669}; !- HVAC Component

OS:PortList,
  {c76ca840-720e-48a0-871c-4ba60d79d167}, !- Handle
  {cb1dd659-6c05-4d86-9dff-315bbb8a0669}; !- HVAC Component

OS:PortList,
  {12ca37be-82f3-4cbb-add4-d500cb55bc42}, !- Handle
  {cb1dd659-6c05-4d86-9dff-315bbb8a0669}; !- HVAC Component

OS:Sizing:Zone,
  {76ee8ff6-85e2-440b-86c8-19accb88a724}, !- Handle
  {cb1dd659-6c05-4d86-9dff-315bbb8a0669}, !- Zone or ZoneList Name
  SupplyAirTemperature,                   !- Zone Cooling Design Supply Air Temperature Input Method
  14,                                     !- Zone Cooling Design Supply Air Temperature {C}
  11.11,                                  !- Zone Cooling Design Supply Air Temperature Difference {deltaC}
  SupplyAirTemperature,                   !- Zone Heating Design Supply Air Temperature Input Method
  40,                                     !- Zone Heating Design Supply Air Temperature {C}
  11.11,                                  !- Zone Heating Design Supply Air Temperature Difference {deltaC}
  0.0085,                                 !- Zone Cooling Design Supply Air Humidity Ratio {kg-H2O/kg-air}
  0.008,                                  !- Zone Heating Design Supply Air Humidity Ratio {kg-H2O/kg-air}
  ,                                       !- Zone Heating Sizing Factor
  ,                                       !- Zone Cooling Sizing Factor
  DesignDay,                              !- Cooling Design Air Flow Method
  ,                                       !- Cooling Design Air Flow Rate {m3/s}
  ,                                       !- Cooling Minimum Air Flow per Zone Floor Area {m3/s-m2}
  ,                                       !- Cooling Minimum Air Flow {m3/s}
  ,                                       !- Cooling Minimum Air Flow Fraction
  DesignDay,                              !- Heating Design Air Flow Method
  ,                                       !- Heating Design Air Flow Rate {m3/s}
  ,                                       !- Heating Maximum Air Flow per Zone Floor Area {m3/s-m2}
  ,                                       !- Heating Maximum Air Flow {m3/s}
  ,                                       !- Heating Maximum Air Flow Fraction
  No,                                     !- Account for Dedicated Outdoor Air System
  NeutralSupplyAir,                       !- Dedicated Outdoor Air System Control Strategy
  autosize,                               !- Dedicated Outdoor Air Low Setpoint Temperature for Design {C}
  autosize,                               !- Dedicated Outdoor Air High Setpoint Temperature for Design {C}
  Sensible Load Only No Latent Load,      !- Zone Load Sizing Method
  HumidityRatioDifference,                !- Zone Latent Cooling Design Supply Air Humidity Ratio Input Method
  ,                                       !- Zone Dehumidification Design Supply Air Humidity Ratio {kgWater/kgDryAir}
  0.005,                                  !- Zone Cooling Design Supply Air Humidity Ratio Difference {kgWater/kgDryAir}
  HumidityRatioDifference,                !- Zone Latent Heating Design Supply Air Humidity Ratio Input Method
  ,                                       !- Zone Humidification Design Supply Air Humidity Ratio {kgWater/kgDryAir}
  0.005;                                  !- Zone Humidification Design Supply Air Humidity Ratio Difference {kgWater/kgDryAir}

OS:ZoneHVAC:EquipmentList,
  {22577eee-af6a-4667-9912-03f40ff071f4}, !- Handle
  Zone HVAC Equipment List 4,             !- Name
  {cb1dd659-6c05-4d86-9dff-315bbb8a0669}; !- Thermal Zone

OS:Space,
  {64cb2cf0-591e-41e8-97e6-05fb6132be18}, !- Handle
  central ac and furnace airloop ret air space, !- Name
  ,                                       !- Space Type Name
  ,                                       !- Default Construction Set Name
  ,                                       !- Default Schedule Set Name
  ,                                       !- Direction of Relative North {deg}
  ,                                       !- X Origin {m}
  ,                                       !- Y Origin {m}
  ,                                       !- Z Origin {m}
  ,                                       !- Building Story Name
  {cb1dd659-6c05-4d86-9dff-315bbb8a0669}, !- Thermal Zone Name
  ,                                       !- Part of Total Floor Area
  ,                                       !- Design Specification Outdoor Air Object Name
  {bde82b4d-1613-453e-ad31-6985ccf4c7ae}; !- Building Unit Name

OS:Surface,
  {3cac02e7-c0ee-4356-90d9-569ef00f1489}, !- Handle
  Surface 1,                              !- Name
  Floor,                                  !- Surface Type
  {e192480d-fdab-468d-97a6-d6f989f23ff1}, !- Construction Name
  {64cb2cf0-591e-41e8-97e6-05fb6132be18}, !- Space Name
  Adiabatic,                              !- Outside Boundary Condition
  ,                                       !- Outside Boundary Condition Object
  NoSun,                                  !- Sun Exposure
  NoWind,                                 !- Wind Exposure
  ,                                       !- View Factor to Ground
  ,                                       !- Number of Vertices
  0, 0, 0,                                !- X,Y,Z Vertex 1 {m}
  0, 1, 0,                                !- X,Y,Z Vertex 2 {m}
  1, 1, 0,                                !- X,Y,Z Vertex 3 {m}
  1, 0, 0;                                !- X,Y,Z Vertex 4 {m}

OS:Surface,
  {65eaf456-8304-4dc8-98fd-55f719413a42}, !- Handle
  Surface 2,                              !- Name
  Wall,                                   !- Surface Type
  {e192480d-fdab-468d-97a6-d6f989f23ff1}, !- Construction Name
  {64cb2cf0-591e-41e8-97e6-05fb6132be18}, !- Space Name
  Adiabatic,                              !- Outside Boundary Condition
  ,                                       !- Outside Boundary Condition Object
  NoSun,                                  !- Sun Exposure
  NoWind,                                 !- Wind Exposure
  ,                                       !- View Factor to Ground
  ,                                       !- Number of Vertices
  0, 0, 1,                                !- X,Y,Z Vertex 1 {m}
  0, 1, 1,                                !- X,Y,Z Vertex 2 {m}
  0, 1, 0,                                !- X,Y,Z Vertex 3 {m}
  0, 0, 0;                                !- X,Y,Z Vertex 4 {m}

OS:Surface,
  {f725ee15-2043-4eab-b8f6-8383af3df422}, !- Handle
  Surface 3,                              !- Name
  Wall,                                   !- Surface Type
  {e192480d-fdab-468d-97a6-d6f989f23ff1}, !- Construction Name
  {64cb2cf0-591e-41e8-97e6-05fb6132be18}, !- Space Name
  Adiabatic,                              !- Outside Boundary Condition
  ,                                       !- Outside Boundary Condition Object
  NoSun,                                  !- Sun Exposure
  NoWind,                                 !- Wind Exposure
  ,                                       !- View Factor to Ground
  ,                                       !- Number of Vertices
  0, 1, 1,                                !- X,Y,Z Vertex 1 {m}
  1, 1, 1,                                !- X,Y,Z Vertex 2 {m}
  1, 1, 0,                                !- X,Y,Z Vertex 3 {m}
  0, 1, 0;                                !- X,Y,Z Vertex 4 {m}

OS:Surface,
  {870356c3-d012-4b00-8e0f-77c4edf238e0}, !- Handle
  Surface 4,                              !- Name
  Wall,                                   !- Surface Type
  {e192480d-fdab-468d-97a6-d6f989f23ff1}, !- Construction Name
  {64cb2cf0-591e-41e8-97e6-05fb6132be18}, !- Space Name
  Adiabatic,                              !- Outside Boundary Condition
  ,                                       !- Outside Boundary Condition Object
  NoSun,                                  !- Sun Exposure
  NoWind,                                 !- Wind Exposure
  ,                                       !- View Factor to Ground
  ,                                       !- Number of Vertices
  1, 1, 1,                                !- X,Y,Z Vertex 1 {m}
  1, 0, 1,                                !- X,Y,Z Vertex 2 {m}
  1, 0, 0,                                !- X,Y,Z Vertex 3 {m}
  1, 1, 0;                                !- X,Y,Z Vertex 4 {m}

OS:Surface,
  {41eddde9-42ee-4d1a-99a0-2b6cb700619b}, !- Handle
  Surface 5,                              !- Name
  Wall,                                   !- Surface Type
  {e192480d-fdab-468d-97a6-d6f989f23ff1}, !- Construction Name
  {64cb2cf0-591e-41e8-97e6-05fb6132be18}, !- Space Name
  Adiabatic,                              !- Outside Boundary Condition
  ,                                       !- Outside Boundary Condition Object
  NoSun,                                  !- Sun Exposure
  NoWind,                                 !- Wind Exposure
  ,                                       !- View Factor to Ground
  ,                                       !- Number of Vertices
  1, 0, 1,                                !- X,Y,Z Vertex 1 {m}
  0, 0, 1,                                !- X,Y,Z Vertex 2 {m}
  0, 0, 0,                                !- X,Y,Z Vertex 3 {m}
  1, 0, 0;                                !- X,Y,Z Vertex 4 {m}

OS:Surface,
  {6fb9ccf6-04a8-4c21-9efc-0e57f30f5c18}, !- Handle
  Surface 6,                              !- Name
  RoofCeiling,                            !- Surface Type
  {e192480d-fdab-468d-97a6-d6f989f23ff1}, !- Construction Name
  {64cb2cf0-591e-41e8-97e6-05fb6132be18}, !- Space Name
  Adiabatic,                              !- Outside Boundary Condition
  ,                                       !- Outside Boundary Condition Object
  NoSun,                                  !- Sun Exposure
  NoWind,                                 !- Wind Exposure
  ,                                       !- View Factor to Ground
  ,                                       !- Number of Vertices
  1, 0, 1,                                !- X,Y,Z Vertex 1 {m}
  1, 1, 1,                                !- X,Y,Z Vertex 2 {m}
  0, 1, 1,                                !- X,Y,Z Vertex 3 {m}
  0, 0, 1;                                !- X,Y,Z Vertex 4 {m}

OS:Material:NoMass,
  {28246d21-ee48-4d2d-9c6f-417ea9fca518}, !- Handle
  Adiabatic,                              !- Name
  Rough,                                  !- Roughness
  176.1;                                  !- Thermal Resistance {m2-K/W}

OS:Construction,
  {e192480d-fdab-468d-97a6-d6f989f23ff1}, !- Handle
  AdiabaticConst,                         !- Name
  ,                                       !- Surface Rendering Name
  {28246d21-ee48-4d2d-9c6f-417ea9fca518}; !- Layer 1

OS:SurfaceProperty:ConvectionCoefficients,
  {2ae013c0-95fa-44f1-96ab-1eb6e313bd49}, !- Handle
  {65eaf456-8304-4dc8-98fd-55f719413a42}, !- Surface Name
  Inside,                                 !- Convection Coefficient 1 Location
  Value,                                  !- Convection Coefficient 1 Type
  30;                                     !- Convection Coefficient 1 {W/m2-K}

OS:SurfaceProperty:ConvectionCoefficients,
  {b8f0a5c6-d3e1-4a65-89fc-c11dba554af6}, !- Handle
  {f725ee15-2043-4eab-b8f6-8383af3df422}, !- Surface Name
  Inside,                                 !- Convection Coefficient 1 Location
  Value,                                  !- Convection Coefficient 1 Type
  30;                                     !- Convection Coefficient 1 {W/m2-K}

OS:SurfaceProperty:ConvectionCoefficients,
  {ccc90c3e-623c-46af-8423-8280e6785d88}, !- Handle
  {870356c3-d012-4b00-8e0f-77c4edf238e0}, !- Surface Name
  Inside,                                 !- Convection Coefficient 1 Location
  Value,                                  !- Convection Coefficient 1 Type
  30;                                     !- Convection Coefficient 1 {W/m2-K}

OS:SurfaceProperty:ConvectionCoefficients,
  {86176286-4158-4bcc-a8ab-848b7d636983}, !- Handle
  {41eddde9-42ee-4d1a-99a0-2b6cb700619b}, !- Surface Name
  Inside,                                 !- Convection Coefficient 1 Location
  Value,                                  !- Convection Coefficient 1 Type
  30;                                     !- Convection Coefficient 1 {W/m2-K}

OS:SurfaceProperty:ConvectionCoefficients,
  {b8f758de-079c-4c00-b31f-4df1f5cf71a4}, !- Handle
  {6fb9ccf6-04a8-4c21-9efc-0e57f30f5c18}, !- Surface Name
  Inside,                                 !- Convection Coefficient 1 Location
  Value,                                  !- Convection Coefficient 1 Type
  30;                                     !- Convection Coefficient 1 {W/m2-K}

OS:SurfaceProperty:ConvectionCoefficients,
  {1233a65a-6725-4461-8f0f-6cd848b23311}, !- Handle
  {3cac02e7-c0ee-4356-90d9-569ef00f1489}, !- Surface Name
  Inside,                                 !- Convection Coefficient 1 Location
  Value,                                  !- Convection Coefficient 1 Type
  30;                                     !- Convection Coefficient 1 {W/m2-K}

OS:AirLoopHVAC:ReturnPlenum,
  {788775cc-784c-45ab-8486-d751a601d6eb}, !- Handle
  Air Loop HVAC Return Plenum 1,          !- Name
  {cb1dd659-6c05-4d86-9dff-315bbb8a0669}, !- ThermalZone
  {cdce3cd9-be67-4d8e-8409-9b01c1fc9809}, !- Outlet Node
  ,                                       !- Induced Air Outlet Port List
  {6befd4d8-3621-4430-9a4c-d2af5e51f539}; !- Inlet Node 1

OS:Node,
  {61c8de77-7a3f-4210-9c67-42e0ac2f7027}, !- Handle
  Node 25,                                !- Name
  {cdce3cd9-be67-4d8e-8409-9b01c1fc9809}, !- Inlet Port
  {328602ea-fc7c-48a8-9b66-fc30e70dc144}; !- Outlet Port

OS:Connection,
  {6befd4d8-3621-4430-9a4c-d2af5e51f539}, !- Handle
  {d0daf9ed-a2a0-4603-9196-80e20df50896}, !- Source Object
  3,                                      !- Outlet Port
  {788775cc-784c-45ab-8486-d751a601d6eb}, !- Target Object
  5;                                      !- Inlet Port

OS:Connection,
  {cdce3cd9-be67-4d8e-8409-9b01c1fc9809}, !- Handle
  {788775cc-784c-45ab-8486-d751a601d6eb}, !- Source Object
  3,                                      !- Outlet Port
  {61c8de77-7a3f-4210-9c67-42e0ac2f7027}, !- Target Object
  2;                                      !- Inlet Port

OS:Connection,
  {328602ea-fc7c-48a8-9b66-fc30e70dc144}, !- Handle
  {61c8de77-7a3f-4210-9c67-42e0ac2f7027}, !- Source Object
  3,                                      !- Outlet Port
  {6170a98e-45c2-4527-9c22-f52c3dd8a351}, !- Target Object
  3;                                      !- Inlet Port

OS:EnergyManagementSystem:GlobalVariable,
  {913ee7ce-b28b-440e-b4c7-cb9e1006ce46}, !- Handle
  central_ac_and_furnace_airloop_AH_MFR;  !- Name

OS:EnergyManagementSystem:Sensor,
  {598cff92-a34e-4285-86b7-4b1cf67fc4f6}, !- Handle
  central_ac_and_furnace_airloop_AH_MFR_s, !- Name
  Node 6,                                 !- Output Variable or Output Meter Index Key Name
  System Node Mass Flow Rate;             !- Output Variable or Output Meter Name

OS:EnergyManagementSystem:GlobalVariable,
  {94941a33-8c42-4b3f-ae1e-c47acf100000}, !- Handle
  central_ac_and_furnace_airloop_AH_VFR;  !- Name

OS:EnergyManagementSystem:Sensor,
  {e6b9cda5-358b-47f6-ba4a-b45b6b6396bf}, !- Handle
  central_ac_and_furnace_airloop_AH_VFR_s, !- Name
  Node 6,                                 !- Output Variable or Output Meter Index Key Name
  System Node Current Density Volume Flow Rate; !- Output Variable or Output Meter Name

OS:EnergyManagementSystem:GlobalVariable,
  {94a563dc-07e4-4ef8-a722-26f86e4a7dc9}, !- Handle
  central_ac_and_furnace_airloop_AH_Tout; !- Name

OS:EnergyManagementSystem:Sensor,
  {198a8584-6a0e-48cb-815a-3cdaf410c802}, !- Handle
  central_ac_and_furnace_airloop_AH_Tout_s, !- Name
  Node 6,                                 !- Output Variable or Output Meter Index Key Name
  System Node Temperature;                !- Output Variable or Output Meter Name

OS:EnergyManagementSystem:GlobalVariable,
  {afb81a5a-8f39-46f9-a305-d5ba50996d00}, !- Handle
  central_ac_and_furnace_airloop_AH_Wout; !- Name

OS:EnergyManagementSystem:Sensor,
  {862c4209-1e0f-487a-83ca-92da9e127e58}, !- Handle
  central_ac_and_furnace_airloop_AH_Wout_s, !- Name
  Node 6,                                 !- Output Variable or Output Meter Index Key Name
  System Node Humidity Ratio;             !- Output Variable or Output Meter Name

OS:EnergyManagementSystem:GlobalVariable,
  {03efed5a-885c-41fe-88f6-41492cdf78a4}, !- Handle
  central_ac_and_furnace_airloop_RA_T;    !- Name

OS:EnergyManagementSystem:Sensor,
  {fbdf71e0-9b18-41c9-9deb-4b39f5e5f9a0}, !- Handle
  central_ac_and_furnace_airloop_RA_T_s,  !- Name
  Node 9,                                 !- Output Variable or Output Meter Index Key Name
  System Node Temperature;                !- Output Variable or Output Meter Name

OS:EnergyManagementSystem:GlobalVariable,
  {b339b7f7-dc74-40b1-9787-59723eea5828}, !- Handle
  central_ac_and_furnace_airloop_Ra_W;    !- Name

OS:EnergyManagementSystem:Sensor,
  {f6b6fbdf-4eb6-4c98-afa5-c7a82f96e573}, !- Handle
  central_ac_and_furnace_airloop_Ra_W_s,  !- Name
  Node 9,                                 !- Output Variable or Output Meter Index Key Name
  System Node Humidity Ratio;             !- Output Variable or Output Meter Name

OS:EnergyManagementSystem:GlobalVariable,
  {db5e70b9-d4db-4b56-a238-5d570012088a}, !- Handle
  central_ac_and_furnace_airloop_0_DZ_T;  !- Name

OS:EnergyManagementSystem:Sensor,
  {99e68438-e21d-4acf-98e1-ba0bf189e49f}, !- Handle
  central_ac_and_furnace_airloop_0_DZ_T_s, !- Name
  attic - vented,                         !- Output Variable or Output Meter Index Key Name
  Zone Air Temperature;                   !- Output Variable or Output Meter Name

OS:EnergyManagementSystem:GlobalVariable,
  {30528b21-725c-4b56-ad92-bd70b909645c}, !- Handle
  central_ac_and_furnace_airloop_0_DZ_W;  !- Name

OS:EnergyManagementSystem:Sensor,
  {45b469ed-7eb7-40fd-815e-3866dca922e0}, !- Handle
  central_ac_and_furnace_airloop_0_DZ_W_s, !- Name
  attic - vented,                         !- Output Variable or Output Meter Index Key Name
  Zone Mean Air Humidity Ratio;           !- Output Variable or Output Meter Name

OS:EnergyManagementSystem:GlobalVariable,
  {bd35a646-b7ba-435a-9b00-8baa80641f66}, !- Handle
  central_ac_and_furnace_airloop_0_SupSensLkToCond; !- Name

OS:OtherEquipment:Definition,
  {8f877cba-21f9-45ea-b399-20692d5693e7}, !- Handle
  central_ac_and_furnace_airloop_0_SupSensLkToCond equip, !- Name
  EquipmentLevel,                         !- Design Level Calculation Method
  0,                                      !- Design Level {W}
  ,                                       !- Watts per Space Floor Area {W/m2}
  ,                                       !- Watts per Person {W/Person}
  0,                                      !- Fraction Latent
  0,                                      !- Fraction Radiant
  0;                                      !- Fraction Lost

OS:OtherEquipment,
  {08befa96-6dbb-4f80-8272-0e9dcdff1bc3}, !- Handle
  central_ac_and_furnace_airloop_0_SupSensLkToCond equip, !- Name
  {8f877cba-21f9-45ea-b399-20692d5693e7}, !- Other Equipment Definition Name
  {b204bd97-7d65-4c4e-91e4-774935512ef2}, !- Space or SpaceType Name
  {3bd16469-fc69-4b61-9bd2-fa6a41ea70e0}, !- Schedule Name
  ,                                       !- Multiplier
  None,                                   !- Fuel Type
  duct load;                              !- End-Use Subcategory

OS:EnergyManagementSystem:Actuator,
  {41de6fa9-5413-4000-8746-084d283a4926}, !- Handle
  central_ac_and_furnace_airloop_0_SupSensLkToCond_equip_act, !- Name
  {08befa96-6dbb-4f80-8272-0e9dcdff1bc3}, !- Actuated Component Name
  OtherEquipment,                         !- Actuated Component Type
  Power Level,                            !- Actuated Component Control Type
  {b204bd97-7d65-4c4e-91e4-774935512ef2}; !- Zone or Space Name

OS:EnergyManagementSystem:GlobalVariable,
  {155df585-e892-4715-9d8f-95fa244dda04}, !- Handle
  central_ac_and_furnace_airloop_0_SupLatLkToCond; !- Name

OS:OtherEquipment:Definition,
  {d0c379ef-30ed-4cdb-93d8-b1f7f5aad9de}, !- Handle
  central_ac_and_furnace_airloop_0_SupLatLkToCond equip, !- Name
  EquipmentLevel,                         !- Design Level Calculation Method
  0,                                      !- Design Level {W}
  ,                                       !- Watts per Space Floor Area {W/m2}
  ,                                       !- Watts per Person {W/Person}
  1,                                      !- Fraction Latent
  0,                                      !- Fraction Radiant
  0;                                      !- Fraction Lost

OS:OtherEquipment,
  {5d17b3bf-3c7c-460d-b275-a50310885f76}, !- Handle
  central_ac_and_furnace_airloop_0_SupLatLkToCond equip, !- Name
  {d0c379ef-30ed-4cdb-93d8-b1f7f5aad9de}, !- Other Equipment Definition Name
  {b204bd97-7d65-4c4e-91e4-774935512ef2}, !- Space or SpaceType Name
  {3bd16469-fc69-4b61-9bd2-fa6a41ea70e0}, !- Schedule Name
  ,                                       !- Multiplier
  None,                                   !- Fuel Type
  duct load;                              !- End-Use Subcategory

OS:EnergyManagementSystem:Actuator,
  {29a5e0ee-cdb8-46fe-ae37-1117c1e9b5b6}, !- Handle
  central_ac_and_furnace_airloop_0_SupLatLkToCond_equip_act, !- Name
  {5d17b3bf-3c7c-460d-b275-a50310885f76}, !- Actuated Component Name
  OtherEquipment,                         !- Actuated Component Type
  Power Level,                            !- Actuated Component Control Type
  {b204bd97-7d65-4c4e-91e4-774935512ef2}; !- Zone or Space Name

OS:EnergyManagementSystem:GlobalVariable,
  {9d2d57b7-bab7-474f-8591-64be02e0fe42}, !- Handle
  central_ac_and_furnace_airloop_0_SupCondToLv; !- Name

OS:OtherEquipment:Definition,
  {e424745b-cc2b-4408-978f-864d199af80c}, !- Handle
  central_ac_and_furnace_airloop_0_SupCondToLv equip, !- Name
  EquipmentLevel,                         !- Design Level Calculation Method
  0,                                      !- Design Level {W}
  ,                                       !- Watts per Space Floor Area {W/m2}
  ,                                       !- Watts per Person {W/Person}
  0,                                      !- Fraction Latent
  0,                                      !- Fraction Radiant
  0;                                      !- Fraction Lost

OS:OtherEquipment,
  {9b5c2a05-a7f2-4bb4-a99f-4fd1c5ce5bc9}, !- Handle
  central_ac_and_furnace_airloop_0_SupCondToLv equip, !- Name
  {e424745b-cc2b-4408-978f-864d199af80c}, !- Other Equipment Definition Name
  {b204bd97-7d65-4c4e-91e4-774935512ef2}, !- Space or SpaceType Name
  {3bd16469-fc69-4b61-9bd2-fa6a41ea70e0}, !- Schedule Name
  ,                                       !- Multiplier
  None,                                   !- Fuel Type
  duct load;                              !- End-Use Subcategory

OS:EnergyManagementSystem:Actuator,
  {a2896c88-2009-469a-93fa-d5ce4c107fa1}, !- Handle
  central_ac_and_furnace_airloop_0_SupCondToLv_equip_act, !- Name
  {9b5c2a05-a7f2-4bb4-a99f-4fd1c5ce5bc9}, !- Actuated Component Name
  OtherEquipment,                         !- Actuated Component Type
  Power Level,                            !- Actuated Component Control Type
  {b204bd97-7d65-4c4e-91e4-774935512ef2}; !- Zone or Space Name

OS:EnergyManagementSystem:GlobalVariable,
  {ebbb6f85-5334-4583-9325-c871f575e5a7}, !- Handle
  central_ac_and_furnace_airloop_0_RetCondToRP; !- Name

OS:OtherEquipment:Definition,
  {d3861a9c-76a7-4851-8801-5be6609de425}, !- Handle
  central_ac_and_furnace_airloop_0_RetCondToRP equip, !- Name
  EquipmentLevel,                         !- Design Level Calculation Method
  0,                                      !- Design Level {W}
  ,                                       !- Watts per Space Floor Area {W/m2}
  ,                                       !- Watts per Person {W/Person}
  0,                                      !- Fraction Latent
  0,                                      !- Fraction Radiant
  0;                                      !- Fraction Lost

OS:OtherEquipment,
  {63c23cee-e775-4485-8869-d88f57874881}, !- Handle
  central_ac_and_furnace_airloop_0_RetCondToRP equip, !- Name
  {d3861a9c-76a7-4851-8801-5be6609de425}, !- Other Equipment Definition Name
  {64cb2cf0-591e-41e8-97e6-05fb6132be18}, !- Space or SpaceType Name
  {3bd16469-fc69-4b61-9bd2-fa6a41ea70e0}, !- Schedule Name
  ,                                       !- Multiplier
  None,                                   !- Fuel Type
  duct load;                              !- End-Use Subcategory

OS:EnergyManagementSystem:Actuator,
  {c4633db6-af08-414a-86ff-216e30279819}, !- Handle
  central_ac_and_furnace_airloop_0_RetCondToRP_equip_act, !- Name
  {63c23cee-e775-4485-8869-d88f57874881}, !- Actuated Component Name
  OtherEquipment,                         !- Actuated Component Type
  Power Level,                            !- Actuated Component Control Type
  {64cb2cf0-591e-41e8-97e6-05fb6132be18}; !- Zone or Space Name

OS:EnergyManagementSystem:GlobalVariable,
  {8477db61-c439-41e9-a9e8-1065152687c1}, !- Handle
  central_ac_and_furnace_airloop_0_RetSensLkToRP; !- Name

OS:OtherEquipment:Definition,
  {4ef15cee-2b65-4486-8be3-f46940ad614d}, !- Handle
  central_ac_and_furnace_airloop_0_RetSensLkToRP equip, !- Name
  EquipmentLevel,                         !- Design Level Calculation Method
  0,                                      !- Design Level {W}
  ,                                       !- Watts per Space Floor Area {W/m2}
  ,                                       !- Watts per Person {W/Person}
  0,                                      !- Fraction Latent
  0,                                      !- Fraction Radiant
  0;                                      !- Fraction Lost

OS:OtherEquipment,
  {82888be1-7f79-46b2-a5b1-eda27d7cce04}, !- Handle
  central_ac_and_furnace_airloop_0_RetSensLkToRP equip, !- Name
  {4ef15cee-2b65-4486-8be3-f46940ad614d}, !- Other Equipment Definition Name
  {64cb2cf0-591e-41e8-97e6-05fb6132be18}, !- Space or SpaceType Name
  {3bd16469-fc69-4b61-9bd2-fa6a41ea70e0}, !- Schedule Name
  ,                                       !- Multiplier
  None,                                   !- Fuel Type
  duct load;                              !- End-Use Subcategory

OS:EnergyManagementSystem:Actuator,
  {771dcca5-be90-4caa-9324-718437628cb2}, !- Handle
  central_ac_and_furnace_airloop_0_RetSensLkToRP_equip_act, !- Name
  {82888be1-7f79-46b2-a5b1-eda27d7cce04}, !- Actuated Component Name
  OtherEquipment,                         !- Actuated Component Type
  Power Level,                            !- Actuated Component Control Type
  {64cb2cf0-591e-41e8-97e6-05fb6132be18}; !- Zone or Space Name

OS:EnergyManagementSystem:GlobalVariable,
  {d0e8587e-71e9-446d-8be8-e4fe919aa7ea}, !- Handle
  central_ac_and_furnace_airloop_0_RetLatLkToRP; !- Name

OS:OtherEquipment:Definition,
  {57f1a199-6e24-4380-a58e-9a70601f822f}, !- Handle
  central_ac_and_furnace_airloop_0_RetLatLkToRP equip, !- Name
  EquipmentLevel,                         !- Design Level Calculation Method
  0,                                      !- Design Level {W}
  ,                                       !- Watts per Space Floor Area {W/m2}
  ,                                       !- Watts per Person {W/Person}
  1,                                      !- Fraction Latent
  0,                                      !- Fraction Radiant
  0;                                      !- Fraction Lost

OS:OtherEquipment,
  {33ea7db6-5efa-4050-8125-2f84651c31c1}, !- Handle
  central_ac_and_furnace_airloop_0_RetLatLkToRP equip, !- Name
  {57f1a199-6e24-4380-a58e-9a70601f822f}, !- Other Equipment Definition Name
  {64cb2cf0-591e-41e8-97e6-05fb6132be18}, !- Space or SpaceType Name
  {3bd16469-fc69-4b61-9bd2-fa6a41ea70e0}, !- Schedule Name
  ,                                       !- Multiplier
  None,                                   !- Fuel Type
  duct load;                              !- End-Use Subcategory

OS:EnergyManagementSystem:Actuator,
  {7e3d3438-8673-4ccf-9e4d-55f9ba72e816}, !- Handle
  central_ac_and_furnace_airloop_0_RetLatLkToRP_equip_act, !- Name
  {33ea7db6-5efa-4050-8125-2f84651c31c1}, !- Actuated Component Name
  OtherEquipment,                         !- Actuated Component Type
  Power Level,                            !- Actuated Component Control Type
  {64cb2cf0-591e-41e8-97e6-05fb6132be18}; !- Zone or Space Name

OS:EnergyManagementSystem:GlobalVariable,
  {65597b27-0b1a-4111-bc70-0b1574dbc0e0}, !- Handle
  central_ac_and_furnace_airloop_0_SupCondToDZ; !- Name

OS:OtherEquipment:Definition,
  {6a825e9f-76a8-4021-8648-ca2b3e7f66d5}, !- Handle
  central_ac_and_furnace_airloop_0_SupCondToDZ equip, !- Name
  EquipmentLevel,                         !- Design Level Calculation Method
  0,                                      !- Design Level {W}
  ,                                       !- Watts per Space Floor Area {W/m2}
  ,                                       !- Watts per Person {W/Person}
  0,                                      !- Fraction Latent
  0,                                      !- Fraction Radiant
  0;                                      !- Fraction Lost

OS:OtherEquipment,
  {d826cc9d-ee7e-43ca-8e41-fc0b3d4d4f8f}, !- Handle
  central_ac_and_furnace_airloop_0_SupCondToDZ equip, !- Name
  {6a825e9f-76a8-4021-8648-ca2b3e7f66d5}, !- Other Equipment Definition Name
  {54bc3987-68e2-4354-acbc-4929ea352a42}, !- Space or SpaceType Name
  {3bd16469-fc69-4b61-9bd2-fa6a41ea70e0}, !- Schedule Name
  ,                                       !- Multiplier
  None,                                   !- Fuel Type
  General;                                !- End-Use Subcategory

OS:EnergyManagementSystem:Actuator,
  {f1509f04-3d85-49aa-a256-f9cc78d2ee30}, !- Handle
  central_ac_and_furnace_airloop_0_SupCondToDZ_equip_act, !- Name
  {d826cc9d-ee7e-43ca-8e41-fc0b3d4d4f8f}, !- Actuated Component Name
  OtherEquipment,                         !- Actuated Component Type
  Power Level,                            !- Actuated Component Control Type
  {54bc3987-68e2-4354-acbc-4929ea352a42}; !- Zone or Space Name

OS:EnergyManagementSystem:GlobalVariable,
  {c18a1bf1-c838-40f8-92f2-a987c1e4a4a7}, !- Handle
  central_ac_and_furnace_airloop_0_RetCondToDZ; !- Name

OS:OtherEquipment:Definition,
  {ebeb1b9b-15b1-4b59-bdb9-e0dfe65a7429}, !- Handle
  central_ac_and_furnace_airloop_0_RetCondToDZ equip, !- Name
  EquipmentLevel,                         !- Design Level Calculation Method
  0,                                      !- Design Level {W}
  ,                                       !- Watts per Space Floor Area {W/m2}
  ,                                       !- Watts per Person {W/Person}
  0,                                      !- Fraction Latent
  0,                                      !- Fraction Radiant
  0;                                      !- Fraction Lost

OS:OtherEquipment,
  {12a41399-7d2a-4dd0-a120-88b1eae6403e}, !- Handle
  central_ac_and_furnace_airloop_0_RetCondToDZ equip, !- Name
  {ebeb1b9b-15b1-4b59-bdb9-e0dfe65a7429}, !- Other Equipment Definition Name
  {54bc3987-68e2-4354-acbc-4929ea352a42}, !- Space or SpaceType Name
  {3bd16469-fc69-4b61-9bd2-fa6a41ea70e0}, !- Schedule Name
  ,                                       !- Multiplier
  None,                                   !- Fuel Type
  General;                                !- End-Use Subcategory

OS:EnergyManagementSystem:Actuator,
  {e7b5eb93-1231-4cb9-8e18-9b1b5824cc26}, !- Handle
  central_ac_and_furnace_airloop_0_RetCondToDZ_equip_act, !- Name
  {12a41399-7d2a-4dd0-a120-88b1eae6403e}, !- Actuated Component Name
  OtherEquipment,                         !- Actuated Component Type
  Power Level,                            !- Actuated Component Control Type
  {54bc3987-68e2-4354-acbc-4929ea352a42}; !- Zone or Space Name

OS:EnergyManagementSystem:GlobalVariable,
  {e86d8a50-d1fe-4b51-b09a-f28ba72b5b85}, !- Handle
  central_ac_and_furnace_airloop_0_SupSensLkToDZ; !- Name

OS:OtherEquipment:Definition,
  {782922ca-b331-4586-bf23-2bbffc64d84b}, !- Handle
  central_ac_and_furnace_airloop_0_SupSensLkToDZ equip, !- Name
  EquipmentLevel,                         !- Design Level Calculation Method
  0,                                      !- Design Level {W}
  ,                                       !- Watts per Space Floor Area {W/m2}
  ,                                       !- Watts per Person {W/Person}
  0,                                      !- Fraction Latent
  0,                                      !- Fraction Radiant
  0;                                      !- Fraction Lost

OS:OtherEquipment,
  {bbfa636d-551b-4ef7-8422-c8c9942a5b55}, !- Handle
  central_ac_and_furnace_airloop_0_SupSensLkToDZ equip, !- Name
  {782922ca-b331-4586-bf23-2bbffc64d84b}, !- Other Equipment Definition Name
  {54bc3987-68e2-4354-acbc-4929ea352a42}, !- Space or SpaceType Name
  {3bd16469-fc69-4b61-9bd2-fa6a41ea70e0}, !- Schedule Name
  ,                                       !- Multiplier
  None,                                   !- Fuel Type
  General;                                !- End-Use Subcategory

OS:EnergyManagementSystem:Actuator,
  {2cd69fa0-9471-42f7-b418-55338b749b5d}, !- Handle
  central_ac_and_furnace_airloop_0_SupSensLkToDZ_equip_act, !- Name
  {bbfa636d-551b-4ef7-8422-c8c9942a5b55}, !- Actuated Component Name
  OtherEquipment,                         !- Actuated Component Type
  Power Level,                            !- Actuated Component Control Type
  {54bc3987-68e2-4354-acbc-4929ea352a42}; !- Zone or Space Name

OS:EnergyManagementSystem:GlobalVariable,
  {93c297d2-2fb4-4dc6-9678-0d149dfcdc92}, !- Handle
  central_ac_and_furnace_airloop_0_SupLatLkToDZ; !- Name

OS:OtherEquipment:Definition,
  {e67bee9d-fce3-4466-9100-48cd232fe8de}, !- Handle
  central_ac_and_furnace_airloop_0_SupLatLkToDZ equip, !- Name
  EquipmentLevel,                         !- Design Level Calculation Method
  0,                                      !- Design Level {W}
  ,                                       !- Watts per Space Floor Area {W/m2}
  ,                                       !- Watts per Person {W/Person}
  1,                                      !- Fraction Latent
  0,                                      !- Fraction Radiant
  0;                                      !- Fraction Lost

OS:OtherEquipment,
  {83a7c3e6-9812-480c-80e6-dcfb459df9b3}, !- Handle
  central_ac_and_furnace_airloop_0_SupLatLkToDZ equip, !- Name
  {e67bee9d-fce3-4466-9100-48cd232fe8de}, !- Other Equipment Definition Name
  {54bc3987-68e2-4354-acbc-4929ea352a42}, !- Space or SpaceType Name
  {3bd16469-fc69-4b61-9bd2-fa6a41ea70e0}, !- Schedule Name
  ,                                       !- Multiplier
  None,                                   !- Fuel Type
  General;                                !- End-Use Subcategory

OS:EnergyManagementSystem:Actuator,
  {48f2488c-c989-4ff5-aab4-ad02635a090a}, !- Handle
  central_ac_and_furnace_airloop_0_SupLatLkToDZ_equip_act, !- Name
  {83a7c3e6-9812-480c-80e6-dcfb459df9b3}, !- Actuated Component Name
  OtherEquipment,                         !- Actuated Component Type
  Power Level,                            !- Actuated Component Control Type
  {54bc3987-68e2-4354-acbc-4929ea352a42}; !- Zone or Space Name

OS:EnergyManagementSystem:GlobalVariable,
  {527b7199-b165-4db3-ad91-7d66bb365661}, !- Handle
  central_ac_and_furnace_airloop_0_ZoneMixDZToCond; !- Name

OS:ZoneMixing,
  {f13128d9-9600-48e7-92cb-6258c4d78175}, !- Handle
  central_ac_and_furnace_airloop_0_ZoneMixDZToCond mix, !- Name
  {f3151d8b-9ec5-4e23-8962-0a95f5d5789e}, !- Zone or Space Name
  {dd8465b9-7e37-4c63-9469-43e1b06328d4}, !- Schedule Name
  Flow/Zone,                              !- Design Flow Rate Calculation Method
  0,                                      !- Design Flow Rate {m3/s}
  ,                                       !- Flow Rate per Floor Area {m3/s-m2}
  ,                                       !- Flow Rate per Person {m3/s-person}
  ,                                       !- Air Changes per Hour {1/hr}
  {8800848f-661b-4db9-8a4d-145f55ac18c7}, !- Source Zone or Space Name
  ,                                       !- Delta Temperature {deltaC}
  ,                                       !- Delta Temperature Schedule Name
  ,                                       !- Minimum Receiving Temperature Schedule Name
  ,                                       !- Maximum Receiving Temperature Schedule Name
  ,                                       !- Minimum Source Temperature Schedule Name
  ,                                       !- Maximum Source Temperature Schedule Name
  ,                                       !- Minimum Outdoor Temperature Schedule Name
  ;                                       !- Maximum Outdoor Temperature Schedule Name

OS:Schedule:Constant,
  {dd8465b9-7e37-4c63-9469-43e1b06328d4}, !- Handle
  Always On Continuous,                   !- Name
  {6ae18979-5890-44bb-854f-b7fe142ff410}, !- Schedule Type Limits Name
  1;                                      !- Value

OS:ScheduleTypeLimits,
  {6ae18979-5890-44bb-854f-b7fe142ff410}, !- Handle
  Fractional 1,                           !- Name
  0,                                      !- Lower Limit Value
  1,                                      !- Upper Limit Value
  Continuous,                             !- Numeric Type
  ;                                       !- Unit Type

OS:EnergyManagementSystem:Actuator,
  {185883ea-88d5-4803-830c-e9583e2e7462}, !- Handle
  central_ac_and_furnace_airloop_0_ZoneMixDZToCond_mix_act, !- Name
  {f13128d9-9600-48e7-92cb-6258c4d78175}, !- Actuated Component Name
  ZoneMixing,                             !- Actuated Component Type
  Air Exchange Flow Rate,                 !- Actuated Component Control Type
  ;                                       !- Zone or Space Name

OS:AdditionalProperties,
  {1a0f3090-351f-4ff3-bfc7-b059966f451a}, !- Handle
  {f13128d9-9600-48e7-92cb-6258c4d78175}, !- Object Name
  ObjectType,                             !- Feature Name 1
  String,                                 !- Feature Data Type 1
  duct load;                              !- Feature Value 1

OS:EnergyManagementSystem:GlobalVariable,
  {f38234f8-5999-43ca-a768-31ac1c709d92}, !- Handle
  central_ac_and_furnace_airloop_0_ZoneMixCondToDZ; !- Name

OS:ZoneMixing,
  {3ce9a333-1eb9-4f5a-be75-55a11722357f}, !- Handle
  central_ac_and_furnace_airloop_0_ZoneMixCondToDZ mix, !- Name
  {8800848f-661b-4db9-8a4d-145f55ac18c7}, !- Zone or Space Name
  {dd8465b9-7e37-4c63-9469-43e1b06328d4}, !- Schedule Name
  Flow/Zone,                              !- Design Flow Rate Calculation Method
  0,                                      !- Design Flow Rate {m3/s}
  ,                                       !- Flow Rate per Floor Area {m3/s-m2}
  ,                                       !- Flow Rate per Person {m3/s-person}
  ,                                       !- Air Changes per Hour {1/hr}
  {f3151d8b-9ec5-4e23-8962-0a95f5d5789e}, !- Source Zone or Space Name
  ,                                       !- Delta Temperature {deltaC}
  ,                                       !- Delta Temperature Schedule Name
  ,                                       !- Minimum Receiving Temperature Schedule Name
  ,                                       !- Maximum Receiving Temperature Schedule Name
  ,                                       !- Minimum Source Temperature Schedule Name
  ,                                       !- Maximum Source Temperature Schedule Name
  ,                                       !- Minimum Outdoor Temperature Schedule Name
  ;                                       !- Maximum Outdoor Temperature Schedule Name

OS:EnergyManagementSystem:Actuator,
  {f1a89b27-e088-4596-85a3-736cce4231d1}, !- Handle
  central_ac_and_furnace_airloop_0_ZoneMixCondToDZ_mix_act, !- Name
  {3ce9a333-1eb9-4f5a-be75-55a11722357f}, !- Actuated Component Name
  ZoneMixing,                             !- Actuated Component Type
  Air Exchange Flow Rate,                 !- Actuated Component Control Type
  ;                                       !- Zone or Space Name

OS:AdditionalProperties,
  {19cfa48d-0662-45d9-adce-cf9409039805}, !- Handle
  {3ce9a333-1eb9-4f5a-be75-55a11722357f}, !- Object Name
  ObjectType,                             !- Feature Name 1
  String,                                 !- Feature Data Type 1
  duct load;                              !- Feature Value 1

OS:EnergyManagementSystem:Subroutine,
  {131c0915-aab5-4e6c-98dc-129cf34ef13e}, !- Handle
  central_ac_and_furnace_airloop_0_duct_subroutine, !- Name
  Set AH_MFR = central_ac_and_furnace_airloop_AH_MFR / 1, !- Program Line 1
  If AH_MFR>0,                            !- Program Line 2
  Set AH_Tout = central_ac_and_furnace_airloop_AH_Tout, !- Program Line 3
  Set AH_Wout = central_ac_and_furnace_airloop_AH_Wout, !- Program Line 4
  Set RA_T = central_ac_and_furnace_airloop_RA_T, !- Program Line 5
  Set RA_W = central_ac_and_furnace_airloop_Ra_W, !- Program Line 6
  Set Fan_RTF = central_ac_and_furnace_airloop_Fan_RTF, !- Program Line 7
  Set DZ_T = central_ac_and_furnace_airloop_0_DZ_T, !- Program Line 8
  Set DZ_W = central_ac_and_furnace_airloop_0_DZ_W, !- Program Line 9
  Set AH_VFR = central_ac_and_furnace_airloop_AH_VFR / 1, !- Program Line 10
  Set h_SA = (@HFnTdbW AH_Tout AH_Wout),  !- Program Line 11
  Set h_RA = (@HFnTdbW RA_T RA_W),        !- Program Line 12
  Set h_fg = (@HfgAirFnWTdb AH_Wout AH_Tout), !- Program Line 13
  Set h_DZ = (@HFnTdbW DZ_T DZ_W),        !- Program Line 14
  Set air_cp = 1006.0,                    !- Program Line 15
  Set f_sup = 0.133,                      !- Program Line 16
  Set f_ret = 0.067,                      !- Program Line 17
  Set sup_lk_mfr = f_sup * AH_MFR,        !- Program Line 18
  Set ret_lk_mfr = f_ret * AH_MFR,        !- Program Line 19
  Set SupTotLkToCond = sup_lk_mfr*(h_RA - h_SA), !- Program Line 20
  Set SupLatLkToCond = sup_lk_mfr*h_fg*(RA_W-AH_Wout), !- Program Line 21
  Set SupSensLkToCond = SupTotLkToCond-SupLatLkToCond, !- Program Line 22
  Set supply_ua = 38.941,                 !- Program Line 23
  Set eTm = 0-((Fan_RTF/(AH_MFR*air_cp))*supply_ua), !- Program Line 24
  Set t_sup = DZ_T+((AH_Tout-DZ_T)*(@Exp eTm)), !- Program Line 25
  Set SupCondToCond = AH_MFR*air_cp*(t_sup-AH_Tout), !- Program Line 26
  Set SupCondToDZ = 0-SupCondToCond,      !- Program Line 27
  Set return_ua = 6.664,                  !- Program Line 28
  Set eTm = 0-((Fan_RTF/(AH_MFR*air_cp))*return_ua), !- Program Line 29
  Set t_ret = DZ_T+((RA_T-DZ_T)*(@Exp eTm)), !- Program Line 30
  Set RetCondToRP = AH_MFR*air_cp*(t_ret-RA_T), !- Program Line 31
  Set RetCondToDZ = 0-RetCondToRP,        !- Program Line 32
  Set RetLatLkToRP = 0,                   !- Program Line 33
  Set RetSensLkToRP = ret_lk_mfr*air_cp*(DZ_T-RA_T), !- Program Line 34
  Set SupTotLkToDZ = sup_lk_mfr*(h_SA-h_DZ), !- Program Line 35
  Set SupLatLkToDZ = sup_lk_mfr*h_fg*(AH_Wout-DZ_W), !- Program Line 36
  Set SupSensLkToDZ = SupTotLkToDZ-SupLatLkToDZ, !- Program Line 37
  Set f_imbalance = f_sup-f_ret,          !- Program Line 38
  Set oa_vfr = 1.0 * f_imbalance * AH_VFR, !- Program Line 39
  Set sup_lk_vfr = f_sup * AH_VFR,        !- Program Line 40
  Set ret_lk_vfr = f_ret * AH_VFR,        !- Program Line 41
  If f_sup > f_ret,                       !- Program Line 42
  Set ZoneMixCondToDZ = 0,                !- Program Line 43
  Set ZoneMixDZToCond = (sup_lk_vfr-ret_lk_vfr)-oa_vfr, !- Program Line 44
  Else,                                   !- Program Line 45
  Set ZoneMixCondToDZ = (ret_lk_vfr-sup_lk_vfr)+oa_vfr, !- Program Line 46
  Set ZoneMixDZToCond = 0,                !- Program Line 47
  EndIf,                                  !- Program Line 48
  Else,                                   !- Program Line 49
  Set SupLatLkToCond = 0,                 !- Program Line 50
  Set SupSensLkToCond = 0,                !- Program Line 51
  Set SupCondToCond = 0,                  !- Program Line 52
  Set RetCondToRP = 0,                    !- Program Line 53
  Set RetLatLkToRP = 0,                   !- Program Line 54
  Set RetSensLkToRP = 0,                  !- Program Line 55
  Set RetCondToDZ = 0,                    !- Program Line 56
  Set SupCondToDZ = 0,                    !- Program Line 57
  Set SupLatLkToDZ = 0,                   !- Program Line 58
  Set SupSensLkToDZ = 0,                  !- Program Line 59
  Set ZoneMixCondToDZ = 0,                !- Program Line 60
  Set ZoneMixDZToCond = 0,                !- Program Line 61
  EndIf,                                  !- Program Line 62
  Set central_ac_and_furnace_airloop_0_SupLatLkToCond = SupLatLkToCond, !- Program Line 63
  Set central_ac_and_furnace_airloop_0_SupSensLkToCond = SupSensLkToCond, !- Program Line 64
  Set central_ac_and_furnace_airloop_0_SupCondToLv = SupCondToCond, !- Program Line 65
  Set central_ac_and_furnace_airloop_0_RetCondToRP = RetCondToRP, !- Program Line 66
  Set central_ac_and_furnace_airloop_0_RetLatLkToRP = RetLatLkToRP, !- Program Line 67
  Set central_ac_and_furnace_airloop_0_RetSensLkToRP = RetSensLkToRP, !- Program Line 68
  Set central_ac_and_furnace_airloop_0_RetCondToDZ = RetCondToDZ, !- Program Line 69
  Set central_ac_and_furnace_airloop_0_SupCondToDZ = SupCondToDZ, !- Program Line 70
  Set central_ac_and_furnace_airloop_0_SupLatLkToDZ = SupLatLkToDZ, !- Program Line 71
  Set central_ac_and_furnace_airloop_0_SupSensLkToDZ = SupSensLkToDZ, !- Program Line 72
  Set central_ac_and_furnace_airloop_0_ZoneMixCondToDZ = ZoneMixCondToDZ, !- Program Line 73
  Set central_ac_and_furnace_airloop_0_ZoneMixDZToCond = ZoneMixDZToCond; !- Program Line 74

OS:EnergyManagementSystem:Program,
  {d3011bd4-3c50-4daa-ba2d-761d3f810777}, !- Handle
  central_ac_and_furnace_airloop_0_duct_program, !- Name
  Set central_ac_and_furnace_airloop_AH_MFR = central_ac_and_furnace_airloop_AH_MFR_s, !- Program Line 1
  Set central_ac_and_furnace_airloop_Fan_RTF = 0, !- Program Line 2
  Set central_ac_and_furnace_airloop_Fan_RTF = central_ac_and_furnace_airloop_Fan_RTF + central_ac_and_furnace_airloop_Fan_RTF_s, !- Program Line 3
  Set central_ac_and_furnace_airloop_Fan_RTF = central_ac_and_furnace_airloop_Fan_RTF + central_ac_and_furnace_airloop_Fan_RTF_s_1, !- Program Line 4
  Set central_ac_and_furnace_airloop_AH_VFR = central_ac_and_furnace_airloop_AH_VFR_s, !- Program Line 5
  Set central_ac_and_furnace_airloop_AH_Tout = central_ac_and_furnace_airloop_AH_Tout_s, !- Program Line 6
  Set central_ac_and_furnace_airloop_AH_Wout = central_ac_and_furnace_airloop_AH_Wout_s, !- Program Line 7
  Set central_ac_and_furnace_airloop_RA_T = central_ac_and_furnace_airloop_RA_T_s, !- Program Line 8
  Set central_ac_and_furnace_airloop_Ra_W = central_ac_and_furnace_airloop_Ra_W_s, !- Program Line 9
  Set central_ac_and_furnace_airloop_0_DZ_T = central_ac_and_furnace_airloop_0_DZ_T_s, !- Program Line 10
  Set central_ac_and_furnace_airloop_0_DZ_W = central_ac_and_furnace_airloop_0_DZ_W_s, !- Program Line 11
  Run central_ac_and_furnace_airloop_0_duct_subroutine, !- Program Line 12
  Set central_ac_and_furnace_airloop_0_SupSensLkToCond_equip_act = central_ac_and_furnace_airloop_0_SupSensLkToCond, !- Program Line 13
  Set central_ac_and_furnace_airloop_0_SupLatLkToCond_equip_act = central_ac_and_furnace_airloop_0_SupLatLkToCond, !- Program Line 14
  Set central_ac_and_furnace_airloop_0_SupCondToLv_equip_act = central_ac_and_furnace_airloop_0_SupCondToLv, !- Program Line 15
  Set central_ac_and_furnace_airloop_0_RetSensLkToRP_equip_act = central_ac_and_furnace_airloop_0_RetSensLkToRP, !- Program Line 16
  Set central_ac_and_furnace_airloop_0_RetLatLkToRP_equip_act = central_ac_and_furnace_airloop_0_RetLatLkToRP, !- Program Line 17
  Set central_ac_and_furnace_airloop_0_RetCondToRP_equip_act = central_ac_and_furnace_airloop_0_RetCondToRP, !- Program Line 18
  Set central_ac_and_furnace_airloop_0_RetCondToDZ_equip_act = central_ac_and_furnace_airloop_0_RetCondToDZ, !- Program Line 19
  Set central_ac_and_furnace_airloop_0_SupCondToDZ_equip_act = central_ac_and_furnace_airloop_0_SupCondToDZ, !- Program Line 20
  Set central_ac_and_furnace_airloop_0_SupSensLkToDZ_equip_act = central_ac_and_furnace_airloop_0_SupSensLkToDZ, !- Program Line 21
  Set central_ac_and_furnace_airloop_0_SupLatLkToDZ_equip_act = central_ac_and_furnace_airloop_0_SupLatLkToDZ, !- Program Line 22
  Set central_ac_and_furnace_airloop_0_ZoneMixDZToCond_mix_act = central_ac_and_furnace_airloop_0_ZoneMixDZToCond, !- Program Line 23
  Set central_ac_and_furnace_airloop_0_ZoneMixCondToDZ_mix_act = central_ac_and_furnace_airloop_0_ZoneMixCondToDZ; !- Program Line 24

OS:EnergyManagementSystem:ProgramCallingManager,
  {acaa4679-50c3-4211-9b64-49e0fca7fd63}, !- Handle
  central_ac_and_furnace_airloop_0_duct_program calling manager, !- Name
  EndOfSystemTimestepAfterHVACReporting,  !- EnergyPlus Model Calling Point
  {d3011bd4-3c50-4daa-ba2d-761d3f810777}; !- Program Name 1

OS:Schedule:Ruleset,
  {01e2bc01-e402-4389-b0eb-8fd2233b8b61}, !- Handle
  natural vent schedule,                  !- Name
  {3b9af0a2-53b0-4691-a789-ed533b59dfcf}, !- Schedule Type Limits Name
  {7157f4f0-0dab-46e8-9a4c-127388fabec1}; !- Default Day Schedule Name

OS:Schedule:Day,
  {7157f4f0-0dab-46e8-9a4c-127388fabec1}, !- Handle
  natural vent schedule default day,      !- Name
  {3b9af0a2-53b0-4691-a789-ed533b59dfcf}, !- Schedule Type Limits Name
  ,                                       !- Interpolate to Timestep
  24,                                     !- Hour 1
  0,                                      !- Minute 1
  0;                                      !- Value Until Time 1

OS:Schedule:Rule,
  {6e32a5af-19e0-4da6-8243-bb6dfc591e69}, !- Handle
  natural vent schedule rule,             !- Name
  {01e2bc01-e402-4389-b0eb-8fd2233b8b61}, !- Schedule Ruleset Name
  0,                                      !- Rule Order
  {5fdd9aee-e5d1-4475-b25f-9f93fbc52941}, !- Day Schedule Name
  ,                                       !- Apply Sunday
  Yes,                                    !- Apply Monday
  ,                                       !- Apply Tuesday
  Yes,                                    !- Apply Wednesday
  ,                                       !- Apply Thursday
  Yes,                                    !- Apply Friday
  ,                                       !- Apply Saturday
  DateRange,                              !- Date Specification Type
  1,                                      !- Start Month
  1,                                      !- Start Day
  12,                                     !- End Month
  31;                                     !- End Day

OS:Schedule:Day,
  {5fdd9aee-e5d1-4475-b25f-9f93fbc52941}, !- Handle
  natural vent schedule avail day,        !- Name
  {3b9af0a2-53b0-4691-a789-ed533b59dfcf}, !- Schedule Type Limits Name
  ,                                       !- Interpolate to Timestep
  24,                                     !- Hour 1
  0,                                      !- Minute 1
  1;                                      !- Value Until Time 1

OS:EnergyManagementSystem:Sensor,
  {c6f2eb6b-2781-41f5-94ab-eb5a8ddf3244}, !- Handle
  natural_vent_s,                         !- Name
  natural vent schedule,                  !- Output Variable or Output Meter Index Key Name
  Schedule Value;                         !- Output Variable or Output Meter Name

OS:EnergyManagementSystem:Sensor,
  {208bd561-a880-40c8-ac22-869dba3a0126}, !- Handle
  htg_sp_s,                               !- Name
  heating setpoint,                       !- Output Variable or Output Meter Index Key Name
  Schedule Value;                         !- Output Variable or Output Meter Name

OS:EnergyManagementSystem:Sensor,
  {2d70cc83-04c0-4a41-bc85-1867f958a8d0}, !- Handle
  clg_sp_s,                               !- Name
  cooling setpoint,                       !- Output Variable or Output Meter Index Key Name
  Schedule Value;                         !- Output Variable or Output Meter Name

OS:SpaceInfiltration:DesignFlowRate,
  {61caa8c2-7c3e-4b45-b28f-b132553ff5f9}, !- Handle
  natural vent flow,                      !- Name
  {b204bd97-7d65-4c4e-91e4-774935512ef2}, !- Space or SpaceType Name
  {3bd16469-fc69-4b61-9bd2-fa6a41ea70e0}, !- Schedule Name
  Flow/Space,                             !- Design Flow Rate Calculation Method
  0,                                      !- Design Flow Rate {m3/s}
  ,                                       !- Flow per Space Floor Area {m3/s-m2}
  ,                                       !- Flow per Exterior Surface Area {m3/s-m2}
  ,                                       !- Air Changes per Hour {1/hr}
  ,                                       !- Constant Term Coefficient
  ,                                       !- Temperature Term Coefficient
  ,                                       !- Velocity Term Coefficient
  ;                                       !- Velocity Squared Term Coefficient

OS:EnergyManagementSystem:Actuator,
  {a36b9a2d-17d8-445e-b26f-1f3feff06294}, !- Handle
  natural_vent_flow_act,                  !- Name
  {61caa8c2-7c3e-4b45-b28f-b132553ff5f9}, !- Actuated Component Name
  Zone Infiltration,                      !- Actuated Component Type
  Air Exchange Flow Rate,                 !- Actuated Component Control Type
  ;                                       !- Zone or Space Name

OS:AdditionalProperties,
  {1c030a33-1d5c-4df7-8e11-be8c99211aad}, !- Handle
  {61caa8c2-7c3e-4b45-b28f-b132553ff5f9}, !- Object Name
  ObjectType,                             !- Feature Name 1
  String,                                 !- Feature Data Type 1
  natural vent;                           !- Feature Value 1

OS:SpaceInfiltration:DesignFlowRate,
  {f13db038-1bd9-45f9-93d8-2a968c4ca23a}, !- Handle
  whole house fan flow,                   !- Name
  {b204bd97-7d65-4c4e-91e4-774935512ef2}, !- Space or SpaceType Name
  {3bd16469-fc69-4b61-9bd2-fa6a41ea70e0}, !- Schedule Name
  Flow/Space,                             !- Design Flow Rate Calculation Method
  0,                                      !- Design Flow Rate {m3/s}
  ,                                       !- Flow per Space Floor Area {m3/s-m2}
  ,                                       !- Flow per Exterior Surface Area {m3/s-m2}
  ,                                       !- Air Changes per Hour {1/hr}
  ,                                       !- Constant Term Coefficient
  ,                                       !- Temperature Term Coefficient
  ,                                       !- Velocity Term Coefficient
  ;                                       !- Velocity Squared Term Coefficient

OS:EnergyManagementSystem:Actuator,
  {a6f2a27f-3691-4558-a25f-11f30d96497a}, !- Handle
  whole_house_fan_flow_act,               !- Name
  {f13db038-1bd9-45f9-93d8-2a968c4ca23a}, !- Actuated Component Name
  Zone Infiltration,                      !- Actuated Component Type
  Air Exchange Flow Rate,                 !- Actuated Component Control Type
  ;                                       !- Zone or Space Name

OS:AdditionalProperties,
  {c38e68a7-45e3-49cb-8256-55bf7afd7504}, !- Handle
  {f13db038-1bd9-45f9-93d8-2a968c4ca23a}, !- Object Name
  ObjectType,                             !- Feature Name 1
  String,                                 !- Feature Data Type 1
  whole house fan;                        !- Feature Value 1

OS:ElectricEquipment:Definition,
  {2349e43f-953b-4057-8a8e-bf33d2b3c679}, !- Handle
  whole house fan,                        !- Name
  EquipmentLevel,                         !- Design Level Calculation Method
  0,                                      !- Design Level {W}
  ,                                       !- Watts per Space Floor Area {W/m2}
  ,                                       !- Watts per Person {W/person}
  0,                                      !- Fraction Latent
  0,                                      !- Fraction Radiant
  1;                                      !- Fraction Lost

OS:ElectricEquipment,
  {6b9ebda5-7f48-4da9-8674-5ec103af30cd}, !- Handle
  whole house fan,                        !- Name
  {2349e43f-953b-4057-8a8e-bf33d2b3c679}, !- Electric Equipment Definition Name
  {b204bd97-7d65-4c4e-91e4-774935512ef2}, !- Space or SpaceType Name
  {3bd16469-fc69-4b61-9bd2-fa6a41ea70e0}, !- Schedule Name
  ,                                       !- Multiplier
  whole house fan;                        !- End-Use Subcategory

OS:EnergyManagementSystem:Actuator,
  {a143b3c5-87d3-41e5-82ca-b84dab0060d1}, !- Handle
  whole_house_fan_act,                    !- Name
  {6b9ebda5-7f48-4da9-8674-5ec103af30cd}, !- Actuated Component Name
  ElectricEquipment,                      !- Actuated Component Type
  Electricity Rate,                       !- Actuated Component Control Type
  {b204bd97-7d65-4c4e-91e4-774935512ef2}; !- Zone or Space Name

OS:ZoneMixing,
  {110a37cc-ffb6-4d38-ad03-92fed28f3763}, !- Handle
  whole house fan mix,                    !- Name
  {8800848f-661b-4db9-8a4d-145f55ac18c7}, !- Zone or Space Name
  {dd8465b9-7e37-4c63-9469-43e1b06328d4}, !- Schedule Name
  Flow/Zone,                              !- Design Flow Rate Calculation Method
  0,                                      !- Design Flow Rate {m3/s}
  ,                                       !- Flow Rate per Floor Area {m3/s-m2}
  ,                                       !- Flow Rate per Person {m3/s-person}
  ,                                       !- Air Changes per Hour {1/hr}
  {f3151d8b-9ec5-4e23-8962-0a95f5d5789e}, !- Source Zone or Space Name
  ,                                       !- Delta Temperature {deltaC}
  ,                                       !- Delta Temperature Schedule Name
  ,                                       !- Minimum Receiving Temperature Schedule Name
  ,                                       !- Maximum Receiving Temperature Schedule Name
  ,                                       !- Minimum Source Temperature Schedule Name
  ,                                       !- Maximum Source Temperature Schedule Name
  ,                                       !- Minimum Outdoor Temperature Schedule Name
  ;                                       !- Maximum Outdoor Temperature Schedule Name

OS:EnergyManagementSystem:Actuator,
  {6fbc998b-24df-42ac-b001-00f88c4c0e4a}, !- Handle
  whole_house_fan_mix_act,                !- Name
  {110a37cc-ffb6-4d38-ad03-92fed28f3763}, !- Actuated Component Name
  ZoneMixing,                             !- Actuated Component Type
  Air Exchange Flow Rate,                 !- Actuated Component Control Type
  ;                                       !- Zone or Space Name

OS:EnergyManagementSystem:Program,
  {85f8a3f9-0065-4dfb-8934-43084ee383ad}, !- Handle
  natural_vent_program,                   !- Name
  Set Tin = tin_s,                        !- Program Line 1
  Set Tout = tout_s,                      !- Program Line 2
  Set Wout = out_wt_s,                    !- Program Line 3
  Set Pbar = out_pb_s,                    !- Program Line 4
  Set Phiout = (@RhFnTdbWPb Tout Wout Pbar), !- Program Line 5
  Set MaxHR = 0.0115,                     !- Program Line 6
  Set MaxRH = 0.7,                        !- Program Line 7
  Set Tnvsp = (htg_sp_s + clg_sp_s) / 2,  !- Program Line 8
  Set NVavail = natural_vent_s,           !- Program Line 9
  Set ClgSsnAvail = cool_season,          !- Program Line 10
  Set natural_vent_flow_act = 0,          !- Program Line 11
  Set whole_house_fan_flow_act = 0,       !- Program Line 12
  Set whole_house_fan_mix_act = 0,        !- Program Line 13
  Set whole_house_fan_act = 0,            !- Program Line 14
  If ((Wout < MaxHR) && (Phiout < MaxRH) && (Tin > Tout) && (Tin > Tnvsp) && (ClgSsnAvail > 0)), !- Program Line 15
  Set WHF_Flow = 0,                       !- Program Line 16
  Set Adj = (Tin-Tnvsp)/(Tin-Tout),       !- Program Line 17
  Set Adj = (@Min Adj 1),                 !- Program Line 18
  Set Adj = (@Max Adj 0),                 !- Program Line 19
  If (WHF_Flow > 0),                      !- Program Line 20
  Set whole_house_fan_flow_act = WHF_Flow*Adj, !- Program Line 21
  Set whole_house_fan_mix_act = WHF_Flow*Adj, !- Program Line 22
  Set WHF_W = 0,                          !- Program Line 23
  Set whole_house_fan_act = WHF_W*Adj,    !- Program Line 24
  ElseIf (NVavail > 0),                   !- Program Line 25
  Set NVArea = 3510.6200755200002,        !- Program Line 26
  Set Cs = 8.968567957270247e-05,         !- Program Line 27
  Set Cw = 6.158219665777789e-05,         !- Program Line 28
  Set Tdiff = Tin-Tout,                   !- Program Line 29
  Set dT = (@Abs Tdiff),                  !- Program Line 30
  Set Vwind = site_vw_s,                  !- Program Line 31
  Set SGNV = NVArea*Adj*((((Cs*dT)+(Cw*(Vwind^2)))^0.5)/1000), !- Program Line 32
  Set MaxNV = 1.5454705606656003,         !- Program Line 33
  Set natural_vent_flow_act = (@Min SGNV MaxNV), !- Program Line 34
  EndIf,                                  !- Program Line 35
  EndIf;                                  !- Program Line 36

OS:AdditionalProperties,
  {722e8f7d-ace0-4537-9718-4d970a71f05f}, !- Handle
  {85f8a3f9-0065-4dfb-8934-43084ee383ad}, !- Object Name
  ObjectType,                             !- Feature Name 1
  String,                                 !- Feature Data Type 1
  natural vent;                           !- Feature Value 1

OS:EnergyManagementSystem:ProgramCallingManager,
  {320aa2c6-4089-4810-bad9-71e7ff0980da}, !- Handle
  natural_vent_program calling manager,   !- Name
  BeginZoneTimestepAfterInitHeatBalance,  !- EnergyPlus Model Calling Point
  {85f8a3f9-0065-4dfb-8934-43084ee383ad}; !- Program Name 1

OS:EnergyManagementSystem:OutputVariable,
  {3eab5526-7614-475d-83f3-13def02c2722}, !- Handle
  natural_vent_flow_act_timeseries_outvar, !- Name
  natural_vent_flow_act,                  !- EMS Variable Name
  Averaged,                               !- Type of Data in Variable
  ZoneTimestep,                           !- Update Frequency
  {85f8a3f9-0065-4dfb-8934-43084ee383ad}, !- EMS Program or Subroutine Name
  m^/s;                                   !- Units

OS:EnergyManagementSystem:OutputVariable,
  {27358664-2eda-454d-9cd0-71cf67f9b1f8}, !- Handle
  whole_house_fan_flow_act_timeseries_outvar, !- Name
  whole_house_fan_flow_act,               !- EMS Variable Name
  Averaged,                               !- Type of Data in Variable
  ZoneTimestep,                           !- Update Frequency
  {85f8a3f9-0065-4dfb-8934-43084ee383ad}, !- EMS Program or Subroutine Name
  m^/s;                                   !- Units

OS:SpaceInfiltration:EffectiveLeakageArea,
  {ae57b205-ff22-4ce3-9641-b43ca4a17a6e}, !- Handle
  infil|garage 1,                         !- Name
  {c1e34a1f-1e7f-4d7e-89e5-3f484d37503d}, !- Space or SpaceType Name
  {3bd16469-fc69-4b61-9bd2-fa6a41ea70e0}, !- Schedule Name
  271.83725691374,                        !- Effective Air Leakage Area {cm2}
  0.000129147378584692,                   !- Stack Coefficient
  4.38082605935681e-05;                   !- Wind Coefficient

OS:SpaceInfiltration:EffectiveLeakageArea,
  {d0f21f81-0abe-4058-8de0-d48ca8e534a9}, !- Handle
  infil|attic - vented 1,                 !- Name
  {54bc3987-68e2-4354-acbc-4929ea352a42}, !- Space or SpaceType Name
  {3bd16469-fc69-4b61-9bd2-fa6a41ea70e0}, !- Schedule Name
  4694.2308179712,                        !- Effective Air Leakage Area {cm2}
  0.000432075314244344,                   !- Stack Coefficient
  3.90119201087403e-05;                   !- Wind Coefficient

OS:Schedule:Constant,
  {681f5a42-6e41-4236-8563-20526d7495e3}, !- Handle
  mech vent house fan schedule,           !- Name
  {8b28b612-cd64-4214-8d98-f36f80b99a49}, !- Schedule Type Limits Name
  1;                                      !- Value

OS:ElectricEquipment:Definition,
  {b8815a24-c045-411c-905f-4fbc4c0cec65}, !- Handle
  mech vent house fan,                    !- Name
  EquipmentLevel,                         !- Design Level Calculation Method
  0,                                      !- Design Level {W}
  ,                                       !- Watts per Space Floor Area {W/m2}
  ,                                       !- Watts per Person {W/person}
  0,                                      !- Fraction Latent
  0,                                      !- Fraction Radiant
  1;                                      !- Fraction Lost

OS:ElectricEquipment,
  {14c9525f-1a4e-40f5-bc96-f0eb80dd6f03}, !- Handle
  mech vent house fan,                    !- Name
  {b8815a24-c045-411c-905f-4fbc4c0cec65}, !- Electric Equipment Definition Name
  {b204bd97-7d65-4c4e-91e4-774935512ef2}, !- Space or SpaceType Name
  {681f5a42-6e41-4236-8563-20526d7495e3}, !- Schedule Name
  ,                                       !- Multiplier
  mech vent;                              !- End-Use Subcategory

OS:Schedule:Constant,
  {5e20fbd8-7a19-43d8-89b0-5a468acce32c}, !- Handle
  mech vent house fan cfis schedule,      !- Name
  {8b28b612-cd64-4214-8d98-f36f80b99a49}, !- Schedule Type Limits Name
  1;                                      !- Value

OS:ElectricEquipment:Definition,
  {e58aca05-a3ae-47b4-bffd-93f418d31f66}, !- Handle
  mech vent house fan cfis,               !- Name
  EquipmentLevel,                         !- Design Level Calculation Method
  0,                                      !- Design Level {W}
  ,                                       !- Watts per Space Floor Area {W/m2}
  ,                                       !- Watts per Person {W/person}
  0,                                      !- Fraction Latent
  0,                                      !- Fraction Radiant
  0;                                      !- Fraction Lost

OS:ElectricEquipment,
  {f17e0997-99d4-4c87-a386-3bd83bff9c4c}, !- Handle
  mech vent house fan cfis,               !- Name
  {e58aca05-a3ae-47b4-bffd-93f418d31f66}, !- Electric Equipment Definition Name
  {b204bd97-7d65-4c4e-91e4-774935512ef2}, !- Space or SpaceType Name
  {5e20fbd8-7a19-43d8-89b0-5a468acce32c}, !- Schedule Name
  ,                                       !- Multiplier
  mech vent;                              !- End-Use Subcategory

OS:EnergyManagementSystem:Actuator,
  {61e1d326-1de0-4fe4-996e-47525f06fd0f}, !- Handle
  mech_vent_house_fan_cfis_act,           !- Name
  {f17e0997-99d4-4c87-a386-3bd83bff9c4c}, !- Actuated Component Name
  ElectricEquipment,                      !- Actuated Component Type
  Electricity Rate,                       !- Actuated Component Control Type
  {b204bd97-7d65-4c4e-91e4-774935512ef2}; !- Zone or Space Name

OS:SpaceInfiltration:DesignFlowRate,
  {16e92284-51e6-4e39-b9f3-e0f60e825aaf}, !- Handle
  infil flow,                             !- Name
  {b204bd97-7d65-4c4e-91e4-774935512ef2}, !- Space or SpaceType Name
  {3bd16469-fc69-4b61-9bd2-fa6a41ea70e0}, !- Schedule Name
  Flow/Space,                             !- Design Flow Rate Calculation Method
  0,                                      !- Design Flow Rate {m3/s}
  ,                                       !- Flow per Space Floor Area {m3/s-m2}
  ,                                       !- Flow per Exterior Surface Area {m3/s-m2}
  ,                                       !- Air Changes per Hour {1/hr}
  ,                                       !- Constant Term Coefficient
  ,                                       !- Temperature Term Coefficient
  ,                                       !- Velocity Term Coefficient
  ;                                       !- Velocity Squared Term Coefficient

OS:EnergyManagementSystem:Actuator,
  {d5bde4c4-0b9b-4434-be89-e34290cf07d7}, !- Handle
  infil_flow_act,                         !- Name
  {16e92284-51e6-4e39-b9f3-e0f60e825aaf}, !- Actuated Component Name
  Zone Infiltration,                      !- Actuated Component Type
  Air Exchange Flow Rate,                 !- Actuated Component Control Type
  ;                                       !- Zone or Space Name

OS:AdditionalProperties,
  {b7ea0fda-7e72-4915-ad1d-f7bb490eb17a}, !- Handle
  {16e92284-51e6-4e39-b9f3-e0f60e825aaf}, !- Object Name
  ObjectType,                             !- Feature Name 1
  String,                                 !- Feature Data Type 1
  infil;                                  !- Feature Value 1

OS:EnergyManagementSystem:Program,
  {809a4a15-e43a-4103-bf7d-65b35f9d80b0}, !- Handle
  infil_program,                          !- Name
  Set p_m = 0.14,                         !- Program Line 1
  Set p_s = 0.22,                         !- Program Line 2
  Set s_m = 270,                          !- Program Line 3
  Set s_s = 370,                          !- Program Line 4
  Set z_m = 9.99744,                      !- Program Line 5
  Set z_s = 2.4384,                       !- Program Line 6
  Set f_t = (((s_m/z_m)^p_m)*((z_s/s_s)^p_s)), !- Program Line 7
  Set Tdiff = tin_s-tout_s,               !- Program Line 8
  Set dT = @Abs Tdiff,                    !- Program Line 9
  Set c = 0.1214,                         !- Program Line 10
  Set Cs = 0.0562,                        !- Program Line 11
  Set Cw = 0.1613,                        !- Program Line 12
  Set n = 0.65,                           !- Program Line 13
  Set sft = (f_t*0.5),                    !- Program Line 14
  Set temp1 = ((c*Cw)*((sft*site_vw_s)^(2*n)))^2, !- Program Line 15
  Set Qinf = (((c*Cs*(dT^n))^2)+temp1)^0.5, !- Program Line 16
  Set Qinf = (@Max Qinf 0),               !- Program Line 17
  Set mech_vent_house_fan_sensible_load_equip_act = 0.0, !- Program Line 18
  Set mech_vent_house_fan_latent_load_equip_act = 0.0, !- Program Line 19
  Set OASupInPb = out_pb_s,               !- Program Line 20
  Set OASupInTemp = tout_s,               !- Program Line 21
  Set OASupInW = out_wt_s,                !- Program Line 22
  Set OASupRho = (@RhoAirFnPbTdbW OASupInPb OASupInTemp OASupInW), !- Program Line 23
  Set OASupCp = (@CpAirFnW OASupInW),     !- Program Line 24
  Set OASupInEnth = (@HFnTdbW OASupInTemp OASupInW), !- Program Line 25
  Set ZoneTemp = tin_s,                   !- Program Line 26
  Set ZoneW = win_s,                      !- Program Line 27
  Set ZoneCp = (@CpAirFnW ZoneW),         !- Program Line 28
  Set ZoneAirEnth = (@HFnTdbW ZoneTemp ZoneW), !- Program Line 29
  Set mech_vent_house_fan_cfis_act = 0.0, !- Program Line 30
  Set QWHV_cfis_sup = 0.0,                !- Program Line 31
  Set QWHV_cfis_suppl_sup = 0.0,          !- Program Line 32
  Set QWHV_cfis_suppl_exh = 0.0,          !- Program Line 33
  Set Qrange = 0,                         !- Program Line 34
  Set Qrange = Qrange + 0.04719 * mech_vent_range_fan_0_sch_s, !- Program Line 35
  Set Qbath = 0,                          !- Program Line 36
  Set Qbath = Qbath + 0.0236 * mech_vent_bath_fan_0_sch_s, !- Program Line 37
  Set Qdryer = 0,                         !- Program Line 38
  Set Qdryer = Qdryer + 0.0823 * clothes_dryer_exhaust_0_sch_s, !- Program Line 39
  Set QWHV_sup = 0.0,                     !- Program Line 40
  Set QWHV_exh = 0.0,                     !- Program Line 41
  Set Qexhaust = Qrange + Qbath + Qdryer + QWHV_exh + QWHV_cfis_suppl_exh, !- Program Line 42
  Set Qsupply = QWHV_sup + QWHV_cfis_sup + QWHV_cfis_suppl_sup, !- Program Line 43
  Set Qfan = (@Max Qexhaust Qsupply),     !- Program Line 44
  If Qfan > 0,                            !- Program Line 45
  Set Qavg = ((Qexhaust + Qsupply) / 2.0), !- Program Line 46
  If ((@Abs (Qexhaust - Qavg)) / Qavg) <= 0.1, !- Program Line 47
  Set phi = 1,                            !- Program Line 48
  Else,                                   !- Program Line 49
  Set phi = (Qinf / (Qinf + Qfan)),       !- Program Line 50
  EndIf,                                  !- Program Line 51
  Set Qinf_adj = phi * Qinf,              !- Program Line 52
  Else,                                   !- Program Line 53
  Set Qinf_adj = Qinf,                    !- Program Line 54
  EndIf,                                  !- Program Line 55
  Set infil_flow_act = Qinf_adj,          !- Program Line 56
  Set Qload = Qfan,                       !- Program Line 57
  Set Effectiveness_Sens = 0.0,           !- Program Line 58
  Set Effectiveness_Lat = 0.0,            !- Program Line 59
  Set Fan_MFR = Qload * OASupRho,         !- Program Line 60
  Set ZoneInEnth = OASupInEnth,           !- Program Line 61
  Set ZoneInTemp = OASupInTemp,           !- Program Line 62
  Set FanTotalToCond = Fan_MFR * (ZoneInEnth - ZoneAirEnth), !- Program Line 63
  Set FanSensToCond = Fan_MFR * ZoneCp * (ZoneInTemp - ZoneTemp), !- Program Line 64
  Set FanLatToCond = FanTotalToCond - FanSensToCond, !- Program Line 65
  Set mech_vent_house_fan_sensible_load_equip_act = mech_vent_house_fan_sensible_load_equip_act + FanSensToCond, !- Program Line 66
  Set mech_vent_house_fan_latent_load_equip_act = mech_vent_house_fan_latent_load_equip_act + FanLatToCond; !- Program Line 67

OS:AdditionalProperties,
  {82a5ba48-6a0d-4827-a859-e2f557f04e4c}, !- Handle
  {809a4a15-e43a-4103-bf7d-65b35f9d80b0}, !- Object Name
  ObjectType,                             !- Feature Name 1
  String,                                 !- Feature Data Type 1
  infil;                                  !- Feature Value 1

OS:OtherEquipment:Definition,
  {cb5106fc-6b90-4df3-93e8-6fbe74a0a4fd}, !- Handle
  mech vent house fan sensible load equip, !- Name
  EquipmentLevel,                         !- Design Level Calculation Method
  0,                                      !- Design Level {W}
  ,                                       !- Watts per Space Floor Area {W/m2}
  ,                                       !- Watts per Person {W/Person}
  0,                                      !- Fraction Latent
  0,                                      !- Fraction Radiant
  0;                                      !- Fraction Lost

OS:OtherEquipment,
  {9c5b44ec-ab5b-4edd-9519-d5905d1e95fa}, !- Handle
  mech vent house fan sensible load equip, !- Name
  {cb5106fc-6b90-4df3-93e8-6fbe74a0a4fd}, !- Other Equipment Definition Name
  {b204bd97-7d65-4c4e-91e4-774935512ef2}, !- Space or SpaceType Name
  {3bd16469-fc69-4b61-9bd2-fa6a41ea70e0}, !- Schedule Name
  ,                                       !- Multiplier
  None,                                   !- Fuel Type
  mech vent house fan;                    !- End-Use Subcategory

OS:EnergyManagementSystem:Actuator,
  {ea262a60-e3cd-41d3-a242-827d84a9a31d}, !- Handle
  mech_vent_house_fan_sensible_load_equip_act, !- Name
  {9c5b44ec-ab5b-4edd-9519-d5905d1e95fa}, !- Actuated Component Name
  OtherEquipment,                         !- Actuated Component Type
  Power Level,                            !- Actuated Component Control Type
  {b204bd97-7d65-4c4e-91e4-774935512ef2}; !- Zone or Space Name

OS:OtherEquipment:Definition,
  {ab69cd39-d990-4ddc-a3c7-70d9e705972c}, !- Handle
  mech vent house fan latent load equip,  !- Name
  EquipmentLevel,                         !- Design Level Calculation Method
  0,                                      !- Design Level {W}
  ,                                       !- Watts per Space Floor Area {W/m2}
  ,                                       !- Watts per Person {W/Person}
  1,                                      !- Fraction Latent
  0,                                      !- Fraction Radiant
  0;                                      !- Fraction Lost

OS:OtherEquipment,
  {d083fb36-bca7-4dbd-a950-01ad1f757dff}, !- Handle
  mech vent house fan latent load equip,  !- Name
  {ab69cd39-d990-4ddc-a3c7-70d9e705972c}, !- Other Equipment Definition Name
  {b204bd97-7d65-4c4e-91e4-774935512ef2}, !- Space or SpaceType Name
  {3bd16469-fc69-4b61-9bd2-fa6a41ea70e0}, !- Schedule Name
  ,                                       !- Multiplier
  None,                                   !- Fuel Type
  mech vent house fan;                    !- End-Use Subcategory

OS:EnergyManagementSystem:Actuator,
  {87d5c0c9-c507-4689-ac16-32544f4691cd}, !- Handle
  mech_vent_house_fan_latent_load_equip_act, !- Name
  {d083fb36-bca7-4dbd-a950-01ad1f757dff}, !- Actuated Component Name
  OtherEquipment,                         !- Actuated Component Type
  Power Level,                            !- Actuated Component Control Type
  {b204bd97-7d65-4c4e-91e4-774935512ef2}; !- Zone or Space Name

OS:Schedule:Ruleset,
  {1597eb48-7ed9-450a-908a-e7ecf4b7e8d1}, !- Handle
  mech vent range fan 0 schedule,         !- Name
  {8b28b612-cd64-4214-8d98-f36f80b99a49}, !- Schedule Type Limits Name
  {13b27b52-b8ff-4b32-aa1c-55904635b051}; !- Default Day Schedule Name

OS:Schedule:Day,
  {13b27b52-b8ff-4b32-aa1c-55904635b051}, !- Handle
  mech vent range fan 0 schedule default day, !- Name
  {8b28b612-cd64-4214-8d98-f36f80b99a49}, !- Schedule Type Limits Name
  ,                                       !- Interpolate to Timestep
  24,                                     !- Hour 1
  0,                                      !- Minute 1
  0;                                      !- Value Until Time 1

OS:Schedule:Rule,
  {35e76476-4f97-4d78-aa7d-a6ecae1c0057}, !- Handle
  mech vent range fan 0 schedule allday ruleset1, !- Name
  {1597eb48-7ed9-450a-908a-e7ecf4b7e8d1}, !- Schedule Ruleset Name
  0,                                      !- Rule Order
  {5dcbee26-9654-415c-ace2-f462a9e1a767}, !- Day Schedule Name
  Yes,                                    !- Apply Sunday
  Yes,                                    !- Apply Monday
  Yes,                                    !- Apply Tuesday
  Yes,                                    !- Apply Wednesday
  Yes,                                    !- Apply Thursday
  Yes,                                    !- Apply Friday
  Yes,                                    !- Apply Saturday
  DateRange,                              !- Date Specification Type
  1,                                      !- Start Month
  1,                                      !- Start Day
  12,                                     !- End Month
  31;                                     !- End Day

OS:Schedule:Day,
  {5dcbee26-9654-415c-ace2-f462a9e1a767}, !- Handle
  mech vent range fan 0 schedule allday1, !- Name
  {8b28b612-cd64-4214-8d98-f36f80b99a49}, !- Schedule Type Limits Name
  ,                                       !- Interpolate to Timestep
  16,                                     !- Hour 1
  0,                                      !- Minute 1
  0,                                      !- Value Until Time 1
  17,                                     !- Hour 2
  0,                                      !- Minute 2
  1,                                      !- Value Until Time 2
  24,                                     !- Hour 3
  0,                                      !- Minute 3
  0;                                      !- Value Until Time 3

OS:EnergyManagementSystem:Sensor,
  {33af2448-6efb-4687-bb5e-9c2463b36ed4}, !- Handle
  mech_vent_range_fan_0_sch_s,            !- Name
  mech vent range fan 0 schedule,         !- Output Variable or Output Meter Index Key Name
  Schedule Value;                         !- Output Variable or Output Meter Name

OS:ElectricEquipment:Definition,
  {08e80845-2a58-4d08-bd08-4fd4671cb149}, !- Handle
  mech vent range fan 0,                  !- Name
  EquipmentLevel,                         !- Design Level Calculation Method
  30,                                     !- Design Level {W}
  ,                                       !- Watts per Space Floor Area {W/m2}
  ,                                       !- Watts per Person {W/person}
  0,                                      !- Fraction Latent
  0,                                      !- Fraction Radiant
  1;                                      !- Fraction Lost

OS:ElectricEquipment,
  {5ded16aa-0819-444d-aa68-b34866f6cb5f}, !- Handle
  mech vent range fan 0,                  !- Name
  {08e80845-2a58-4d08-bd08-4fd4671cb149}, !- Electric Equipment Definition Name
  {b204bd97-7d65-4c4e-91e4-774935512ef2}, !- Space or SpaceType Name
  {1597eb48-7ed9-450a-908a-e7ecf4b7e8d1}, !- Schedule Name
  ,                                       !- Multiplier
  mech vent;                              !- End-Use Subcategory

OS:Schedule:Ruleset,
  {a1fdf1ce-989d-40ed-98d2-251c1ee4e274}, !- Handle
  mech vent bath fan 0 schedule,          !- Name
  {8b28b612-cd64-4214-8d98-f36f80b99a49}, !- Schedule Type Limits Name
  {b1172f70-60f2-4c31-ac1a-48a4d6334311}; !- Default Day Schedule Name

OS:Schedule:Day,
  {b1172f70-60f2-4c31-ac1a-48a4d6334311}, !- Handle
  mech vent bath fan 0 schedule default day, !- Name
  {8b28b612-cd64-4214-8d98-f36f80b99a49}, !- Schedule Type Limits Name
  ,                                       !- Interpolate to Timestep
  24,                                     !- Hour 1
  0,                                      !- Minute 1
  0;                                      !- Value Until Time 1

OS:Schedule:Rule,
  {99a86bb2-3c4a-442c-9483-8d5fc767d134}, !- Handle
  mech vent bath fan 0 schedule allday ruleset1, !- Name
  {a1fdf1ce-989d-40ed-98d2-251c1ee4e274}, !- Schedule Ruleset Name
  0,                                      !- Rule Order
  {c39fb0c8-bdc8-4f01-84df-fde8eb587b37}, !- Day Schedule Name
  Yes,                                    !- Apply Sunday
  Yes,                                    !- Apply Monday
  Yes,                                    !- Apply Tuesday
  Yes,                                    !- Apply Wednesday
  Yes,                                    !- Apply Thursday
  Yes,                                    !- Apply Friday
  Yes,                                    !- Apply Saturday
  DateRange,                              !- Date Specification Type
  1,                                      !- Start Month
  1,                                      !- Start Day
  12,                                     !- End Month
  31;                                     !- End Day

OS:Schedule:Day,
  {c39fb0c8-bdc8-4f01-84df-fde8eb587b37}, !- Handle
  mech vent bath fan 0 schedule allday1,  !- Name
  {8b28b612-cd64-4214-8d98-f36f80b99a49}, !- Schedule Type Limits Name
  ,                                       !- Interpolate to Timestep
  21,                                     !- Hour 1
  0,                                      !- Minute 1
  0,                                      !- Value Until Time 1
  22,                                     !- Hour 2
  0,                                      !- Minute 2
  1,                                      !- Value Until Time 2
  24,                                     !- Hour 3
  0,                                      !- Minute 3
  0;                                      !- Value Until Time 3

OS:EnergyManagementSystem:Sensor,
  {109639bc-11bf-43b2-a50d-0ddbe38dadfa}, !- Handle
  mech_vent_bath_fan_0_sch_s,             !- Name
  mech vent bath fan 0 schedule,          !- Output Variable or Output Meter Index Key Name
  Schedule Value;                         !- Output Variable or Output Meter Name

OS:ElectricEquipment:Definition,
  {ddefeb31-9ab0-4937-86dc-f76ab1b99e83}, !- Handle
  mech vent bath fan 0,                   !- Name
  EquipmentLevel,                         !- Design Level Calculation Method
  15,                                     !- Design Level {W}
  ,                                       !- Watts per Space Floor Area {W/m2}
  ,                                       !- Watts per Person {W/person}
  0,                                      !- Fraction Latent
  0,                                      !- Fraction Radiant
  1;                                      !- Fraction Lost

OS:ElectricEquipment,
  {b60c8d3e-684e-4530-b484-5145e243a1ab}, !- Handle
  mech vent bath fan 0,                   !- Name
  {ddefeb31-9ab0-4937-86dc-f76ab1b99e83}, !- Electric Equipment Definition Name
  {b204bd97-7d65-4c4e-91e4-774935512ef2}, !- Space or SpaceType Name
  {a1fdf1ce-989d-40ed-98d2-251c1ee4e274}, !- Schedule Name
  ,                                       !- Multiplier
  mech vent;                              !- End-Use Subcategory

OS:EnergyManagementSystem:Sensor,
  {1ad073ea-b778-4773-8e67-1d20ceda1556}, !- Handle
  clothes_dryer_exhaust_0_sch_s,          !- Name
  clothes_dryer,                          !- Output Variable or Output Meter Index Key Name
  Schedule Value;                         !- Output Variable or Output Meter Name

OS:EnergyManagementSystem:OutputVariable,
  {4915eed7-fe4b-49aa-8768-f9d7ea0338e0}, !- Handle
  Qfan_timeseries_outvar,                 !- Name
  Qfan,                                   !- EMS Variable Name
  Averaged,                               !- Type of Data in Variable
  ZoneTimestep,                           !- Update Frequency
  {809a4a15-e43a-4103-bf7d-65b35f9d80b0}, !- EMS Program or Subroutine Name
  m^/s;                                   !- Units

OS:EnergyManagementSystem:OutputVariable,
  {44e3c214-b3a3-4318-b4bf-0169f4fb3ef1}, !- Handle
  infil_flow_act_timeseries_outvar,       !- Name
  infil_flow_act,                         !- EMS Variable Name
  Averaged,                               !- Type of Data in Variable
  ZoneTimestep,                           !- Update Frequency
  {809a4a15-e43a-4103-bf7d-65b35f9d80b0}, !- EMS Program or Subroutine Name
  m^/s;                                   !- Units

OS:EnergyManagementSystem:ProgramCallingManager,
  {3ba9aa6e-e428-4c3a-856a-c8b133be29df}, !- Handle
  infil_program calling manager,          !- Name
  BeginZoneTimestepAfterInitHeatBalance,  !- EnergyPlus Model Calling Point
  {809a4a15-e43a-4103-bf7d-65b35f9d80b0}; !- Program Name 1

OS:BuildingUnit,
  {bde82b4d-1613-453e-ad31-6985ccf4c7ae}, !- Handle
  Building Unit 1,                        !- Name
  ,                                       !- Rendering Color
  ;                                       !- Building Unit Type

OS:AdditionalProperties,
  {b13d4857-13d7-48ef-862a-f930704c8215}, !- Handle
  {bde82b4d-1613-453e-ad31-6985ccf4c7ae}, !- Object Name
  unit_num,                               !- Feature Name 1
  Integer,                                !- Feature Data Type 1
  1;                                      !- Feature Value 1

OS:AdditionalProperties,
  {2bc92b49-5bcd-4509-99a1-57d5f5b12a2b}, !- Handle
  {cb1dd659-6c05-4d86-9dff-315bbb8a0669}; !- Object Name

OS:EnergyManagementSystem:Sensor,
  {5a5e620d-52e5-4ade-ac13-93fb5a5e4901}, !- Handle
  zone_htg_unmet_s,                       !- Name
  conditioned space,                      !- Output Variable or Output Meter Index Key Name
  Zone Heating Setpoint Not Met Time;     !- Output Variable or Output Meter Name

OS:EnergyManagementSystem:Sensor,
  {ac919636-6bc1-487a-ac48-63ffaa637d21}, !- Handle
  zone_clg_unmet_s,                       !- Name
  conditioned space,                      !- Output Variable or Output Meter Index Key Name
  Zone Cooling Setpoint Not Met Time;     !- Output Variable or Output Meter Name

OS:AdditionalProperties,
  {05fc1125-eda2-46a7-b71e-fb11d7da296e}, !- Handle
  {1ad073ea-b778-4773-8e67-1d20ceda1556}; !- Object Name

OS:AdditionalProperties,
  {bb64f29f-249c-4d21-8159-329008526b37}, !- Handle
  {e759a1b3-20d3-49e8-b6db-8d2338399599}; !- Object Name

OS:AdditionalProperties,
  {7a6af192-f446-46ec-9cc9-e628168c79e7}, !- Handle
  {a12cd285-5a6d-4af0-9ae5-277b50d7b5d4}; !- Object Name

OS:AdditionalProperties,
  {a94e1923-cf34-42d7-97e5-0b8debc797c5}, !- Handle
  {d83bc01f-a9b5-448a-adf7-6107d6ab631f}; !- Object Name

OS:AdditionalProperties,
  {985e9b73-a516-4421-86b4-7eba4c7111f0}, !- Handle
  {beeca49a-e5ab-4dca-82e1-fa44106c21d3}; !- Object Name

OS:AdditionalProperties,
  {52df745d-762c-450c-8f23-66d07471a563}, !- Handle
  {f11ab2ee-2ed1-4d20-a522-948056580a65}; !- Object Name

OS:AdditionalProperties,
  {663d1b02-8d44-4b8a-b58e-29370b63e251}, !- Handle
  {8f1972f7-ac33-44e0-9458-4ffef0955eef}; !- Object Name

OS:AdditionalProperties,
  {c7cf9bfb-193b-4b86-b724-d6013dc9b271}, !- Handle
  {ac919636-6bc1-487a-ac48-63ffaa637d21}; !- Object Name

OS:AdditionalProperties,
  {e8fda6fc-b053-480b-bc57-e8305a28329c}, !- Handle
  {3c292907-daaa-4269-83e6-60e74ce5485b}; !- Object Name

OS:AdditionalProperties,
  {f4be829f-bbe8-4c0d-965a-3c51585be81d}, !- Handle
  {c6f2eb6b-2781-41f5-94ab-eb5a8ddf3244}; !- Object Name

OS:AdditionalProperties,
  {a9ced6e0-9f11-4708-90f4-82d133391605}, !- Handle
  {f9a6dbaa-776b-4d43-ba93-c0ddfe521589}; !- Object Name

OS:AdditionalProperties,
  {351be1c2-fdb2-409f-b8b6-0955f98ae080}, !- Handle
  {12b51d6c-51d4-4beb-a227-d3f9c1cdb7cc}; !- Object Name

OS:AdditionalProperties,
  {b6e2287b-8e7a-4ff0-ab14-842eea965055}, !- Handle
  {fbdf71e0-9b18-41c9-9deb-4b39f5e5f9a0}; !- Object Name

OS:AdditionalProperties,
  {37705b55-c8d2-42e0-bb9f-ac5575513bf3}, !- Handle
  {198129b7-ec19-4b32-bc09-411ee1d3b442}; !- Object Name

OS:AdditionalProperties,
  {e653b386-ef07-4221-8dfd-dbd997399638}, !- Handle
  {f75f6bb1-91f2-4c36-ad4d-bf74ac136f28}; !- Object Name

OS:AdditionalProperties,
  {5cc983d9-1def-4e7d-a032-1bb01de2c63d}, !- Handle
  {e6b9cda5-358b-47f6-ba4a-b45b6b6396bf}; !- Object Name

OS:AdditionalProperties,
  {db3185d4-af74-47a7-bae3-3b452e3b3fa7}, !- Handle
  {59c1754e-bee4-4ab3-a12f-e068f76ec9d5}; !- Object Name

OS:AdditionalProperties,
  {edfd1534-0b64-401d-b336-4ae72f1e26e5}, !- Handle
  {027e7ec8-30f3-41fd-b747-eb2de0bb07ca}; !- Object Name

OS:AdditionalProperties,
  {590d50b8-c34c-41d9-8234-e97f57978fd1}, !- Handle
  {f6b6fbdf-4eb6-4c98-afa5-c7a82f96e573}; !- Object Name

OS:AdditionalProperties,
  {cdafec92-1f06-41fd-997d-e9c3809fe410}, !- Handle
  {5a5e620d-52e5-4ade-ac13-93fb5a5e4901}; !- Object Name

OS:AdditionalProperties,
  {7d682534-4cc4-465d-97e4-11bb4aa506f9}, !- Handle
  {cb549de4-45a8-4b9e-be39-469e7cc83795}; !- Object Name

OS:AdditionalProperties,
  {2564f537-1b2d-4b7e-a12e-4742f97f9470}, !- Handle
  {862c4209-1e0f-487a-83ca-92da9e127e58}; !- Object Name

OS:AdditionalProperties,
  {0eb92b5f-66eb-46ad-865d-7da9c07d73e6}, !- Handle
  {2d70cc83-04c0-4a41-bc85-1867f958a8d0}; !- Object Name

OS:AdditionalProperties,
  {648b32e9-511e-48ea-bc8f-3085a597c595}, !- Handle
  {45b469ed-7eb7-40fd-815e-3866dca922e0}; !- Object Name

OS:AdditionalProperties,
  {d0969fc9-19e8-415b-bcb6-dfdb74dcc07a}, !- Handle
  {598cff92-a34e-4285-86b7-4b1cf67fc4f6}; !- Object Name

OS:AdditionalProperties,
  {b05e2166-95a9-4ceb-9f84-7ab8b57c88d5}, !- Handle
  {99e68438-e21d-4acf-98e1-ba0bf189e49f}; !- Object Name

OS:AdditionalProperties,
  {0603571f-9319-4ace-af16-dacc4e99d83a}, !- Handle
  {afc3760b-d9ab-4bd1-ad33-058688e41c9c}; !- Object Name

OS:AdditionalProperties,
  {71c5ac42-3bb6-4a82-aabb-d7669c82f3c3}, !- Handle
  {198a8584-6a0e-48cb-815a-3cdaf410c802}; !- Object Name

OS:AdditionalProperties,
  {0ca3e468-2572-41e5-8771-409e1493d83f}, !- Handle
  {33af2448-6efb-4687-bb5e-9c2463b36ed4}; !- Object Name

OS:AdditionalProperties,
  {76d92fcc-ebf3-44a4-ad92-96d8da5c5b09}, !- Handle
  {b14d478b-d696-4552-b2f6-48bd1fe10f40}; !- Object Name

OS:AdditionalProperties,
  {7398841c-dc7a-45d7-b326-9f4ff4592a0e}, !- Handle
  {208bd561-a880-40c8-ac22-869dba3a0126}; !- Object Name

OS:AdditionalProperties,
  {52ae65fc-daea-4230-818c-619adc9c7b17}, !- Handle
  {109639bc-11bf-43b2-a50d-0ddbe38dadfa}; !- Object Name

OS:EnergyManagementSystem:Program,
  {969b85b1-2661-42d2-bd35-c4f4bc7e85ba}, !- Handle
  unmet_hours_program,                    !- Name
  Set htg_unmet_hours = 0,                !- Program Line 1
  Set clg_unmet_hours = 0,                !- Program Line 2
  If ((DayOfYear >= 1) && (DayOfYear <= 365)), !- Program Line 3
  If zone_htg_unmet_s > htg_unmet_hours,  !- Program Line 4
  Set htg_unmet_hours = zone_htg_unmet_s, !- Program Line 5
  EndIf,                                  !- Program Line 6
  EndIf,                                  !- Program Line 7
  If ((DayOfYear >= 1) && (DayOfYear <= 365)), !- Program Line 8
  If zone_clg_unmet_s > clg_unmet_hours,  !- Program Line 9
  Set clg_unmet_hours = zone_clg_unmet_s, !- Program Line 10
  EndIf,                                  !- Program Line 11
  EndIf;                                  !- Program Line 12

OS:AdditionalProperties,
  {14d0d639-9d1c-481a-93c5-896130c7b8e3}, !- Handle
  {969b85b1-2661-42d2-bd35-c4f4bc7e85ba}, !- Object Name
  ObjectType,                             !- Feature Name 1
  String,                                 !- Feature Data Type 1
  unmet hours program;                    !- Feature Value 1

OS:EnergyManagementSystem:ProgramCallingManager,
  {9a8072d6-51d2-4997-9932-a1b067553335}, !- Handle
  unmet_hours_program calling manager,    !- Name
  EndOfZoneTimestepBeforeZoneReporting,   !- EnergyPlus Model Calling Point
  {969b85b1-2661-42d2-bd35-c4f4bc7e85ba}; !- Program Name 1

OS:EnergyManagementSystem:Sensor,
  {f51033a4-ccd2-4ebd-920f-1de92f2171c3}, !- Handle
  htg_load_cond,                          !- Name
  ,                                       !- Output Variable or Output Meter Index Key Name
  Heating:EnergyTransfer:Zone:CONDITIONED SPACE; !- Output Variable or Output Meter Name

OS:EnergyManagementSystem:Sensor,
  {f2ff40db-6d89-4187-8743-213b55ef9ac4}, !- Handle
  clg_load_cond,                          !- Name
  ,                                       !- Output Variable or Output Meter Index Key Name
  Cooling:EnergyTransfer:Zone:CONDITIONED SPACE; !- Output Variable or Output Meter Name

OS:EnergyManagementSystem:Sensor,
  {8e1a6246-98ca-4d52-8ff3-fc42fe6b33a1}, !- Handle
  htg_load_duct,                          !- Name
  ,                                       !- Output Variable or Output Meter Index Key Name
  Heating:EnergyTransfer:Zone:CENTRAL AC AND FURNACE AIRLOOP RET AIR ZONE; !- Output Variable or Output Meter Name

OS:EnergyManagementSystem:Sensor,
  {f195881a-a832-4a22-9c19-95b429b94821}, !- Handle
  clg_load_duct,                          !- Name
  ,                                       !- Output Variable or Output Meter Index Key Name
  Cooling:EnergyTransfer:Zone:CENTRAL AC AND FURNACE AIRLOOP RET AIR ZONE; !- Output Variable or Output Meter Name

OS:EnergyManagementSystem:Program,
  {65354e17-682d-415e-a64e-a2158f97e634}, !- Handle
  total_loads_program,                    !- Name
  Set loads_htg_tot = 0,                  !- Program Line 1
  Set loads_clg_tot = 0,                  !- Program Line 2
  If htg_load_cond > 0,                   !- Program Line 3
  Set loads_htg_tot = loads_htg_tot + (htg_load_cond - clg_load_cond) * 1.0, !- Program Line 4
  Set loads_htg_tot = loads_htg_tot + (htg_load_duct - clg_load_duct) * 1.0, !- Program Line 5
  EndIf,                                  !- Program Line 6
  If clg_load_cond > 0,                   !- Program Line 7
  Set loads_clg_tot = loads_clg_tot + (clg_load_cond - htg_load_cond) * 1.0, !- Program Line 8
  Set loads_clg_tot = loads_clg_tot + (clg_load_duct - htg_load_duct) * 1.0, !- Program Line 9
  EndIf;                                  !- Program Line 10

OS:AdditionalProperties,
  {4ed2b540-dbce-428d-9ebd-1ed7224861f4}, !- Handle
  {65354e17-682d-415e-a64e-a2158f97e634}, !- Object Name
  ObjectType,                             !- Feature Name 1
  String,                                 !- Feature Data Type 1
  total loads program;                    !- Feature Value 1

OS:EnergyManagementSystem:ProgramCallingManager,
  {9cd6bbbc-dcfd-43c6-a0bf-e9712b85f8e6}, !- Handle
  total_loads_program calling manager,    !- Name
  EndOfZoneTimestepAfterZoneReporting,    !- EnergyPlus Model Calling Point
  {65354e17-682d-415e-a64e-a2158f97e634}; !- Program Name 1

OS:Output:JSON,
  {5db72349-93ab-42ac-9965-c7a495580454}, !- Handle
  TimeSeriesAndTabular,                   !- Option Type
  No,                                     !- Output JSON
  No,                                     !- Output CBOR
  Yes;                                    !- Output MessagePack

OS:OutputControl:Files,
  {6ce8ca9e-ab5a-4b85-a68c-e74d2a5e64c4}, !- Handle
  No,                                     !- Output CSV
  No,                                     !- Output MTR
  No,                                     !- Output ESO
  No,                                     !- Output EIO
  Yes,                                    !- Output Tabular
  No,                                     !- Output SQLite
  Yes,                                    !- Output JSON
  No,                                     !- Output AUDIT
  Yes,                                    !- Output Zone Sizing
  Yes,                                    !- Output System Sizing
  Yes,                                    !- Output DXF
  No,                                     !- Output BND
  No,                                     !- Output RDD
  No,                                     !- Output MDD
  No,                                     !- Output MTD
  No,                                     !- Output SHD
  Yes,                                    !- Output DFS
  Yes,                                    !- Output GLHE
  Yes,                                    !- Output DelightIn
  Yes,                                    !- Output DelightELdmp
  Yes,                                    !- Output DelightDFdmp
  Yes,                                    !- Output EDD
  Yes,                                    !- Output DBG
  No,                                     !- Output PerfLog
  Yes,                                    !- Output SLN
  Yes,                                    !- Output SCI
  Yes,                                    !- Output WRL
  Yes,                                    !- Output Screen
  Yes,                                    !- Output ExtShd
  Yes;                                    !- Output Tarcog

OS:Building,
  {2c280352-928e-4c4c-8078-f3cbb629ea37}, !- Handle
  Building 1,                             !- Name
  ,                                       !- Building Sector Type
  ,                                       !- North Axis {deg}
  ,                                       !- Nominal Floor to Floor Height {m}
  ,                                       !- Space Type Name
  ,                                       !- Default Construction Set Name
  ;                                       !- Default Schedule Set Name

OS:AdditionalProperties,
  {d53a5a25-0f00-4beb-9aa8-52b15444db56}, !- Handle
  {2c280352-928e-4c4c-8078-f3cbb629ea37}, !- Object Name
  hpxml_path,                             !- Feature Name 1
  String,                                 !- Feature Data Type 1
  /var/simdata/openstudio/run/home.xml,   !- Feature Value 1
  hpxml_defaults_path,                    !- Feature Name 2
  String,                                 !- Feature Data Type 2
  /var/simdata/openstudio/run/in.xml,     !- Feature Value 2
  building_id,                            !- Feature Name 3
  String,                                 !- Feature Data Type 3
  ,                                       !- Feature Value 3
  emissions_scenario_names,               !- Feature Name 4
  String,                                 !- Feature Data Type 4
  ["LRMER_LowRECost_15"&#44 "LRMER_MidCase_15"&#44 "LRMER_HighRECost_15"&#44 "LRMER_MidCase_25"], !- Feature Value 4
  emissions_scenario_types,               !- Feature Name 5
  String,                                 !- Feature Data Type 5
  ["CO2e"&#44 "CO2e"&#44 "CO2e"&#44 "CO2e"], !- Feature Value 5
  heated_zones,                           !- Feature Name 6
  String,                                 !- Feature Data Type 6
  ["conditioned space"],                  !- Feature Value 6
  cooled_zones,                           !- Feature Name 7
  String,                                 !- Feature Data Type 7
  ["conditioned space"],                  !- Feature Value 7
  is_southern_hemisphere,                 !- Feature Name 8
  Boolean,                                !- Feature Data Type 8
  false;                                  !- Feature Value 8

