
OS:Version,
  {c97bbd32-0073-49a2-8d4b-477b136f9cad}, !- Handle
  3.7.0;                                  !- Version Identifier

OS:WeatherFile,
  {b2dbaea8-e432-43df-bf45-b30bf5e6d041}, !- Handle
  Tallahassee Regional Ap  Isis,          !- City
  FL,                                     !- State Province Region
  USA,                                    !- Country
  TMY3,                                   !- Data Source
  722140,                                 !- WMO Number
  30.38,                                  !- Latitude {deg}
  -84.37,                                 !- Longitude {deg}
  -5,                                     !- Time Zone {hr}
  21,                                     !- Elevation {m}
  /weather/G1300870.epw,                  !- Url
  BA4BE2F9,                               !- Checksum
  ,                                       !- Start Date Actual Year
  Sunday;                                 !- Start Day of Week

OS:YearDescription,
  {40d6ef26-b368-44d3-8795-6624a1a6272b}, !- Handle
  2018,                                   !- Calendar Year
  ,                                       !- Day of Week for Start Day
  ;                                       !- Is Leap Year

OS:Site,
  {dbcdce51-745e-4db4-8fd7-8cca9bc0e67b}, !- Handle
  Tallahassee Regional Ap  Isis_FL_USA,   !- Name
  30.38,                                  !- Latitude {deg}
  -84.37,                                 !- Longitude {deg}
  -5,                                     !- Time Zone {hr}
  21,                                     !- Elevation {m}
  Suburbs;                                !- Terrain

OS:RunPeriodControl:DaylightSavingTime,
  {c54de4b0-3827-4905-b7ae-1ec05da6fbd7}, !- Handle
  Mar 12,                                 !- Start Date
  Nov 5;                                  !- End Date

OS:Site:GroundTemperature:Shallow,
  {dedd1846-35f3-4cc9-be8c-6448b9561d3b}, !- Handle
  16.3546663980125,                       !- January Surface Ground Temperature {C}
  15.0592964613324,                       !- February Surface Ground Temperature {C}
  14.9555585913301,                       !- March Surface Ground Temperature {C}
  15.5702778150259,                       !- April Surface Ground Temperature {C}
  18.038032949685,                        !- May Surface Ground Temperature {C}
  20.49429223405,                         !- June Surface Ground Temperature {C}
  22.6237377606621,                       !- July Surface Ground Temperature {C}
  23.9726891291255,                       !- August Surface Ground Temperature {C}
  24.0872899571397,                       !- September Surface Ground Temperature {C}
  22.9901447466756,                       !- October Surface Ground Temperature {C}
  20.9150013312211,                       !- November Surface Ground Temperature {C}
  18.5340900771804;                       !- December Surface Ground Temperature {C}

OS:SimulationControl,
  {263873ad-2866-4345-9b28-b2f3f2d4af37}, !- Handle
  ,                                       !- Do Zone Sizing Calculation
  ,                                       !- Do System Sizing Calculation
  ,                                       !- Do Plant Sizing Calculation
  No;                                     !- Run Simulation for Sizing Periods

OS:Timestep,
  {1d91a8ca-6972-4751-a0bd-dff381fd16bc}, !- Handle
  4;                                      !- Number of Timesteps per Hour

OS:ShadowCalculation,
  {9fdda08d-3e31-4abf-9451-25a6435f36c3}, !- Handle
  PolygonClipping,                        !- Shading Calculation Method
  ,                                       !- Shading Calculation Update Frequency Method
  20,                                     !- Shading Calculation Update Frequency
  200,                                    !- Maximum Figures in Shadow Overlap Calculations
  ,                                       !- Polygon Clipping Algorithm
  512,                                    !- Pixel Counting Resolution
  ,                                       !- Sky Diffuse Modeling Algorithm
  No,                                     !- Output External Shading Calculation Results
  No,                                     !- Disable Self-Shading Within Shading Zone Groups
  No;                                     !- Disable Self-Shading From Shading Zone Groups to Other Zones

OS:SurfaceConvectionAlgorithm:Outside,
  {f88d037b-681c-460b-b067-1dd6c834181c}, !- Handle
  DOE-2;                                  !- Algorithm

OS:SurfaceConvectionAlgorithm:Inside,
  {e3b4ab32-c01f-4895-b217-62520c35176c}, !- Handle
  TARP;                                   !- Algorithm

OS:ZoneCapacitanceMultiplier:ResearchSpecial,
  {386c926a-2eed-40d4-854f-3ef7e37cd4b6}, !- Handle
  1,                                      !- Temperature Capacity Multiplier
  15,                                     !- Humidity Capacity Multiplier
  ;                                       !- Carbon Dioxide Capacity Multiplier

OS:ConvergenceLimits,
  {5688ef2e-3879-48a6-b1ba-5ae69ca3d680}, !- Handle
  0;                                      !- Minimum System Timestep {minutes}

OS:RunPeriod,
  {9fc365e5-732f-4aa8-aa0e-abaaf66a0ff0}, !- Handle
  Run Period 1,                           !- Name
  1,                                      !- Begin Month
  1,                                      !- Begin Day of Month
  12,                                     !- End Month
  31,                                     !- End Day of Month
  ,                                       !- Use Weather File Holidays and Special Days
  ,                                       !- Use Weather File Daylight Saving Period
  ,                                       !- Apply Weekend Holiday Rule
  ,                                       !- Use Weather File Rain Indicators
  ,                                       !- Use Weather File Snow Indicators
  ;                                       !- Number of Times Runperiod to be Repeated

OS:PerformancePrecisionTradeoffs,
  {f73d8a40-42f4-475a-ab70-73218c0ba0b2}, !- Handle
  ,                                       !- Use Coil Direct Solutions
  CarrollMRT;                             !- Zone Radiant Exchange Algorithm

OS:ThermalZone,
  {1cfb2b60-a522-420e-bfde-08927b72cebe}, !- Handle
  conditioned space,                      !- Name
  1,                                      !- Multiplier
  ,                                       !- Ceiling Height {m}
  384.656044105728,                       !- Volume {m3}
  ,                                       !- Floor Area {m2}
  ,                                       !- Zone Inside Convection Algorithm
  ,                                       !- Zone Outside Convection Algorithm
  ,                                       !- Zone Conditioning Equipment List Name
  {4a7489e7-8794-4a70-879f-22f46339f192}, !- Zone Air Inlet Port List
  {12316b59-9257-4a56-978d-30e1337f6001}, !- Zone Air Exhaust Port List
  {70305828-21ca-41f1-aa80-8c8ab1118626}, !- Zone Air Node Name
  {68d9f5de-eee3-4087-8274-b2b58f2a48b9}, !- Zone Return Air Port List
  ,                                       !- Primary Daylighting Control Name
  ,                                       !- Fraction of Zone Controlled by Primary Daylighting Control
  ,                                       !- Secondary Daylighting Control Name
  ,                                       !- Fraction of Zone Controlled by Secondary Daylighting Control
  ,                                       !- Illuminance Map Name
  ,                                       !- Group Rendering Name
  {762ebc1e-6f07-403a-8228-ed2c148d016e}, !- Thermostat Name
  No;                                     !- Use Ideal Air Loads

OS:Node,
  {8ef1bade-9dc6-47f1-a5b4-ce262c921783}, !- Handle
  Node 1,                                 !- Name
  {70305828-21ca-41f1-aa80-8c8ab1118626}, !- Inlet Port
  ;                                       !- Outlet Port

OS:Connection,
  {70305828-21ca-41f1-aa80-8c8ab1118626}, !- Handle
  {1cfb2b60-a522-420e-bfde-08927b72cebe}, !- Source Object
  11,                                     !- Outlet Port
  {8ef1bade-9dc6-47f1-a5b4-ce262c921783}, !- Target Object
  2;                                      !- Inlet Port

OS:PortList,
  {4a7489e7-8794-4a70-879f-22f46339f192}, !- Handle
  {1cfb2b60-a522-420e-bfde-08927b72cebe}, !- HVAC Component
  {222dca33-c5dc-4f89-9a2c-65938576a1c7}; !- Port 1

OS:PortList,
  {12316b59-9257-4a56-978d-30e1337f6001}, !- Handle
  {1cfb2b60-a522-420e-bfde-08927b72cebe}; !- HVAC Component

OS:PortList,
  {68d9f5de-eee3-4087-8274-b2b58f2a48b9}, !- Handle
  {1cfb2b60-a522-420e-bfde-08927b72cebe}, !- HVAC Component
  {5640d36c-0427-4585-8d49-b76b703b59ab}; !- Port 1

OS:Sizing:Zone,
  {54d19c47-9d7a-42b3-b57b-ce7336504037}, !- Handle
  {1cfb2b60-a522-420e-bfde-08927b72cebe}, !- Zone or ZoneList Name
  SupplyAirTemperature,                   !- Zone Cooling Design Supply Air Temperature Input Method
  14,                                     !- Zone Cooling Design Supply Air Temperature {C}
  11.11,                                  !- Zone Cooling Design Supply Air Temperature Difference {deltaC}
  SupplyAirTemperature,                   !- Zone Heating Design Supply Air Temperature Input Method
  40,                                     !- Zone Heating Design Supply Air Temperature {C}
  11.11,                                  !- Zone Heating Design Supply Air Temperature Difference {deltaC}
  0.0085,                                 !- Zone Cooling Design Supply Air Humidity Ratio {kg-H2O/kg-air}
  0.008,                                  !- Zone Heating Design Supply Air Humidity Ratio {kg-H2O/kg-air}
  ,                                       !- Zone Heating Sizing Factor
  ,                                       !- Zone Cooling Sizing Factor
  DesignDay,                              !- Cooling Design Air Flow Method
  ,                                       !- Cooling Design Air Flow Rate {m3/s}
  ,                                       !- Cooling Minimum Air Flow per Zone Floor Area {m3/s-m2}
  ,                                       !- Cooling Minimum Air Flow {m3/s}
  ,                                       !- Cooling Minimum Air Flow Fraction
  DesignDay,                              !- Heating Design Air Flow Method
  ,                                       !- Heating Design Air Flow Rate {m3/s}
  ,                                       !- Heating Maximum Air Flow per Zone Floor Area {m3/s-m2}
  ,                                       !- Heating Maximum Air Flow {m3/s}
  ,                                       !- Heating Maximum Air Flow Fraction
  No,                                     !- Account for Dedicated Outdoor Air System
  NeutralSupplyAir,                       !- Dedicated Outdoor Air System Control Strategy
  autosize,                               !- Dedicated Outdoor Air Low Setpoint Temperature for Design {C}
  autosize,                               !- Dedicated Outdoor Air High Setpoint Temperature for Design {C}
  Sensible Load Only No Latent Load,      !- Zone Load Sizing Method
  HumidityRatioDifference,                !- Zone Latent Cooling Design Supply Air Humidity Ratio Input Method
  ,                                       !- Zone Dehumidification Design Supply Air Humidity Ratio {kgWater/kgDryAir}
  0.005,                                  !- Zone Cooling Design Supply Air Humidity Ratio Difference {kgWater/kgDryAir}
  HumidityRatioDifference,                !- Zone Latent Heating Design Supply Air Humidity Ratio Input Method
  ,                                       !- Zone Humidification Design Supply Air Humidity Ratio {kgWater/kgDryAir}
  0.005;                                  !- Zone Humidification Design Supply Air Humidity Ratio Difference {kgWater/kgDryAir}

OS:ZoneHVAC:EquipmentList,
  {26577853-380b-493a-bf10-5012022b25db}, !- Handle
  Zone HVAC Equipment List 1,             !- Name
  {1cfb2b60-a522-420e-bfde-08927b72cebe}, !- Thermal Zone
  ,                                       !- Load Distribution Scheme
  {2901c53a-3bb4-44a4-b9e1-d261d2e9b9e1}, !- Zone Equipment 1
  1,                                      !- Zone Equipment Cooling Sequence 1
  1,                                      !- Zone Equipment Heating or No-Load Sequence 1
  {20f1bce8-5e0d-4dc3-b957-d61154be6dcc}, !- Zone Equipment Sequential Cooling Fraction Schedule Name 1
  {af3821e9-f68e-41fa-9cc5-8e13c6a3933f}; !- Zone Equipment Sequential Heating Fraction Schedule Name 1

OS:AdditionalProperties,
  {45d38990-5e06-409c-8e8a-2335784c9871}, !- Handle
  {1cfb2b60-a522-420e-bfde-08927b72cebe}, !- Object Name
  ObjectType,                             !- Feature Name 1
  String,                                 !- Feature Data Type 1
  conditioned space;                      !- Feature Value 1

OS:Space,
  {bcac1226-0ceb-40d7-a8ad-8ac3ecd06f7f}, !- Handle
  conditioned space 1,                    !- Name
  ,                                       !- Space Type Name
  ,                                       !- Default Construction Set Name
  ,                                       !- Default Schedule Set Name
  ,                                       !- Direction of Relative North {deg}
  ,                                       !- X Origin {m}
  ,                                       !- Y Origin {m}
  ,                                       !- Z Origin {m}
  ,                                       !- Building Story Name
  {1cfb2b60-a522-420e-bfde-08927b72cebe}, !- Thermal Zone Name
  ,                                       !- Part of Total Floor Area
  ,                                       !- Design Specification Outdoor Air Object Name
  {28bc4d6c-96e4-4aa8-8dd0-73310f7985db}, !- Building Unit Name
  384.656044105728;                       !- Volume {m3}

OS:Schedule:Ruleset,
  {f38e7002-8ce2-4d4c-8a55-0e01391e5252}, !- Handle
  heating setpoint,                       !- Name
  {9b4b4c04-aedf-4bd3-baa7-cf758617e0c7}, !- Schedule Type Limits Name
  {6d23e932-6dd2-45c5-8d80-4e0eec15fe8d}; !- Default Day Schedule Name

OS:Schedule:Day,
  {6d23e932-6dd2-45c5-8d80-4e0eec15fe8d}, !- Handle
  heating setpoint default day,           !- Name
  {9b4b4c04-aedf-4bd3-baa7-cf758617e0c7}, !- Schedule Type Limits Name
  ,                                       !- Interpolate to Timestep
  24,                                     !- Hour 1
  0,                                      !- Minute 1
  0;                                      !- Value Until Time 1

OS:Schedule:Rule,
  {3749e660-5a65-4cea-851b-71b0706fe971}, !- Handle
  heating setpoint weekday ruleset1,      !- Name
  {f38e7002-8ce2-4d4c-8a55-0e01391e5252}, !- Schedule Ruleset Name
  1,                                      !- Rule Order
  {01460756-c314-4e77-819b-1c440ef6abea}, !- Day Schedule Name
  ,                                       !- Apply Sunday
  Yes,                                    !- Apply Monday
  Yes,                                    !- Apply Tuesday
  Yes,                                    !- Apply Wednesday
  Yes,                                    !- Apply Thursday
  Yes,                                    !- Apply Friday
  ,                                       !- Apply Saturday
  DateRange,                              !- Date Specification Type
  1,                                      !- Start Month
  1,                                      !- Start Day
  12,                                     !- End Month
  31;                                     !- End Day

OS:Schedule:Day,
  {01460756-c314-4e77-819b-1c440ef6abea}, !- Handle
  heating setpoint weekday1,              !- Name
  {9b4b4c04-aedf-4bd3-baa7-cf758617e0c7}, !- Schedule Type Limits Name
  ,                                       !- Interpolate to Timestep
  1,                                      !- Hour 1
  0,                                      !- Minute 1
  20,                                     !- Value Until Time 1
  10,                                     !- Hour 2
  0,                                      !- Minute 2
  18.3333333333333,                       !- Value Until Time 2
  12,                                     !- Hour 3
  0,                                      !- Minute 3
  20,                                     !- Value Until Time 3
  20,                                     !- Hour 4
  0,                                      !- Minute 4
  18.3333333333333,                       !- Value Until Time 4
  24,                                     !- Hour 5
  0,                                      !- Minute 5
  20;                                     !- Value Until Time 5

OS:Schedule:Rule,
  {90ae9bf9-b87d-4dca-b05f-2127c8c94bc5}, !- Handle
  heating setpoint weekend ruleset1,      !- Name
  {f38e7002-8ce2-4d4c-8a55-0e01391e5252}, !- Schedule Ruleset Name
  0,                                      !- Rule Order
  {0fde0833-7497-4fc2-ab65-49493c2c3ece}, !- Day Schedule Name
  Yes,                                    !- Apply Sunday
  ,                                       !- Apply Monday
  ,                                       !- Apply Tuesday
  ,                                       !- Apply Wednesday
  ,                                       !- Apply Thursday
  ,                                       !- Apply Friday
  Yes,                                    !- Apply Saturday
  DateRange,                              !- Date Specification Type
  1,                                      !- Start Month
  1,                                      !- Start Day
  12,                                     !- End Month
  31;                                     !- End Day

OS:Schedule:Day,
  {0fde0833-7497-4fc2-ab65-49493c2c3ece}, !- Handle
  heating setpoint weekend1,              !- Name
  {9b4b4c04-aedf-4bd3-baa7-cf758617e0c7}, !- Schedule Type Limits Name
  ,                                       !- Interpolate to Timestep
  1,                                      !- Hour 1
  0,                                      !- Minute 1
  20,                                     !- Value Until Time 1
  10,                                     !- Hour 2
  0,                                      !- Minute 2
  18.3333333333333,                       !- Value Until Time 2
  24,                                     !- Hour 3
  0,                                      !- Minute 3
  20;                                     !- Value Until Time 3

OS:Schedule:Ruleset,
  {8da21ff6-6332-46ac-81a1-121936ddf7f7}, !- Handle
  cooling setpoint,                       !- Name
  {9b4b4c04-aedf-4bd3-baa7-cf758617e0c7}, !- Schedule Type Limits Name
  {fb486b52-cf4b-4d42-b1ab-6087d3b42b57}; !- Default Day Schedule Name

OS:Schedule:Day,
  {fb486b52-cf4b-4d42-b1ab-6087d3b42b57}, !- Handle
  cooling setpoint default day,           !- Name
  {9b4b4c04-aedf-4bd3-baa7-cf758617e0c7}, !- Schedule Type Limits Name
  ,                                       !- Interpolate to Timestep
  24,                                     !- Hour 1
  0,                                      !- Minute 1
  0;                                      !- Value Until Time 1

OS:Schedule:Rule,
  {b2ee3963-d6ad-445d-9a47-a7f8e131813a}, !- Handle
  cooling setpoint allday ruleset1,       !- Name
  {8da21ff6-6332-46ac-81a1-121936ddf7f7}, !- Schedule Ruleset Name
  0,                                      !- Rule Order
  {2be8c6da-7298-40fd-9e38-d4b1c5319584}, !- Day Schedule Name
  Yes,                                    !- Apply Sunday
  Yes,                                    !- Apply Monday
  Yes,                                    !- Apply Tuesday
  Yes,                                    !- Apply Wednesday
  Yes,                                    !- Apply Thursday
  Yes,                                    !- Apply Friday
  Yes,                                    !- Apply Saturday
  DateRange,                              !- Date Specification Type
  1,                                      !- Start Month
  1,                                      !- Start Day
  12,                                     !- End Month
  31;                                     !- End Day

OS:Schedule:Day,
  {2be8c6da-7298-40fd-9e38-d4b1c5319584}, !- Handle
  cooling setpoint allday1,               !- Name
  {9b4b4c04-aedf-4bd3-baa7-cf758617e0c7}, !- Schedule Type Limits Name
  ,                                       !- Interpolate to Timestep
  24,                                     !- Hour 1
  0,                                      !- Minute 1
  24.4444444444444;                       !- Value Until Time 1

OS:ThermostatSetpoint:DualSetpoint,
  {762ebc1e-6f07-403a-8228-ed2c148d016e}, !- Handle
  conditioned space temperature setpoint, !- Name
  {f38e7002-8ce2-4d4c-8a55-0e01391e5252}, !- Heating Setpoint Temperature Schedule Name
  {8da21ff6-6332-46ac-81a1-121936ddf7f7}; !- Cooling Setpoint Temperature Schedule Name

OS:ScheduleTypeLimits,
  {9b4b4c04-aedf-4bd3-baa7-cf758617e0c7}, !- Handle
  Temperature,                            !- Name
  ,                                       !- Lower Limit Value
  ,                                       !- Upper Limit Value
  Continuous,                             !- Numeric Type
  Temperature;                            !- Unit Type

OS:Surface,
  {89f35583-cdef-4654-a3fc-5ee662a24f2a}, !- Handle
  Roof1,                                  !- Name
  RoofCeiling,                            !- Surface Type
  {5dda8457-6cc7-4b96-b3fc-0d97a3de3533}, !- Construction Name
  {bcac1226-0ceb-40d7-a8ad-8ac3ecd06f7f}, !- Space Name
  Outdoors,                               !- Outside Boundary Condition
  ,                                       !- Outside Boundary Condition Object
  SunExposed,                             !- Sun Exposure
  WindExposed,                            !- Wind Exposure
  ,                                       !- View Factor to Ground
  ,                                       !- Number of Vertices
  -6.27991547508278, 6.27991581040828, 3.048, !- X,Y,Z Vertex 1 {m}
  -6.27991581040828, -6.27991547508278, 3.048, !- X,Y,Z Vertex 2 {m}
  6.27991547508278, -6.27991581040828, 3.048, !- X,Y,Z Vertex 3 {m}
  6.27991581040828, 6.27991547508278, 3.048; !- X,Y,Z Vertex 4 {m}

OS:AdditionalProperties,
  {c8ca2136-bac3-4f19-939a-e169ed0ab134}, !- Handle
  {89f35583-cdef-4654-a3fc-5ee662a24f2a}, !- Object Name
  Length,                                 !- Feature Name 1
  Double,                                 !- Feature Data Type 1
  41.206795556073025,                     !- Feature Value 1
  Width,                                  !- Feature Name 2
  Double,                                 !- Feature Data Type 2
  41.206795556073033,                     !- Feature Value 2
  Azimuth,                                !- Feature Name 3
  Integer,                                !- Feature Data Type 3
  0,                                      !- Feature Value 3
  Tilt,                                   !- Feature Name 4
  Double,                                 !- Feature Data Type 4
  0,                                      !- Feature Value 4
  SurfaceType,                            !- Feature Name 5
  String,                                 !- Feature Data Type 5
  Roof;                                   !- Feature Value 5

OS:Material,
  {8e33941b-475a-48a4-94e7-bfb56f0bbdfc}, !- Handle
  metal surfacing,                        !- Name
  Rough,                                  !- Roughness
  0.000508,                               !- Thickness {m}
  50.040325,                              !- Conductivity {W/m-K}
  7801.74,                                !- Density {kg/m3}
  460.57,                                 !- Specific Heat {J/kg-K}
  0.9,                                    !- Thermal Absorptance
  0.9,                                    !- Solar Absorptance
  0.9;                                    !- Visible Absorptance

OS:Material,
  {01455615-93f0-4521-bd63-377d61a6f0c8}, !- Handle
  roof rigid ins,                         !- Name
  Rough,                                  !- Roughness
  0.103632,                               !- Thickness {m}
  0.029427,                               !- Conductivity {W/m-K}
  32.04,                                  !- Density {kg/m3}
  1214.23,                                !- Specific Heat {J/kg-K}
  0.9,                                    !- Thermal Absorptance
  0.7,                                    !- Solar Absorptance
  0.7;                                    !- Visible Absorptance

OS:Material,
  {d6904046-e093-458e-a6ac-d595409ac2ec}, !- Handle
  osb sheathing 0.75 in.,                 !- Name
  Rough,                                  !- Roughness
  0.01905,                                !- Thickness {m}
  0.1154577,                              !- Conductivity {W/m-K}
  512.64,                                 !- Density {kg/m3}
  1214.23,                                !- Specific Heat {J/kg-K}
  0.9,                                    !- Thermal Absorptance
  0.7,                                    !- Solar Absorptance
  0.7;                                    !- Visible Absorptance

OS:Material,
  {f1807c2a-c78b-4b78-9208-6b66bbd1dfcb}, !- Handle
  roof stud and cavity,                   !- Name
  Rough,                                  !- Roughness
  0.2032,                                 !- Thickness {m}
  0.156986579018813,                      !- Conductivity {W/m-K}
  78.34581,                               !- Density {kg/m3}
  1123.46101114405,                       !- Specific Heat {J/kg-K}
  0.9,                                    !- Thermal Absorptance
  0.7,                                    !- Solar Absorptance
  0.7;                                    !- Visible Absorptance

OS:Material,
  {657883b0-2384-4b2d-8c93-9cc4b6d2f08e}, !- Handle
  gypsum board,                           !- Name
  Rough,                                  !- Roughness
  0.0127,                                 !- Thickness {m}
  0.1602906,                              !- Conductivity {W/m-K}
  801,                                    !- Density {kg/m3}
  837.4,                                  !- Specific Heat {J/kg-K}
  0.9,                                    !- Thermal Absorptance
  0.6,                                    !- Solar Absorptance
  0.6;                                    !- Visible Absorptance

OS:Construction,
  {5dda8457-6cc7-4b96-b3fc-0d97a3de3533}, !- Handle
  Roof1 construction,                     !- Name
  ,                                       !- Surface Rendering Name
  {8e33941b-475a-48a4-94e7-bfb56f0bbdfc}, !- Layer 1
  {01455615-93f0-4521-bd63-377d61a6f0c8}, !- Layer 2
  {d6904046-e093-458e-a6ac-d595409ac2ec}, !- Layer 3
  {f1807c2a-c78b-4b78-9208-6b66bbd1dfcb}, !- Layer 4
  {657883b0-2384-4b2d-8c93-9cc4b6d2f08e}; !- Layer 5

OS:Surface,
  {f00f9d23-80c4-433f-8f2e-879aa701b0ab}, !- Handle
  Wall1,                                  !- Name
  Wall,                                   !- Surface Type
  {821f58b8-3e5d-4563-9f7a-0bb22595f11f}, !- Construction Name
  {bcac1226-0ceb-40d7-a8ad-8ac3ecd06f7f}, !- Space Name
  Outdoors,                               !- Outside Boundary Condition
  ,                                       !- Outside Boundary Condition Object
  SunExposed,                             !- Sun Exposure
  WindExposed,                            !- Wind Exposure
  ,                                       !- View Factor to Ground
  ,                                       !- Number of Vertices
  -9.00336275944133, 11.0133667137328, 0.6096, !- X,Y,Z Vertex 1 {m}
  -9.00336275944133, 11.0133667137328, 3.048, !- X,Y,Z Vertex 2 {m}
  5.82515724055867, 11.0133667137328, 3.048, !- X,Y,Z Vertex 3 {m}
  5.82515724055867, 11.0133667137328, 0.6096; !- X,Y,Z Vertex 4 {m}

OS:AdditionalProperties,
  {c2832a17-d6c6-4784-b85e-38ecc7339ce7}, !- Handle
  {f00f9d23-80c4-433f-8f2e-879aa701b0ab}, !- Object Name
  Length,                                 !- Feature Name 1
  Double,                                 !- Feature Data Type 1
  48.649999999999999,                     !- Feature Value 1
  Azimuth,                                !- Feature Name 2
  Integer,                                !- Feature Data Type 2
  0,                                      !- Feature Value 2
  Tilt,                                   !- Feature Name 3
  Double,                                 !- Feature Data Type 3
  90,                                     !- Feature Value 3
  SurfaceType,                            !- Feature Name 4
  String,                                 !- Feature Data Type 4
  Wall;                                   !- Feature Value 4

OS:Material,
  {df09d926-b1a1-43bd-a20f-262e94c3259a}, !- Handle
  stucco,                                 !- Name
  Rough,                                  !- Roughness
  0.0254,                                 !- Thickness {m}
  0.649125,                               !- Conductivity {W/m-K}
  1281.6,                                 !- Density {kg/m3}
  879.27,                                 !- Specific Heat {J/kg-K}
  0.9,                                    !- Thermal Absorptance
  0.5,                                    !- Solar Absorptance
  0.5;                                    !- Visible Absorptance

OS:Material,
  {92280b67-4e40-42c3-a1b5-7ee32156b449}, !- Handle
  osb sheathing 0.5 in.,                  !- Name
  Rough,                                  !- Roughness
  0.0127,                                 !- Thickness {m}
  0.1154577,                              !- Conductivity {W/m-K}
  512.64,                                 !- Density {kg/m3}
  1214.23,                                !- Specific Heat {J/kg-K}
  0.9,                                    !- Thermal Absorptance
  0.7,                                    !- Solar Absorptance
  0.7;                                    !- Visible Absorptance

OS:Material,
  {d9fb479b-6d37-4178-9469-e6b28adb91a3}, !- Handle
  wall stud and cavity,                   !- Name
  Rough,                                  !- Roughness
  0.1397,                                 !- Thickness {m}
  0.0952874108182963,                     !- Conductivity {W/m-K}
  139.0536,                               !- Density {kg/m3}
  1170.23755760369,                       !- Specific Heat {J/kg-K}
  0.9,                                    !- Thermal Absorptance
  0.7,                                    !- Solar Absorptance
  0.7;                                    !- Visible Absorptance

OS:Construction,
  {821f58b8-3e5d-4563-9f7a-0bb22595f11f}, !- Handle
  Wall1 construction,                     !- Name
  ,                                       !- Surface Rendering Name
  {df09d926-b1a1-43bd-a20f-262e94c3259a}, !- Layer 1
  {92280b67-4e40-42c3-a1b5-7ee32156b449}, !- Layer 2
  {d9fb479b-6d37-4178-9469-e6b28adb91a3}, !- Layer 3
  {657883b0-2384-4b2d-8c93-9cc4b6d2f08e}; !- Layer 4

OS:Surface,
  {9d17af11-7edc-4909-9b2d-e4d9323558a9}, !- Handle
  Wall2,                                  !- Name
  Wall,                                   !- Surface Type
  {e0a3235f-adb3-49ed-ab06-badcfc288766}, !- Construction Name
  {bcac1226-0ceb-40d7-a8ad-8ac3ecd06f7f}, !- Space Name
  Outdoors,                               !- Outside Boundary Condition
  ,                                       !- Outside Boundary Condition Object
  SunExposed,                             !- Sun Exposure
  WindExposed,                            !- Wind Exposure
  ,                                       !- View Factor to Ground
  ,                                       !- Number of Vertices
  11.0133667725572, 0.650550625758378, 0.6096, !- X,Y,Z Vertex 1 {m}
  11.0133667725572, 0.650550625758378, 3.048, !- X,Y,Z Vertex 2 {m}
  11.0133668825168, -7.58666937424162, 3.048, !- X,Y,Z Vertex 3 {m}
  11.0133668825168, -7.58666937424162, 0.6096; !- X,Y,Z Vertex 4 {m}

OS:AdditionalProperties,
  {f1ae0c3a-a2c7-4cf8-9828-7336e8d91dff}, !- Handle
  {9d17af11-7edc-4909-9b2d-e4d9323558a9}, !- Object Name
  Length,                                 !- Feature Name 1
  Double,                                 !- Feature Data Type 1
  27.024999999999999,                     !- Feature Value 1
  Azimuth,                                !- Feature Name 2
  Integer,                                !- Feature Data Type 2
  90,                                     !- Feature Value 2
  Tilt,                                   !- Feature Name 3
  Double,                                 !- Feature Data Type 3
  90,                                     !- Feature Value 3
  SurfaceType,                            !- Feature Name 4
  String,                                 !- Feature Data Type 4
  Wall;                                   !- Feature Value 4

OS:Construction,
  {e0a3235f-adb3-49ed-ab06-badcfc288766}, !- Handle
  Wall2 construction,                     !- Name
  ,                                       !- Surface Rendering Name
  {df09d926-b1a1-43bd-a20f-262e94c3259a}, !- Layer 1
  {92280b67-4e40-42c3-a1b5-7ee32156b449}, !- Layer 2
  {d9fb479b-6d37-4178-9469-e6b28adb91a3}, !- Layer 3
  {657883b0-2384-4b2d-8c93-9cc4b6d2f08e}; !- Layer 4

OS:Surface,
  {259936b0-4d4b-4851-b26c-b55cfe140a40}, !- Handle
  Wall3,                                  !- Name
  Wall,                                   !- Surface Type
  {021e10aa-deeb-4913-a608-4c3240390e5c}, !- Construction Name
  {bcac1226-0ceb-40d7-a8ad-8ac3ecd06f7f}, !- Space Name
  Outdoors,                               !- Outside Boundary Condition
  ,                                       !- Outside Boundary Condition Object
  SunExposed,                             !- Sun Exposure
  WindExposed,                            !- Wind Exposure
  ,                                       !- View Factor to Ground
  ,                                       !- Number of Vertices
  10.0843364819647, -11.0133664249826, 0.6096, !- X,Y,Z Vertex 1 {m}
  10.0843364819647, -11.0133664249826, 3.048, !- X,Y,Z Vertex 2 {m}
  -3.9821835180353, -11.013366800534, 3.048, !- X,Y,Z Vertex 3 {m}
  -3.9821835180353, -11.013366800534, 0.6096; !- X,Y,Z Vertex 4 {m}

OS:AdditionalProperties,
  {e105b420-c9f6-4aaa-ae96-b998d57e677d}, !- Handle
  {259936b0-4d4b-4851-b26c-b55cfe140a40}, !- Object Name
  Length,                                 !- Feature Name 1
  Double,                                 !- Feature Data Type 1
  46.149999999999999,                     !- Feature Value 1
  Azimuth,                                !- Feature Name 2
  Integer,                                !- Feature Data Type 2
  180,                                    !- Feature Value 2
  Tilt,                                   !- Feature Name 3
  Double,                                 !- Feature Data Type 3
  90,                                     !- Feature Value 3
  SurfaceType,                            !- Feature Name 4
  String,                                 !- Feature Data Type 4
  Wall;                                   !- Feature Value 4

OS:Construction,
  {021e10aa-deeb-4913-a608-4c3240390e5c}, !- Handle
  Wall3 construction,                     !- Name
  ,                                       !- Surface Rendering Name
  {df09d926-b1a1-43bd-a20f-262e94c3259a}, !- Layer 1
  {92280b67-4e40-42c3-a1b5-7ee32156b449}, !- Layer 2
  {d9fb479b-6d37-4178-9469-e6b28adb91a3}, !- Layer 3
  {657883b0-2384-4b2d-8c93-9cc4b6d2f08e}; !- Layer 4

OS:Surface,
  {fb0ab708-ecda-4873-8027-a7b6f9413cc9}, !- Handle
  Wall4,                                  !- Name
  Wall,                                   !- Surface Type
  {d8f3aec1-fc7c-4572-917b-24c571c4c4c1}, !- Construction Name
  {bcac1226-0ceb-40d7-a8ad-8ac3ecd06f7f}, !- Space Name
  Outdoors,                               !- Outside Boundary Condition
  ,                                       !- Outside Boundary Condition Object
  SunExposed,                             !- Sun Exposure
  WindExposed,                            !- Wind Exposure
  ,                                       !- View Factor to Ground
  ,                                       !- Number of Vertices
  -11.0133667551886, -0.650550919795992, 0.6096, !- X,Y,Z Vertex 1 {m}
  -11.0133667551886, -0.650550919795992, 3.048, !- X,Y,Z Vertex 2 {m}
  -11.0133670850676, 7.58666908020401, 3.048, !- X,Y,Z Vertex 3 {m}
  -11.0133670850676, 7.58666908020401, 0.6096; !- X,Y,Z Vertex 4 {m}

OS:AdditionalProperties,
  {e615f36b-b6b1-4f69-b490-0969b0a2cce6}, !- Handle
  {fb0ab708-ecda-4873-8027-a7b6f9413cc9}, !- Object Name
  Length,                                 !- Feature Name 1
  Double,                                 !- Feature Data Type 1
  27.024999999999999,                     !- Feature Value 1
  Azimuth,                                !- Feature Name 2
  Integer,                                !- Feature Data Type 2
  270,                                    !- Feature Value 2
  Tilt,                                   !- Feature Name 3
  Double,                                 !- Feature Data Type 3
  90,                                     !- Feature Value 3
  SurfaceType,                            !- Feature Name 4
  String,                                 !- Feature Data Type 4
  Wall;                                   !- Feature Value 4

OS:Construction,
  {d8f3aec1-fc7c-4572-917b-24c571c4c4c1}, !- Handle
  Wall4 construction,                     !- Name
  ,                                       !- Surface Rendering Name
  {df09d926-b1a1-43bd-a20f-262e94c3259a}, !- Layer 1
  {92280b67-4e40-42c3-a1b5-7ee32156b449}, !- Layer 2
  {d9fb479b-6d37-4178-9469-e6b28adb91a3}, !- Layer 3
  {657883b0-2384-4b2d-8c93-9cc4b6d2f08e}; !- Layer 4

OS:Surface,
  {08afbd36-a677-41ba-af66-7b99ec3ef578}, !- Handle
  Floor1,                                 !- Name
  Floor,                                  !- Surface Type
  {6ecc8783-9792-49ba-aa67-a87dd7e584df}, !- Construction Name
  {bcac1226-0ceb-40d7-a8ad-8ac3ecd06f7f}, !- Space Name
  Outdoors,                               !- Outside Boundary Condition
  ,                                       !- Outside Boundary Condition Object
  NoSun,                                  !- Sun Exposure
  WindExposed,                            !- Wind Exposure
  ,                                       !- View Factor to Ground
  ,                                       !- Number of Vertices
  -6.27991564274553, -6.27991564274553, 0.6096, !- X,Y,Z Vertex 1 {m}
  -6.27991564274553, 6.27991564274553, 0.6096, !- X,Y,Z Vertex 2 {m}
  6.27991564274553, 6.27991564274553, 0.6096, !- X,Y,Z Vertex 3 {m}
  6.27991564274553, -6.27991564274553, 0.6096; !- X,Y,Z Vertex 4 {m}

OS:AdditionalProperties,
  {c389c465-123b-4e97-aa58-df35ac42804b}, !- Handle
  {08afbd36-a677-41ba-af66-7b99ec3ef578}, !- Object Name
  SurfaceType,                            !- Feature Name 1
  String,                                 !- Feature Data Type 1
  Floor,                                  !- Feature Value 1
  Tilt,                                   !- Feature Name 2
  Double,                                 !- Feature Data Type 2
  0;                                      !- Feature Value 2

OS:Material,
  {f363aa97-717d-40cf-836b-c8e8ea7d3a54}, !- Handle
  floor stud and cavity,                  !- Name
  Rough,                                  !- Roughness
  0.1397,                                 !- Thickness {m}
  0.501511245075452,                      !- Conductivity {W/m-K}
  92.3553,                                !- Density {kg/m3}
  1139.71374674761,                       !- Specific Heat {J/kg-K}
  0.9,                                    !- Thermal Absorptance
  0.7,                                    !- Solar Absorptance
  0.7;                                    !- Visible Absorptance

OS:Material,
  {6b106ab1-697b-4d9a-a212-f06a37cd592b}, !- Handle
  floor covering,                         !- Name
  Rough,                                  !- Roughness
  0.0127,                                 !- Thickness {m}
  0.0433443509615385,                     !- Conductivity {W/m-K}
  54.468,                                 !- Density {kg/m3}
  1339.84,                                !- Specific Heat {J/kg-K}
  0.9,                                    !- Thermal Absorptance
  0.6,                                    !- Solar Absorptance
  0.6;                                    !- Visible Absorptance

OS:Construction,
  {6ecc8783-9792-49ba-aa67-a87dd7e584df}, !- Handle
  Floor1 construction,                    !- Name
  ,                                       !- Surface Rendering Name
  {f363aa97-717d-40cf-836b-c8e8ea7d3a54}, !- Layer 1
  {d6904046-e093-458e-a6ac-d595409ac2ec}, !- Layer 2
  {6b106ab1-697b-4d9a-a212-f06a37cd592b}; !- Layer 3

OS:Surface,
  {dbb2e443-8bd1-40ba-bcd4-0d5fcc63544d}, !- Handle
  surface Window1,                        !- Name
  Wall,                                   !- Surface Type
  {6d6fb091-691e-4d9f-bf34-89849b90b369}, !- Construction Name
  {bcac1226-0ceb-40d7-a8ad-8ac3ecd06f7f}, !- Space Name
  Outdoors,                               !- Outside Boundary Condition
  ,                                       !- Outside Boundary Condition Object
  SunExposed,                             !- Sun Exposure
  WindExposed,                            !- Wind Exposure
  ,                                       !- View Factor to Ground
  ,                                       !- Number of Vertices
  6.75372624478106, 11.0133668535365, 0.609138604222388, !- X,Y,Z Vertex 1 {m}
  6.75372624478106, 11.0133668535365, 1.76830139577761, !- X,Y,Z Vertex 2 {m}
  11.0138279837047, 11.0133668535365, 1.76830139577761, !- X,Y,Z Vertex 3 {m}
  11.0138279837047, 11.0133668535365, 0.609138604222388; !- X,Y,Z Vertex 4 {m}

OS:AdditionalProperties,
  {ef61e277-2c99-4996-aab0-abe77bee1a0a}, !- Handle
  {dbb2e443-8bd1-40ba-bcd4-0d5fcc63544d}, !- Object Name
  Length,                                 !- Feature Name 1
  Double,                                 !- Feature Data Type 1
  13.973684210526317,                     !- Feature Value 1
  Azimuth,                                !- Feature Name 2
  Integer,                                !- Feature Data Type 2
  0,                                      !- Feature Value 2
  Tilt,                                   !- Feature Name 3
  Double,                                 !- Feature Data Type 3
  90,                                     !- Feature Value 3
  SurfaceType,                            !- Feature Name 4
  String,                                 !- Feature Data Type 4
  Window;                                 !- Feature Value 4

OS:SubSurface,
  {c237ba4c-ccca-488e-a4bf-0b880f7d0dc3}, !- Handle
  Window1,                                !- Name
  FixedWindow,                            !- Sub Surface Type
  {a68d750e-7266-4e09-9240-5bb47c400ec1}, !- Construction Name
  {dbb2e443-8bd1-40ba-bcd4-0d5fcc63544d}, !- Surface Name
  ,                                       !- Outside Boundary Condition Object
  ,                                       !- View Factor to Ground
  ,                                       !- Frame and Divider Name
  ,                                       !- Multiplier
  ,                                       !- Number of Vertices
  6.75418764055867, 11.0133668535365, 0.6096, !- X,Y,Z Vertex 1 {m}
  6.75418764055867, 11.0133668535365, 1.76784, !- X,Y,Z Vertex 2 {m}
  11.0133665879271, 11.0133668535365, 1.76784, !- X,Y,Z Vertex 3 {m}
  11.0133665879271, 11.0133668535365, 0.6096; !- X,Y,Z Vertex 4 {m}

OS:ShadingSurfaceGroup,
  {c64404ec-3f49-4095-bffb-4b055ca66809}, !- Handle
  Window1 Shading Surfaces,               !- Name
  Space,                                  !- Shading Surface Type
  {bcac1226-0ceb-40d7-a8ad-8ac3ecd06f7f}, !- Space Name
  ,                                       !- Direction of Relative North {deg}
  ,                                       !- X Origin {m}
  ,                                       !- Y Origin {m}
  ,                                       !- Z Origin {m}
  {c237ba4c-ccca-488e-a4bf-0b880f7d0dc3}; !- Shaded Object Name

OS:ShadingSurface,
  {a9039d54-8453-4712-9d35-53ccfea21ad3}, !- Handle
  Window1 overhangs,                      !- Name
  ,                                       !- Construction Name
  {c64404ec-3f49-4095-bffb-4b055ca66809}, !- Shading Surface Group Name
  ,                                       !- Transmittance Schedule Name
  ,                                       !- Number of Vertices
  6.44938764055867, 11.0133668535365, 2.07264, !- X,Y,Z Vertex 1 {m}
  11.3181665879271, 11.0133668535365, 2.07264, !- X,Y,Z Vertex 2 {m}
  11.3181665879271, 11.6229668535365, 2.07264, !- X,Y,Z Vertex 3 {m}
  6.44938764055867, 11.6229668535365, 2.07264; !- X,Y,Z Vertex 4 {m}

OS:WindowMaterial:SimpleGlazingSystem,
  {8a191737-eea0-4c13-b5b0-46fa553c5521}, !- Handle
  WindowMaterial,                         !- Name
  6.58648,                                !- U-Factor {W/m2-K}
  0.76;                                   !- Solar Heat Gain Coefficient

OS:Construction,
  {a68d750e-7266-4e09-9240-5bb47c400ec1}, !- Handle
  WindowConstruction,                     !- Name
  ,                                       !- Surface Rendering Name
  {8a191737-eea0-4c13-b5b0-46fa553c5521}; !- Layer 1

OS:Schedule:Ruleset,
  {2c8236c5-2608-428f-a5b6-2a6513178543}, !- Handle
  trans schedule winter=0.85 summer=0.7,  !- Name
  {e9f7efbc-d364-4380-9490-033e5408327a}, !- Schedule Type Limits Name
  {1930ff4b-c9dd-45cf-978b-e6dfe8558195}; !- Default Day Schedule Name

OS:Schedule:Day,
  {1930ff4b-c9dd-45cf-978b-e6dfe8558195}, !- Handle
  trans schedule winter=0.85 summer=0.7 default day, !- Name
  {e9f7efbc-d364-4380-9490-033e5408327a}, !- Schedule Type Limits Name
  ,                                       !- Interpolate to Timestep
  24,                                     !- Hour 1
  0,                                      !- Minute 1
  0;                                      !- Value Until Time 1

OS:Schedule:Rule,
  {89c6b1b8-ff20-442a-b7bf-439ec71b52f2}, !- Handle
  trans schedule winter=0.85 summer=0.7 allday ruleset1, !- Name
  {2c8236c5-2608-428f-a5b6-2a6513178543}, !- Schedule Ruleset Name
  2,                                      !- Rule Order
  {b8faa074-182f-4ec6-b416-e90e389449f0}, !- Day Schedule Name
  Yes,                                    !- Apply Sunday
  Yes,                                    !- Apply Monday
  Yes,                                    !- Apply Tuesday
  Yes,                                    !- Apply Wednesday
  Yes,                                    !- Apply Thursday
  Yes,                                    !- Apply Friday
  Yes,                                    !- Apply Saturday
  DateRange,                              !- Date Specification Type
  1,                                      !- Start Month
  1,                                      !- Start Day
  2,                                      !- End Month
  28;                                     !- End Day

OS:Schedule:Day,
  {b8faa074-182f-4ec6-b416-e90e389449f0}, !- Handle
  trans schedule winter=0.85 summer=0.7 allday1, !- Name
  {e9f7efbc-d364-4380-9490-033e5408327a}, !- Schedule Type Limits Name
  ,                                       !- Interpolate to Timestep
  24,                                     !- Hour 1
  0,                                      !- Minute 1
  0.85;                                   !- Value Until Time 1

OS:Schedule:Rule,
  {c1594ec5-0062-4392-a793-9136a63eeb95}, !- Handle
  trans schedule winter=0.85 summer=0.7 allday ruleset60, !- Name
  {2c8236c5-2608-428f-a5b6-2a6513178543}, !- Schedule Ruleset Name
  1,                                      !- Rule Order
  {41edc269-b8dd-491a-9df0-67ffc9855ed9}, !- Day Schedule Name
  Yes,                                    !- Apply Sunday
  Yes,                                    !- Apply Monday
  Yes,                                    !- Apply Tuesday
  Yes,                                    !- Apply Wednesday
  Yes,                                    !- Apply Thursday
  Yes,                                    !- Apply Friday
  Yes,                                    !- Apply Saturday
  DateRange,                              !- Date Specification Type
  3,                                      !- Start Month
  1,                                      !- Start Day
  11,                                     !- End Month
  30;                                     !- End Day

OS:Schedule:Day,
  {41edc269-b8dd-491a-9df0-67ffc9855ed9}, !- Handle
  trans schedule winter=0.85 summer=0.7 allday60, !- Name
  {e9f7efbc-d364-4380-9490-033e5408327a}, !- Schedule Type Limits Name
  ,                                       !- Interpolate to Timestep
  24,                                     !- Hour 1
  0,                                      !- Minute 1
  0.7;                                    !- Value Until Time 1

OS:Schedule:Rule,
  {cf3f1771-d848-4317-a03b-bd84a3b72f9c}, !- Handle
  trans schedule winter=0.85 summer=0.7 allday ruleset335, !- Name
  {2c8236c5-2608-428f-a5b6-2a6513178543}, !- Schedule Ruleset Name
  0,                                      !- Rule Order
  {43a6dd31-4b5f-4fe1-b1b1-d3e9df801692}, !- Day Schedule Name
  Yes,                                    !- Apply Sunday
  Yes,                                    !- Apply Monday
  Yes,                                    !- Apply Tuesday
  Yes,                                    !- Apply Wednesday
  Yes,                                    !- Apply Thursday
  Yes,                                    !- Apply Friday
  Yes,                                    !- Apply Saturday
  DateRange,                              !- Date Specification Type
  12,                                     !- Start Month
  1,                                      !- Start Day
  12,                                     !- End Month
  31;                                     !- End Day

OS:Schedule:Day,
  {43a6dd31-4b5f-4fe1-b1b1-d3e9df801692}, !- Handle
  trans schedule winter=0.85 summer=0.7 allday335, !- Name
  {e9f7efbc-d364-4380-9490-033e5408327a}, !- Schedule Type Limits Name
  ,                                       !- Interpolate to Timestep
  24,                                     !- Hour 1
  0,                                      !- Minute 1
  0.85;                                   !- Value Until Time 1

OS:ScheduleTypeLimits,
  {e9f7efbc-d364-4380-9490-033e5408327a}, !- Handle
  Fractional,                             !- Name
  0,                                      !- Lower Limit Value
  1,                                      !- Upper Limit Value
  Continuous;                             !- Numeric Type

OS:SurfaceProperty:IncidentSolarMultiplier,
  {cf471750-7d53-4175-98e5-994b9c6307df}, !- Handle
  {c237ba4c-ccca-488e-a4bf-0b880f7d0dc3}, !- Surface Name
  1,                                      !- Incident Solar Multiplier {dimensionless}
  {2c8236c5-2608-428f-a5b6-2a6513178543}; !- Incident Solar Multiplier Schedule Name

OS:Surface,
  {977e2c48-ebca-4199-8bdf-e51b2c593731}, !- Handle
  surface Window2,                        !- Name
  Wall,                                   !- Surface Type
  {6d6fb091-691e-4d9f-bf34-89849b90b369}, !- Construction Name
  {bcac1226-0ceb-40d7-a8ad-8ac3ecd06f7f}, !- Space Name
  Outdoors,                               !- Outside Boundary Condition
  ,                                       !- Outside Boundary Condition Object
  SunExposed,                             !- Sun Exposure
  WindExposed,                            !- Wind Exposure
  ,                                       !- View Factor to Ground
  ,                                       !- Number of Vertices
  11.0133669789617, -8.5150046224745, 0.608904848232878, !- X,Y,Z Vertex 1 {m}
  11.0133669789617, -8.5150046224745, 1.70757515176712, !- X,Y,Z Vertex 2 {m}
  11.0133670123219, -11.0140615926754, 1.70757515176712, !- X,Y,Z Vertex 3 {m}
  11.0133670123219, -11.0140615926754, 0.608904848232878; !- X,Y,Z Vertex 4 {m}

OS:AdditionalProperties,
  {cf269bfc-38e2-4db5-8432-b8a5cc210460}, !- Handle
  {977e2c48-ebca-4199-8bdf-e51b2c593731}, !- Object Name
  Length,                                 !- Feature Name 1
  Double,                                 !- Feature Data Type 1
  8.1944444444444446,                     !- Feature Value 1
  Azimuth,                                !- Feature Name 2
  Integer,                                !- Feature Data Type 2
  90,                                     !- Feature Value 2
  Tilt,                                   !- Feature Name 3
  Double,                                 !- Feature Data Type 3
  90,                                     !- Feature Value 3
  SurfaceType,                            !- Feature Name 4
  String,                                 !- Feature Data Type 4
  Window;                                 !- Feature Value 4

OS:SubSurface,
  {683d3698-4c55-4766-8a8a-f8ccac46a8ae}, !- Handle
  Window2,                                !- Name
  FixedWindow,                            !- Sub Surface Type
  {0e55d434-5dd4-41a0-bf4f-26365b4e96f0}, !- Construction Name
  {977e2c48-ebca-4199-8bdf-e51b2c593731}, !- Surface Name
  ,                                       !- Outside Boundary Condition Object
  ,                                       !- View Factor to Ground
  ,                                       !- Frame and Divider Name
  ,                                       !- Multiplier
  ,                                       !- Number of Vertices
  11.013366978971, -8.51569977424163, 0.6096, !- X,Y,Z Vertex 1 {m}
  11.013366978971, -8.51569977424163, 1.70688, !- X,Y,Z Vertex 2 {m}
  11.0133670123126, -11.0133664409083, 1.70688, !- X,Y,Z Vertex 3 {m}
  11.0133670123126, -11.0133664409083, 0.6096; !- X,Y,Z Vertex 4 {m}

OS:ShadingSurfaceGroup,
  {005c3e69-6a91-4bf8-92bf-8303b591593e}, !- Handle
  Window2 Shading Surfaces,               !- Name
  Space,                                  !- Shading Surface Type
  {bcac1226-0ceb-40d7-a8ad-8ac3ecd06f7f}, !- Space Name
  ,                                       !- Direction of Relative North {deg}
  ,                                       !- X Origin {m}
  ,                                       !- Y Origin {m}
  ,                                       !- Z Origin {m}
  {683d3698-4c55-4766-8a8a-f8ccac46a8ae}; !- Shaded Object Name

OS:ShadingSurface,
  {23b8abd9-cb5c-40d4-a00a-03cbcb05b875}, !- Handle
  Window2 overhangs,                      !- Name
  ,                                       !- Construction Name
  {005c3e69-6a91-4bf8-92bf-8303b591593e}, !- Shading Surface Group Name
  ,                                       !- Transmittance Schedule Name
  ,                                       !- Number of Vertices
  11.0133669749021, -8.21089977424162, 2.01168, !- X,Y,Z Vertex 1 {m}
  11.0133670163814, -11.3181664409083, 2.01168, !- X,Y,Z Vertex 2 {m}
  11.6229670163814, -11.3181664327707, 2.01168, !- X,Y,Z Vertex 3 {m}
  11.6229669749021, -8.21089976610399, 2.01168; !- X,Y,Z Vertex 4 {m}

OS:Construction,
  {0e55d434-5dd4-41a0-bf4f-26365b4e96f0}, !- Handle
  WindowConstruction 1,                   !- Name
  ,                                       !- Surface Rendering Name
  {8a191737-eea0-4c13-b5b0-46fa553c5521}; !- Layer 1

OS:SurfaceProperty:IncidentSolarMultiplier,
  {838ad887-3912-43e7-abb4-21d31f5406ad}, !- Handle
  {683d3698-4c55-4766-8a8a-f8ccac46a8ae}, !- Surface Name
  1,                                      !- Incident Solar Multiplier {dimensionless}
  {2c8236c5-2608-428f-a5b6-2a6513178543}; !- Incident Solar Multiplier Schedule Name

OS:Surface,
  {db4a1f50-9124-4589-b2f1-81de4c816ea5}, !- Handle
  surface Window3,                        !- Name
  Wall,                                   !- Surface Type
  {6d6fb091-691e-4d9f-bf34-89849b90b369}, !- Construction Name
  {bcac1226-0ceb-40d7-a8ad-8ac3ecd06f7f}, !- Space Name
  Outdoors,                               !- Outside Boundary Condition
  ,                                       !- Outside Boundary Condition Object
  SunExposed,                             !- Sun Exposure
  WindExposed,                            !- Wind Exposure
  ,                                       !- View Factor to Ground
  ,                                       !- Number of Vertices
  -4.91075252225769, -11.013366960043, 0.609138604222388, !- X,Y,Z Vertex 1 {m}
  -4.91075252225769, -11.013366960043, 1.76830139577761, !- X,Y,Z Vertex 2 {m}
  -9.17085426118133, -11.0133670737802, 1.76830139577761, !- X,Y,Z Vertex 3 {m}
  -9.17085426118133, -11.0133670737802, 0.609138604222388; !- X,Y,Z Vertex 4 {m}

OS:AdditionalProperties,
  {78d1d8cc-ea4f-44f7-b8b5-452642d50407}, !- Handle
  {db4a1f50-9124-4589-b2f1-81de4c816ea5}, !- Object Name
  Length,                                 !- Feature Name 1
  Double,                                 !- Feature Data Type 1
  13.973684210526317,                     !- Feature Value 1
  Azimuth,                                !- Feature Name 2
  Integer,                                !- Feature Data Type 2
  180,                                    !- Feature Value 2
  Tilt,                                   !- Feature Name 3
  Double,                                 !- Feature Data Type 3
  90,                                     !- Feature Value 3
  SurfaceType,                            !- Feature Name 4
  String,                                 !- Feature Data Type 4
  Window;                                 !- Feature Value 4

OS:SubSurface,
  {a74720c6-8242-4b56-a4b5-22f4bada36b5}, !- Handle
  Window3,                                !- Name
  FixedWindow,                            !- Sub Surface Type
  {994fcd96-11fb-49fd-abc0-53758c129f3d}, !- Construction Name
  {db4a1f50-9124-4589-b2f1-81de4c816ea5}, !- Surface Name
  ,                                       !- Outside Boundary Condition Object
  ,                                       !- View Factor to Ground
  ,                                       !- Frame and Divider Name
  ,                                       !- Multiplier
  ,                                       !- Number of Vertices
  -4.9112139180353, -11.0133669600553, 0.6096, !- X,Y,Z Vertex 1 {m}
  -4.9112139180353, -11.0133669600553, 1.76784, !- X,Y,Z Vertex 2 {m}
  -9.17039286540372, -11.0133670737679, 1.76784, !- X,Y,Z Vertex 3 {m}
  -9.17039286540372, -11.0133670737679, 0.6096; !- X,Y,Z Vertex 4 {m}

OS:ShadingSurfaceGroup,
  {45fd0816-53bd-40f7-9274-d38729c9750e}, !- Handle
  Window3 Shading Surfaces,               !- Name
  Space,                                  !- Shading Surface Type
  {bcac1226-0ceb-40d7-a8ad-8ac3ecd06f7f}, !- Space Name
  ,                                       !- Direction of Relative North {deg}
  ,                                       !- X Origin {m}
  ,                                       !- Y Origin {m}
  ,                                       !- Z Origin {m}
  {a74720c6-8242-4b56-a4b5-22f4bada36b5}; !- Shaded Object Name

OS:ShadingSurface,
  {4bd5c8c5-b307-4bbf-8fbc-8f90829b270e}, !- Handle
  Window3 overhangs,                      !- Name
  ,                                       !- Construction Name
  {45fd0816-53bd-40f7-9274-d38729c9750e}, !- Shading Surface Group Name
  ,                                       !- Transmittance Schedule Name
  ,                                       !- Number of Vertices
  -4.6064139180353, -11.0133669519177, 2.07264, !- X,Y,Z Vertex 1 {m}
  -9.47519286540372, -11.0133670819055, 2.07264, !- X,Y,Z Vertex 2 {m}
  -9.47519284912847, -11.6229670819055, 2.07264, !- X,Y,Z Vertex 3 {m}
  -4.60641390176005, -11.6229669519177, 2.07264; !- X,Y,Z Vertex 4 {m}

OS:Construction,
  {994fcd96-11fb-49fd-abc0-53758c129f3d}, !- Handle
  WindowConstruction 2,                   !- Name
  ,                                       !- Surface Rendering Name
  {8a191737-eea0-4c13-b5b0-46fa553c5521}; !- Layer 1

OS:SurfaceProperty:IncidentSolarMultiplier,
  {79e77435-e216-4c52-a3ae-d74c887488b9}, !- Handle
  {a74720c6-8242-4b56-a4b5-22f4bada36b5}, !- Surface Name
  1,                                      !- Incident Solar Multiplier {dimensionless}
  {2c8236c5-2608-428f-a5b6-2a6513178543}; !- Incident Solar Multiplier Schedule Name

OS:Surface,
  {de10aac1-9bae-430b-9a6e-452b1d225936}, !- Handle
  surface Window4,                        !- Name
  Wall,                                   !- Surface Type
  {6d6fb091-691e-4d9f-bf34-89849b90b369}, !- Construction Name
  {bcac1226-0ceb-40d7-a8ad-8ac3ecd06f7f}, !- Space Name
  Outdoors,                               !- Outside Boundary Condition
  ,                                       !- Outside Boundary Condition Object
  SunExposed,                             !- Sun Exposure
  WindExposed,                            !- Wind Exposure
  ,                                       !- View Factor to Ground
  ,                                       !- Number of Vertices
  -11.0133672062975, 8.51500432843688, 0.608904848232878, !- X,Y,Z Vertex 1 {m}
  -11.0133672062975, 8.51500432843688, 1.70757515176712, !- X,Y,Z Vertex 2 {m}
  -11.0133673063781, 11.0140612986378, 1.70757515176712, !- X,Y,Z Vertex 3 {m}
  -11.0133673063781, 11.0140612986378, 0.608904848232878; !- X,Y,Z Vertex 4 {m}

OS:AdditionalProperties,
  {a0aa9da8-31df-468c-a722-70f746723e34}, !- Handle
  {de10aac1-9bae-430b-9a6e-452b1d225936}, !- Object Name
  Length,                                 !- Feature Name 1
  Double,                                 !- Feature Data Type 1
  8.1944444444444446,                     !- Feature Value 1
  Azimuth,                                !- Feature Name 2
  Integer,                                !- Feature Data Type 2
  270,                                    !- Feature Value 2
  Tilt,                                   !- Feature Name 3
  Double,                                 !- Feature Data Type 3
  90,                                     !- Feature Value 3
  SurfaceType,                            !- Feature Name 4
  String,                                 !- Feature Data Type 4
  Window;                                 !- Feature Value 4

OS:SubSurface,
  {1be00701-28d8-401c-be67-a45cb5e92e34}, !- Handle
  Window4,                                !- Name
  FixedWindow,                            !- Sub Surface Type
  {4b638dc1-90aa-4a7c-b8db-952ca7a36098}, !- Construction Name
  {de10aac1-9bae-430b-9a6e-452b1d225936}, !- Surface Name
  ,                                       !- Outside Boundary Condition Object
  ,                                       !- View Factor to Ground
  ,                                       !- Frame and Divider Name
  ,                                       !- Multiplier
  ,                                       !- Number of Vertices
  -11.0133672063253, 8.515699480204, 0.6096, !- X,Y,Z Vertex 1 {m}
  -11.0133672063253, 8.515699480204, 1.70688, !- X,Y,Z Vertex 2 {m}
  -11.0133673063503, 11.0133661468707, 1.70688, !- X,Y,Z Vertex 3 {m}
  -11.0133673063503, 11.0133661468707, 0.6096; !- X,Y,Z Vertex 4 {m}

OS:ShadingSurfaceGroup,
  {f00b43d3-854d-4271-bbdd-e2ab9306a2a7}, !- Handle
  Window4 Shading Surfaces,               !- Name
  Space,                                  !- Shading Surface Type
  {bcac1226-0ceb-40d7-a8ad-8ac3ecd06f7f}, !- Space Name
  ,                                       !- Direction of Relative North {deg}
  ,                                       !- X Origin {m}
  ,                                       !- Y Origin {m}
  ,                                       !- Z Origin {m}
  {1be00701-28d8-401c-be67-a45cb5e92e34}; !- Shaded Object Name

OS:ShadingSurface,
  {59e55ea0-65f4-47d1-8de4-6d976e76076c}, !- Handle
  Window4 overhangs,                      !- Name
  ,                                       !- Construction Name
  {f00b43d3-854d-4271-bbdd-e2ab9306a2a7}, !- Shading Surface Group Name
  ,                                       !- Transmittance Schedule Name
  ,                                       !- Number of Vertices
  -11.0133671941189, 8.210899480204, 2.01168, !- X,Y,Z Vertex 1 {m}
  -11.0133673185567, 11.3181661468707, 2.01168, !- X,Y,Z Vertex 2 {m}
  -11.6229673185567, 11.3181661224578, 2.01168, !- X,Y,Z Vertex 3 {m}
  -11.6229671941189, 8.21089945579112, 2.01168; !- X,Y,Z Vertex 4 {m}

OS:Construction,
  {4b638dc1-90aa-4a7c-b8db-952ca7a36098}, !- Handle
  WindowConstruction 3,                   !- Name
  ,                                       !- Surface Rendering Name
  {8a191737-eea0-4c13-b5b0-46fa553c5521}; !- Layer 1

OS:SurfaceProperty:IncidentSolarMultiplier,
  {94e9d0be-aeed-4259-b420-a8b27946966f}, !- Handle
  {1be00701-28d8-401c-be67-a45cb5e92e34}, !- Surface Name
  1,                                      !- Incident Solar Multiplier {dimensionless}
  {2c8236c5-2608-428f-a5b6-2a6513178543}; !- Incident Solar Multiplier Schedule Name

OS:Material,
  {d86db36a-0ac1-47aa-9314-47d820bec692}, !- Handle
  wood siding,                            !- Name
  Rough,                                  !- Roughness
  0.0254,                                 !- Thickness {m}
  0.1024175,                              !- Conductivity {W/m-K}
  544.68,                                 !- Density {kg/m3}
  1172.36;                                !- Specific Heat {J/kg-K}

OS:Material,
  {12fad471-6b53-41a2-83e3-cec1c0b8da51}, !- Handle
  wall rigid ins,                         !- Name
  Rough,                                  !- Roughness
  0.5129784,                              !- Thickness {m}
  0.029427,                               !- Conductivity {W/m-K}
  32.04,                                  !- Density {kg/m3}
  1214.23,                                !- Specific Heat {J/kg-K}
  0.9,                                    !- Thermal Absorptance
  0.7,                                    !- Solar Absorptance
  0.7;                                    !- Visible Absorptance

OS:Material,
  {421c148a-b812-4fa6-854d-10e2965ff454}, !- Handle
  wall stud and cavity 1,                 !- Name
  Rough,                                  !- Roughness
  0.0889,                                 !- Thickness {m}
  0.380278417457636,                      !- Conductivity {W/m-K}
  52.34794524,                            !- Density {kg/m3}
  1209.88641434781,                       !- Specific Heat {J/kg-K}
  0.9,                                    !- Thermal Absorptance
  0.7,                                    !- Solar Absorptance
  0.7;                                    !- Visible Absorptance

OS:Construction,
  {6d6fb091-691e-4d9f-bf34-89849b90b369}, !- Handle
  AdiabaticWallConstruction,              !- Name
  ,                                       !- Surface Rendering Name
  {d86db36a-0ac1-47aa-9314-47d820bec692}, !- Layer 1
  {12fad471-6b53-41a2-83e3-cec1c0b8da51}, !- Layer 2
  {421c148a-b812-4fa6-854d-10e2965ff454}, !- Layer 3
  {657883b0-2384-4b2d-8c93-9cc4b6d2f08e}; !- Layer 4

OS:Surface,
  {4353b745-12ff-4965-9b9f-a65f8625f19e}, !- Handle
  surface Door1,                          !- Name
  Wall,                                   !- Surface Type
  {0542e7a7-911c-4dac-b35d-eccc02ee1fa9}, !- Construction Name
  {bcac1226-0ceb-40d7-a8ad-8ac3ecd06f7f}, !- Space Name
  Outdoors,                               !- Outside Boundary Condition
  ,                                       !- Outside Boundary Condition Object
  SunExposed,                             !- Sun Exposure
  WindExposed,                            !- Wind Exposure
  ,                                       !- View Factor to Ground
  ,                                       !- Number of Vertices
  -10.0985754211358, -11.0133671454788, 0.608752155732047, !- X,Y,Z Vertex 1 {m}
  -10.0985754211358, -11.0133671454788, 2.64346384426795, !- X,Y,Z Vertex 2 {m}
  -11.0142141381574, -11.0133671699248, 2.64346384426795, !- X,Y,Z Vertex 3 {m}
  -11.0142141381574, -11.0133671699248, 0.608752155732047; !- X,Y,Z Vertex 4 {m}

OS:AdditionalProperties,
  {58c97934-d14e-4ee8-8b39-fbbbc9a37905}, !- Handle
  {4353b745-12ff-4965-9b9f-a65f8625f19e}, !- Object Name
  Length,                                 !- Feature Name 1
  Double,                                 !- Feature Data Type 1
  2.9985007496251876,                     !- Feature Value 1
  Azimuth,                                !- Feature Name 2
  Integer,                                !- Feature Data Type 2
  180,                                    !- Feature Value 2
  Tilt,                                   !- Feature Name 3
  Double,                                 !- Feature Data Type 3
  90,                                     !- Feature Value 3
  SurfaceType,                            !- Feature Name 4
  String,                                 !- Feature Data Type 4
  Door;                                   !- Feature Value 4

OS:SubSurface,
  {7f5501e0-aee9-442b-ad79-b76a8b1360e3}, !- Handle
  Door1,                                  !- Name
  Door,                                   !- Sub Surface Type
  {054d3cb1-90a0-4f97-bd38-21493f294637}, !- Construction Name
  {4353b745-12ff-4965-9b9f-a65f8625f19e}, !- Surface Name
  ,                                       !- Outside Boundary Condition Object
  ,                                       !- View Factor to Ground
  ,                                       !- Frame and Divider Name
  ,                                       !- Multiplier
  ,                                       !- Number of Vertices
  -10.0994232654037, -11.0133671455015, 0.6096, !- X,Y,Z Vertex 1 {m}
  -10.0994232654037, -11.0133671455015, 2.642616, !- X,Y,Z Vertex 2 {m}
  -11.0133662938895, -11.0133671699021, 2.642616, !- X,Y,Z Vertex 3 {m}
  -11.0133662938895, -11.0133671699021, 0.6096; !- X,Y,Z Vertex 4 {m}

OS:Material,
  {dc63a9c6-9194-417e-9f78-e0f95b1048af}, !- Handle
  door material,                          !- Name
  Rough,                                  !- Roughness
  0.04445,                                !- Thickness {m}
  0.0612266553480475,                     !- Conductivity {W/m-K}
  512.64,                                 !- Density {kg/m3}
  1214.23,                                !- Specific Heat {J/kg-K}
  0.9,                                    !- Thermal Absorptance
  0.7,                                    !- Solar Absorptance
  0.7;                                    !- Visible Absorptance

OS:Construction,
  {054d3cb1-90a0-4f97-bd38-21493f294637}, !- Handle
  Door,                                   !- Name
  ,                                       !- Surface Rendering Name
  {dc63a9c6-9194-417e-9f78-e0f95b1048af}; !- Layer 1

OS:Material,
  {a2540812-d0b4-418e-ab1a-c55c8ed0ab1f}, !- Handle
  wood siding 1,                          !- Name
  Rough,                                  !- Roughness
  0.0254,                                 !- Thickness {m}
  0.1024175,                              !- Conductivity {W/m-K}
  544.68,                                 !- Density {kg/m3}
  1172.36;                                !- Specific Heat {J/kg-K}

OS:Construction,
  {0542e7a7-911c-4dac-b35d-eccc02ee1fa9}, !- Handle
  AdiabaticWallConstruction 1,            !- Name
  ,                                       !- Surface Rendering Name
  {a2540812-d0b4-418e-ab1a-c55c8ed0ab1f}, !- Layer 1
  {12fad471-6b53-41a2-83e3-cec1c0b8da51}, !- Layer 2
  {421c148a-b812-4fa6-854d-10e2965ff454}, !- Layer 3
  {657883b0-2384-4b2d-8c93-9cc4b6d2f08e}; !- Layer 4

OS:InternalMass:Definition,
  {aa79e491-2808-4e73-a0aa-a4296ff9397b}, !- Handle
  partition wall mass,                    !- Name
  {a606c022-3a9f-4e82-9a4b-f476e7089b99}, !- Construction Name
  SurfaceArea,                            !- Design Level Calculation Method
  157.74936192,                           !- Surface Area {m2}
  ,                                       !- Surface Area per Space Floor Area {dimensionless}
  ;                                       !- Surface Area per Person {m2/person}

OS:InternalMass,
  {72d6cece-97e4-4482-9fc1-6400837a414c}, !- Handle
  partition wall mass,                    !- Name
  {aa79e491-2808-4e73-a0aa-a4296ff9397b}, !- Internal Mass Definition Name
  {bcac1226-0ceb-40d7-a8ad-8ac3ecd06f7f}, !- Space or SpaceType Name
  1;                                      !- Multiplier

OS:Material,
  {1f98a8e9-032d-4fe1-946f-35c4b6f6d494}, !- Handle
  wall stud and cavity 2,                 !- Name
  Rough,                                  !- Roughness
  0.0889,                                 !- Thickness {m}
  0.391763531157105,                      !- Conductivity {W/m-K}
  83.034082224,                           !- Density {kg/m3}
  1211.67419087611,                       !- Specific Heat {J/kg-K}
  0.9,                                    !- Thermal Absorptance
  0.7,                                    !- Solar Absorptance
  0.7;                                    !- Visible Absorptance

OS:Construction,
  {a606c022-3a9f-4e82-9a4b-f476e7089b99}, !- Handle
  PartitionWallConstruction,              !- Name
  ,                                       !- Surface Rendering Name
  {657883b0-2384-4b2d-8c93-9cc4b6d2f08e}, !- Layer 1
  {1f98a8e9-032d-4fe1-946f-35c4b6f6d494}, !- Layer 2
  {657883b0-2384-4b2d-8c93-9cc4b6d2f08e}; !- Layer 3

OS:InternalMass:Definition,
  {9522e2ad-96df-44b0-b86a-6889fcc16949}, !- Handle
  furniture mass conditioned space 1,     !- Name
  {3ae8d70d-9110-4132-a497-4ab6dbdc4d84}, !- Construction Name
  SurfaceArea,                            !- Design Level Calculation Method
  63.099744768,                           !- Surface Area {m2}
  ,                                       !- Surface Area per Space Floor Area {dimensionless}
  ;                                       !- Surface Area per Person {m2/person}

OS:InternalMass,
  {f945cfde-3a84-4ab1-8856-276011238960}, !- Handle
  furniture mass conditioned space 1,     !- Name
  {9522e2ad-96df-44b0-b86a-6889fcc16949}, !- Internal Mass Definition Name
  {bcac1226-0ceb-40d7-a8ad-8ac3ecd06f7f}, !- Space or SpaceType Name
  1;                                      !- Multiplier

OS:Material,
  {f6e0a48c-442d-4a69-9564-480216163f6a}, !- Handle
  furniture material conditioned space 1, !- Name
  Rough,                                  !- Roughness
  0.1524,                                 !- Thickness {m}
  0.1154577,                              !- Conductivity {W/m-K}
  640.8,                                  !- Density {kg/m3}
  1214.23,                                !- Specific Heat {J/kg-K}
  0.9,                                    !- Thermal Absorptance
  0.6,                                    !- Solar Absorptance
  0.6;                                    !- Visible Absorptance

OS:Construction,
  {3ae8d70d-9110-4132-a497-4ab6dbdc4d84}, !- Handle
  furniture construction conditioned space 1, !- Name
  ,                                       !- Surface Rendering Name
  {f6e0a48c-442d-4a69-9564-480216163f6a}; !- Layer 1

OS:ShadingSurface,
  {6f9e9554-302f-4083-a90e-6994664cf38e}, !- Handle
  Neighbor azimuth 270 distance 15.0,     !- Name
  ,                                       !- Construction Name
  {f52d81bf-4caf-425e-8d6d-8a3489b3e55f}, !- Shading Surface Group Name
  ,                                       !- Transmittance Schedule Name
  ,                                       !- Number of Vertices
  -15.5853662938895, -11.0133672120801, 0, !- X,Y,Z Vertex 1 {m}
  -15.5853662938895, -11.0133672120801, 3.048, !- X,Y,Z Vertex 2 {m}
  -15.5853671760023, 11.0133659637741, 3.048, !- X,Y,Z Vertex 3 {m}
  -15.5853671760023, 11.0133659637741, 0; !- X,Y,Z Vertex 4 {m}

OS:AdditionalProperties,
  {df3b93af-40c6-4e20-bc95-eb799bd35f7f}, !- Handle
  {6f9e9554-302f-4083-a90e-6994664cf38e}, !- Object Name
  Azimuth,                                !- Feature Name 1
  Integer,                                !- Feature Data Type 1
  270,                                    !- Feature Value 1
  Distance,                               !- Feature Name 2
  Double,                                 !- Feature Data Type 2
  15;                                     !- Feature Value 2

OS:ShadingSurface,
  {28749493-efae-4967-8200-43ad12106057}, !- Handle
  Neighbor azimuth 90 distance 15.0,      !- Name
  ,                                       !- Construction Name
  {f52d81bf-4caf-425e-8d6d-8a3489b3e55f}, !- Shading Surface Group Name
  ,                                       !- Transmittance Schedule Name
  ,                                       !- Number of Vertices
  15.5853665879271, 11.0133667959781, 0,  !- X,Y,Z Vertex 1 {m}
  15.5853665879271, 11.0133667959781, 3.048, !- X,Y,Z Vertex 2 {m}
  15.5853668819647, -11.0133663798761, 3.048, !- X,Y,Z Vertex 3 {m}
  15.5853668819647, -11.0133663798761, 0; !- X,Y,Z Vertex 4 {m}

OS:AdditionalProperties,
  {15a2fb4a-b62a-44e8-bea1-fd04c38dc965}, !- Handle
  {28749493-efae-4967-8200-43ad12106057}, !- Object Name
  Azimuth,                                !- Feature Name 1
  Integer,                                !- Feature Data Type 1
  90,                                     !- Feature Value 1
  Distance,                               !- Feature Name 2
  Double,                                 !- Feature Data Type 2
  15;                                     !- Feature Value 2

OS:ShadingSurfaceGroup,
  {f52d81bf-4caf-425e-8d6d-8a3489b3e55f}, !- Handle
  neighbors,                              !- Name
  Building;                               !- Shading Surface Type

OS:Schedule:File,
  {ee0f40e3-ff74-4e9f-8c50-a67f7d20da3e}, !- Handle
  occupants,                              !- Name
  {e9f7efbc-d364-4380-9490-033e5408327a}, !- Schedule Type Limits Name
  {aaa407cb-4ed3-448a-8ef9-8e74eb675646}, !- External File Name
  1,                                      !- Column Number
  1,                                      !- Rows to Skip at Top
  8760,                                   !- Number of Hours of Data
  ,                                       !- Column Separator
  ,                                       !- Interpolate to Timestep
  15,                                     !- Minutes per Item
  ,                                       !- Adjust Schedule for Daylight Savings
  Yes;                                    !- Translate File With Relative Path

OS:External:File,
  {aaa407cb-4ed3-448a-8ef9-8e74eb675646}, !- Handle
  External File 1,                        !- Name
  in.schedules.csv;                       !- File Name

OS:Schedule:Constant,
  {1b9ce6f2-cec2-43b8-a48a-ef9dfc9ad8ae}, !- Handle
  occupants activity schedule,            !- Name
  {80a50dd8-bd97-41a7-888f-ade4190cce3a}, !- Schedule Type Limits Name
  117.228428068889;                       !- Value

OS:People:Definition,
  {1f0ba886-4c4a-4272-8adb-b86599866dd2}, !- Handle
  occupants,                              !- Name
  People,                                 !- Number of People Calculation Method
  3,                                      !- Number of People {people}
  ,                                       !- People per Space Floor Area {person/m2}
  ,                                       !- Space Floor Area per Person {m2/person}
  0.314170909090909,                      !- Fraction Radiant
  0.563030303030303,                      !- Sensible Heat Fraction
  0,                                      !- Carbon Dioxide Generation Rate {m3/s-W}
  No,                                     !- Enable ASHRAE 55 Comfort Warnings
  ZoneAveraged;                           !- Mean Radiant Temperature Calculation Type

OS:People,
  {3ab21345-3cfb-401a-8b94-64d0f4c32e0f}, !- Handle
  occupants,                              !- Name
  {1f0ba886-4c4a-4272-8adb-b86599866dd2}, !- People Definition Name
  {bcac1226-0ceb-40d7-a8ad-8ac3ecd06f7f}, !- Space or SpaceType Name
  {ee0f40e3-ff74-4e9f-8c50-a67f7d20da3e}, !- Number of People Schedule Name
  {1b9ce6f2-cec2-43b8-a48a-ef9dfc9ad8ae}, !- Activity Level Schedule Name
  ,                                       !- Surface Name/Angle Factor List Name
  ,                                       !- Work Efficiency Schedule Name
  ,                                       !- Clothing Insulation Schedule Name
  ,                                       !- Air Velocity Schedule Name
  1;                                      !- Multiplier

OS:ScheduleTypeLimits,
  {80a50dd8-bd97-41a7-888f-ade4190cce3a}, !- Handle
  ActivityLevel,                          !- Name
  0,                                      !- Lower Limit Value
  ,                                       !- Upper Limit Value
  Continuous,                             !- Numeric Type
  ActivityLevel;                          !- Unit Type

OS:Curve:Biquadratic,
  {d98166c6-6787-487e-9d2f-c3e7f2be312c}, !- Handle
  Cool-CAP-fT1,                           !- Name
  1.557359706,                            !- Coefficient1 Constant
  -0.0744481692,                          !- Coefficient2 x
  0.00309859668,                          !- Coefficient3 x**2
  0.0014595786,                           !- Coefficient4 y
  -4.1148e-05,                            !- Coefficient5 y**2
  -0.00042671448,                         !- Coefficient6 x*y
  -100,                                   !- Minimum Value of x
  100,                                    !- Maximum Value of x
  -100,                                   !- Minimum Value of y
  100;                                    !- Maximum Value of y

OS:Curve:Biquadratic,
  {d777498d-6f88-440a-850d-25c2ff56efd7}, !- Handle
  Cool-EIR-fT1,                           !- Name
  -0.350447695,                           !- Coefficient1 Constant
  0.116809893,                            !- Coefficient2 x
  -0.00339950844,                         !- Coefficient3 x**2
  -0.001226088,                           !- Coefficient4 y
  0.0006008094,                           !- Coefficient5 y**2
  -0.000466884,                           !- Coefficient6 x*y
  -100,                                   !- Minimum Value of x
  100,                                    !- Maximum Value of x
  -100,                                   !- Minimum Value of y
  100;                                    !- Maximum Value of y

OS:Curve:Quadratic,
  {511e17fc-fd27-4e8f-9354-e7b7d01ac0a8}, !- Handle
  Cool-CAP-fFF1,                          !- Name
  0.718664047,                            !- Coefficient1 Constant
  0.41797409,                             !- Coefficient2 x
  -0.136638137,                           !- Coefficient3 x**2
  0,                                      !- Minimum Value of x
  2,                                      !- Maximum Value of x
  0,                                      !- Minimum Curve Output
  2;                                      !- Maximum Curve Output

OS:Curve:Quadratic,
  {314b60a2-fcb9-44c9-91f7-0b7688cde7f0}, !- Handle
  Cool-EIR-fFF1,                          !- Name
  1.143487507,                            !- Coefficient1 Constant
  -0.13943972,                            !- Coefficient2 x
  -0.004047787,                           !- Coefficient3 x**2
  0,                                      !- Minimum Value of x
  2,                                      !- Maximum Value of x
  0,                                      !- Minimum Curve Output
  2;                                      !- Maximum Curve Output

OS:Curve:Quadratic,
  {ac31647c-5795-433a-9dda-cb43cd72e7d5}, !- Handle
  Cool-PLF-fPLR1,                         !- Name
  0.93,                                   !- Coefficient1 Constant
  0.07,                                   !- Coefficient2 x
  0,                                      !- Coefficient3 x**2
  0,                                      !- Minimum Value of x
  1,                                      !- Maximum Value of x
  0.7,                                    !- Minimum Curve Output
  1;                                      !- Maximum Curve Output

OS:Schedule:Constant,
  {a7f8f4f4-1da3-4754-9c7e-43276433845d}, !- Handle
  Always On Discrete,                     !- Name
  {2b973f2f-3b45-42de-97de-b139dc42e6ac}, !- Schedule Type Limits Name
  1;                                      !- Value

OS:ScheduleTypeLimits,
  {2b973f2f-3b45-42de-97de-b139dc42e6ac}, !- Handle
  OnOff,                                  !- Name
  0,                                      !- Lower Limit Value
  1,                                      !- Upper Limit Value
  Discrete,                               !- Numeric Type
  Availability;                           !- Unit Type

OS:Coil:Cooling:DX:SingleSpeed,
  {44e3a954-21d8-46ae-8be6-03abecfa4eed}, !- Handle
  air source heat pump clg coil,          !- Name
  {a7f8f4f4-1da3-4754-9c7e-43276433845d}, !- Availability Schedule Name
  11225.2232574767,                       !- Rated Total Cooling Capacity {W}
  0.730031800184905,                      !- Rated Sensible Heat Ratio
  3.7702,                                 !- Rated COP {W/W}
  0.577628416002793,                      !- Rated Air Flow Rate {m3/s}
  773.3,                                  !- Rated Evaporator Fan Power Per Volume Flow Rate 2017 {W/(m3/s)}
  934.4,                                  !- Rated Evaporator Fan Power Per Volume Flow Rate 2023 {W/(m3/s)}
  ,                                       !- Air Inlet Node Name
  ,                                       !- Air Outlet Node Name
  {d98166c6-6787-487e-9d2f-c3e7f2be312c}, !- Total Cooling Capacity Function of Temperature Curve Name
  {511e17fc-fd27-4e8f-9354-e7b7d01ac0a8}, !- Total Cooling Capacity Function of Flow Fraction Curve Name
  {d777498d-6f88-440a-850d-25c2ff56efd7}, !- Energy Input Ratio Function of Temperature Curve Name
  {314b60a2-fcb9-44c9-91f7-0b7688cde7f0}, !- Energy Input Ratio Function of Flow Fraction Curve Name
  {ac31647c-5795-433a-9dda-cb43cd72e7d5}, !- Part Load Fraction Correlation Curve Name
  -25,                                    !- Minimum Outdoor Dry-Bulb Temperature for Compressor Operation {C}
  1000,                                   !- Nominal Time for Condensate Removal to Begin {s}
  1.5,                                    !- Ratio of Initial Moisture Evaporation Rate and Steady State Latent Capacity {dimensionless}
  3,                                      !- Maximum Cycling Rate {cycles/hr}
  45,                                     !- Latent Capacity Time Constant {s}
  ,                                       !- Condenser Air Inlet Node Name
  AirCooled,                              !- Condenser Type
  0.9,                                    !- Evaporative Condenser Effectiveness {dimensionless}
  autosize,                               !- Evaporative Condenser Air Flow Rate {m3/s}
  autosize,                               !- Evaporative Condenser Pump Rated Power Consumption {W}
  50,                                     !- Crankcase Heater Capacity {W}
  ,                                       !- Crankcase Heater Capacity Function of Temperature Curve Name
  10,                                     !- Maximum Outdoor Dry-Bulb Temperature for Crankcase Heater Operation {C}
  ,                                       !- Supply Water Storage Tank Name
  ,                                       !- Condensate Collection Water Storage Tank Name
  0,                                      !- Basin Heater Capacity {W/K}
  2;                                      !- Basin Heater Setpoint Temperature {C}

OS:AdditionalProperties,
  {ccb1a8c1-1b16-45ac-8ecd-5d0ef21b4931}, !- Handle
  {44e3a954-21d8-46ae-8be6-03abecfa4eed}, !- Object Name
  HPXML_ID,                               !- Feature Name 1
  String,                                 !- Feature Data Type 1
  HeatPump1;                              !- Feature Value 1

OS:Curve:Biquadratic,
  {43557197-e484-4cc4-958d-83b330a56c22}, !- Handle
  Heat-CAP-fT1,                           !- Name
  0.905106689142857,                      !- Coefficient1 Constant
  -0.0041461452,                          !- Coefficient2 x
  0,                                      !- Coefficient3 x**2
  0.0246428571428571,                     !- Coefficient4 y
  0,                                      !- Coefficient5 y**2
  0,                                      !- Coefficient6 x*y
  -100,                                   !- Minimum Value of x
  100,                                    !- Maximum Value of x
  -100,                                   !- Minimum Value of y
  100;                                    !- Maximum Value of y

OS:Curve:Biquadratic,
  {cb88f4de-9be0-4c10-a22c-616915b33b70}, !- Handle
  Heat-EIR-fT1,                           !- Name
  0.716518071,                            !- Coefficient1 Constant
  0.0102759012,                           !- Coefficient2 x
  0.00046073448,                          !- Coefficient3 x**2
  -0.0064803654,                          !- Coefficient4 y
  0.000456354,                            !- Coefficient5 y**2
  -0.00069764004,                         !- Coefficient6 x*y
  -100,                                   !- Minimum Value of x
  100,                                    !- Maximum Value of x
  -100,                                   !- Minimum Value of y
  100;                                    !- Maximum Value of y

OS:Curve:Quadratic,
  {51114d7f-8443-4485-8aa7-ca70bf847376}, !- Handle
  Heat-CAP-fFF1,                          !- Name
  0.694045465,                            !- Coefficient1 Constant
  0.474207981,                            !- Coefficient2 x
  -0.168253446,                           !- Coefficient3 x**2
  0,                                      !- Minimum Value of x
  2,                                      !- Maximum Value of x
  0,                                      !- Minimum Curve Output
  2;                                      !- Maximum Curve Output

OS:Curve:Quadratic,
  {a77e02b3-df10-4193-864a-3093b2542254}, !- Handle
  Heat-EIR-fFF1,                          !- Name
  2.185418751,                            !- Coefficient1 Constant
  -1.942827919,                           !- Coefficient2 x
  0.757409168,                            !- Coefficient3 x**2
  0,                                      !- Minimum Value of x
  2,                                      !- Maximum Value of x
  0,                                      !- Minimum Curve Output
  2;                                      !- Maximum Curve Output

OS:Curve:Quadratic,
  {809a148e-a6cb-4d5b-b19b-1f2ba423b3f9}, !- Handle
  Heat-PLF-fPLR1,                         !- Name
  0.89,                                   !- Coefficient1 Constant
  0.11,                                   !- Coefficient2 x
  0,                                      !- Coefficient3 x**2
  0,                                      !- Minimum Value of x
  1,                                      !- Maximum Value of x
  0.7,                                    !- Minimum Curve Output
  1;                                      !- Maximum Curve Output

OS:Coil:Heating:DX:SingleSpeed,
  {9e257889-ab20-48f1-b835-fd9acf5e7cf4}, !- Handle
  air source heat pump htg coil,          !- Name
  {a7f8f4f4-1da3-4754-9c7e-43276433845d}, !- Availability Schedule Name
  10636.1822712222,                       !- Rated Total Heating Capacity {W}
  3.292507,                               !- Rated COP {W/W}
  0.562828702655182,                      !- Rated Air Flow Rate {m3/s}
  773.3,                                  !- Rated Supply Fan Power Per Volume Flow Rate 2017 {W/(m3/s)}
  934.4,                                  !- Rated Supply Fan Power Per Volume Flow Rate 2023 {W/(m3/s)}
  ,                                       !- Air Inlet Node Name
  ,                                       !- Air Outlet Node Name
  {43557197-e484-4cc4-958d-83b330a56c22}, !- Total Heating Capacity Function of Temperature Curve Name
  {51114d7f-8443-4485-8aa7-ca70bf847376}, !- Total Heating Capacity Function of Flow Fraction Curve Name
  {cb88f4de-9be0-4c10-a22c-616915b33b70}, !- Energy Input Ratio Function of Temperature Curve Name
  {a77e02b3-df10-4193-864a-3093b2542254}, !- Energy Input Ratio Function of Flow Fraction Curve Name
  {809a148e-a6cb-4d5b-b19b-1f2ba423b3f9}, !- Part Load Fraction Correlation Curve Name
  {0097fc8f-e539-40a1-b4a1-c710256c004b}, !- Defrost Energy Input Ratio Function of Temperature Curve Name
  -17.7777777777778,                      !- Minimum Outdoor Dry-Bulb Temperature for Compressor Operation {C}
  4.44444444444444,                       !- Maximum Outdoor Dry-Bulb Temperature for Defrost Operation {C}
  50,                                     !- Crankcase Heater Capacity {W}
  ,                                       !- Crankcase Heater Capacity Function of Temperature Curve Name
  10,                                     !- Maximum Outdoor Dry-Bulb Temperature for Crankcase Heater Operation {C}
  ReverseCycle,                           !- Defrost Strategy
  Timed,                                  !- Defrost Control
  0.166667,                               !- Defrost Time Period Fraction
  2000;                                   !- Resistive Defrost Heater Capacity {W}

OS:Curve:Biquadratic,
  {0097fc8f-e539-40a1-b4a1-c710256c004b}, !- Handle
  Defrosteir,                             !- Name
  0.1528,                                 !- Coefficient1 Constant
  0,                                      !- Coefficient2 x
  0,                                      !- Coefficient3 x**2
  0,                                      !- Coefficient4 y
  0,                                      !- Coefficient5 y**2
  0,                                      !- Coefficient6 x*y
  -100,                                   !- Minimum Value of x
  100,                                    !- Maximum Value of x
  -100,                                   !- Minimum Value of y
  100;                                    !- Maximum Value of y

OS:AdditionalProperties,
  {f08bce9c-f92a-4672-b7ab-6f4c69152be1}, !- Handle
  {9e257889-ab20-48f1-b835-fd9acf5e7cf4}, !- Object Name
  HPXML_ID,                               !- Feature Name 1
  String,                                 !- Feature Data Type 1
  HeatPump1;                              !- Feature Value 1

OS:Coil:Heating:Electric,
  {efb30bf7-4068-4aac-b46b-f1b8eca13c12}, !- Handle
  air source heat pump backup htg coil,   !- Name
  {a7f8f4f4-1da3-4754-9c7e-43276433845d}, !- Availability Schedule Name
  1,                                      !- Efficiency
  13293.703743012,                        !- Nominal Capacity {W}
  ,                                       !- Air Inlet Node Name
  ;                                       !- Air Outlet Node Name

OS:AdditionalProperties,
  {3cab706f-6d7d-45f4-a73f-813b95a07dae}, !- Handle
  {efb30bf7-4068-4aac-b46b-f1b8eca13c12}, !- Object Name
  HPXML_ID,                               !- Feature Name 1
  String,                                 !- Feature Data Type 1
  HeatPump1,                              !- Feature Value 1
  IsHeatPumpBackup,                       !- Feature Name 2
  Boolean,                                !- Feature Data Type 2
  true;                                   !- Feature Value 2

OS:Fan:SystemModel,
  {85b0f0a9-adc1-49be-8376-480dc83bdfa9}, !- Handle
  air source heat pump supply fan,        !- Name
  {a7f8f4f4-1da3-4754-9c7e-43276433845d}, !- Availability Schedule Name
  ,                                       !- Air Inlet Node Name
  ,                                       !- Air Outlet Node Name
  0.538020085248,                         !- Design Maximum Air Flow Rate {m3/s}
  Discrete,                               !- Speed Control Method
  0.2,                                    !- Electric Power Minimum Flow Rate Fraction
  794.580001233493,                       !- Design Pressure Rise {Pa}
  1,                                      !- Motor Efficiency
  1,                                      !- Motor In Air Stream Fraction
  autosize,                               !- Design Electric Power Consumption {W}
  TotalEfficiencyAndPressure,             !- Design Power Sizing Method
  840,                                    !- Electric Power Per Unit Flow Rate {W/(m3/s)}
  1.66667,                                !- Electric Power Per Unit Flow Rate Per Unit Pressure {W-s/m3-Pa}
  0.75,                                   !- Fan Total Efficiency
  ,                                       !- Electric Power Function of Flow Fraction Curve Name
  ,                                       !- Night Ventilation Mode Pressure Rise {Pa}
  ,                                       !- Night Ventilation Mode Flow Fraction
  ,                                       !- Motor Loss Zone Name
  0,                                      !- Motor Loss Radiative Fraction
  supply fan,                             !- End-Use Subcategory
  0.85088,                                !- Speed Flow Fraction 1
  0.61603,                                !- Speed Electric Power Fraction 1
  1,                                      !- Speed Flow Fraction 2
  1;                                      !- Speed Electric Power Fraction 2

OS:EnergyManagementSystem:Sensor,
  {cf1a2da5-abaa-4610-9785-41c9deabf537}, !- Handle
  air_source_heat_pump_supply_fan_s,      !- Name
  air source heat pump supply fan,        !- Output Variable or Output Meter Index Key Name
  Fan Electricity Energy;                 !- Output Variable or Output Meter Name

OS:EnergyManagementSystem:Sensor,
  {e8dd98f7-338c-48a6-aa87-ee3fc0e8d8d0}, !- Handle
  air_source_heat_pump_clg_coil_s,        !- Name
  air source heat pump clg coil,          !- Output Variable or Output Meter Index Key Name
  Cooling Coil Total Cooling Energy;      !- Output Variable or Output Meter Name

OS:EnergyManagementSystem:Sensor,
  {d030c7f7-8006-4f37-b187-9c33422d8741}, !- Handle
  air_source_heat_pump_htg_coil_s,        !- Name
  air source heat pump htg coil,          !- Output Variable or Output Meter Index Key Name
  Heating Coil Heating Energy;            !- Output Variable or Output Meter Name

OS:EnergyManagementSystem:Sensor,
  {24adbd97-f47b-4163-b6e3-e24bf2e3913d}, !- Handle
  air_source_heat_pump_backup_htg_coil_s, !- Name
  air source heat pump backup htg coil,   !- Output Variable or Output Meter Index Key Name
  Heating Coil Heating Energy;            !- Output Variable or Output Meter Name

OS:EnergyManagementSystem:Program,
  {bf1fe334-f942-4c5e-8dfe-c47e70a6b43e}, !- Handle
  air_source_heat_pump_supply_fan_disaggregate_program, !- Name
  Set air_source_heat_pump_supply_fan_clg = 0, !- Program Line 1
  Set air_source_heat_pump_supply_fan_primary_htg = 0, !- Program Line 2
  Set air_source_heat_pump_supply_fan_backup_htg = 0, !- Program Line 3
  If air_source_heat_pump_clg_coil_s > 0, !- Program Line 4
  Set air_source_heat_pump_supply_fan_clg = air_source_heat_pump_supply_fan_s, !- Program Line 5
  ElseIf air_source_heat_pump_htg_coil_s > 0 && (air_source_heat_pump_backup_htg_coil_s > 0), !- Program Line 6
  Set air_source_heat_pump_supply_fan_primary_htg = air_source_heat_pump_supply_fan_s * air_source_heat_pump_htg_coil_s / (air_source_heat_pump_htg_coil_s + air_source_heat_pump_backup_htg_coil_s), !- Program Line 7
  Set air_source_heat_pump_supply_fan_backup_htg = air_source_heat_pump_supply_fan_s * air_source_heat_pump_backup_htg_coil_s / (air_source_heat_pump_htg_coil_s + air_source_heat_pump_backup_htg_coil_s), !- Program Line 8
  ElseIf air_source_heat_pump_htg_coil_s > 0, !- Program Line 9
  Set air_source_heat_pump_supply_fan_primary_htg = air_source_heat_pump_supply_fan_s, !- Program Line 10
  Else,                                   !- Program Line 11
  Set air_source_heat_pump_supply_fan_backup_htg = air_source_heat_pump_supply_fan_s, !- Program Line 12
  EndIf;                                  !- Program Line 13

OS:EnergyManagementSystem:ProgramCallingManager,
  {f3b9e9cc-673d-4725-8b5d-ae9665cde550}, !- Handle
  air source heat pump supply fan disaggregate program calling manager, !- Name
  EndOfSystemTimestepBeforeHVACReporting, !- EnergyPlus Model Calling Point
  {bf1fe334-f942-4c5e-8dfe-c47e70a6b43e}; !- Program Name 1

OS:EnergyManagementSystem:OutputVariable,
  {1c288738-6a0b-4023-871d-d68e89652467}, !- Handle
  air source heat pump supply fan disaggregate clg, !- Name
  air_source_heat_pump_supply_fan_clg,    !- EMS Variable Name
  Summed,                                 !- Type of Data in Variable
  SystemTimestep,                         !- Update Frequency
  {bf1fe334-f942-4c5e-8dfe-c47e70a6b43e}, !- EMS Program or Subroutine Name
  J;                                      !- Units

OS:AdditionalProperties,
  {48a05d40-0574-4008-8795-5cd47036fb56}, !- Handle
  {1c288738-6a0b-4023-871d-d68e89652467}, !- Object Name
  HPXML_ID,                               !- Feature Name 1
  String,                                 !- Feature Data Type 1
  HeatPump1,                              !- Feature Value 1
  ObjectType,                             !- Feature Name 2
  String,                                 !- Feature Data Type 2
  disaggregate clg;                       !- Feature Value 2

OS:EnergyManagementSystem:OutputVariable,
  {32cc7054-c4b0-4b3b-b10c-6fc76a49f69d}, !- Handle
  air source heat pump supply fan disaggregate htg primary, !- Name
  air_source_heat_pump_supply_fan_primary_htg, !- EMS Variable Name
  Summed,                                 !- Type of Data in Variable
  SystemTimestep,                         !- Update Frequency
  {bf1fe334-f942-4c5e-8dfe-c47e70a6b43e}, !- EMS Program or Subroutine Name
  J;                                      !- Units

OS:AdditionalProperties,
  {2d6a1f95-2bb6-4610-92d6-0fc205ea3588}, !- Handle
  {32cc7054-c4b0-4b3b-b10c-6fc76a49f69d}, !- Object Name
  HPXML_ID,                               !- Feature Name 1
  String,                                 !- Feature Data Type 1
  HeatPump1,                              !- Feature Value 1
  ObjectType,                             !- Feature Name 2
  String,                                 !- Feature Data Type 2
  disaggregate htg primary;               !- Feature Value 2

OS:EnergyManagementSystem:OutputVariable,
  {e8409891-b0e1-49e6-a1b7-df4032a76472}, !- Handle
  air source heat pump supply fan disaggregate htg backup, !- Name
  air_source_heat_pump_supply_fan_backup_htg, !- EMS Variable Name
  Summed,                                 !- Type of Data in Variable
  SystemTimestep,                         !- Update Frequency
  {bf1fe334-f942-4c5e-8dfe-c47e70a6b43e}, !- EMS Program or Subroutine Name
  J;                                      !- Units

OS:AdditionalProperties,
  {b6cd025d-a087-4e77-80ef-788b5d6b7c45}, !- Handle
  {e8409891-b0e1-49e6-a1b7-df4032a76472}, !- Object Name
  HPXML_ID,                               !- Feature Name 1
  String,                                 !- Feature Data Type 1
  HeatPump1,                              !- Feature Value 1
  ObjectType,                             !- Feature Name 2
  String,                                 !- Feature Data Type 2
  disaggregate htg backup;                !- Feature Value 2

OS:Schedule:Constant,
  {7dfa758e-85fc-4ff1-9a92-2ae6715ad7de}, !- Handle
  air source heat pump auto fan schedule, !- Name
  {2b973f2f-3b45-42de-97de-b139dc42e6ac}, !- Schedule Type Limits Name
  0;                                      !- Value

OS:AirLoopHVAC:UnitarySystem,
  {46bb66ae-e661-40a4-824b-4607ebeea165}, !- Handle
  air source heat pump unitary system,    !- Name
  Load,                                   !- Control Type
  {1cfb2b60-a522-420e-bfde-08927b72cebe}, !- Controlling Zone or Thermostat Location
  None,                                   !- Dehumidification Control Type
  {a7f8f4f4-1da3-4754-9c7e-43276433845d}, !- Availability Schedule Name
  {d091cb5b-4b28-4b21-9d03-2f56065f392c}, !- Air Inlet Node Name
  {12fb1bd8-95e9-4c7d-a5c9-7d6c2ea11559}, !- Air Outlet Node Name
  {85b0f0a9-adc1-49be-8376-480dc83bdfa9}, !- Supply Fan Name
  BlowThrough,                            !- Fan Placement
  {7dfa758e-85fc-4ff1-9a92-2ae6715ad7de}, !- Supply Air Fan Operating Mode Schedule Name
  {9e257889-ab20-48f1-b835-fd9acf5e7cf4}, !- Heating Coil Name
  1,                                      !- DX Heating Coil Sizing Ratio
  {44e3a954-21d8-46ae-8be6-03abecfa4eed}, !- Cooling Coil Name
  No,                                     !- Use DOAS DX Cooling Coil
  2,                                      !- DOAS DX Cooling Coil Leaving Minimum Air Temperature {C}
  SensibleOnlyLoadControl,                !- Latent Load Control
  {efb30bf7-4068-4aac-b46b-f1b8eca13c12}, !- Supplemental Heating Coil Name
  SupplyAirFlowRate,                      !- Supply Air Flow Rate Method During Cooling Operation
  0.538020085248,                         !- Supply Air Flow Rate During Cooling Operation {m3/s}
  ,                                       !- Supply Air Flow Rate Per Floor Area During Cooling Operation {m3/s-m2}
  ,                                       !- Fraction of Autosized Design Cooling Supply Air Flow Rate
  ,                                       !- Design Supply Air Flow Rate Per Unit of Capacity During Cooling Operation {m3/s-W}
  SupplyAirFlowRate,                      !- Supply Air Flow Rate Method During Heating Operation
  0.457789019904,                         !- Supply Air Flow Rate During Heating Operation {m3/s}
  ,                                       !- Supply Air Flow Rate Per Floor Area during Heating Operation {m3/s-m2}
  ,                                       !- Fraction of Autosized Design Heating Supply Air Flow Rate
  ,                                       !- Design Supply Air Flow Rate Per Unit of Capacity During Heating Operation {m3/s-W}
  SupplyAirFlowRate,                      !- Supply Air Flow Rate Method When No Cooling or Heating is Required
  0,                                      !- Supply Air Flow Rate When No Cooling or Heating is Required {m3/s}
  ,                                       !- Supply Air Flow Rate Per Floor Area When No Cooling or Heating is Required {m3/s-m2}
  ,                                       !- Fraction of Autosized Design Cooling Supply Air Flow Rate When No Cooling or Heating is Required
  ,                                       !- Fraction of Autosized Design Heating Supply Air Flow Rate When No Cooling or Heating is Required
  ,                                       !- Design Supply Air Flow Rate Per Unit of Capacity During Cooling Operation When No Cooling or Heating is Required {m3/s-W}
  ,                                       !- Design Supply Air Flow Rate Per Unit of Capacity During Heating Operation When No Cooling or Heating is Required {m3/s-W}
  93.3333333333333,                       !- Maximum Supply Air Temperature {C}
  4.44444444444444,                       !- Maximum Outdoor Dry-Bulb Temperature for Supplemental Heater Operation {C}
  ,                                       !- Outdoor Dry-Bulb Temperature Sensor Node Name
  0,                                      !- Ancilliary On-Cycle Electric Power {W}
  0;                                      !- Ancilliary Off-Cycle Electric Power {W}

OS:AirLoopHVAC,
  {e5b5b282-dce3-4e5f-af55-a7b0587ecdb9}, !- Handle
  air source heat pump airloop,           !- Name
  ,                                       !- Controller List Name
  {a7f8f4f4-1da3-4754-9c7e-43276433845d}, !- Availability Schedule
  {fd54a235-123d-4d0e-8aff-89004ec231bf}, !- Availability Manager List Name
  0.538020085248,                         !- Design Supply Air Flow Rate {m3/s}
  1,                                      !- Design Return Air Flow Fraction of Supply Air Flow
  ,                                       !- Branch List Name
  ,                                       !- Connector List Name
  {1ca9ea65-ebf4-4b0c-b9ef-b8ed53eaf5ce}, !- Supply Side Inlet Node Name
  {eed11d74-bf1e-43a2-a464-153e349b30d7}, !- Demand Side Outlet Node Name
  {17ebfdac-0ca1-43e0-931b-0b3fe013b8f1}, !- Demand Side Inlet Node A
  {5d35a9ee-df7d-4914-b282-385d37dbfecc}, !- Supply Side Outlet Node A
  ,                                       !- Demand Side Inlet Node B
  ,                                       !- Supply Side Outlet Node B
  ,                                       !- Return Air Bypass Flow Temperature Setpoint Schedule Name
  {08e37e07-56f4-408b-8ba5-c2c0f68cd74e}, !- Demand Mixer Name
  {29206c20-b992-4f26-9c2f-2694968bd84b}, !- Demand Splitter A Name
  ,                                       !- Demand Splitter B Name
  ;                                       !- Supply Splitter Name

OS:Node,
  {8325cc8c-0569-424e-89ab-e2fa9731496a}, !- Handle
  Node 2,                                 !- Name
  {1ca9ea65-ebf4-4b0c-b9ef-b8ed53eaf5ce}, !- Inlet Port
  {d091cb5b-4b28-4b21-9d03-2f56065f392c}; !- Outlet Port

OS:Node,
  {09e86a84-e520-4096-9e13-22dd5558c8ca}, !- Handle
  Node 3,                                 !- Name
  {12fb1bd8-95e9-4c7d-a5c9-7d6c2ea11559}, !- Inlet Port
  {5d35a9ee-df7d-4914-b282-385d37dbfecc}; !- Outlet Port

OS:Connection,
  {1ca9ea65-ebf4-4b0c-b9ef-b8ed53eaf5ce}, !- Handle
  {e5b5b282-dce3-4e5f-af55-a7b0587ecdb9}, !- Source Object
  9,                                      !- Outlet Port
  {8325cc8c-0569-424e-89ab-e2fa9731496a}, !- Target Object
  2;                                      !- Inlet Port

OS:Connection,
  {5d35a9ee-df7d-4914-b282-385d37dbfecc}, !- Handle
  {09e86a84-e520-4096-9e13-22dd5558c8ca}, !- Source Object
  3,                                      !- Outlet Port
  {e5b5b282-dce3-4e5f-af55-a7b0587ecdb9}, !- Target Object
  12;                                     !- Inlet Port

OS:Node,
  {1b88183f-48fd-4e1c-89b8-53562ae7b35d}, !- Handle
  Node 4,                                 !- Name
  {17ebfdac-0ca1-43e0-931b-0b3fe013b8f1}, !- Inlet Port
  {de5e62cd-9c35-4c4f-8fe8-b46a3b1f25eb}; !- Outlet Port

OS:Node,
  {56c31dba-9054-46f1-89cd-6bf9837c019e}, !- Handle
  Node 5,                                 !- Name
  {b9f25a97-9495-4c55-bb93-2bd3b7e5cc67}, !- Inlet Port
  {eed11d74-bf1e-43a2-a464-153e349b30d7}; !- Outlet Port

OS:Node,
  {3c5ba8af-df13-40c3-a23a-fcccaada4ae4}, !- Handle
  Node 6,                                 !- Name
  {862ba415-4f99-44c8-b325-ad76391c8500}, !- Inlet Port
  {222dca33-c5dc-4f89-9a2c-65938576a1c7}; !- Outlet Port

OS:Connection,
  {17ebfdac-0ca1-43e0-931b-0b3fe013b8f1}, !- Handle
  {e5b5b282-dce3-4e5f-af55-a7b0587ecdb9}, !- Source Object
  11,                                     !- Outlet Port
  {1b88183f-48fd-4e1c-89b8-53562ae7b35d}, !- Target Object
  2;                                      !- Inlet Port

OS:Connection,
  {eed11d74-bf1e-43a2-a464-153e349b30d7}, !- Handle
  {56c31dba-9054-46f1-89cd-6bf9837c019e}, !- Source Object
  3,                                      !- Outlet Port
  {e5b5b282-dce3-4e5f-af55-a7b0587ecdb9}, !- Target Object
  10;                                     !- Inlet Port

OS:AirLoopHVAC:ZoneSplitter,
  {29206c20-b992-4f26-9c2f-2694968bd84b}, !- Handle
  air source heat pump zone splitter,     !- Name
  {de5e62cd-9c35-4c4f-8fe8-b46a3b1f25eb}, !- Inlet Node Name
  {f678ed84-7159-42e7-a316-90ba21507a4b}; !- Outlet Node Name 1

OS:AirLoopHVAC:ZoneMixer,
  {08e37e07-56f4-408b-8ba5-c2c0f68cd74e}, !- Handle
  air source heat pump zone mixer,        !- Name
  {b9f25a97-9495-4c55-bb93-2bd3b7e5cc67}, !- Outlet Node Name
  {2204b1c0-e748-4d57-b4f8-559b9fa2fabc}; !- Inlet Node Name 1

OS:Connection,
  {de5e62cd-9c35-4c4f-8fe8-b46a3b1f25eb}, !- Handle
  {1b88183f-48fd-4e1c-89b8-53562ae7b35d}, !- Source Object
  3,                                      !- Outlet Port
  {29206c20-b992-4f26-9c2f-2694968bd84b}, !- Target Object
  2;                                      !- Inlet Port

OS:Connection,
  {b9f25a97-9495-4c55-bb93-2bd3b7e5cc67}, !- Handle
  {08e37e07-56f4-408b-8ba5-c2c0f68cd74e}, !- Source Object
  2,                                      !- Outlet Port
  {56c31dba-9054-46f1-89cd-6bf9837c019e}, !- Target Object
  2;                                      !- Inlet Port

OS:Sizing:System,
  {1e676f60-9267-47e8-b016-1b29d593791f}, !- Handle
  {e5b5b282-dce3-4e5f-af55-a7b0587ecdb9}, !- AirLoop Name
  ,                                       !- Type of Load to Size On
  ,                                       !- Design Outdoor Air Flow Rate {m3/s}
  0.3,                                    !- Central Heating Maximum System Air Flow Ratio
  7,                                      !- Preheat Design Temperature {C}
  0.008,                                  !- Preheat Design Humidity Ratio {kg-H2O/kg-Air}
  12.8,                                   !- Precool Design Temperature {C}
  0.008,                                  !- Precool Design Humidity Ratio {kg-H2O/kg-Air}
  12.8,                                   !- Central Cooling Design Supply Air Temperature {C}
  16.7,                                   !- Central Heating Design Supply Air Temperature {C}
  ,                                       !- Sizing Option
  Yes,                                    !- 100% Outdoor Air in Cooling
  Yes,                                    !- 100% Outdoor Air in Heating
  0.0085,                                 !- Central Cooling Design Supply Air Humidity Ratio {kg-H2O/kg-Air}
  ,                                       !- Central Heating Design Supply Air Humidity Ratio {kg-H2O/kg-Air}
  ,                                       !- Cooling Design Air Flow Method
  ,                                       !- Cooling Design Air Flow Rate {m3/s}
  ,                                       !- Heating Design Air Flow Method
  ,                                       !- Heating Design Air Flow Rate {m3/s}
  ,                                       !- System Outdoor Air Method
  1,                                      !- Zone Maximum Outdoor Air Fraction {dimensionless}
  0.0099676501,                           !- Cooling Supply Air Flow Rate Per Floor Area {m3/s-m2}
  1,                                      !- Cooling Fraction of Autosized Cooling Supply Air Flow Rate
  3.9475456e-05,                          !- Cooling Supply Air Flow Rate Per Unit Cooling Capacity {m3/s-W}
  0.0099676501,                           !- Heating Supply Air Flow Rate Per Floor Area {m3/s-m2}
  1,                                      !- Heating Fraction of Autosized Heating Supply Air Flow Rate
  1,                                      !- Heating Fraction of Autosized Cooling Supply Air Flow Rate
  3.1588213e-05,                          !- Heating Supply Air Flow Rate Per Unit Heating Capacity {m3/s-W}
  CoolingDesignCapacity,                  !- Cooling Design Capacity Method
  autosize,                               !- Cooling Design Capacity {W}
  234.7,                                  !- Cooling Design Capacity Per Floor Area {W/m2}
  1,                                      !- Fraction of Autosized Cooling Design Capacity
  HeatingDesignCapacity,                  !- Heating Design Capacity Method
  autosize,                               !- Heating Design Capacity {W}
  157,                                    !- Heating Design Capacity Per Floor Area {W/m2}
  1,                                      !- Fraction of Autosized Heating Design Capacity
  OnOff,                                  !- Central Cooling Capacity Control Method
  autosize;                               !- Occupant Diversity

OS:AvailabilityManagerAssignmentList,
  {fd54a235-123d-4d0e-8aff-89004ec231bf}, !- Handle
  Air Loop HVAC 1 AvailabilityManagerAssignmentList; !- Name

OS:Connection,
  {d091cb5b-4b28-4b21-9d03-2f56065f392c}, !- Handle
  {8325cc8c-0569-424e-89ab-e2fa9731496a}, !- Source Object
  3,                                      !- Outlet Port
  {46bb66ae-e661-40a4-824b-4607ebeea165}, !- Target Object
  6;                                      !- Inlet Port

OS:Connection,
  {12fb1bd8-95e9-4c7d-a5c9-7d6c2ea11559}, !- Handle
  {46bb66ae-e661-40a4-824b-4607ebeea165}, !- Source Object
  7,                                      !- Outlet Port
  {09e86a84-e520-4096-9e13-22dd5558c8ca}, !- Target Object
  2;                                      !- Inlet Port

OS:AirTerminal:SingleDuct:ConstantVolume:NoReheat,
  {2901c53a-3bb4-44a4-b9e1-d261d2e9b9e1}, !- Handle
  air source heat pump terminal,          !- Name
  {a7f8f4f4-1da3-4754-9c7e-43276433845d}, !- Availability Schedule Name
  {121c4c6d-1249-4bc0-aab2-2096297a0fd3}, !- Air Inlet Node Name
  {862ba415-4f99-44c8-b325-ad76391c8500}, !- Air Outlet Node Name
  0.538020085248;                         !- Maximum Air Flow Rate {m3/s}

OS:Node,
  {45af9ed9-4390-4972-a583-dbd8d5a4db97}, !- Handle
  Node 7,                                 !- Name
  {5640d36c-0427-4585-8d49-b76b703b59ab}, !- Inlet Port
  {2204b1c0-e748-4d57-b4f8-559b9fa2fabc}; !- Outlet Port

OS:Connection,
  {222dca33-c5dc-4f89-9a2c-65938576a1c7}, !- Handle
  {3c5ba8af-df13-40c3-a23a-fcccaada4ae4}, !- Source Object
  3,                                      !- Outlet Port
  {4a7489e7-8794-4a70-879f-22f46339f192}, !- Target Object
  2;                                      !- Inlet Port

OS:Connection,
  {5640d36c-0427-4585-8d49-b76b703b59ab}, !- Handle
  {68d9f5de-eee3-4087-8274-b2b58f2a48b9}, !- Source Object
  2,                                      !- Outlet Port
  {45af9ed9-4390-4972-a583-dbd8d5a4db97}, !- Target Object
  2;                                      !- Inlet Port

OS:Connection,
  {2204b1c0-e748-4d57-b4f8-559b9fa2fabc}, !- Handle
  {45af9ed9-4390-4972-a583-dbd8d5a4db97}, !- Source Object
  3,                                      !- Outlet Port
  {08e37e07-56f4-408b-8ba5-c2c0f68cd74e}, !- Target Object
  3;                                      !- Inlet Port

OS:Node,
  {c241c37a-3592-4f73-b357-aec4c9070a3f}, !- Handle
  Node 8,                                 !- Name
  {f678ed84-7159-42e7-a316-90ba21507a4b}, !- Inlet Port
  {121c4c6d-1249-4bc0-aab2-2096297a0fd3}; !- Outlet Port

OS:Connection,
  {f678ed84-7159-42e7-a316-90ba21507a4b}, !- Handle
  {29206c20-b992-4f26-9c2f-2694968bd84b}, !- Source Object
  3,                                      !- Outlet Port
  {c241c37a-3592-4f73-b357-aec4c9070a3f}, !- Target Object
  2;                                      !- Inlet Port

OS:Connection,
  {121c4c6d-1249-4bc0-aab2-2096297a0fd3}, !- Handle
  {c241c37a-3592-4f73-b357-aec4c9070a3f}, !- Source Object
  3,                                      !- Outlet Port
  {2901c53a-3bb4-44a4-b9e1-d261d2e9b9e1}, !- Target Object
  3;                                      !- Inlet Port

OS:Connection,
  {862ba415-4f99-44c8-b325-ad76391c8500}, !- Handle
  {2901c53a-3bb4-44a4-b9e1-d261d2e9b9e1}, !- Source Object
  4,                                      !- Outlet Port
  {3c5ba8af-df13-40c3-a23a-fcccaada4ae4}, !- Target Object
  2;                                      !- Inlet Port

OS:Schedule:Constant,
  {af3821e9-f68e-41fa-9cc5-8e13c6a3933f}, !- Handle
  Sequential Fraction Schedule,           !- Name
  {e9f7efbc-d364-4380-9490-033e5408327a}, !- Schedule Type Limits Name
  1;                                      !- Value

OS:Schedule:Constant,
  {20f1bce8-5e0d-4dc3-b957-d61154be6dcc}, !- Handle
  Sequential Fraction Schedule 1,         !- Name
  {e9f7efbc-d364-4380-9490-033e5408327a}, !- Schedule Type Limits Name
  1;                                      !- Value

OS:Schedule:File,
  {cfd60898-5225-4cd2-b23e-29b3facd2f8a}, !- Handle
  ceiling_fan,                            !- Name
  {e9f7efbc-d364-4380-9490-033e5408327a}, !- Schedule Type Limits Name
  {aaa407cb-4ed3-448a-8ef9-8e74eb675646}, !- External File Name
  8,                                      !- Column Number
  1,                                      !- Rows to Skip at Top
  8760,                                   !- Number of Hours of Data
  ,                                       !- Column Separator
  ,                                       !- Interpolate to Timestep
  15,                                     !- Minutes per Item
  ,                                       !- Adjust Schedule for Daylight Savings
  Yes;                                    !- Translate File With Relative Path

OS:ElectricEquipment:Definition,
  {ec7edfda-6cd2-434d-a5db-717d69519a7c}, !- Handle
  ceiling fan,                            !- Name
  EquipmentLevel,                         !- Design Level Calculation Method
  32.1849007341001,                       !- Design Level {W}
  ,                                       !- Watts per Space Floor Area {W/m2}
  ,                                       !- Watts per Person {W/person}
  0,                                      !- Fraction Latent
  0.558,                                  !- Fraction Radiant
  0;                                      !- Fraction Lost

OS:ElectricEquipment,
  {a8169563-e799-42e9-bc06-ba99900cc8b3}, !- Handle
  ceiling fan,                            !- Name
  {ec7edfda-6cd2-434d-a5db-717d69519a7c}, !- Electric Equipment Definition Name
  {bcac1226-0ceb-40d7-a8ad-8ac3ecd06f7f}, !- Space or SpaceType Name
  {cfd60898-5225-4cd2-b23e-29b3facd2f8a}, !- Schedule Name
  ,                                       !- Multiplier
  ceiling fan;                            !- End-Use Subcategory

OS:PlantLoop,
  {66198332-fed9-4674-97a1-bcd2056b6262}, !- Handle
  dhw loop,                               !- Name
  ,                                       !- Fluid Type
  0,                                      !- Glycol Concentration
  ,                                       !- User Defined Fluid Type
  ,                                       !- Plant Equipment Operation Heating Load
  ,                                       !- Plant Equipment Operation Cooling Load
  ,                                       !- Primary Plant Equipment Operation Scheme
  {8704c7bb-4c8e-4787-aaad-706868a6aafe}, !- Loop Temperature Setpoint Node Name
  ,                                       !- Maximum Loop Temperature {C}
  ,                                       !- Minimum Loop Temperature {C}
  0.01,                                   !- Maximum Loop Flow Rate {m3/s}
  ,                                       !- Minimum Loop Flow Rate {m3/s}
  0.003,                                  !- Plant Loop Volume {m3}
  {0e082dd8-19a0-4436-bc05-704ba0a0e597}, !- Plant Side Inlet Node Name
  {cb4982f4-9bfb-4349-bb27-ced52d5fd7ae}, !- Plant Side Outlet Node Name
  ,                                       !- Plant Side Branch List Name
  {0e45ec1c-45a0-44f2-a782-3b15d81d0bfc}, !- Demand Side Inlet Node Name
  {ccd2f618-8856-4ff0-a531-c14ee3b5e0d8}, !- Demand Side Outlet Node Name
  ,                                       !- Demand Side Branch List Name
  ,                                       !- Demand Side Connector List Name
  Optimal,                                !- Load Distribution Scheme
  {9f02bc8e-9d98-491e-adad-0f285fb47215}, !- Availability Manager List Name
  ,                                       !- Plant Loop Demand Calculation Scheme
  ,                                       !- Common Pipe Simulation
  ,                                       !- Pressure Simulation Type
  ,                                       !- Plant Equipment Operation Heating Load Schedule
  ,                                       !- Plant Equipment Operation Cooling Load Schedule
  ,                                       !- Primary Plant Equipment Operation Scheme Schedule
  ,                                       !- Component Setpoint Operation Scheme Schedule
  {3ea8151b-03ee-4b39-afac-97fbae64a9dd}, !- Demand Mixer Name
  {ea8689d9-d6c6-491a-a8c9-a067234a9a3d}, !- Demand Splitter Name
  {edd0ccce-494e-4593-b6db-b8144b5fbeb2}, !- Supply Mixer Name
  {798abe16-d035-4337-a2c4-1f906d8433e9}; !- Supply Splitter Name

OS:Node,
  {25de28cd-da87-48f7-af4e-0d7acefed1d0}, !- Handle
  Node 9,                                 !- Name
  {0e082dd8-19a0-4436-bc05-704ba0a0e597}, !- Inlet Port
  {bac9a6bb-380e-4b1e-b683-0e89a9f50dec}; !- Outlet Port

OS:Node,
  {8704c7bb-4c8e-4787-aaad-706868a6aafe}, !- Handle
  Node 10,                                !- Name
  {be22a9b2-5bb7-452e-b5c6-7195eea9bd33}, !- Inlet Port
  {cb4982f4-9bfb-4349-bb27-ced52d5fd7ae}; !- Outlet Port

OS:Node,
  {4219b28a-79bf-4f5a-990c-3a143441108f}, !- Handle
  Node 11,                                !- Name
  {5f87b3b6-e7a1-4744-8a65-9d819b98bc5d}, !- Inlet Port
  {1ca217ad-5fc4-4a83-9d95-a56d3510d599}; !- Outlet Port

OS:Connector:Mixer,
  {edd0ccce-494e-4593-b6db-b8144b5fbeb2}, !- Handle
  Connector Mixer 1,                      !- Name
  {6c23916e-ce4c-482b-9185-d085d9e2b1b1}, !- Outlet Branch Name
  {91f3c51c-a9b9-47aa-9bb6-17624e10fb65}, !- Inlet Branch Name 1
  {acfa999f-10a4-40e0-97d0-43daf03cdacc}; !- Inlet Branch Name 2

OS:Connector:Splitter,
  {798abe16-d035-4337-a2c4-1f906d8433e9}, !- Handle
  Connector Splitter 1,                   !- Name
  {d32891b6-4b6a-4287-a1e7-92e71bcc7261}, !- Inlet Branch Name
  {5f87b3b6-e7a1-4744-8a65-9d819b98bc5d}, !- Outlet Branch Name 1
  {8d60a2e2-fb00-4ae7-8139-aa5c40247823}; !- Outlet Branch Name 2

OS:Connection,
  {0e082dd8-19a0-4436-bc05-704ba0a0e597}, !- Handle
  {66198332-fed9-4674-97a1-bcd2056b6262}, !- Source Object
  14,                                     !- Outlet Port
  {25de28cd-da87-48f7-af4e-0d7acefed1d0}, !- Target Object
  2;                                      !- Inlet Port

OS:Connection,
  {5f87b3b6-e7a1-4744-8a65-9d819b98bc5d}, !- Handle
  {798abe16-d035-4337-a2c4-1f906d8433e9}, !- Source Object
  3,                                      !- Outlet Port
  {4219b28a-79bf-4f5a-990c-3a143441108f}, !- Target Object
  2;                                      !- Inlet Port

OS:Connection,
  {cb4982f4-9bfb-4349-bb27-ced52d5fd7ae}, !- Handle
  {8704c7bb-4c8e-4787-aaad-706868a6aafe}, !- Source Object
  3,                                      !- Outlet Port
  {66198332-fed9-4674-97a1-bcd2056b6262}, !- Target Object
  15;                                     !- Inlet Port

OS:Node,
  {b8134310-4864-4b0d-bec5-bd0ea16b8314}, !- Handle
  Node 12,                                !- Name
  {0e45ec1c-45a0-44f2-a782-3b15d81d0bfc}, !- Inlet Port
  {b3867978-c105-4d24-a94e-b2c2a9a95749}; !- Outlet Port

OS:Node,
  {3efe36d6-93fd-48e1-9569-11c0368d4636}, !- Handle
  Node 13,                                !- Name
  {3acfc522-d35f-408b-ae0d-45e7c3631a7e}, !- Inlet Port
  {ccd2f618-8856-4ff0-a531-c14ee3b5e0d8}; !- Outlet Port

OS:Node,
  {700f093b-1567-45b0-9736-5e8361aa637e}, !- Handle
  Node 14,                                !- Name
  {c1e50286-8a3f-4913-b940-3a307fc2dc57}, !- Inlet Port
  {c42ee88b-71ac-4e19-889d-32b643cca0f9}; !- Outlet Port

OS:Connector:Mixer,
  {3ea8151b-03ee-4b39-afac-97fbae64a9dd}, !- Handle
  Connector Mixer 2,                      !- Name
  {3acfc522-d35f-408b-ae0d-45e7c3631a7e}, !- Outlet Branch Name
  {58a75c59-6f02-4ede-bb92-af18b6f5c0d7}; !- Inlet Branch Name 1

OS:Connector:Splitter,
  {ea8689d9-d6c6-491a-a8c9-a067234a9a3d}, !- Handle
  Connector Splitter 2,                   !- Name
  {b3867978-c105-4d24-a94e-b2c2a9a95749}, !- Inlet Branch Name
  {c1e50286-8a3f-4913-b940-3a307fc2dc57}; !- Outlet Branch Name 1

OS:Connection,
  {0e45ec1c-45a0-44f2-a782-3b15d81d0bfc}, !- Handle
  {66198332-fed9-4674-97a1-bcd2056b6262}, !- Source Object
  17,                                     !- Outlet Port
  {b8134310-4864-4b0d-bec5-bd0ea16b8314}, !- Target Object
  2;                                      !- Inlet Port

OS:Connection,
  {b3867978-c105-4d24-a94e-b2c2a9a95749}, !- Handle
  {b8134310-4864-4b0d-bec5-bd0ea16b8314}, !- Source Object
  3,                                      !- Outlet Port
  {ea8689d9-d6c6-491a-a8c9-a067234a9a3d}, !- Target Object
  2;                                      !- Inlet Port

OS:Connection,
  {c1e50286-8a3f-4913-b940-3a307fc2dc57}, !- Handle
  {ea8689d9-d6c6-491a-a8c9-a067234a9a3d}, !- Source Object
  3,                                      !- Outlet Port
  {700f093b-1567-45b0-9736-5e8361aa637e}, !- Target Object
  2;                                      !- Inlet Port

OS:Connection,
  {3acfc522-d35f-408b-ae0d-45e7c3631a7e}, !- Handle
  {3ea8151b-03ee-4b39-afac-97fbae64a9dd}, !- Source Object
  2,                                      !- Outlet Port
  {3efe36d6-93fd-48e1-9569-11c0368d4636}, !- Target Object
  2;                                      !- Inlet Port

OS:Connection,
  {ccd2f618-8856-4ff0-a531-c14ee3b5e0d8}, !- Handle
  {3efe36d6-93fd-48e1-9569-11c0368d4636}, !- Source Object
  3,                                      !- Outlet Port
  {66198332-fed9-4674-97a1-bcd2056b6262}, !- Target Object
  18;                                     !- Inlet Port

OS:Sizing:Plant,
  {afbd1954-8ad2-41bd-83c5-c0858f694fa5}, !- Handle
  {66198332-fed9-4674-97a1-bcd2056b6262}, !- Plant or Condenser Loop Name
  Heating,                                !- Loop Type
  52.6666666666667,                       !- Design Loop Exit Temperature {C}
  5.55555555555556,                       !- Loop Design Temperature Difference {deltaC}
  NonCoincident,                          !- Sizing Option
  1,                                      !- Zone Timesteps in Averaging Window
  None;                                   !- Coincident Sizing Factor Mode

OS:AvailabilityManagerAssignmentList,
  {9f02bc8e-9d98-491e-adad-0f285fb47215}, !- Handle
  Plant Loop 1 AvailabilityManagerAssignmentList; !- Name

OS:Pipe:Adiabatic,
  {7a4d67b0-49f1-4c6e-b5d7-dcec18ad1e91}, !- Handle
  Pipe Adiabatic 1,                       !- Name
  {1ca217ad-5fc4-4a83-9d95-a56d3510d599}, !- Inlet Node Name
  {98494ef1-99c9-4047-ac16-7d80b741cfc4}; !- Outlet Node Name

OS:Pipe:Adiabatic,
  {573dc2cb-ab7c-409b-af14-2a59672ed4e5}, !- Handle
  Pipe Adiabatic 2,                       !- Name
  {d6eb3e9a-564d-476e-bddc-045acff141ce}, !- Inlet Node Name
  {be22a9b2-5bb7-452e-b5c6-7195eea9bd33}; !- Outlet Node Name

OS:Node,
  {a8f7f512-4a6b-4d59-964c-afd25f920c35}, !- Handle
  Node 15,                                !- Name
  {98494ef1-99c9-4047-ac16-7d80b741cfc4}, !- Inlet Port
  {91f3c51c-a9b9-47aa-9bb6-17624e10fb65}; !- Outlet Port

OS:Connection,
  {1ca217ad-5fc4-4a83-9d95-a56d3510d599}, !- Handle
  {4219b28a-79bf-4f5a-990c-3a143441108f}, !- Source Object
  3,                                      !- Outlet Port
  {7a4d67b0-49f1-4c6e-b5d7-dcec18ad1e91}, !- Target Object
  2;                                      !- Inlet Port

OS:Connection,
  {98494ef1-99c9-4047-ac16-7d80b741cfc4}, !- Handle
  {7a4d67b0-49f1-4c6e-b5d7-dcec18ad1e91}, !- Source Object
  3,                                      !- Outlet Port
  {a8f7f512-4a6b-4d59-964c-afd25f920c35}, !- Target Object
  2;                                      !- Inlet Port

OS:Connection,
  {91f3c51c-a9b9-47aa-9bb6-17624e10fb65}, !- Handle
  {a8f7f512-4a6b-4d59-964c-afd25f920c35}, !- Source Object
  3,                                      !- Outlet Port
  {edd0ccce-494e-4593-b6db-b8144b5fbeb2}, !- Target Object
  3;                                      !- Inlet Port

OS:Node,
  {32684bf1-3d98-4217-8e03-013c1559c093}, !- Handle
  Node 16,                                !- Name
  {6c23916e-ce4c-482b-9185-d085d9e2b1b1}, !- Inlet Port
  {d6eb3e9a-564d-476e-bddc-045acff141ce}; !- Outlet Port

OS:Connection,
  {6c23916e-ce4c-482b-9185-d085d9e2b1b1}, !- Handle
  {edd0ccce-494e-4593-b6db-b8144b5fbeb2}, !- Source Object
  2,                                      !- Outlet Port
  {32684bf1-3d98-4217-8e03-013c1559c093}, !- Target Object
  2;                                      !- Inlet Port

OS:Connection,
  {d6eb3e9a-564d-476e-bddc-045acff141ce}, !- Handle
  {32684bf1-3d98-4217-8e03-013c1559c093}, !- Source Object
  3,                                      !- Outlet Port
  {573dc2cb-ab7c-409b-af14-2a59672ed4e5}, !- Target Object
  2;                                      !- Inlet Port

OS:Connection,
  {be22a9b2-5bb7-452e-b5c6-7195eea9bd33}, !- Handle
  {573dc2cb-ab7c-409b-af14-2a59672ed4e5}, !- Source Object
  3,                                      !- Outlet Port
  {8704c7bb-4c8e-4787-aaad-706868a6aafe}, !- Target Object
  2;                                      !- Inlet Port

OS:Pump:VariableSpeed,
  {fd223bc1-3519-4942-bc03-c3083b19c2bb}, !- Handle
  Pump Variable Speed 1,                  !- Name
  {bac9a6bb-380e-4b1e-b683-0e89a9f50dec}, !- Inlet Node Name
  {f205cfb8-42a9-4581-bf57-3a0cf8d3fbd5}, !- Outlet Node Name
  0.01,                                   !- Rated Flow Rate {m3/s}
  1,                                      !- Rated Pump Head {Pa}
  0,                                      !- Rated Power Consumption {W}
  1,                                      !- Motor Efficiency
  0,                                      !- Fraction of Motor Inefficiencies to Fluid Stream
  0,                                      !- Coefficient 1 of the Part Load Performance Curve
  1,                                      !- Coefficient 2 of the Part Load Performance Curve
  0,                                      !- Coefficient 3 of the Part Load Performance Curve
  0,                                      !- Coefficient 4 of the Part Load Performance Curve
  ,                                       !- Minimum Flow Rate {m3/s}
  Intermittent,                           !- Pump Control Type
  ,                                       !- Pump Flow Rate Schedule Name
  ,                                       !- Pump Curve Name
  ,                                       !- Impeller Diameter {m}
  ,                                       !- VFD Control Type
  ,                                       !- Pump RPM Schedule Name
  ,                                       !- Minimum Pressure Schedule {Pa}
  ,                                       !- Maximum Pressure Schedule {Pa}
  ,                                       !- Minimum RPM Schedule {rev/min}
  ,                                       !- Maximum RPM Schedule {rev/min}
  ,                                       !- Zone Name
  0.5,                                    !- Skin Loss Radiative Fraction
  PowerPerFlowPerPressure,                !- Design Power Sizing Method
  348701.1,                               !- Design Electric Power per Unit Flow Rate {W/(m3/s)}
  1.282051282,                            !- Design Shaft Power per Unit Flow Rate per Unit Head {W-s/m3-Pa}
  0,                                      !- Design Minimum Flow Rate Fraction
  General;                                !- End-Use Subcategory

OS:Node,
  {ec8654e0-8617-4ac6-b449-48209fe6722d}, !- Handle
  Node 17,                                !- Name
  {f205cfb8-42a9-4581-bf57-3a0cf8d3fbd5}, !- Inlet Port
  {d32891b6-4b6a-4287-a1e7-92e71bcc7261}; !- Outlet Port

OS:Connection,
  {bac9a6bb-380e-4b1e-b683-0e89a9f50dec}, !- Handle
  {25de28cd-da87-48f7-af4e-0d7acefed1d0}, !- Source Object
  3,                                      !- Outlet Port
  {fd223bc1-3519-4942-bc03-c3083b19c2bb}, !- Target Object
  2;                                      !- Inlet Port

OS:Connection,
  {f205cfb8-42a9-4581-bf57-3a0cf8d3fbd5}, !- Handle
  {fd223bc1-3519-4942-bc03-c3083b19c2bb}, !- Source Object
  3,                                      !- Outlet Port
  {ec8654e0-8617-4ac6-b449-48209fe6722d}, !- Target Object
  2;                                      !- Inlet Port

OS:Connection,
  {d32891b6-4b6a-4287-a1e7-92e71bcc7261}, !- Handle
  {ec8654e0-8617-4ac6-b449-48209fe6722d}, !- Source Object
  3,                                      !- Outlet Port
  {798abe16-d035-4337-a2c4-1f906d8433e9}, !- Target Object
  2;                                      !- Inlet Port

OS:Schedule:Constant,
  {7fc582b2-7a5d-49e0-9613-43e378b3bf72}, !- Handle
  dhw temp,                               !- Name
  {9b4b4c04-aedf-4bd3-baa7-cf758617e0c7}, !- Schedule Type Limits Name
  52.6666666666667;                       !- Value

OS:SetpointManager:Scheduled,
  {c46670cf-271b-49d4-9875-0c39d722ff70}, !- Handle
  Setpoint Manager Scheduled 1,           !- Name
  Temperature,                            !- Control Variable
  {7fc582b2-7a5d-49e0-9613-43e378b3bf72}, !- Schedule Name
  {8704c7bb-4c8e-4787-aaad-706868a6aafe}; !- Setpoint Node or NodeList Name

OS:WaterHeater:Mixed,
  {abf7db86-5d65-4143-a92d-bfae611613b0}, !- Handle
  water heater,                           !- Name
  0.170343530278643,                      !- Tank Volume {m3}
  {d64821fb-5fdf-4b34-92c1-49e51ba03218}, !- Setpoint Temperature Schedule Name
  2,                                      !- Deadband Temperature Difference {deltaC}
  99,                                     !- Maximum Temperature Limit {C}
  Cycle,                                  !- Heater Control Type
  5500.06477392209,                       !- Heater Maximum Capacity {W}
  0,                                      !- Heater Minimum Capacity {W}
  ,                                       !- Heater Ignition Minimum Flow Rate {m3/s}
  ,                                       !- Heater Ignition Delay {s}
  Electricity,                            !- Heater Fuel Type
  1,                                      !- Heater Thermal Efficiency
  ,                                       !- Part Load Factor Curve Name
  0,                                      !- Off Cycle Parasitic Fuel Consumption Rate {W}
  Electricity,                            !- Off Cycle Parasitic Fuel Type
  0,                                      !- Off Cycle Parasitic Heat Fraction to Tank
  0,                                      !- On Cycle Parasitic Fuel Consumption Rate {W}
  Electricity,                            !- On Cycle Parasitic Fuel Type
  0,                                      !- On Cycle Parasitic Heat Fraction to Tank
  ThermalZone,                            !- Ambient Temperature Indicator
  ,                                       !- Ambient Temperature Schedule Name
  {1cfb2b60-a522-420e-bfde-08927b72cebe}, !- Ambient Temperature Thermal Zone Name
  ,                                       !- Ambient Temperature Outdoor Air Node Name
  0.704227539803499,                      !- Off Cycle Loss Coefficient to Ambient Temperature {W/K}
  1,                                      !- Off Cycle Loss Fraction to Thermal Zone
  0.704227539803499,                      !- On Cycle Loss Coefficient to Ambient Temperature {W/K}
  1,                                      !- On Cycle Loss Fraction to Thermal Zone
  ,                                       !- Peak Use Flow Rate {m3/s}
  ,                                       !- Use Flow Rate Fraction Schedule Name
  ,                                       !- Cold Water Supply Temperature Schedule Name
  {2da05430-64b4-4a73-8782-b6002e082643}, !- Use Side Inlet Node Name
  {651d8020-1b3a-4cd2-8dd1-c2a37cb9500f}, !- Use Side Outlet Node Name
  1,                                      !- Use Side Effectiveness
  ,                                       !- Source Side Inlet Node Name
  ,                                       !- Source Side Outlet Node Name
  1,                                      !- Source Side Effectiveness
  autosize,                               !- Use Side Design Flow Rate {m3/s}
  autosize,                               !- Source Side Design Flow Rate {m3/s}
  1.5,                                    !- Indirect Water Heating Recovery Time {hr}
  IndirectHeatPrimarySetpoint,            !- Source Side Flow Control Mode
  ,                                       !- Indirect Alternate Setpoint Temperature Schedule Name
  General;                                !- End-Use Subcategory

OS:WaterHeater:Sizing,
  {3e26b523-3145-4354-9c77-eec1c6833167}, !- Handle
  {abf7db86-5d65-4143-a92d-bfae611613b0}, !- WaterHeater Name
  PeakDraw,                               !- Design Mode
  0.538503,                               !- Time Storage Can Meet Peak Draw {hr}
  0,                                      !- Time for Tank Recovery {hr}
  1;                                      !- Nominal Tank Volume for Autosizing Plant Connections {m3}

OS:Schedule:Constant,
  {d64821fb-5fdf-4b34-92c1-49e51ba03218}, !- Handle
  water heater setpoint,                  !- Name
  {9b4b4c04-aedf-4bd3-baa7-cf758617e0c7}, !- Schedule Type Limits Name
  52.6666666666667;                       !- Value

OS:AdditionalProperties,
  {dc4d4dfc-0930-420a-a7a2-4b06b9e439c0}, !- Handle
  {abf7db86-5d65-4143-a92d-bfae611613b0}, !- Object Name
  HPXML_ID,                               !- Feature Name 1
  String,                                 !- Feature Data Type 1
  WaterHeatingSystem1;                    !- Feature Value 1

OS:Node,
  {6f4b83c1-4cb5-413e-b89d-7d2f630ecab8}, !- Handle
  Node 18,                                !- Name
  {8d60a2e2-fb00-4ae7-8139-aa5c40247823}, !- Inlet Port
  {2da05430-64b4-4a73-8782-b6002e082643}; !- Outlet Port

OS:Connection,
  {8d60a2e2-fb00-4ae7-8139-aa5c40247823}, !- Handle
  {798abe16-d035-4337-a2c4-1f906d8433e9}, !- Source Object
  4,                                      !- Outlet Port
  {6f4b83c1-4cb5-413e-b89d-7d2f630ecab8}, !- Target Object
  2;                                      !- Inlet Port

OS:Node,
  {4a9fa642-e863-4169-8920-9bc31c2cdb7a}, !- Handle
  Node 19,                                !- Name
  {651d8020-1b3a-4cd2-8dd1-c2a37cb9500f}, !- Inlet Port
  {acfa999f-10a4-40e0-97d0-43daf03cdacc}; !- Outlet Port

OS:Connection,
  {2da05430-64b4-4a73-8782-b6002e082643}, !- Handle
  {6f4b83c1-4cb5-413e-b89d-7d2f630ecab8}, !- Source Object
  3,                                      !- Outlet Port
  {abf7db86-5d65-4143-a92d-bfae611613b0}, !- Target Object
  31;                                     !- Inlet Port

OS:Connection,
  {651d8020-1b3a-4cd2-8dd1-c2a37cb9500f}, !- Handle
  {abf7db86-5d65-4143-a92d-bfae611613b0}, !- Source Object
  32,                                     !- Outlet Port
  {4a9fa642-e863-4169-8920-9bc31c2cdb7a}, !- Target Object
  2;                                      !- Inlet Port

OS:Connection,
  {acfa999f-10a4-40e0-97d0-43daf03cdacc}, !- Handle
  {4a9fa642-e863-4169-8920-9bc31c2cdb7a}, !- Source Object
  3,                                      !- Outlet Port
  {edd0ccce-494e-4593-b6db-b8144b5fbeb2}, !- Target Object
  4;                                      !- Inlet Port

OS:OtherEquipment:Definition,
  {832ae2fc-2074-46f6-b519-6a3f74a0176a}, !- Handle
  water heater energy adjustment1,        !- Name
  EquipmentLevel,                         !- Design Level Calculation Method
  0.01,                                   !- Design Level {W}
  ,                                       !- Watts per Space Floor Area {W/m2}
  ,                                       !- Watts per Person {W/Person}
  0,                                      !- Fraction Latent
  0,                                      !- Fraction Radiant
  1;                                      !- Fraction Lost

OS:OtherEquipment,
  {aa048b97-ae8b-4aba-920d-3bc04b55a8c3}, !- Handle
  water heater energy adjustment1,        !- Name
  {832ae2fc-2074-46f6-b519-6a3f74a0176a}, !- Other Equipment Definition Name
  {bcac1226-0ceb-40d7-a8ad-8ac3ecd06f7f}, !- Space or SpaceType Name
  {a7f8f4f4-1da3-4754-9c7e-43276433845d}, !- Schedule Name
  ,                                       !- Multiplier
  Electricity,                            !- Fuel Type
  water heater energy adjustment1;        !- End-Use Subcategory

OS:AdditionalProperties,
  {c3d05800-5838-4b3a-ad42-30fb52570706}, !- Handle
  {aa048b97-ae8b-4aba-920d-3bc04b55a8c3}, !- Object Name
  HPXML_ID,                               !- Feature Name 1
  String,                                 !- Feature Data Type 1
  WaterHeatingSystem1;                    !- Feature Value 1

OS:EnergyManagementSystem:Sensor,
  {a1d10be8-ebf1-42bc-8705-baf30154146c}, !- Handle
  water_heater_energy,                    !- Name
  water heater,                           !- Output Variable or Output Meter Index Key Name
  Water Heater Electricity Rate;          !- Output Variable or Output Meter Name

OS:EnergyManagementSystem:Sensor,
  {ac308c17-16a9-4f22-b12e-f55eb2413bbd}, !- Handle
  water_heater_on_cycle_parasitic,        !- Name
  water heater,                           !- Output Variable or Output Meter Index Key Name
  Water Heater On Cycle Parasitic Electricity Rate; !- Output Variable or Output Meter Name

OS:EnergyManagementSystem:Sensor,
  {a2aed0e8-245b-440f-9ab3-dc3d9d5f589e}, !- Handle
  water_heater_off_cycle_parasitic,       !- Name
  water heater,                           !- Output Variable or Output Meter Index Key Name
  Water Heater Off Cycle Parasitic Electricity Rate; !- Output Variable or Output Meter Name

OS:EnergyManagementSystem:Actuator,
  {ffe77e29-dd85-4522-86ce-70f4fde6c422}, !- Handle
  water_heater_ec_adj_act,                !- Name
  {aa048b97-ae8b-4aba-920d-3bc04b55a8c3}, !- Actuated Component Name
  OtherEquipment,                         !- Actuated Component Type
  Power Level,                            !- Actuated Component Control Type
  {bcac1226-0ceb-40d7-a8ad-8ac3ecd06f7f}; !- Zone or Space Name

OS:EnergyManagementSystem:Program,
  {d301afe3-87f8-4556-b786-e8f260245db6}, !- Handle
  water_heater_EC_adj,                    !- Name
  Set dhw_e_cons = water_heater_energy + water_heater_on_cycle_parasitic + water_heater_off_cycle_parasitic, !- Program Line 1
  Set water_heater_ec_adj_act = 0.0 * dhw_e_cons / 1; !- Program Line 2

OS:EnergyManagementSystem:ProgramCallingManager,
  {ec03c080-d003-489c-a302-bbb7bdc52398}, !- Handle
  water heater EC_adj ProgramManager,     !- Name
  EndOfSystemTimestepBeforeHVACReporting, !- EnergyPlus Model Calling Point
  {d301afe3-87f8-4556-b786-e8f260245db6}; !- Program Name 1

OS:WaterUse:Connections,
  {6cc826d9-4230-4788-8058-4ea8ee8adcbb}, !- Handle
  Water Use Connections 1,                !- Name
  {c42ee88b-71ac-4e19-889d-32b643cca0f9}, !- Inlet Node Name
  {af1fa741-0d6d-49d4-b435-e8f59da4dd55}, !- Outlet Node Name
  ,                                       !- Supply Water Storage Tank Name
  ,                                       !- Reclamation Water Storage Tank Name
  ,                                       !- Hot Water Supply Temperature Schedule Name
  ,                                       !- Cold Water Supply Temperature Schedule Name
  None,                                   !- Drain Water Heat Exchanger Type
  Plant,                                  !- Drain Water Heat Exchanger Destination
  ,                                       !- Drain Water Heat Exchanger U-Factor Times Area {W/K}
  {fe3ced50-928d-4a73-98e8-b93ac300e783}, !- Water Use Equipment Name 1
  {c6e586b9-d770-40c8-b9dd-93fd78f8a1f3}, !- Water Use Equipment Name 2
  {319509b1-dc2e-4cc2-9272-990b33541ecd}, !- Water Use Equipment Name 3
  {70bc732b-51d2-4678-8462-3ec8a915ff90}; !- Water Use Equipment Name 4

OS:AdditionalProperties,
  {1c6244c2-e47e-4285-aee8-89ee2e7cad32}, !- Handle
  {6cc826d9-4230-4788-8058-4ea8ee8adcbb}, !- Object Name
  HPXML_ID,                               !- Feature Name 1
  String,                                 !- Feature Data Type 1
  WaterHeatingSystem1;                    !- Feature Value 1

OS:Node,
  {ec2869e6-dd81-40f5-b457-413b61cb6dda}, !- Handle
  Node 20,                                !- Name
  {af1fa741-0d6d-49d4-b435-e8f59da4dd55}, !- Inlet Port
  {58a75c59-6f02-4ede-bb92-af18b6f5c0d7}; !- Outlet Port

OS:Connection,
  {c42ee88b-71ac-4e19-889d-32b643cca0f9}, !- Handle
  {700f093b-1567-45b0-9736-5e8361aa637e}, !- Source Object
  3,                                      !- Outlet Port
  {6cc826d9-4230-4788-8058-4ea8ee8adcbb}, !- Target Object
  2;                                      !- Inlet Port

OS:Connection,
  {af1fa741-0d6d-49d4-b435-e8f59da4dd55}, !- Handle
  {6cc826d9-4230-4788-8058-4ea8ee8adcbb}, !- Source Object
  3,                                      !- Outlet Port
  {ec2869e6-dd81-40f5-b457-413b61cb6dda}, !- Target Object
  2;                                      !- Inlet Port

OS:Connection,
  {58a75c59-6f02-4ede-bb92-af18b6f5c0d7}, !- Handle
  {ec2869e6-dd81-40f5-b457-413b61cb6dda}, !- Source Object
  3,                                      !- Outlet Port
  {3ea8151b-03ee-4b39-afac-97fbae64a9dd}, !- Target Object
  3;                                      !- Inlet Port

OS:Schedule:File,
  {378cc9d7-bfb5-4af1-9081-8008be0833c3}, !- Handle
  clothes_washer,                         !- Name
  {e9f7efbc-d364-4380-9490-033e5408327a}, !- Schedule Type Limits Name
  {aaa407cb-4ed3-448a-8ef9-8e74eb675646}, !- External File Name
  6,                                      !- Column Number
  1,                                      !- Rows to Skip at Top
  8760,                                   !- Number of Hours of Data
  ,                                       !- Column Separator
  ,                                       !- Interpolate to Timestep
  15,                                     !- Minutes per Item
  ,                                       !- Adjust Schedule for Daylight Savings
  Yes;                                    !- Translate File With Relative Path

OS:ElectricEquipment:Definition,
  {2b8b61f8-e8f0-485d-a3db-7a332a6f1b43}, !- Handle
  clothes washer,                         !- Name
  EquipmentLevel,                         !- Design Level Calculation Method
  706.965107526549,                       !- Design Level {W}
  ,                                       !- Watts per Space Floor Area {W/m2}
  ,                                       !- Watts per Person {W/person}
  0.03,                                   !- Fraction Latent
  0.162,                                  !- Fraction Radiant
  0.7;                                    !- Fraction Lost

OS:ElectricEquipment,
  {a9130395-e064-40af-9919-9687d6879fc4}, !- Handle
  clothes washer,                         !- Name
  {2b8b61f8-e8f0-485d-a3db-7a332a6f1b43}, !- Electric Equipment Definition Name
  {bcac1226-0ceb-40d7-a8ad-8ac3ecd06f7f}, !- Space or SpaceType Name
  {378cc9d7-bfb5-4af1-9081-8008be0833c3}, !- Schedule Name
  ,                                       !- Multiplier
  clothes washer;                         !- End-Use Subcategory

OS:Schedule:File,
  {b496166b-c617-4d84-a342-8551a1728028}, !- Handle
  clothes_dryer,                          !- Name
  {e9f7efbc-d364-4380-9490-033e5408327a}, !- Schedule Type Limits Name
  {aaa407cb-4ed3-448a-8ef9-8e74eb675646}, !- External File Name
  7,                                      !- Column Number
  1,                                      !- Rows to Skip at Top
  8760,                                   !- Number of Hours of Data
  ,                                       !- Column Separator
  ,                                       !- Interpolate to Timestep
  15,                                     !- Minutes per Item
  ,                                       !- Adjust Schedule for Daylight Savings
  Yes;                                    !- Translate File With Relative Path

OS:ElectricEquipment:Definition,
  {d0f3c2aa-ecbc-45bc-ab8b-483bcbb4a954}, !- Handle
  clothes dryer,                          !- Name
  EquipmentLevel,                         !- Design Level Calculation Method
  10882.4041240684,                       !- Design Level {W}
  ,                                       !- Watts per Space Floor Area {W/m2}
  ,                                       !- Watts per Person {W/person}
  0.015,                                  !- Fraction Latent
  0.081,                                  !- Fraction Radiant
  0.85;                                   !- Fraction Lost

OS:ElectricEquipment,
  {a40897b1-e314-423f-8acb-e7bdfeb4d5d6}, !- Handle
  clothes dryer,                          !- Name
  {d0f3c2aa-ecbc-45bc-ab8b-483bcbb4a954}, !- Electric Equipment Definition Name
  {bcac1226-0ceb-40d7-a8ad-8ac3ecd06f7f}, !- Space or SpaceType Name
  {b496166b-c617-4d84-a342-8551a1728028}, !- Schedule Name
  ,                                       !- Multiplier
  clothes dryer;                          !- End-Use Subcategory

OS:Schedule:File,
  {bf781748-58c1-4bb2-bb23-317c374a677b}, !- Handle
  dishwasher,                             !- Name
  {e9f7efbc-d364-4380-9490-033e5408327a}, !- Schedule Type Limits Name
  {aaa407cb-4ed3-448a-8ef9-8e74eb675646}, !- External File Name
  5,                                      !- Column Number
  1,                                      !- Rows to Skip at Top
  8760,                                   !- Number of Hours of Data
  ,                                       !- Column Separator
  ,                                       !- Interpolate to Timestep
  15,                                     !- Minutes per Item
  ,                                       !- Adjust Schedule for Daylight Savings
  Yes;                                    !- Translate File With Relative Path

OS:ElectricEquipment:Definition,
  {56cf47d5-3f0c-4ea4-9d99-4d590623bfe9}, !- Handle
  dishwasher,                             !- Name
  EquipmentLevel,                         !- Design Level Calculation Method
  1022.85207938106,                       !- Design Level {W}
  ,                                       !- Watts per Space Floor Area {W/m2}
  ,                                       !- Watts per Person {W/person}
  0.3,                                    !- Fraction Latent
  0.18,                                   !- Fraction Radiant
  0.4;                                    !- Fraction Lost

OS:ElectricEquipment,
  {a7169543-cd6f-43c1-8daa-a5bb81a6bd14}, !- Handle
  dishwasher,                             !- Name
  {56cf47d5-3f0c-4ea4-9d99-4d590623bfe9}, !- Electric Equipment Definition Name
  {bcac1226-0ceb-40d7-a8ad-8ac3ecd06f7f}, !- Space or SpaceType Name
  {bf781748-58c1-4bb2-bb23-317c374a677b}, !- Schedule Name
  ,                                       !- Multiplier
  dishwasher;                             !- End-Use Subcategory

OS:Schedule:Ruleset,
  {4fe27a0b-6ffd-4941-86cd-96191c8718af}, !- Handle
  fridge schedule,                        !- Name
  {e9f7efbc-d364-4380-9490-033e5408327a}, !- Schedule Type Limits Name
  {a1339ea7-9f64-4d8f-bcda-4d90ff174911}; !- Default Day Schedule Name

OS:Schedule:Day,
  {a1339ea7-9f64-4d8f-bcda-4d90ff174911}, !- Handle
  fridge schedule default day,            !- Name
  {e9f7efbc-d364-4380-9490-033e5408327a}, !- Schedule Type Limits Name
  ,                                       !- Interpolate to Timestep
  24,                                     !- Hour 1
  0,                                      !- Minute 1
  0;                                      !- Value Until Time 1

OS:Schedule:Rule,
  {9130e756-c583-4349-a012-195b318669ac}, !- Handle
  fridge schedule allday ruleset1,        !- Name
  {4fe27a0b-6ffd-4941-86cd-96191c8718af}, !- Schedule Ruleset Name
  6,                                      !- Rule Order
  {1b9c50cc-16f7-4db7-b514-e71b7feda26a}, !- Day Schedule Name
  Yes,                                    !- Apply Sunday
  Yes,                                    !- Apply Monday
  Yes,                                    !- Apply Tuesday
  Yes,                                    !- Apply Wednesday
  Yes,                                    !- Apply Thursday
  Yes,                                    !- Apply Friday
  Yes,                                    !- Apply Saturday
  DateRange,                              !- Date Specification Type
  1,                                      !- Start Month
  1,                                      !- Start Day
  1,                                      !- End Month
  31;                                     !- End Day

OS:Schedule:Day,
  {1b9c50cc-16f7-4db7-b514-e71b7feda26a}, !- Handle
  fridge schedule allday1,                !- Name
  {e9f7efbc-d364-4380-9490-033e5408327a}, !- Schedule Type Limits Name
  ,                                       !- Interpolate to Timestep
  1,                                      !- Hour 1
  0,                                      !- Minute 1
  0.610948905109489,                      !- Value Until Time 1
  2,                                      !- Hour 2
  0,                                      !- Minute 2
  0.595675182481752,                      !- Value Until Time 2
  3,                                      !- Hour 3
  0,                                      !- Minute 3
  0.580401459854014,                      !- Value Until Time 3
  4,                                      !- Hour 4
  0,                                      !- Minute 4
  0.565127737226277,                      !- Value Until Time 4
  6,                                      !- Hour 5
  0,                                      !- Minute 5
  0.54985401459854,                       !- Value Until Time 5
  7,                                      !- Hour 6
  0,                                      !- Minute 6
  0.580401459854014,                      !- Value Until Time 6
  8,                                      !- Hour 7
  0,                                      !- Minute 7
  0.610948905109489,                      !- Value Until Time 7
  10,                                     !- Hour 8
  0,                                      !- Minute 8
  0.626222627737226,                      !- Value Until Time 8
  12,                                     !- Hour 9
  0,                                      !- Minute 9
  0.610948905109489,                      !- Value Until Time 9
  15,                                     !- Hour 10
  0,                                      !- Minute 10
  0.641496350364963,                      !- Value Until Time 10
  16,                                     !- Hour 11
  0,                                      !- Minute 11
  0.626222627737226,                      !- Value Until Time 11
  17,                                     !- Hour 12
  0,                                      !- Minute 12
  0.672043795620438,                      !- Value Until Time 12
  18,                                     !- Hour 13
  0,                                      !- Minute 13
  0.733138686131387,                      !- Value Until Time 13
  19,                                     !- Hour 14
  0,                                      !- Minute 14
  0.763686131386861,                      !- Value Until Time 14
  20,                                     !- Hour 15
  0,                                      !- Minute 15
  0.733138686131387,                      !- Value Until Time 15
  21,                                     !- Hour 16
  0,                                      !- Minute 16
  0.717864963503649,                      !- Value Until Time 16
  22,                                     !- Hour 17
  0,                                      !- Minute 17
  0.702591240875912,                      !- Value Until Time 17
  23,                                     !- Hour 18
  0,                                      !- Minute 18
  0.672043795620438,                      !- Value Until Time 18
  24,                                     !- Hour 19
  0,                                      !- Minute 19
  0.626222627737226;                      !- Value Until Time 19

OS:Schedule:Rule,
  {38cbcdaf-a6c1-4e9c-8f14-541e40d58572}, !- Handle
  fridge schedule allday ruleset2,        !- Name
  {4fe27a0b-6ffd-4941-86cd-96191c8718af}, !- Schedule Ruleset Name
  5,                                      !- Rule Order
  {c4db9652-4e6a-4cf6-885a-f23a1c796c2b}, !- Day Schedule Name
  Yes,                                    !- Apply Sunday
  Yes,                                    !- Apply Monday
  Yes,                                    !- Apply Tuesday
  Yes,                                    !- Apply Wednesday
  Yes,                                    !- Apply Thursday
  Yes,                                    !- Apply Friday
  Yes,                                    !- Apply Saturday
  DateRange,                              !- Date Specification Type
  2,                                      !- Start Month
  1,                                      !- Start Day
  2,                                      !- End Month
  28;                                     !- End Day

OS:Schedule:Day,
  {c4db9652-4e6a-4cf6-885a-f23a1c796c2b}, !- Handle
  fridge schedule allday2,                !- Name
  {e9f7efbc-d364-4380-9490-033e5408327a}, !- Schedule Type Limits Name
  ,                                       !- Interpolate to Timestep
  1,                                      !- Hour 1
  0,                                      !- Minute 1
  0.60948905109489,                       !- Value Until Time 1
  2,                                      !- Hour 2
  0,                                      !- Minute 2
  0.594251824817518,                      !- Value Until Time 2
  3,                                      !- Hour 3
  0,                                      !- Minute 3
  0.579014598540146,                      !- Value Until Time 3
  4,                                      !- Hour 4
  0,                                      !- Minute 4
  0.563777372262774,                      !- Value Until Time 4
  6,                                      !- Hour 5
  0,                                      !- Minute 5
  0.548540145985401,                      !- Value Until Time 5
  7,                                      !- Hour 6
  0,                                      !- Minute 6
  0.579014598540146,                      !- Value Until Time 6
  8,                                      !- Hour 7
  0,                                      !- Minute 7
  0.60948905109489,                       !- Value Until Time 7
  10,                                     !- Hour 8
  0,                                      !- Minute 8
  0.624726277372263,                      !- Value Until Time 8
  12,                                     !- Hour 9
  0,                                      !- Minute 9
  0.60948905109489,                       !- Value Until Time 9
  15,                                     !- Hour 10
  0,                                      !- Minute 10
  0.639963503649635,                      !- Value Until Time 10
  16,                                     !- Hour 11
  0,                                      !- Minute 11
  0.624726277372263,                      !- Value Until Time 11
  17,                                     !- Hour 12
  0,                                      !- Minute 12
  0.670437956204379,                      !- Value Until Time 12
  18,                                     !- Hour 13
  0,                                      !- Minute 13
  0.731386861313868,                      !- Value Until Time 13
  19,                                     !- Hour 14
  0,                                      !- Minute 14
  0.761861313868613,                      !- Value Until Time 14
  20,                                     !- Hour 15
  0,                                      !- Minute 15
  0.731386861313868,                      !- Value Until Time 15
  21,                                     !- Hour 16
  0,                                      !- Minute 16
  0.716149635036496,                      !- Value Until Time 16
  22,                                     !- Hour 17
  0,                                      !- Minute 17
  0.700912408759124,                      !- Value Until Time 17
  23,                                     !- Hour 18
  0,                                      !- Minute 18
  0.670437956204379,                      !- Value Until Time 18
  24,                                     !- Hour 19
  0,                                      !- Minute 19
  0.624726277372263;                      !- Value Until Time 19

OS:Schedule:Rule,
  {84fd261a-5314-43a0-924e-af6e5dae5b46}, !- Handle
  fridge schedule allday ruleset3,        !- Name
  {4fe27a0b-6ffd-4941-86cd-96191c8718af}, !- Schedule Ruleset Name
  4,                                      !- Rule Order
  {f0243b2a-af56-4594-9be2-f239d7a0ba36}, !- Day Schedule Name
  Yes,                                    !- Apply Sunday
  Yes,                                    !- Apply Monday
  Yes,                                    !- Apply Tuesday
  Yes,                                    !- Apply Wednesday
  Yes,                                    !- Apply Thursday
  Yes,                                    !- Apply Friday
  Yes,                                    !- Apply Saturday
  DateRange,                              !- Date Specification Type
  3,                                      !- Start Month
  1,                                      !- Start Day
  5,                                      !- End Month
  31;                                     !- End Day

OS:Schedule:Day,
  {f0243b2a-af56-4594-9be2-f239d7a0ba36}, !- Handle
  fridge schedule allday3,                !- Name
  {e9f7efbc-d364-4380-9490-033e5408327a}, !- Schedule Type Limits Name
  ,                                       !- Interpolate to Timestep
  1,                                      !- Hour 1
  0,                                      !- Minute 1
  0.791240875912409,                      !- Value Until Time 1
  2,                                      !- Hour 2
  0,                                      !- Minute 2
  0.771459854014598,                      !- Value Until Time 2
  3,                                      !- Hour 3
  0,                                      !- Minute 3
  0.751678832116788,                      !- Value Until Time 3
  4,                                      !- Hour 4
  0,                                      !- Minute 4
  0.731897810218978,                      !- Value Until Time 4
  6,                                      !- Hour 5
  0,                                      !- Minute 5
  0.712116788321168,                      !- Value Until Time 5
  7,                                      !- Hour 6
  0,                                      !- Minute 6
  0.751678832116788,                      !- Value Until Time 6
  8,                                      !- Hour 7
  0,                                      !- Minute 7
  0.791240875912409,                      !- Value Until Time 7
  10,                                     !- Hour 8
  0,                                      !- Minute 8
  0.811021897810219,                      !- Value Until Time 8
  12,                                     !- Hour 9
  0,                                      !- Minute 9
  0.791240875912409,                      !- Value Until Time 9
  15,                                     !- Hour 10
  0,                                      !- Minute 10
  0.830802919708029,                      !- Value Until Time 10
  16,                                     !- Hour 11
  0,                                      !- Minute 11
  0.811021897810219,                      !- Value Until Time 11
  17,                                     !- Hour 12
  0,                                      !- Minute 12
  0.87036496350365,                       !- Value Until Time 12
  18,                                     !- Hour 13
  0,                                      !- Minute 13
  0.949489051094891,                      !- Value Until Time 13
  19,                                     !- Hour 14
  0,                                      !- Minute 14
  0.989051094890511,                      !- Value Until Time 14
  20,                                     !- Hour 15
  0,                                      !- Minute 15
  0.949489051094891,                      !- Value Until Time 15
  21,                                     !- Hour 16
  0,                                      !- Minute 16
  0.92970802919708,                       !- Value Until Time 16
  22,                                     !- Hour 17
  0,                                      !- Minute 17
  0.90992700729927,                       !- Value Until Time 17
  23,                                     !- Hour 18
  0,                                      !- Minute 18
  0.87036496350365,                       !- Value Until Time 18
  24,                                     !- Hour 19
  0,                                      !- Minute 19
  0.811021897810219;                      !- Value Until Time 19

OS:Schedule:Rule,
  {87835dde-ffc2-4c18-8944-090fef79aaaf}, !- Handle
  fridge schedule allday ruleset6,        !- Name
  {4fe27a0b-6ffd-4941-86cd-96191c8718af}, !- Schedule Ruleset Name
  3,                                      !- Rule Order
  {b933e36c-72d5-4b66-b058-fb4983c95324}, !- Day Schedule Name
  Yes,                                    !- Apply Sunday
  Yes,                                    !- Apply Monday
  Yes,                                    !- Apply Tuesday
  Yes,                                    !- Apply Wednesday
  Yes,                                    !- Apply Thursday
  Yes,                                    !- Apply Friday
  Yes,                                    !- Apply Saturday
  DateRange,                              !- Date Specification Type
  6,                                      !- Start Month
  1,                                      !- Start Day
  9,                                      !- End Month
  30;                                     !- End Day

OS:Schedule:Day,
  {b933e36c-72d5-4b66-b058-fb4983c95324}, !- Handle
  fridge schedule allday6,                !- Name
  {e9f7efbc-d364-4380-9490-033e5408327a}, !- Schedule Type Limits Name
  ,                                       !- Interpolate to Timestep
  1,                                      !- Hour 1
  0,                                      !- Minute 1
  0.8,                                    !- Value Until Time 1
  2,                                      !- Hour 2
  0,                                      !- Minute 2
  0.78,                                   !- Value Until Time 2
  3,                                      !- Hour 3
  0,                                      !- Minute 3
  0.76,                                   !- Value Until Time 3
  4,                                      !- Hour 4
  0,                                      !- Minute 4
  0.74,                                   !- Value Until Time 4
  6,                                      !- Hour 5
  0,                                      !- Minute 5
  0.72,                                   !- Value Until Time 5
  7,                                      !- Hour 6
  0,                                      !- Minute 6
  0.76,                                   !- Value Until Time 6
  8,                                      !- Hour 7
  0,                                      !- Minute 7
  0.8,                                    !- Value Until Time 7
  10,                                     !- Hour 8
  0,                                      !- Minute 8
  0.82,                                   !- Value Until Time 8
  12,                                     !- Hour 9
  0,                                      !- Minute 9
  0.8,                                    !- Value Until Time 9
  15,                                     !- Hour 10
  0,                                      !- Minute 10
  0.84,                                   !- Value Until Time 10
  16,                                     !- Hour 11
  0,                                      !- Minute 11
  0.82,                                   !- Value Until Time 11
  17,                                     !- Hour 12
  0,                                      !- Minute 12
  0.88,                                   !- Value Until Time 12
  18,                                     !- Hour 13
  0,                                      !- Minute 13
  0.96,                                   !- Value Until Time 13
  19,                                     !- Hour 14
  0,                                      !- Minute 14
  1,                                      !- Value Until Time 14
  20,                                     !- Hour 15
  0,                                      !- Minute 15
  0.96,                                   !- Value Until Time 15
  21,                                     !- Hour 16
  0,                                      !- Minute 16
  0.94,                                   !- Value Until Time 16
  22,                                     !- Hour 17
  0,                                      !- Minute 17
  0.92,                                   !- Value Until Time 17
  23,                                     !- Hour 18
  0,                                      !- Minute 18
  0.88,                                   !- Value Until Time 18
  24,                                     !- Hour 19
  0,                                      !- Minute 19
  0.82;                                   !- Value Until Time 19

OS:Schedule:Rule,
  {2512a008-1219-4411-b725-33d5139febbf}, !- Handle
  fridge schedule allday ruleset10,       !- Name
  {4fe27a0b-6ffd-4941-86cd-96191c8718af}, !- Schedule Ruleset Name
  2,                                      !- Rule Order
  {63dbc33e-939e-4031-9e54-3463a515a749}, !- Day Schedule Name
  Yes,                                    !- Apply Sunday
  Yes,                                    !- Apply Monday
  Yes,                                    !- Apply Tuesday
  Yes,                                    !- Apply Wednesday
  Yes,                                    !- Apply Thursday
  Yes,                                    !- Apply Friday
  Yes,                                    !- Apply Saturday
  DateRange,                              !- Date Specification Type
  10,                                     !- Start Month
  1,                                      !- Start Day
  10,                                     !- End Month
  31;                                     !- End Day

OS:Schedule:Day,
  {63dbc33e-939e-4031-9e54-3463a515a749}, !- Handle
  fridge schedule allday10,               !- Name
  {e9f7efbc-d364-4380-9490-033e5408327a}, !- Schedule Type Limits Name
  ,                                       !- Interpolate to Timestep
  1,                                      !- Hour 1
  0,                                      !- Minute 1
  0.67956204379562,                       !- Value Until Time 1
  2,                                      !- Hour 2
  0,                                      !- Minute 2
  0.66257299270073,                       !- Value Until Time 2
  3,                                      !- Hour 3
  0,                                      !- Minute 3
  0.645583941605839,                      !- Value Until Time 3
  4,                                      !- Hour 4
  0,                                      !- Minute 4
  0.628594890510949,                      !- Value Until Time 4
  6,                                      !- Hour 5
  0,                                      !- Minute 5
  0.611605839416058,                      !- Value Until Time 5
  7,                                      !- Hour 6
  0,                                      !- Minute 6
  0.645583941605839,                      !- Value Until Time 6
  8,                                      !- Hour 7
  0,                                      !- Minute 7
  0.67956204379562,                       !- Value Until Time 7
  10,                                     !- Hour 8
  0,                                      !- Minute 8
  0.696551094890511,                      !- Value Until Time 8
  12,                                     !- Hour 9
  0,                                      !- Minute 9
  0.67956204379562,                       !- Value Until Time 9
  15,                                     !- Hour 10
  0,                                      !- Minute 10
  0.713540145985401,                      !- Value Until Time 10
  16,                                     !- Hour 11
  0,                                      !- Minute 11
  0.696551094890511,                      !- Value Until Time 11
  17,                                     !- Hour 12
  0,                                      !- Minute 12
  0.747518248175182,                      !- Value Until Time 12
  18,                                     !- Hour 13
  0,                                      !- Minute 13
  0.815474452554744,                      !- Value Until Time 13
  19,                                     !- Hour 14
  0,                                      !- Minute 14
  0.849452554744526,                      !- Value Until Time 14
  20,                                     !- Hour 15
  0,                                      !- Minute 15
  0.815474452554744,                      !- Value Until Time 15
  21,                                     !- Hour 16
  0,                                      !- Minute 16
  0.798485401459854,                      !- Value Until Time 16
  22,                                     !- Hour 17
  0,                                      !- Minute 17
  0.781496350364963,                      !- Value Until Time 17
  23,                                     !- Hour 18
  0,                                      !- Minute 18
  0.747518248175182,                      !- Value Until Time 18
  24,                                     !- Hour 19
  0,                                      !- Minute 19
  0.696551094890511;                      !- Value Until Time 19

OS:Schedule:Rule,
  {e1b2176c-087f-4bc0-a3a4-ee6e3c26dcdd}, !- Handle
  fridge schedule allday ruleset11,       !- Name
  {4fe27a0b-6ffd-4941-86cd-96191c8718af}, !- Schedule Ruleset Name
  1,                                      !- Rule Order
  {48524043-b934-44be-b36a-5a0cd5d8e14b}, !- Day Schedule Name
  Yes,                                    !- Apply Sunday
  Yes,                                    !- Apply Monday
  Yes,                                    !- Apply Tuesday
  Yes,                                    !- Apply Wednesday
  Yes,                                    !- Apply Thursday
  Yes,                                    !- Apply Friday
  Yes,                                    !- Apply Saturday
  DateRange,                              !- Date Specification Type
  11,                                     !- Start Month
  1,                                      !- Start Day
  11,                                     !- End Month
  30;                                     !- End Day

OS:Schedule:Day,
  {48524043-b934-44be-b36a-5a0cd5d8e14b}, !- Handle
  fridge schedule allday11,               !- Name
  {e9f7efbc-d364-4380-9490-033e5408327a}, !- Schedule Type Limits Name
  ,                                       !- Interpolate to Timestep
  1,                                      !- Hour 1
  0,                                      !- Minute 1
  0.675182481751825,                      !- Value Until Time 1
  2,                                      !- Hour 2
  0,                                      !- Minute 2
  0.658302919708029,                      !- Value Until Time 2
  3,                                      !- Hour 3
  0,                                      !- Minute 3
  0.641423357664234,                      !- Value Until Time 3
  4,                                      !- Hour 4
  0,                                      !- Minute 4
  0.624543795620438,                      !- Value Until Time 4
  6,                                      !- Hour 5
  0,                                      !- Minute 5
  0.607664233576642,                      !- Value Until Time 5
  7,                                      !- Hour 6
  0,                                      !- Minute 6
  0.641423357664234,                      !- Value Until Time 6
  8,                                      !- Hour 7
  0,                                      !- Minute 7
  0.675182481751825,                      !- Value Until Time 7
  10,                                     !- Hour 8
  0,                                      !- Minute 8
  0.69206204379562,                       !- Value Until Time 8
  12,                                     !- Hour 9
  0,                                      !- Minute 9
  0.675182481751825,                      !- Value Until Time 9
  15,                                     !- Hour 10
  0,                                      !- Minute 10
  0.708941605839416,                      !- Value Until Time 10
  16,                                     !- Hour 11
  0,                                      !- Minute 11
  0.69206204379562,                       !- Value Until Time 11
  17,                                     !- Hour 12
  0,                                      !- Minute 12
  0.742700729927007,                      !- Value Until Time 12
  18,                                     !- Hour 13
  0,                                      !- Minute 13
  0.81021897810219,                       !- Value Until Time 13
  19,                                     !- Hour 14
  0,                                      !- Minute 14
  0.843978102189781,                      !- Value Until Time 14
  20,                                     !- Hour 15
  0,                                      !- Minute 15
  0.81021897810219,                       !- Value Until Time 15
  21,                                     !- Hour 16
  0,                                      !- Minute 16
  0.793339416058394,                      !- Value Until Time 16
  22,                                     !- Hour 17
  0,                                      !- Minute 17
  0.776459854014598,                      !- Value Until Time 17
  23,                                     !- Hour 18
  0,                                      !- Minute 18
  0.742700729927007,                      !- Value Until Time 18
  24,                                     !- Hour 19
  0,                                      !- Minute 19
  0.69206204379562;                       !- Value Until Time 19

OS:Schedule:Rule,
  {4d108d77-92f7-4ede-bdf9-c5f1bee31e62}, !- Handle
  fridge schedule allday ruleset12,       !- Name
  {4fe27a0b-6ffd-4941-86cd-96191c8718af}, !- Schedule Ruleset Name
  0,                                      !- Rule Order
  {1a88fbb8-d4ae-485f-acd9-e9091a247663}, !- Day Schedule Name
  Yes,                                    !- Apply Sunday
  Yes,                                    !- Apply Monday
  Yes,                                    !- Apply Tuesday
  Yes,                                    !- Apply Wednesday
  Yes,                                    !- Apply Thursday
  Yes,                                    !- Apply Friday
  Yes,                                    !- Apply Saturday
  DateRange,                              !- Date Specification Type
  12,                                     !- Start Month
  1,                                      !- Start Day
  12,                                     !- End Month
  31;                                     !- End Day

OS:Schedule:Day,
  {1a88fbb8-d4ae-485f-acd9-e9091a247663}, !- Handle
  fridge schedule allday12,               !- Name
  {e9f7efbc-d364-4380-9490-033e5408327a}, !- Schedule Type Limits Name
  ,                                       !- Interpolate to Timestep
  1,                                      !- Hour 1
  0,                                      !- Minute 1
  0.610948905109489,                      !- Value Until Time 1
  2,                                      !- Hour 2
  0,                                      !- Minute 2
  0.595675182481752,                      !- Value Until Time 2
  3,                                      !- Hour 3
  0,                                      !- Minute 3
  0.580401459854014,                      !- Value Until Time 3
  4,                                      !- Hour 4
  0,                                      !- Minute 4
  0.565127737226277,                      !- Value Until Time 4
  6,                                      !- Hour 5
  0,                                      !- Minute 5
  0.54985401459854,                       !- Value Until Time 5
  7,                                      !- Hour 6
  0,                                      !- Minute 6
  0.580401459854014,                      !- Value Until Time 6
  8,                                      !- Hour 7
  0,                                      !- Minute 7
  0.610948905109489,                      !- Value Until Time 7
  10,                                     !- Hour 8
  0,                                      !- Minute 8
  0.626222627737226,                      !- Value Until Time 8
  12,                                     !- Hour 9
  0,                                      !- Minute 9
  0.610948905109489,                      !- Value Until Time 9
  15,                                     !- Hour 10
  0,                                      !- Minute 10
  0.641496350364963,                      !- Value Until Time 10
  16,                                     !- Hour 11
  0,                                      !- Minute 11
  0.626222627737226,                      !- Value Until Time 11
  17,                                     !- Hour 12
  0,                                      !- Minute 12
  0.672043795620438,                      !- Value Until Time 12
  18,                                     !- Hour 13
  0,                                      !- Minute 13
  0.733138686131387,                      !- Value Until Time 13
  19,                                     !- Hour 14
  0,                                      !- Minute 14
  0.763686131386861,                      !- Value Until Time 14
  20,                                     !- Hour 15
  0,                                      !- Minute 15
  0.733138686131387,                      !- Value Until Time 15
  21,                                     !- Hour 16
  0,                                      !- Minute 16
  0.717864963503649,                      !- Value Until Time 16
  22,                                     !- Hour 17
  0,                                      !- Minute 17
  0.702591240875912,                      !- Value Until Time 17
  23,                                     !- Hour 18
  0,                                      !- Minute 18
  0.672043795620438,                      !- Value Until Time 18
  24,                                     !- Hour 19
  0,                                      !- Minute 19
  0.626222627737226;                      !- Value Until Time 19

OS:ElectricEquipment:Definition,
  {c4a6eac9-902a-4267-8fa2-02be0140bb2c}, !- Handle
  fridge,                                 !- Name
  EquipmentLevel,                         !- Design Level Calculation Method
  57.4402340465214,                       !- Design Level {W}
  ,                                       !- Watts per Space Floor Area {W/m2}
  ,                                       !- Watts per Person {W/person}
  0,                                      !- Fraction Latent
  0.6,                                    !- Fraction Radiant
  0;                                      !- Fraction Lost

OS:ElectricEquipment,
  {7e54e980-7bcd-4d61-ba73-1c50a7cc69c2}, !- Handle
  fridge,                                 !- Name
  {c4a6eac9-902a-4267-8fa2-02be0140bb2c}, !- Electric Equipment Definition Name
  {bcac1226-0ceb-40d7-a8ad-8ac3ecd06f7f}, !- Space or SpaceType Name
  {4fe27a0b-6ffd-4941-86cd-96191c8718af}, !- Schedule Name
  ,                                       !- Multiplier
  fridge;                                 !- End-Use Subcategory

OS:Schedule:Ruleset,
  {4fe99086-3341-43ac-b3aa-d51eeea2accf}, !- Handle
  fridge schedule 1,                      !- Name
  {e9f7efbc-d364-4380-9490-033e5408327a}, !- Schedule Type Limits Name
  {e747929b-1849-45d4-928d-6722374578bd}; !- Default Day Schedule Name

OS:Schedule:Day,
  {e747929b-1849-45d4-928d-6722374578bd}, !- Handle
  fridge schedule default day 1,          !- Name
  {e9f7efbc-d364-4380-9490-033e5408327a}, !- Schedule Type Limits Name
  ,                                       !- Interpolate to Timestep
  24,                                     !- Hour 1
  0,                                      !- Minute 1
  0;                                      !- Value Until Time 1

OS:Schedule:Rule,
  {74d787b0-e1d0-4c40-808e-bb49af0dc17f}, !- Handle
  fridge schedule allday ruleset1 1,      !- Name
  {4fe99086-3341-43ac-b3aa-d51eeea2accf}, !- Schedule Ruleset Name
  6,                                      !- Rule Order
  {223396cf-e793-401a-b9f3-a81d7cf9568f}, !- Day Schedule Name
  Yes,                                    !- Apply Sunday
  Yes,                                    !- Apply Monday
  Yes,                                    !- Apply Tuesday
  Yes,                                    !- Apply Wednesday
  Yes,                                    !- Apply Thursday
  Yes,                                    !- Apply Friday
  Yes,                                    !- Apply Saturday
  DateRange,                              !- Date Specification Type
  1,                                      !- Start Month
  1,                                      !- Start Day
  1,                                      !- End Month
  31;                                     !- End Day

OS:Schedule:Day,
  {223396cf-e793-401a-b9f3-a81d7cf9568f}, !- Handle
  fridge schedule allday1 1,              !- Name
  {e9f7efbc-d364-4380-9490-033e5408327a}, !- Schedule Type Limits Name
  ,                                       !- Interpolate to Timestep
  1,                                      !- Hour 1
  0,                                      !- Minute 1
  0.610948905109489,                      !- Value Until Time 1
  2,                                      !- Hour 2
  0,                                      !- Minute 2
  0.595675182481752,                      !- Value Until Time 2
  3,                                      !- Hour 3
  0,                                      !- Minute 3
  0.580401459854014,                      !- Value Until Time 3
  4,                                      !- Hour 4
  0,                                      !- Minute 4
  0.565127737226277,                      !- Value Until Time 4
  6,                                      !- Hour 5
  0,                                      !- Minute 5
  0.54985401459854,                       !- Value Until Time 5
  7,                                      !- Hour 6
  0,                                      !- Minute 6
  0.580401459854014,                      !- Value Until Time 6
  8,                                      !- Hour 7
  0,                                      !- Minute 7
  0.610948905109489,                      !- Value Until Time 7
  10,                                     !- Hour 8
  0,                                      !- Minute 8
  0.626222627737226,                      !- Value Until Time 8
  12,                                     !- Hour 9
  0,                                      !- Minute 9
  0.610948905109489,                      !- Value Until Time 9
  15,                                     !- Hour 10
  0,                                      !- Minute 10
  0.641496350364963,                      !- Value Until Time 10
  16,                                     !- Hour 11
  0,                                      !- Minute 11
  0.626222627737226,                      !- Value Until Time 11
  17,                                     !- Hour 12
  0,                                      !- Minute 12
  0.672043795620438,                      !- Value Until Time 12
  18,                                     !- Hour 13
  0,                                      !- Minute 13
  0.733138686131387,                      !- Value Until Time 13
  19,                                     !- Hour 14
  0,                                      !- Minute 14
  0.763686131386861,                      !- Value Until Time 14
  20,                                     !- Hour 15
  0,                                      !- Minute 15
  0.733138686131387,                      !- Value Until Time 15
  21,                                     !- Hour 16
  0,                                      !- Minute 16
  0.717864963503649,                      !- Value Until Time 16
  22,                                     !- Hour 17
  0,                                      !- Minute 17
  0.702591240875912,                      !- Value Until Time 17
  23,                                     !- Hour 18
  0,                                      !- Minute 18
  0.672043795620438,                      !- Value Until Time 18
  24,                                     !- Hour 19
  0,                                      !- Minute 19
  0.626222627737226;                      !- Value Until Time 19

OS:Schedule:Rule,
  {68ba917c-338c-4879-b1ce-edcca725aad3}, !- Handle
  fridge schedule allday ruleset2 1,      !- Name
  {4fe99086-3341-43ac-b3aa-d51eeea2accf}, !- Schedule Ruleset Name
  5,                                      !- Rule Order
  {091fbf8d-b2dd-4d4c-b5cc-3ec0c03f0b6d}, !- Day Schedule Name
  Yes,                                    !- Apply Sunday
  Yes,                                    !- Apply Monday
  Yes,                                    !- Apply Tuesday
  Yes,                                    !- Apply Wednesday
  Yes,                                    !- Apply Thursday
  Yes,                                    !- Apply Friday
  Yes,                                    !- Apply Saturday
  DateRange,                              !- Date Specification Type
  2,                                      !- Start Month
  1,                                      !- Start Day
  2,                                      !- End Month
  28;                                     !- End Day

OS:Schedule:Day,
  {091fbf8d-b2dd-4d4c-b5cc-3ec0c03f0b6d}, !- Handle
  fridge schedule allday2 1,              !- Name
  {e9f7efbc-d364-4380-9490-033e5408327a}, !- Schedule Type Limits Name
  ,                                       !- Interpolate to Timestep
  1,                                      !- Hour 1
  0,                                      !- Minute 1
  0.60948905109489,                       !- Value Until Time 1
  2,                                      !- Hour 2
  0,                                      !- Minute 2
  0.594251824817518,                      !- Value Until Time 2
  3,                                      !- Hour 3
  0,                                      !- Minute 3
  0.579014598540146,                      !- Value Until Time 3
  4,                                      !- Hour 4
  0,                                      !- Minute 4
  0.563777372262774,                      !- Value Until Time 4
  6,                                      !- Hour 5
  0,                                      !- Minute 5
  0.548540145985401,                      !- Value Until Time 5
  7,                                      !- Hour 6
  0,                                      !- Minute 6
  0.579014598540146,                      !- Value Until Time 6
  8,                                      !- Hour 7
  0,                                      !- Minute 7
  0.60948905109489,                       !- Value Until Time 7
  10,                                     !- Hour 8
  0,                                      !- Minute 8
  0.624726277372263,                      !- Value Until Time 8
  12,                                     !- Hour 9
  0,                                      !- Minute 9
  0.60948905109489,                       !- Value Until Time 9
  15,                                     !- Hour 10
  0,                                      !- Minute 10
  0.639963503649635,                      !- Value Until Time 10
  16,                                     !- Hour 11
  0,                                      !- Minute 11
  0.624726277372263,                      !- Value Until Time 11
  17,                                     !- Hour 12
  0,                                      !- Minute 12
  0.670437956204379,                      !- Value Until Time 12
  18,                                     !- Hour 13
  0,                                      !- Minute 13
  0.731386861313868,                      !- Value Until Time 13
  19,                                     !- Hour 14
  0,                                      !- Minute 14
  0.761861313868613,                      !- Value Until Time 14
  20,                                     !- Hour 15
  0,                                      !- Minute 15
  0.731386861313868,                      !- Value Until Time 15
  21,                                     !- Hour 16
  0,                                      !- Minute 16
  0.716149635036496,                      !- Value Until Time 16
  22,                                     !- Hour 17
  0,                                      !- Minute 17
  0.700912408759124,                      !- Value Until Time 17
  23,                                     !- Hour 18
  0,                                      !- Minute 18
  0.670437956204379,                      !- Value Until Time 18
  24,                                     !- Hour 19
  0,                                      !- Minute 19
  0.624726277372263;                      !- Value Until Time 19

OS:Schedule:Rule,
  {19cda64e-a637-4db5-b45d-35f6ae18f9f8}, !- Handle
  fridge schedule allday ruleset3 1,      !- Name
  {4fe99086-3341-43ac-b3aa-d51eeea2accf}, !- Schedule Ruleset Name
  4,                                      !- Rule Order
  {17704322-4ffd-4bae-ac2c-d72c3a98fb13}, !- Day Schedule Name
  Yes,                                    !- Apply Sunday
  Yes,                                    !- Apply Monday
  Yes,                                    !- Apply Tuesday
  Yes,                                    !- Apply Wednesday
  Yes,                                    !- Apply Thursday
  Yes,                                    !- Apply Friday
  Yes,                                    !- Apply Saturday
  DateRange,                              !- Date Specification Type
  3,                                      !- Start Month
  1,                                      !- Start Day
  5,                                      !- End Month
  31;                                     !- End Day

OS:Schedule:Day,
  {17704322-4ffd-4bae-ac2c-d72c3a98fb13}, !- Handle
  fridge schedule allday3 1,              !- Name
  {e9f7efbc-d364-4380-9490-033e5408327a}, !- Schedule Type Limits Name
  ,                                       !- Interpolate to Timestep
  1,                                      !- Hour 1
  0,                                      !- Minute 1
  0.791240875912409,                      !- Value Until Time 1
  2,                                      !- Hour 2
  0,                                      !- Minute 2
  0.771459854014598,                      !- Value Until Time 2
  3,                                      !- Hour 3
  0,                                      !- Minute 3
  0.751678832116788,                      !- Value Until Time 3
  4,                                      !- Hour 4
  0,                                      !- Minute 4
  0.731897810218978,                      !- Value Until Time 4
  6,                                      !- Hour 5
  0,                                      !- Minute 5
  0.712116788321168,                      !- Value Until Time 5
  7,                                      !- Hour 6
  0,                                      !- Minute 6
  0.751678832116788,                      !- Value Until Time 6
  8,                                      !- Hour 7
  0,                                      !- Minute 7
  0.791240875912409,                      !- Value Until Time 7
  10,                                     !- Hour 8
  0,                                      !- Minute 8
  0.811021897810219,                      !- Value Until Time 8
  12,                                     !- Hour 9
  0,                                      !- Minute 9
  0.791240875912409,                      !- Value Until Time 9
  15,                                     !- Hour 10
  0,                                      !- Minute 10
  0.830802919708029,                      !- Value Until Time 10
  16,                                     !- Hour 11
  0,                                      !- Minute 11
  0.811021897810219,                      !- Value Until Time 11
  17,                                     !- Hour 12
  0,                                      !- Minute 12
  0.87036496350365,                       !- Value Until Time 12
  18,                                     !- Hour 13
  0,                                      !- Minute 13
  0.949489051094891,                      !- Value Until Time 13
  19,                                     !- Hour 14
  0,                                      !- Minute 14
  0.989051094890511,                      !- Value Until Time 14
  20,                                     !- Hour 15
  0,                                      !- Minute 15
  0.949489051094891,                      !- Value Until Time 15
  21,                                     !- Hour 16
  0,                                      !- Minute 16
  0.92970802919708,                       !- Value Until Time 16
  22,                                     !- Hour 17
  0,                                      !- Minute 17
  0.90992700729927,                       !- Value Until Time 17
  23,                                     !- Hour 18
  0,                                      !- Minute 18
  0.87036496350365,                       !- Value Until Time 18
  24,                                     !- Hour 19
  0,                                      !- Minute 19
  0.811021897810219;                      !- Value Until Time 19

OS:Schedule:Rule,
  {cd57d08e-1afe-4372-b3ab-98eb4f6df0f1}, !- Handle
  fridge schedule allday ruleset6 1,      !- Name
  {4fe99086-3341-43ac-b3aa-d51eeea2accf}, !- Schedule Ruleset Name
  3,                                      !- Rule Order
  {1d923b85-4b23-433a-af1b-717d78d8464e}, !- Day Schedule Name
  Yes,                                    !- Apply Sunday
  Yes,                                    !- Apply Monday
  Yes,                                    !- Apply Tuesday
  Yes,                                    !- Apply Wednesday
  Yes,                                    !- Apply Thursday
  Yes,                                    !- Apply Friday
  Yes,                                    !- Apply Saturday
  DateRange,                              !- Date Specification Type
  6,                                      !- Start Month
  1,                                      !- Start Day
  9,                                      !- End Month
  30;                                     !- End Day

OS:Schedule:Day,
  {1d923b85-4b23-433a-af1b-717d78d8464e}, !- Handle
  fridge schedule allday6 1,              !- Name
  {e9f7efbc-d364-4380-9490-033e5408327a}, !- Schedule Type Limits Name
  ,                                       !- Interpolate to Timestep
  1,                                      !- Hour 1
  0,                                      !- Minute 1
  0.8,                                    !- Value Until Time 1
  2,                                      !- Hour 2
  0,                                      !- Minute 2
  0.78,                                   !- Value Until Time 2
  3,                                      !- Hour 3
  0,                                      !- Minute 3
  0.76,                                   !- Value Until Time 3
  4,                                      !- Hour 4
  0,                                      !- Minute 4
  0.74,                                   !- Value Until Time 4
  6,                                      !- Hour 5
  0,                                      !- Minute 5
  0.72,                                   !- Value Until Time 5
  7,                                      !- Hour 6
  0,                                      !- Minute 6
  0.76,                                   !- Value Until Time 6
  8,                                      !- Hour 7
  0,                                      !- Minute 7
  0.8,                                    !- Value Until Time 7
  10,                                     !- Hour 8
  0,                                      !- Minute 8
  0.82,                                   !- Value Until Time 8
  12,                                     !- Hour 9
  0,                                      !- Minute 9
  0.8,                                    !- Value Until Time 9
  15,                                     !- Hour 10
  0,                                      !- Minute 10
  0.84,                                   !- Value Until Time 10
  16,                                     !- Hour 11
  0,                                      !- Minute 11
  0.82,                                   !- Value Until Time 11
  17,                                     !- Hour 12
  0,                                      !- Minute 12
  0.88,                                   !- Value Until Time 12
  18,                                     !- Hour 13
  0,                                      !- Minute 13
  0.96,                                   !- Value Until Time 13
  19,                                     !- Hour 14
  0,                                      !- Minute 14
  1,                                      !- Value Until Time 14
  20,                                     !- Hour 15
  0,                                      !- Minute 15
  0.96,                                   !- Value Until Time 15
  21,                                     !- Hour 16
  0,                                      !- Minute 16
  0.94,                                   !- Value Until Time 16
  22,                                     !- Hour 17
  0,                                      !- Minute 17
  0.92,                                   !- Value Until Time 17
  23,                                     !- Hour 18
  0,                                      !- Minute 18
  0.88,                                   !- Value Until Time 18
  24,                                     !- Hour 19
  0,                                      !- Minute 19
  0.82;                                   !- Value Until Time 19

OS:Schedule:Rule,
  {de0c8ae6-4a04-4f46-ab5d-e205fff4ef03}, !- Handle
  fridge schedule allday ruleset10 1,     !- Name
  {4fe99086-3341-43ac-b3aa-d51eeea2accf}, !- Schedule Ruleset Name
  2,                                      !- Rule Order
  {49a049da-bce1-4b6f-8eeb-f1b7c8463397}, !- Day Schedule Name
  Yes,                                    !- Apply Sunday
  Yes,                                    !- Apply Monday
  Yes,                                    !- Apply Tuesday
  Yes,                                    !- Apply Wednesday
  Yes,                                    !- Apply Thursday
  Yes,                                    !- Apply Friday
  Yes,                                    !- Apply Saturday
  DateRange,                              !- Date Specification Type
  10,                                     !- Start Month
  1,                                      !- Start Day
  10,                                     !- End Month
  31;                                     !- End Day

OS:Schedule:Day,
  {49a049da-bce1-4b6f-8eeb-f1b7c8463397}, !- Handle
  fridge schedule allday10 1,             !- Name
  {e9f7efbc-d364-4380-9490-033e5408327a}, !- Schedule Type Limits Name
  ,                                       !- Interpolate to Timestep
  1,                                      !- Hour 1
  0,                                      !- Minute 1
  0.67956204379562,                       !- Value Until Time 1
  2,                                      !- Hour 2
  0,                                      !- Minute 2
  0.66257299270073,                       !- Value Until Time 2
  3,                                      !- Hour 3
  0,                                      !- Minute 3
  0.645583941605839,                      !- Value Until Time 3
  4,                                      !- Hour 4
  0,                                      !- Minute 4
  0.628594890510949,                      !- Value Until Time 4
  6,                                      !- Hour 5
  0,                                      !- Minute 5
  0.611605839416058,                      !- Value Until Time 5
  7,                                      !- Hour 6
  0,                                      !- Minute 6
  0.645583941605839,                      !- Value Until Time 6
  8,                                      !- Hour 7
  0,                                      !- Minute 7
  0.67956204379562,                       !- Value Until Time 7
  10,                                     !- Hour 8
  0,                                      !- Minute 8
  0.696551094890511,                      !- Value Until Time 8
  12,                                     !- Hour 9
  0,                                      !- Minute 9
  0.67956204379562,                       !- Value Until Time 9
  15,                                     !- Hour 10
  0,                                      !- Minute 10
  0.713540145985401,                      !- Value Until Time 10
  16,                                     !- Hour 11
  0,                                      !- Minute 11
  0.696551094890511,                      !- Value Until Time 11
  17,                                     !- Hour 12
  0,                                      !- Minute 12
  0.747518248175182,                      !- Value Until Time 12
  18,                                     !- Hour 13
  0,                                      !- Minute 13
  0.815474452554744,                      !- Value Until Time 13
  19,                                     !- Hour 14
  0,                                      !- Minute 14
  0.849452554744526,                      !- Value Until Time 14
  20,                                     !- Hour 15
  0,                                      !- Minute 15
  0.815474452554744,                      !- Value Until Time 15
  21,                                     !- Hour 16
  0,                                      !- Minute 16
  0.798485401459854,                      !- Value Until Time 16
  22,                                     !- Hour 17
  0,                                      !- Minute 17
  0.781496350364963,                      !- Value Until Time 17
  23,                                     !- Hour 18
  0,                                      !- Minute 18
  0.747518248175182,                      !- Value Until Time 18
  24,                                     !- Hour 19
  0,                                      !- Minute 19
  0.696551094890511;                      !- Value Until Time 19

OS:Schedule:Rule,
  {839a6474-644a-4788-91e7-b08ea6844698}, !- Handle
  fridge schedule allday ruleset11 1,     !- Name
  {4fe99086-3341-43ac-b3aa-d51eeea2accf}, !- Schedule Ruleset Name
  1,                                      !- Rule Order
  {3f0734ff-852a-4e19-9d01-effbaaf8de08}, !- Day Schedule Name
  Yes,                                    !- Apply Sunday
  Yes,                                    !- Apply Monday
  Yes,                                    !- Apply Tuesday
  Yes,                                    !- Apply Wednesday
  Yes,                                    !- Apply Thursday
  Yes,                                    !- Apply Friday
  Yes,                                    !- Apply Saturday
  DateRange,                              !- Date Specification Type
  11,                                     !- Start Month
  1,                                      !- Start Day
  11,                                     !- End Month
  30;                                     !- End Day

OS:Schedule:Day,
  {3f0734ff-852a-4e19-9d01-effbaaf8de08}, !- Handle
  fridge schedule allday11 1,             !- Name
  {e9f7efbc-d364-4380-9490-033e5408327a}, !- Schedule Type Limits Name
  ,                                       !- Interpolate to Timestep
  1,                                      !- Hour 1
  0,                                      !- Minute 1
  0.675182481751825,                      !- Value Until Time 1
  2,                                      !- Hour 2
  0,                                      !- Minute 2
  0.658302919708029,                      !- Value Until Time 2
  3,                                      !- Hour 3
  0,                                      !- Minute 3
  0.641423357664234,                      !- Value Until Time 3
  4,                                      !- Hour 4
  0,                                      !- Minute 4
  0.624543795620438,                      !- Value Until Time 4
  6,                                      !- Hour 5
  0,                                      !- Minute 5
  0.607664233576642,                      !- Value Until Time 5
  7,                                      !- Hour 6
  0,                                      !- Minute 6
  0.641423357664234,                      !- Value Until Time 6
  8,                                      !- Hour 7
  0,                                      !- Minute 7
  0.675182481751825,                      !- Value Until Time 7
  10,                                     !- Hour 8
  0,                                      !- Minute 8
  0.69206204379562,                       !- Value Until Time 8
  12,                                     !- Hour 9
  0,                                      !- Minute 9
  0.675182481751825,                      !- Value Until Time 9
  15,                                     !- Hour 10
  0,                                      !- Minute 10
  0.708941605839416,                      !- Value Until Time 10
  16,                                     !- Hour 11
  0,                                      !- Minute 11
  0.69206204379562,                       !- Value Until Time 11
  17,                                     !- Hour 12
  0,                                      !- Minute 12
  0.742700729927007,                      !- Value Until Time 12
  18,                                     !- Hour 13
  0,                                      !- Minute 13
  0.81021897810219,                       !- Value Until Time 13
  19,                                     !- Hour 14
  0,                                      !- Minute 14
  0.843978102189781,                      !- Value Until Time 14
  20,                                     !- Hour 15
  0,                                      !- Minute 15
  0.81021897810219,                       !- Value Until Time 15
  21,                                     !- Hour 16
  0,                                      !- Minute 16
  0.793339416058394,                      !- Value Until Time 16
  22,                                     !- Hour 17
  0,                                      !- Minute 17
  0.776459854014598,                      !- Value Until Time 17
  23,                                     !- Hour 18
  0,                                      !- Minute 18
  0.742700729927007,                      !- Value Until Time 18
  24,                                     !- Hour 19
  0,                                      !- Minute 19
  0.69206204379562;                       !- Value Until Time 19

OS:Schedule:Rule,
  {b9920d6a-3213-430f-a2e3-ed8b8d619bb9}, !- Handle
  fridge schedule allday ruleset12 1,     !- Name
  {4fe99086-3341-43ac-b3aa-d51eeea2accf}, !- Schedule Ruleset Name
  0,                                      !- Rule Order
  {76fec6e2-d13e-44f6-b420-c9c49799cb38}, !- Day Schedule Name
  Yes,                                    !- Apply Sunday
  Yes,                                    !- Apply Monday
  Yes,                                    !- Apply Tuesday
  Yes,                                    !- Apply Wednesday
  Yes,                                    !- Apply Thursday
  Yes,                                    !- Apply Friday
  Yes,                                    !- Apply Saturday
  DateRange,                              !- Date Specification Type
  12,                                     !- Start Month
  1,                                      !- Start Day
  12,                                     !- End Month
  31;                                     !- End Day

OS:Schedule:Day,
  {76fec6e2-d13e-44f6-b420-c9c49799cb38}, !- Handle
  fridge schedule allday12 1,             !- Name
  {e9f7efbc-d364-4380-9490-033e5408327a}, !- Schedule Type Limits Name
  ,                                       !- Interpolate to Timestep
  1,                                      !- Hour 1
  0,                                      !- Minute 1
  0.610948905109489,                      !- Value Until Time 1
  2,                                      !- Hour 2
  0,                                      !- Minute 2
  0.595675182481752,                      !- Value Until Time 2
  3,                                      !- Hour 3
  0,                                      !- Minute 3
  0.580401459854014,                      !- Value Until Time 3
  4,                                      !- Hour 4
  0,                                      !- Minute 4
  0.565127737226277,                      !- Value Until Time 4
  6,                                      !- Hour 5
  0,                                      !- Minute 5
  0.54985401459854,                       !- Value Until Time 5
  7,                                      !- Hour 6
  0,                                      !- Minute 6
  0.580401459854014,                      !- Value Until Time 6
  8,                                      !- Hour 7
  0,                                      !- Minute 7
  0.610948905109489,                      !- Value Until Time 7
  10,                                     !- Hour 8
  0,                                      !- Minute 8
  0.626222627737226,                      !- Value Until Time 8
  12,                                     !- Hour 9
  0,                                      !- Minute 9
  0.610948905109489,                      !- Value Until Time 9
  15,                                     !- Hour 10
  0,                                      !- Minute 10
  0.641496350364963,                      !- Value Until Time 10
  16,                                     !- Hour 11
  0,                                      !- Minute 11
  0.626222627737226,                      !- Value Until Time 11
  17,                                     !- Hour 12
  0,                                      !- Minute 12
  0.672043795620438,                      !- Value Until Time 12
  18,                                     !- Hour 13
  0,                                      !- Minute 13
  0.733138686131387,                      !- Value Until Time 13
  19,                                     !- Hour 14
  0,                                      !- Minute 14
  0.763686131386861,                      !- Value Until Time 14
  20,                                     !- Hour 15
  0,                                      !- Minute 15
  0.733138686131387,                      !- Value Until Time 15
  21,                                     !- Hour 16
  0,                                      !- Minute 16
  0.717864963503649,                      !- Value Until Time 16
  22,                                     !- Hour 17
  0,                                      !- Minute 17
  0.702591240875912,                      !- Value Until Time 17
  23,                                     !- Hour 18
  0,                                      !- Minute 18
  0.672043795620438,                      !- Value Until Time 18
  24,                                     !- Hour 19
  0,                                      !- Minute 19
  0.626222627737226;                      !- Value Until Time 19

OS:ElectricEquipment:Definition,
  {3a44d11a-88a3-4387-b826-f3ae8832fde3}, !- Handle
  fridge 2,                               !- Name
  EquipmentLevel,                         !- Design Level Calculation Method
  64.9389591178689,                       !- Design Level {W}
  ,                                       !- Watts per Space Floor Area {W/m2}
  ,                                       !- Watts per Person {W/person}
  0,                                      !- Fraction Latent
  0.6,                                    !- Fraction Radiant
  0;                                      !- Fraction Lost

OS:ElectricEquipment,
  {d0bc42f3-f93b-430f-8c7d-4f5ffbef99b6}, !- Handle
  fridge 1,                               !- Name
  {3a44d11a-88a3-4387-b826-f3ae8832fde3}, !- Electric Equipment Definition Name
  {bcac1226-0ceb-40d7-a8ad-8ac3ecd06f7f}, !- Space or SpaceType Name
  {4fe99086-3341-43ac-b3aa-d51eeea2accf}, !- Schedule Name
  ,                                       !- Multiplier
  fridge;                                 !- End-Use Subcategory

OS:Schedule:File,
  {4c7e4382-97d3-481f-ab0f-dc0da14cd3df}, !- Handle
  cooking_range,                          !- Name
  {e9f7efbc-d364-4380-9490-033e5408327a}, !- Schedule Type Limits Name
  {aaa407cb-4ed3-448a-8ef9-8e74eb675646}, !- External File Name
  4,                                      !- Column Number
  1,                                      !- Rows to Skip at Top
  8760,                                   !- Number of Hours of Data
  ,                                       !- Column Separator
  ,                                       !- Interpolate to Timestep
  15,                                     !- Minutes per Item
  ,                                       !- Adjust Schedule for Daylight Savings
  Yes;                                    !- Translate File With Relative Path

OS:ElectricEquipment:Definition,
  {20d6a747-0228-4248-b815-32cbdaf84e44}, !- Handle
  cooking range,                          !- Name
  EquipmentLevel,                         !- Design Level Calculation Method
  1136.64935229493,                       !- Design Level {W}
  ,                                       !- Watts per Space Floor Area {W/m2}
  ,                                       !- Watts per Person {W/person}
  0.0799999999999999,                     !- Fraction Latent
  0.432,                                  !- Fraction Radiant
  0.2;                                    !- Fraction Lost

OS:ElectricEquipment,
  {60a3e4b4-d9d2-4929-8125-f188e690988c}, !- Handle
  cooking range,                          !- Name
  {20d6a747-0228-4248-b815-32cbdaf84e44}, !- Electric Equipment Definition Name
  {bcac1226-0ceb-40d7-a8ad-8ac3ecd06f7f}, !- Space or SpaceType Name
  {4c7e4382-97d3-481f-ab0f-dc0da14cd3df}, !- Schedule Name
  ,                                       !- Multiplier
  cooking range;                          !- End-Use Subcategory

OS:Schedule:FixedInterval,
  {a8039cd2-2a8a-4e3d-a10a-b86f96766be4}, !- Handle
  mains temperature schedule,             !- Name
  {9b4b4c04-aedf-4bd3-baa7-cf758617e0c7}, !- Schedule Type Limits Name
  ,                                       !- Translate to Schedule File
  ,                                       !- Interpolate to Timestep
  1440,                                   !- Interval Length {minutes}
  ,                                       !- Out Of Range Value
  1,                                      !- Start Month
  1,                                      !- Start Day
  17.8933333333333,                       !- Value 1
  17.8544444444444,                       !- Value 2
  17.8166666666667,                       !- Value 3
  17.7805555555556,                       !- Value 4
  17.7455555555556,                       !- Value 5
  17.7122222222222,                       !- Value 6
  17.6805555555556,                       !- Value 7
  17.65,                                  !- Value 8
  17.6211111111111,                       !- Value 9
  17.5933333333333,                       !- Value 10
  17.5677777777778,                       !- Value 11
  17.5433333333333,                       !- Value 12
  17.5205555555556,                       !- Value 13
  17.4988888888889,                       !- Value 14
  17.4794444444444,                       !- Value 15
  17.4611111111111,                       !- Value 16
  17.4444444444444,                       !- Value 17
  17.4288888888889,                       !- Value 18
  17.4155555555556,                       !- Value 19
  17.4033333333333,                       !- Value 20
  17.3927777777778,                       !- Value 21
  17.3838888888889,                       !- Value 22
  17.3766666666667,                       !- Value 23
  17.3711111111111,                       !- Value 24
  17.3666666666667,                       !- Value 25
  17.3638888888889,                       !- Value 26
  17.3633333333333,                       !- Value 27
  17.3633333333333,                       !- Value 28
  17.3655555555556,                       !- Value 29
  17.3694444444444,                       !- Value 30
  17.3744444444444,                       !- Value 31
  17.3816666666667,                       !- Value 32
  17.39,                                  !- Value 33
  17.4,                                   !- Value 34
  17.4111111111111,                       !- Value 35
  17.4244444444444,                       !- Value 36
  17.4388888888889,                       !- Value 37
  17.455,                                 !- Value 38
  17.4727777777778,                       !- Value 39
  17.4922222222222,                       !- Value 40
  17.5127777777778,                       !- Value 41
  17.5355555555556,                       !- Value 42
  17.5594444444444,                       !- Value 43
  17.5844444444444,                       !- Value 44
  17.6116666666667,                       !- Value 45
  17.64,                                  !- Value 46
  17.67,                                  !- Value 47
  17.7011111111111,                       !- Value 48
  17.7338888888889,                       !- Value 49
  17.7683333333333,                       !- Value 50
  17.8044444444444,                       !- Value 51
  17.8416666666667,                       !- Value 52
  17.88,                                  !- Value 53
  17.92,                                  !- Value 54
  17.9616666666667,                       !- Value 55
  18.0044444444444,                       !- Value 56
  18.0488888888889,                       !- Value 57
  18.0944444444444,                       !- Value 58
  18.1416666666667,                       !- Value 59
  18.19,                                  !- Value 60
  18.2394444444444,                       !- Value 61
  18.2905555555556,                       !- Value 62
  18.3427777777778,                       !- Value 63
  18.3966666666667,                       !- Value 64
  18.4511111111111,                       !- Value 65
  18.5072222222222,                       !- Value 66
  18.565,                                 !- Value 67
  18.6233333333333,                       !- Value 68
  18.6833333333333,                       !- Value 69
  18.7438888888889,                       !- Value 70
  18.8061111111111,                       !- Value 71
  18.8694444444444,                       !- Value 72
  18.9338888888889,                       !- Value 73
  18.9994444444444,                       !- Value 74
  19.0661111111111,                       !- Value 75
  19.1338888888889,                       !- Value 76
  19.2022222222222,                       !- Value 77
  19.2722222222222,                       !- Value 78
  19.3427777777778,                       !- Value 79
  19.4144444444444,                       !- Value 80
  19.4872222222222,                       !- Value 81
  19.5611111111111,                       !- Value 82
  19.6355555555556,                       !- Value 83
  19.7111111111111,                       !- Value 84
  19.7877777777778,                       !- Value 85
  19.865,                                 !- Value 86
  19.9427777777778,                       !- Value 87
  20.0216666666667,                       !- Value 88
  20.1016666666667,                       !- Value 89
  20.1816666666667,                       !- Value 90
  20.2627777777778,                       !- Value 91
  20.345,                                 !- Value 92
  20.4277777777778,                       !- Value 93
  20.5105555555556,                       !- Value 94
  20.5944444444444,                       !- Value 95
  20.6794444444444,                       !- Value 96
  20.7644444444444,                       !- Value 97
  20.85,                                  !- Value 98
  20.9361111111111,                       !- Value 99
  21.0227777777778,                       !- Value 100
  21.11,                                  !- Value 101
  21.1977777777778,                       !- Value 102
  21.2861111111111,                       !- Value 103
  21.3744444444444,                       !- Value 104
  21.4633333333333,                       !- Value 105
  21.5527777777778,                       !- Value 106
  21.6422222222222,                       !- Value 107
  21.7322222222222,                       !- Value 108
  21.8227777777778,                       !- Value 109
  21.9133333333333,                       !- Value 110
  22.0038888888889,                       !- Value 111
  22.0944444444444,                       !- Value 112
  22.1855555555556,                       !- Value 113
  22.2772222222222,                       !- Value 114
  22.3683333333333,                       !- Value 115
  22.46,                                  !- Value 116
  22.5511111111111,                       !- Value 117
  22.6427777777778,                       !- Value 118
  22.7344444444444,                       !- Value 119
  22.8261111111111,                       !- Value 120
  22.9177777777778,                       !- Value 121
  23.0088888888889,                       !- Value 122
  23.1005555555556,                       !- Value 123
  23.1916666666667,                       !- Value 124
  23.2827777777778,                       !- Value 125
  23.3733333333333,                       !- Value 126
  23.4638888888889,                       !- Value 127
  23.5544444444444,                       !- Value 128
  23.645,                                 !- Value 129
  23.7344444444444,                       !- Value 130
  23.8244444444444,                       !- Value 131
  23.9133333333333,                       !- Value 132
  24.0022222222222,                       !- Value 133
  24.0911111111111,                       !- Value 134
  24.1788888888889,                       !- Value 135
  24.2666666666667,                       !- Value 136
  24.3538888888889,                       !- Value 137
  24.4405555555556,                       !- Value 138
  24.5266666666667,                       !- Value 139
  24.6122222222222,                       !- Value 140
  24.6972222222222,                       !- Value 141
  24.7816666666667,                       !- Value 142
  24.8655555555556,                       !- Value 143
  24.9488888888889,                       !- Value 144
  25.0316666666667,                       !- Value 145
  25.1133333333333,                       !- Value 146
  25.1944444444444,                       !- Value 147
  25.2744444444444,                       !- Value 148
  25.3544444444444,                       !- Value 149
  25.4333333333333,                       !- Value 150
  25.5111111111111,                       !- Value 151
  25.5883333333333,                       !- Value 152
  25.6644444444444,                       !- Value 153
  25.74,                                  !- Value 154
  25.8144444444444,                       !- Value 155
  25.8877777777778,                       !- Value 156
  25.9605555555556,                       !- Value 157
  26.0322222222222,                       !- Value 158
  26.1027777777778,                       !- Value 159
  26.1727777777778,                       !- Value 160
  26.2411111111111,                       !- Value 161
  26.3088888888889,                       !- Value 162
  26.375,                                 !- Value 163
  26.4405555555556,                       !- Value 164
  26.505,                                 !- Value 165
  26.5677777777778,                       !- Value 166
  26.63,                                  !- Value 167
  26.6911111111111,                       !- Value 168
  26.7505555555556,                       !- Value 169
  26.8088888888889,                       !- Value 170
  26.8661111111111,                       !- Value 171
  26.9222222222222,                       !- Value 172
  26.9766666666667,                       !- Value 173
  27.0305555555556,                       !- Value 174
  27.0827777777778,                       !- Value 175
  27.1333333333333,                       !- Value 176
  27.1827777777778,                       !- Value 177
  27.2311111111111,                       !- Value 178
  27.2777777777778,                       !- Value 179
  27.3233333333333,                       !- Value 180
  27.3677777777778,                       !- Value 181
  27.4105555555556,                       !- Value 182
  27.4516666666667,                       !- Value 183
  27.4916666666667,                       !- Value 184
  27.53,                                  !- Value 185
  27.5672222222222,                       !- Value 186
  27.6027777777778,                       !- Value 187
  27.6372222222222,                       !- Value 188
  27.67,                                  !- Value 189
  27.7011111111111,                       !- Value 190
  27.7305555555556,                       !- Value 191
  27.7588888888889,                       !- Value 192
  27.7855555555556,                       !- Value 193
  27.8111111111111,                       !- Value 194
  27.8344444444444,                       !- Value 195
  27.8566666666667,                       !- Value 196
  27.8777777777778,                       !- Value 197
  27.8966666666667,                       !- Value 198
  27.9144444444444,                       !- Value 199
  27.93,                                  !- Value 200
  27.945,                                 !- Value 201
  27.9577777777778,                       !- Value 202
  27.9688888888889,                       !- Value 203
  27.9788888888889,                       !- Value 204
  27.9872222222222,                       !- Value 205
  27.9938888888889,                       !- Value 206
  27.9988888888889,                       !- Value 207
  28.0022222222222,                       !- Value 208
  28.0044444444444,                       !- Value 209
  28.0044444444444,                       !- Value 210
  28.0033333333333,                       !- Value 211
  28.0005555555556,                       !- Value 212
  27.9961111111111,                       !- Value 213
  27.99,                                  !- Value 214
  27.9827777777778,                       !- Value 215
  27.9733333333333,                       !- Value 216
  27.9627777777778,                       !- Value 217
  27.9505555555556,                       !- Value 218
  27.9372222222222,                       !- Value 219
  27.9216666666667,                       !- Value 220
  27.905,                                 !- Value 221
  27.8861111111111,                       !- Value 222
  27.8661111111111,                       !- Value 223
  27.845,                                 !- Value 224
  27.8216666666667,                       !- Value 225
  27.7972222222222,                       !- Value 226
  27.7711111111111,                       !- Value 227
  27.7438888888889,                       !- Value 228
  27.7144444444444,                       !- Value 229
  27.6838888888889,                       !- Value 230
  27.6522222222222,                       !- Value 231
  27.6183333333333,                       !- Value 232
  27.5833333333333,                       !- Value 233
  27.5472222222222,                       !- Value 234
  27.5094444444444,                       !- Value 235
  27.47,                                  !- Value 236
  27.4288888888889,                       !- Value 237
  27.3872222222222,                       !- Value 238
  27.3433333333333,                       !- Value 239
  27.2988888888889,                       !- Value 240
  27.2522222222222,                       !- Value 241
  27.205,                                 !- Value 242
  27.1555555555556,                       !- Value 243
  27.1055555555556,                       !- Value 244
  27.0538888888889,                       !- Value 245
  27.0011111111111,                       !- Value 246
  26.9466666666667,                       !- Value 247
  26.8916666666667,                       !- Value 248
  26.835,                                 !- Value 249
  26.7772222222222,                       !- Value 250
  26.7177777777778,                       !- Value 251
  26.6577777777778,                       !- Value 252
  26.5961111111111,                       !- Value 253
  26.5333333333333,                       !- Value 254
  26.4694444444444,                       !- Value 255
  26.405,                                 !- Value 256
  26.3388888888889,                       !- Value 257
  26.2716666666667,                       !- Value 258
  26.2033333333333,                       !- Value 259
  26.1344444444444,                       !- Value 260
  26.0638888888889,                       !- Value 261
  25.9927777777778,                       !- Value 262
  25.9205555555556,                       !- Value 263
  25.8477777777778,                       !- Value 264
  25.7733333333333,                       !- Value 265
  25.6983333333333,                       !- Value 266
  25.6227777777778,                       !- Value 267
  25.5461111111111,                       !- Value 268
  25.4683333333333,                       !- Value 269
  25.39,                                  !- Value 270
  25.3105555555556,                       !- Value 271
  25.2305555555556,                       !- Value 272
  25.15,                                  !- Value 273
  25.0683333333333,                       !- Value 274
  24.9861111111111,                       !- Value 275
  24.9033333333333,                       !- Value 276
  24.8194444444444,                       !- Value 277
  24.7355555555556,                       !- Value 278
  24.6505555555556,                       !- Value 279
  24.5655555555556,                       !- Value 280
  24.4794444444444,                       !- Value 281
  24.3927777777778,                       !- Value 282
  24.3061111111111,                       !- Value 283
  24.2183333333333,                       !- Value 284
  24.1305555555556,                       !- Value 285
  24.0422222222222,                       !- Value 286
  23.9538888888889,                       !- Value 287
  23.8644444444444,                       !- Value 288
  23.775,                                 !- Value 289
  23.6855555555556,                       !- Value 290
  23.595,                                 !- Value 291
  23.505,                                 !- Value 292
  23.4144444444444,                       !- Value 293
  23.3233333333333,                       !- Value 294
  23.2322222222222,                       !- Value 295
  23.1411111111111,                       !- Value 296
  23.05,                                  !- Value 297
  22.9588888888889,                       !- Value 298
  22.8672222222222,                       !- Value 299
  22.7755555555556,                       !- Value 300
  22.6838888888889,                       !- Value 301
  22.5927777777778,                       !- Value 302
  22.5011111111111,                       !- Value 303
  22.4094444444444,                       !- Value 304
  22.3183333333333,                       !- Value 305
  22.2266666666667,                       !- Value 306
  22.1355555555556,                       !- Value 307
  22.0444444444444,                       !- Value 308
  21.9538888888889,                       !- Value 309
  21.8633333333333,                       !- Value 310
  21.7727777777778,                       !- Value 311
  21.6827777777778,                       !- Value 312
  21.5933333333333,                       !- Value 313
  21.5038888888889,                       !- Value 314
  21.4144444444444,                       !- Value 315
  21.3255555555556,                       !- Value 316
  21.2372222222222,                       !- Value 317
  21.1494444444444,                       !- Value 318
  21.0622222222222,                       !- Value 319
  20.975,                                 !- Value 320
  20.8888888888889,                       !- Value 321
  20.8027777777778,                       !- Value 322
  20.7172222222222,                       !- Value 323
  20.6327777777778,                       !- Value 324
  20.5483333333333,                       !- Value 325
  20.465,                                 !- Value 326
  20.3822222222222,                       !- Value 327
  20.3,                                   !- Value 328
  20.2183333333333,                       !- Value 329
  20.1377777777778,                       !- Value 330
  20.0577777777778,                       !- Value 331
  19.9783333333333,                       !- Value 332
  19.9,                                   !- Value 333
  19.8222222222222,                       !- Value 334
  19.7455555555556,                       !- Value 335
  19.6694444444444,                       !- Value 336
  19.5944444444444,                       !- Value 337
  19.5205555555556,                       !- Value 338
  19.4472222222222,                       !- Value 339
  19.375,                                 !- Value 340
  19.3038888888889,                       !- Value 341
  19.2338888888889,                       !- Value 342
  19.1644444444444,                       !- Value 343
  19.0961111111111,                       !- Value 344
  19.0294444444444,                       !- Value 345
  18.9633333333333,                       !- Value 346
  18.8983333333333,                       !- Value 347
  18.8344444444444,                       !- Value 348
  18.7716666666667,                       !- Value 349
  18.7105555555556,                       !- Value 350
  18.65,                                  !- Value 351
  18.5911111111111,                       !- Value 352
  18.5333333333333,                       !- Value 353
  18.4766666666667,                       !- Value 354
  18.4211111111111,                       !- Value 355
  18.3666666666667,                       !- Value 356
  18.3138888888889,                       !- Value 357
  18.2622222222222,                       !- Value 358
  18.2122222222222,                       !- Value 359
  18.1633333333333,                       !- Value 360
  18.1155555555556,                       !- Value 361
  18.0694444444444,                       !- Value 362
  18.0244444444444,                       !- Value 363
  17.9811111111111,                       !- Value 364
  17.9388888888889;                       !- Value 365

OS:Site:WaterMainsTemperature,
  {26e5c879-09e2-4649-8700-8854175f02dd}, !- Handle
  Schedule,                               !- Calculation Method
  {a8039cd2-2a8a-4e3d-a10a-b86f96766be4}; !- Temperature Schedule Name

OS:Schedule:Constant,
  {bcb35d5f-1477-43af-a74a-ea21e8e9fa5f}, !- Handle
  mixed water temperature schedule,       !- Name
  {9b4b4c04-aedf-4bd3-baa7-cf758617e0c7}, !- Schedule Type Limits Name
  40.5555555555556;                       !- Value

OS:Schedule:File,
  {bdbfcd7d-56d9-47b7-ac81-3679d8d38ee7}, !- Handle
  hot_water_fixtures,                     !- Name
  {e9f7efbc-d364-4380-9490-033e5408327a}, !- Schedule Type Limits Name
  {aaa407cb-4ed3-448a-8ef9-8e74eb675646}, !- External File Name
  13,                                     !- Column Number
  1,                                      !- Rows to Skip at Top
  8760,                                   !- Number of Hours of Data
  ,                                       !- Column Separator
  ,                                       !- Interpolate to Timestep
  15,                                     !- Minutes per Item
  ,                                       !- Adjust Schedule for Daylight Savings
  Yes;                                    !- Translate File With Relative Path

OS:WaterUse:Equipment:Definition,
  {c94d0192-a70b-4aae-8c76-e39506e54dea}, !- Handle
  dhw fixtures,                           !- Name
  dhw fixtures,                           !- End-Use Subcategory
  4.60040559875717e-05,                   !- Peak Flow Rate {m3/s}
  {bcb35d5f-1477-43af-a74a-ea21e8e9fa5f}; !- Target Temperature Schedule Name

OS:WaterUse:Equipment,
  {fe3ced50-928d-4a73-98e8-b93ac300e783}, !- Handle
  dhw fixtures,                           !- Name
  {c94d0192-a70b-4aae-8c76-e39506e54dea}, !- Water Use Equipment Definition Name
  ,                                       !- Space Name
  {bdbfcd7d-56d9-47b7-ac81-3679d8d38ee7}; !- Flow Rate Fraction Schedule Name

OS:WaterUse:Equipment:Definition,
  {7ff99485-89a1-4f91-99cb-bd72f2a57f1b}, !- Handle
  dhw distribution waste,                 !- Name
  dhw distribution waste,                 !- End-Use Subcategory
  1.5455453666432e-05,                    !- Peak Flow Rate {m3/s}
  {bcb35d5f-1477-43af-a74a-ea21e8e9fa5f}; !- Target Temperature Schedule Name

OS:WaterUse:Equipment,
  {c6e586b9-d770-40c8-b9dd-93fd78f8a1f3}, !- Handle
  dhw distribution waste,                 !- Name
  {7ff99485-89a1-4f91-99cb-bd72f2a57f1b}, !- Water Use Equipment Definition Name
  ,                                       !- Space Name
  {bdbfcd7d-56d9-47b7-ac81-3679d8d38ee7}; !- Flow Rate Fraction Schedule Name

OS:Schedule:File,
  {42d017d4-0ba8-4b66-a0fc-7b4dfc52f439}, !- Handle
  hot_water_clothes_washer,               !- Name
  {e9f7efbc-d364-4380-9490-033e5408327a}, !- Schedule Type Limits Name
  {aaa407cb-4ed3-448a-8ef9-8e74eb675646}, !- External File Name
  12,                                     !- Column Number
  1,                                      !- Rows to Skip at Top
  8760,                                   !- Number of Hours of Data
  ,                                       !- Column Separator
  ,                                       !- Interpolate to Timestep
  15,                                     !- Minutes per Item
  ,                                       !- Adjust Schedule for Daylight Savings
  Yes;                                    !- Translate File With Relative Path

OS:WaterUse:Equipment:Definition,
  {5ecf3e75-d0ca-4c01-8316-a73dbcd36ae4}, !- Handle
  clothes washer,                         !- Name
  clothes washer,                         !- End-Use Subcategory
  1.58593648106554e-05;                   !- Peak Flow Rate {m3/s}

OS:WaterUse:Equipment,
  {319509b1-dc2e-4cc2-9272-990b33541ecd}, !- Handle
  clothes washer,                         !- Name
  {5ecf3e75-d0ca-4c01-8316-a73dbcd36ae4}, !- Water Use Equipment Definition Name
  ,                                       !- Space Name
  {42d017d4-0ba8-4b66-a0fc-7b4dfc52f439}; !- Flow Rate Fraction Schedule Name

OS:Schedule:File,
  {c9eafdd0-3b5b-4e59-9fd6-43011a5aa54b}, !- Handle
  hot_water_dishwasher,                   !- Name
  {e9f7efbc-d364-4380-9490-033e5408327a}, !- Schedule Type Limits Name
  {aaa407cb-4ed3-448a-8ef9-8e74eb675646}, !- External File Name
  11,                                     !- Column Number
  1,                                      !- Rows to Skip at Top
  8760,                                   !- Number of Hours of Data
  ,                                       !- Column Separator
  ,                                       !- Interpolate to Timestep
  15,                                     !- Minutes per Item
  ,                                       !- Adjust Schedule for Daylight Savings
  Yes;                                    !- Translate File With Relative Path

OS:WaterUse:Equipment:Definition,
  {598045ba-6e28-4865-9964-e050061f0796}, !- Handle
  dishwasher,                             !- Name
  dishwasher,                             !- End-Use Subcategory
  8.89083190295334e-06;                   !- Peak Flow Rate {m3/s}

OS:WaterUse:Equipment,
  {70bc732b-51d2-4678-8462-3ec8a915ff90}, !- Handle
  dishwasher,                             !- Name
  {598045ba-6e28-4865-9964-e050061f0796}, !- Water Use Equipment Definition Name
  ,                                       !- Space Name
  {c9eafdd0-3b5b-4e59-9fd6-43011a5aa54b}; !- Flow Rate Fraction Schedule Name

OS:OtherEquipment:Definition,
  {8979a1f4-f878-4a18-87ea-b69569479fb0}, !- Handle
  water sensible,                         !- Name
  EquipmentLevel,                         !- Design Level Calculation Method
  -684.03003453839,                       !- Design Level {W}
  ,                                       !- Watts per Space Floor Area {W/m2}
  ,                                       !- Watts per Person {W/Person}
  0,                                      !- Fraction Latent
  0.6,                                    !- Fraction Radiant
  0;                                      !- Fraction Lost

OS:OtherEquipment,
  {69c34f13-e5cb-45fd-b9f9-f3c249787dab}, !- Handle
  water sensible,                         !- Name
  {8979a1f4-f878-4a18-87ea-b69569479fb0}, !- Other Equipment Definition Name
  {bcac1226-0ceb-40d7-a8ad-8ac3ecd06f7f}, !- Space or SpaceType Name
  {bdbfcd7d-56d9-47b7-ac81-3679d8d38ee7}, !- Schedule Name
  ,                                       !- Multiplier
  None,                                   !- Fuel Type
  water sensible;                         !- End-Use Subcategory

OS:OtherEquipment:Definition,
  {f5daefe1-016f-4a31-833c-33fac849ae74}, !- Handle
  water latent,                           !- Name
  EquipmentLevel,                         !- Design Level Calculation Method
  694.064704971716,                       !- Design Level {W}
  ,                                       !- Watts per Space Floor Area {W/m2}
  ,                                       !- Watts per Person {W/Person}
  1,                                      !- Fraction Latent
  0,                                      !- Fraction Radiant
  0;                                      !- Fraction Lost

OS:OtherEquipment,
  {d5855e83-e344-4f58-a536-11e9368779b8}, !- Handle
  water latent,                           !- Name
  {f5daefe1-016f-4a31-833c-33fac849ae74}, !- Other Equipment Definition Name
  {bcac1226-0ceb-40d7-a8ad-8ac3ecd06f7f}, !- Space or SpaceType Name
  {bdbfcd7d-56d9-47b7-ac81-3679d8d38ee7}, !- Schedule Name
  ,                                       !- Multiplier
  None,                                   !- Fuel Type
  water latent;                           !- End-Use Subcategory

OS:Schedule:File,
  {3d2af394-80e9-43ab-b9b7-20a0b1524879}, !- Handle
  plug_loads_other,                       !- Name
  {e9f7efbc-d364-4380-9490-033e5408327a}, !- Schedule Type Limits Name
  {aaa407cb-4ed3-448a-8ef9-8e74eb675646}, !- External File Name
  9,                                      !- Column Number
  1,                                      !- Rows to Skip at Top
  8760,                                   !- Number of Hours of Data
  ,                                       !- Column Separator
  ,                                       !- Interpolate to Timestep
  15,                                     !- Minutes per Item
  ,                                       !- Adjust Schedule for Daylight Savings
  Yes;                                    !- Translate File With Relative Path

OS:ElectricEquipment:Definition,
  {b6f29c61-d329-4f15-8cbc-e39fb4b117f2}, !- Handle
  misc plug loads,                        !- Name
  EquipmentLevel,                         !- Design Level Calculation Method
  609.317011155605,                       !- Design Level {W}
  ,                                       !- Watts per Space Floor Area {W/m2}
  ,                                       !- Watts per Person {W/person}
  0.021,                                  !- Fraction Latent
  0.558,                                  !- Fraction Radiant
  0.0489999999999999;                     !- Fraction Lost

OS:ElectricEquipment,
  {45e6e557-cbe0-49ad-afe5-df314324c9ce}, !- Handle
  misc plug loads,                        !- Name
  {b6f29c61-d329-4f15-8cbc-e39fb4b117f2}, !- Electric Equipment Definition Name
  {bcac1226-0ceb-40d7-a8ad-8ac3ecd06f7f}, !- Space or SpaceType Name
  {3d2af394-80e9-43ab-b9b7-20a0b1524879}, !- Schedule Name
  ,                                       !- Multiplier
  misc plug loads;                        !- End-Use Subcategory

OS:Schedule:File,
  {0e8f323d-460d-4fce-8fcf-17a4cf9a7bb8}, !- Handle
  lighting_interior,                      !- Name
  {e9f7efbc-d364-4380-9490-033e5408327a}, !- Schedule Type Limits Name
  {aaa407cb-4ed3-448a-8ef9-8e74eb675646}, !- External File Name
  2,                                      !- Column Number
  1,                                      !- Rows to Skip at Top
  8760,                                   !- Number of Hours of Data
  ,                                       !- Column Separator
  ,                                       !- Interpolate to Timestep
  15,                                     !- Minutes per Item
  ,                                       !- Adjust Schedule for Daylight Savings
  Yes;                                    !- Translate File With Relative Path

OS:Lights:Definition,
  {81526830-4c14-4db1-ad24-97971d3b26ad}, !- Handle
  interior lighting,                      !- Name
  LightingLevel,                          !- Design Level Calculation Method
  1231.79761469911,                       !- Lighting Level {W}
  ,                                       !- Watts per Space Floor Area {W/m2}
  ,                                       !- Watts per Person {W/person}
  0.6,                                    !- Fraction Radiant
  0.2,                                    !- Fraction Visible
  0;                                      !- Return Air Fraction

OS:Lights,
  {710df6c4-3390-4875-bd35-23472a876073}, !- Handle
  interior lighting,                      !- Name
  {81526830-4c14-4db1-ad24-97971d3b26ad}, !- Lights Definition Name
  {bcac1226-0ceb-40d7-a8ad-8ac3ecd06f7f}, !- Space or SpaceType Name
  {0e8f323d-460d-4fce-8fcf-17a4cf9a7bb8}, !- Schedule Name
  1,                                      !- Fraction Replaceable
  ,                                       !- Multiplier
  interior lighting;                      !- End-Use Subcategory

OS:Schedule:Ruleset,
  {a741d691-a52a-4f18-bc27-058215d8aafe}, !- Handle
  exterior lighting schedule,             !- Name
  {e9f7efbc-d364-4380-9490-033e5408327a}, !- Schedule Type Limits Name
  {8f5a2b79-01b5-4ab7-b56f-74e71e314420}; !- Default Day Schedule Name

OS:Schedule:Day,
  {8f5a2b79-01b5-4ab7-b56f-74e71e314420}, !- Handle
  exterior lighting schedule default day, !- Name
  {e9f7efbc-d364-4380-9490-033e5408327a}, !- Schedule Type Limits Name
  ,                                       !- Interpolate to Timestep
  24,                                     !- Hour 1
  0,                                      !- Minute 1
  0;                                      !- Value Until Time 1

OS:Schedule:Rule,
  {9733b16c-b49f-477d-98ea-f11022e2ce90}, !- Handle
  exterior lighting schedule weekday ruleset1, !- Name
  {a741d691-a52a-4f18-bc27-058215d8aafe}, !- Schedule Ruleset Name
  21,                                     !- Rule Order
  {fde8d23a-87d4-4213-84ab-466db57dc206}, !- Day Schedule Name
  ,                                       !- Apply Sunday
  Yes,                                    !- Apply Monday
  Yes,                                    !- Apply Tuesday
  Yes,                                    !- Apply Wednesday
  Yes,                                    !- Apply Thursday
  Yes,                                    !- Apply Friday
  ,                                       !- Apply Saturday
  DateRange,                              !- Date Specification Type
  1,                                      !- Start Month
  1,                                      !- Start Day
  1,                                      !- End Month
  31;                                     !- End Day

OS:Schedule:Day,
  {fde8d23a-87d4-4213-84ab-466db57dc206}, !- Handle
  exterior lighting schedule weekday1,    !- Name
  {e9f7efbc-d364-4380-9490-033e5408327a}, !- Schedule Type Limits Name
  ,                                       !- Interpolate to Timestep
  5,                                      !- Hour 1
  0,                                      !- Minute 1
  0.434958518013411,                      !- Value Until Time 1
  6,                                      !- Hour 2
  0,                                      !- Minute 2
  0.349857938402091,                      !- Value Until Time 2
  7,                                      !- Hour 3
  0,                                      !- Minute 3
  0.330946698488465,                      !- Value Until Time 3
  8,                                      !- Hour 4
  0,                                      !- Minute 4
  0.321491078531651,                      !- Value Until Time 4
  9,                                      !- Hour 5
  0,                                      !- Minute 5
  0.312035458574838,                      !- Value Until Time 5
  10,                                     !- Hour 6
  0,                                      !- Minute 6
  0.264757358790772,                      !- Value Until Time 6
  11,                                     !- Hour 7
  0,                                      !- Minute 7
  0.208023639049892,                      !- Value Until Time 7
  12,                                     !- Hour 8
  0,                                      !- Minute 8
  0.141834299352199,                      !- Value Until Time 8
  13,                                     !- Hour 9
  0,                                      !- Minute 9
  0.113467439481759,                      !- Value Until Time 9
  15,                                     !- Hour 10
  0,                                      !- Minute 10
  0.104011819524946,                      !- Value Until Time 10
  16,                                     !- Hour 11
  0,                                      !- Minute 11
  0.113467439481759,                      !- Value Until Time 11
  17,                                     !- Hour 12
  0,                                      !- Minute 12
  0.179656779179452,                      !- Value Until Time 12
  18,                                     !- Hour 13
  0,                                      !- Minute 13
  0.349857938402091,                      !- Value Until Time 13
  19,                                     !- Hour 14
  0,                                      !- Minute 14
  0.463325377883851,                      !- Value Until Time 14
  20,                                     !- Hour 15
  0,                                      !- Minute 15
  0.614615297192863,                      !- Value Until Time 15
  21,                                     !- Hour 16
  0,                                      !- Minute 16
  0.860461416070008,                      !- Value Until Time 16
  22,                                     !- Hour 17
  0,                                      !- Minute 17
  0.992840095465394,                      !- Value Until Time 17
  23,                                     !- Hour 18
  0,                                      !- Minute 18
  0.860461416070008,                      !- Value Until Time 18
  24,                                     !- Hour 19
  0,                                      !- Minute 19
  0.595704057279236;                      !- Value Until Time 19

OS:Schedule:Rule,
  {5ae29282-7725-4e65-a87c-f5b216892beb}, !- Handle
  exterior lighting schedule weekend ruleset1, !- Name
  {a741d691-a52a-4f18-bc27-058215d8aafe}, !- Schedule Ruleset Name
  20,                                     !- Rule Order
  {d5e6771b-bd7a-4282-b864-dfa8dc4954d4}, !- Day Schedule Name
  Yes,                                    !- Apply Sunday
  ,                                       !- Apply Monday
  ,                                       !- Apply Tuesday
  ,                                       !- Apply Wednesday
  ,                                       !- Apply Thursday
  ,                                       !- Apply Friday
  Yes,                                    !- Apply Saturday
  DateRange,                              !- Date Specification Type
  1,                                      !- Start Month
  1,                                      !- Start Day
  1,                                      !- End Month
  31;                                     !- End Day

OS:Schedule:Day,
  {d5e6771b-bd7a-4282-b864-dfa8dc4954d4}, !- Handle
  exterior lighting schedule weekend1,    !- Name
  {e9f7efbc-d364-4380-9490-033e5408327a}, !- Schedule Type Limits Name
  ,                                       !- Interpolate to Timestep
  2,                                      !- Hour 1
  0,                                      !- Minute 1
  0.434958518013411,                      !- Value Until Time 1
  4,                                      !- Hour 2
  0,                                      !- Minute 2
  0.425502898056597,                      !- Value Until Time 2
  5,                                      !- Hour 3
  0,                                      !- Minute 3
  0.434958518013411,                      !- Value Until Time 3
  6,                                      !- Hour 4
  0,                                      !- Minute 4
  0.425502898056597,                      !- Value Until Time 4
  7,                                      !- Hour 5
  0,                                      !- Minute 5
  0.416047278099784,                      !- Value Until Time 5
  8,                                      !- Hour 6
  0,                                      !- Minute 6
  0.387680418229344,                      !- Value Until Time 6
  9,                                      !- Hour 7
  0,                                      !- Minute 7
  0.340402318445278,                      !- Value Until Time 7
  10,                                     !- Hour 8
  0,                                      !- Minute 8
  0.283668598704398,                      !- Value Until Time 8
  11,                                     !- Hour 9
  0,                                      !- Minute 9
  0.226934878963519,                      !- Value Until Time 9
  12,                                     !- Hour 10
  0,                                      !- Minute 10
  0.151289919309012,                      !- Value Until Time 10
  13,                                     !- Hour 11
  0,                                      !- Minute 11
  0.113467439481759,                      !- Value Until Time 11
  15,                                     !- Hour 12
  0,                                      !- Minute 12
  0.104011819524946,                      !- Value Until Time 12
  16,                                     !- Hour 13
  0,                                      !- Minute 13
  0.113467439481759,                      !- Value Until Time 13
  17,                                     !- Hour 14
  0,                                      !- Minute 14
  0.179656779179452,                      !- Value Until Time 14
  18,                                     !- Hour 15
  0,                                      !- Minute 15
  0.359313558358904,                      !- Value Until Time 15
  19,                                     !- Hour 16
  0,                                      !- Minute 16
  0.453869757927037,                      !- Value Until Time 16
  20,                                     !- Hour 17
  0,                                      !- Minute 17
  0.567337197408797,                      !- Value Until Time 17
  21,                                     !- Hour 18
  0,                                      !- Minute 18
  0.784816456415502,                      !- Value Until Time 18
  22,                                     !- Hour 19
  0,                                      !- Minute 19
  0.926650755767701,                      !- Value Until Time 19
  23,                                     !- Hour 20
  0,                                      !- Minute 20
  0.803727696329128,                      !- Value Until Time 20
  24,                                     !- Hour 21
  0,                                      !- Minute 21
  0.557881577451983;                      !- Value Until Time 21

OS:Schedule:Rule,
  {5f7eeb59-3e83-4582-9fcd-027f1abf1055}, !- Handle
  exterior lighting schedule weekday ruleset2, !- Name
  {a741d691-a52a-4f18-bc27-058215d8aafe}, !- Schedule Ruleset Name
  19,                                     !- Rule Order
  {6d85cd11-0d60-49ca-a261-375c79d69887}, !- Day Schedule Name
  ,                                       !- Apply Sunday
  Yes,                                    !- Apply Monday
  Yes,                                    !- Apply Tuesday
  Yes,                                    !- Apply Wednesday
  Yes,                                    !- Apply Thursday
  Yes,                                    !- Apply Friday
  ,                                       !- Apply Saturday
  DateRange,                              !- Date Specification Type
  2,                                      !- Start Month
  1,                                      !- Start Day
  2,                                      !- End Month
  28;                                     !- End Day

OS:Schedule:Day,
  {6d85cd11-0d60-49ca-a261-375c79d69887}, !- Handle
  exterior lighting schedule weekday2,    !- Name
  {e9f7efbc-d364-4380-9490-033e5408327a}, !- Schedule Type Limits Name
  ,                                       !- Interpolate to Timestep
  5,                                      !- Hour 1
  0,                                      !- Minute 1
  0.438095238095238,                      !- Value Until Time 1
  6,                                      !- Hour 2
  0,                                      !- Minute 2
  0.352380952380952,                      !- Value Until Time 2
  7,                                      !- Hour 3
  0,                                      !- Minute 3
  0.333333333333333,                      !- Value Until Time 3
  8,                                      !- Hour 4
  0,                                      !- Minute 4
  0.323809523809524,                      !- Value Until Time 4
  9,                                      !- Hour 5
  0,                                      !- Minute 5
  0.314285714285714,                      !- Value Until Time 5
  10,                                     !- Hour 6
  0,                                      !- Minute 6
  0.266666666666667,                      !- Value Until Time 6
  11,                                     !- Hour 7
  0,                                      !- Minute 7
  0.20952380952381,                       !- Value Until Time 7
  12,                                     !- Hour 8
  0,                                      !- Minute 8
  0.142857142857143,                      !- Value Until Time 8
  13,                                     !- Hour 9
  0,                                      !- Minute 9
  0.114285714285714,                      !- Value Until Time 9
  15,                                     !- Hour 10
  0,                                      !- Minute 10
  0.104761904761905,                      !- Value Until Time 10
  16,                                     !- Hour 11
  0,                                      !- Minute 11
  0.114285714285714,                      !- Value Until Time 11
  17,                                     !- Hour 12
  0,                                      !- Minute 12
  0.180952380952381,                      !- Value Until Time 12
  18,                                     !- Hour 13
  0,                                      !- Minute 13
  0.352380952380952,                      !- Value Until Time 13
  19,                                     !- Hour 14
  0,                                      !- Minute 14
  0.466666666666667,                      !- Value Until Time 14
  20,                                     !- Hour 15
  0,                                      !- Minute 15
  0.619047619047619,                      !- Value Until Time 15
  21,                                     !- Hour 16
  0,                                      !- Minute 16
  0.866666666666667,                      !- Value Until Time 16
  22,                                     !- Hour 17
  0,                                      !- Minute 17
  1,                                      !- Value Until Time 17
  23,                                     !- Hour 18
  0,                                      !- Minute 18
  0.866666666666667,                      !- Value Until Time 18
  24,                                     !- Hour 19
  0,                                      !- Minute 19
  0.6;                                    !- Value Until Time 19

OS:Schedule:Rule,
  {fefdf78f-45ae-4d4d-9a39-706c3538b7ef}, !- Handle
  exterior lighting schedule weekend ruleset2, !- Name
  {a741d691-a52a-4f18-bc27-058215d8aafe}, !- Schedule Ruleset Name
  18,                                     !- Rule Order
  {dd6a938b-6b8d-4fdc-9b56-2729307f8fea}, !- Day Schedule Name
  Yes,                                    !- Apply Sunday
  ,                                       !- Apply Monday
  ,                                       !- Apply Tuesday
  ,                                       !- Apply Wednesday
  ,                                       !- Apply Thursday
  ,                                       !- Apply Friday
  Yes,                                    !- Apply Saturday
  DateRange,                              !- Date Specification Type
  2,                                      !- Start Month
  1,                                      !- Start Day
  2,                                      !- End Month
  28;                                     !- End Day

OS:Schedule:Day,
  {dd6a938b-6b8d-4fdc-9b56-2729307f8fea}, !- Handle
  exterior lighting schedule weekend2,    !- Name
  {e9f7efbc-d364-4380-9490-033e5408327a}, !- Schedule Type Limits Name
  ,                                       !- Interpolate to Timestep
  2,                                      !- Hour 1
  0,                                      !- Minute 1
  0.438095238095238,                      !- Value Until Time 1
  4,                                      !- Hour 2
  0,                                      !- Minute 2
  0.428571428571429,                      !- Value Until Time 2
  5,                                      !- Hour 3
  0,                                      !- Minute 3
  0.438095238095238,                      !- Value Until Time 3
  6,                                      !- Hour 4
  0,                                      !- Minute 4
  0.428571428571429,                      !- Value Until Time 4
  7,                                      !- Hour 5
  0,                                      !- Minute 5
  0.419047619047619,                      !- Value Until Time 5
  8,                                      !- Hour 6
  0,                                      !- Minute 6
  0.390476190476191,                      !- Value Until Time 6
  9,                                      !- Hour 7
  0,                                      !- Minute 7
  0.342857142857143,                      !- Value Until Time 7
  10,                                     !- Hour 8
  0,                                      !- Minute 8
  0.285714285714286,                      !- Value Until Time 8
  11,                                     !- Hour 9
  0,                                      !- Minute 9
  0.228571428571429,                      !- Value Until Time 9
  12,                                     !- Hour 10
  0,                                      !- Minute 10
  0.152380952380952,                      !- Value Until Time 10
  13,                                     !- Hour 11
  0,                                      !- Minute 11
  0.114285714285714,                      !- Value Until Time 11
  15,                                     !- Hour 12
  0,                                      !- Minute 12
  0.104761904761905,                      !- Value Until Time 12
  16,                                     !- Hour 13
  0,                                      !- Minute 13
  0.114285714285714,                      !- Value Until Time 13
  17,                                     !- Hour 14
  0,                                      !- Minute 14
  0.180952380952381,                      !- Value Until Time 14
  18,                                     !- Hour 15
  0,                                      !- Minute 15
  0.361904761904762,                      !- Value Until Time 15
  19,                                     !- Hour 16
  0,                                      !- Minute 16
  0.457142857142857,                      !- Value Until Time 16
  20,                                     !- Hour 17
  0,                                      !- Minute 17
  0.571428571428571,                      !- Value Until Time 17
  21,                                     !- Hour 18
  0,                                      !- Minute 18
  0.790476190476191,                      !- Value Until Time 18
  22,                                     !- Hour 19
  0,                                      !- Minute 19
  0.933333333333333,                      !- Value Until Time 19
  23,                                     !- Hour 20
  0,                                      !- Minute 20
  0.80952380952381,                       !- Value Until Time 20
  24,                                     !- Hour 21
  0,                                      !- Minute 21
  0.561904761904762;                      !- Value Until Time 21

OS:Schedule:Rule,
  {356af040-86ec-4d6e-b92d-a3de4238c043}, !- Handle
  exterior lighting schedule weekday ruleset3, !- Name
  {a741d691-a52a-4f18-bc27-058215d8aafe}, !- Schedule Ruleset Name
  17,                                     !- Rule Order
  {5458d77a-a8a5-4bdc-a9fb-44a4010f15b0}, !- Day Schedule Name
  ,                                       !- Apply Sunday
  Yes,                                    !- Apply Monday
  Yes,                                    !- Apply Tuesday
  Yes,                                    !- Apply Wednesday
  Yes,                                    !- Apply Thursday
  Yes,                                    !- Apply Friday
  ,                                       !- Apply Saturday
  DateRange,                              !- Date Specification Type
  3,                                      !- Start Month
  1,                                      !- Start Day
  3,                                      !- End Month
  31;                                     !- End Day

OS:Schedule:Day,
  {5458d77a-a8a5-4bdc-a9fb-44a4010f15b0}, !- Handle
  exterior lighting schedule weekday3,    !- Name
  {e9f7efbc-d364-4380-9490-033e5408327a}, !- Schedule Type Limits Name
  ,                                       !- Interpolate to Timestep
  5,                                      !- Hour 1
  0,                                      !- Minute 1
  0.346084782361632,                      !- Value Until Time 1
  6,                                      !- Hour 2
  0,                                      !- Minute 2
  0.278372542334356,                      !- Value Until Time 2
  7,                                      !- Hour 3
  0,                                      !- Minute 3
  0.26332537788385,                       !- Value Until Time 3
  8,                                      !- Hour 4
  0,                                      !- Minute 4
  0.255801795658598,                      !- Value Until Time 4
  9,                                      !- Hour 5
  0,                                      !- Minute 5
  0.248278213433345,                      !- Value Until Time 5
  10,                                     !- Hour 6
  0,                                      !- Minute 6
  0.21066030230708,                       !- Value Until Time 6
  11,                                     !- Hour 7
  0,                                      !- Minute 7
  0.165518808955563,                      !- Value Until Time 7
  12,                                     !- Hour 8
  0,                                      !- Minute 8
  0.112853733378793,                      !- Value Until Time 8
  13,                                     !- Hour 9
  0,                                      !- Minute 9
  0.0902829867030344,                     !- Value Until Time 9
  15,                                     !- Hour 10
  0,                                      !- Minute 10
  0.0827594044777816,                     !- Value Until Time 10
  16,                                     !- Hour 11
  0,                                      !- Minute 11
  0.0902829867030344,                     !- Value Until Time 11
  17,                                     !- Hour 12
  0,                                      !- Minute 12
  0.142948062279805,                      !- Value Until Time 12
  18,                                     !- Hour 13
  0,                                      !- Minute 13
  0.278372542334356,                      !- Value Until Time 13
  19,                                     !- Hour 14
  0,                                      !- Minute 14
  0.368655529037391,                      !- Value Until Time 14
  20,                                     !- Hour 15
  0,                                      !- Minute 15
  0.489032844641437,                      !- Value Until Time 15
  21,                                     !- Hour 16
  0,                                      !- Minute 16
  0.684645982498011,                      !- Value Until Time 16
  22,                                     !- Hour 17
  0,                                      !- Minute 17
  0.789976133651551,                      !- Value Until Time 17
  23,                                     !- Hour 18
  0,                                      !- Minute 18
  0.684645982498011,                      !- Value Until Time 18
  24,                                     !- Hour 19
  0,                                      !- Minute 19
  0.473985680190931;                      !- Value Until Time 19

OS:Schedule:Rule,
  {8ec0c34b-1f88-4c05-890a-fdc77328afa8}, !- Handle
  exterior lighting schedule weekend ruleset3, !- Name
  {a741d691-a52a-4f18-bc27-058215d8aafe}, !- Schedule Ruleset Name
  16,                                     !- Rule Order
  {97ef8c4f-cb70-4316-9527-7cdfe046183f}, !- Day Schedule Name
  Yes,                                    !- Apply Sunday
  ,                                       !- Apply Monday
  ,                                       !- Apply Tuesday
  ,                                       !- Apply Wednesday
  ,                                       !- Apply Thursday
  ,                                       !- Apply Friday
  Yes,                                    !- Apply Saturday
  DateRange,                              !- Date Specification Type
  3,                                      !- Start Month
  1,                                      !- Start Day
  3,                                      !- End Month
  31;                                     !- End Day

OS:Schedule:Day,
  {97ef8c4f-cb70-4316-9527-7cdfe046183f}, !- Handle
  exterior lighting schedule weekend3,    !- Name
  {e9f7efbc-d364-4380-9490-033e5408327a}, !- Schedule Type Limits Name
  ,                                       !- Interpolate to Timestep
  2,                                      !- Hour 1
  0,                                      !- Minute 1
  0.346084782361632,                      !- Value Until Time 1
  4,                                      !- Hour 2
  0,                                      !- Minute 2
  0.338561200136379,                      !- Value Until Time 2
  5,                                      !- Hour 3
  0,                                      !- Minute 3
  0.346084782361632,                      !- Value Until Time 3
  6,                                      !- Hour 4
  0,                                      !- Minute 4
  0.338561200136379,                      !- Value Until Time 4
  7,                                      !- Hour 5
  0,                                      !- Minute 5
  0.331037617911126,                      !- Value Until Time 5
  8,                                      !- Hour 6
  0,                                      !- Minute 6
  0.308466871235368,                      !- Value Until Time 6
  9,                                      !- Hour 7
  0,                                      !- Minute 7
  0.270848960109103,                      !- Value Until Time 7
  10,                                     !- Hour 8
  0,                                      !- Minute 8
  0.225707466757586,                      !- Value Until Time 8
  11,                                     !- Hour 9
  0,                                      !- Minute 9
  0.180565973406069,                      !- Value Until Time 9
  12,                                     !- Hour 10
  0,                                      !- Minute 10
  0.120377315604046,                      !- Value Until Time 10
  13,                                     !- Hour 11
  0,                                      !- Minute 11
  0.0902829867030344,                     !- Value Until Time 11
  15,                                     !- Hour 12
  0,                                      !- Minute 12
  0.0827594044777816,                     !- Value Until Time 12
  16,                                     !- Hour 13
  0,                                      !- Minute 13
  0.0902829867030344,                     !- Value Until Time 13
  17,                                     !- Hour 14
  0,                                      !- Minute 14
  0.142948062279805,                      !- Value Until Time 14
  18,                                     !- Hour 15
  0,                                      !- Minute 15
  0.285896124559609,                      !- Value Until Time 15
  19,                                     !- Hour 16
  0,                                      !- Minute 16
  0.361131946812138,                      !- Value Until Time 16
  20,                                     !- Hour 17
  0,                                      !- Minute 17
  0.451414933515172,                      !- Value Until Time 17
  21,                                     !- Hour 18
  0,                                      !- Minute 18
  0.624457324695988,                      !- Value Until Time 18
  22,                                     !- Hour 19
  0,                                      !- Minute 19
  0.737311058074781,                      !- Value Until Time 19
  23,                                     !- Hour 20
  0,                                      !- Minute 20
  0.639504489146494,                      !- Value Until Time 20
  24,                                     !- Hour 21
  0,                                      !- Minute 21
  0.443891351289919;                      !- Value Until Time 21

OS:Schedule:Rule,
  {915452a1-aa9c-4299-a76c-6268ca1b7960}, !- Handle
  exterior lighting schedule weekday ruleset4, !- Name
  {a741d691-a52a-4f18-bc27-058215d8aafe}, !- Schedule Ruleset Name
  15,                                     !- Rule Order
  {a69d4b1b-1917-4daf-9575-b9094a98e908}, !- Day Schedule Name
  ,                                       !- Apply Sunday
  Yes,                                    !- Apply Monday
  Yes,                                    !- Apply Tuesday
  Yes,                                    !- Apply Wednesday
  Yes,                                    !- Apply Thursday
  Yes,                                    !- Apply Friday
  ,                                       !- Apply Saturday
  DateRange,                              !- Date Specification Type
  4,                                      !- Start Month
  1,                                      !- Start Day
  4,                                      !- End Month
  30;                                     !- End Day

OS:Schedule:Day,
  {a69d4b1b-1917-4daf-9575-b9094a98e908}, !- Handle
  exterior lighting schedule weekday4,    !- Name
  {e9f7efbc-d364-4380-9490-033e5408327a}, !- Schedule Type Limits Name
  ,                                       !- Interpolate to Timestep
  5,                                      !- Hour 1
  0,                                      !- Minute 1
  0.344690684547486,                      !- Value Until Time 1
  6,                                      !- Hour 2
  0,                                      !- Minute 2
  0.277251202788196,                      !- Value Until Time 2
  7,                                      !- Hour 3
  0,                                      !- Minute 3
  0.262264651286131,                      !- Value Until Time 3
  8,                                      !- Hour 4
  0,                                      !- Minute 4
  0.254771375535099,                      !- Value Until Time 4
  9,                                      !- Hour 5
  0,                                      !- Minute 5
  0.247278099784066,                      !- Value Until Time 5
  10,                                     !- Hour 6
  0,                                      !- Minute 6
  0.209811721028905,                      !- Value Until Time 6
  11,                                     !- Hour 7
  0,                                      !- Minute 7
  0.164852066522711,                      !- Value Until Time 7
  12,                                     !- Hour 8
  0,                                      !- Minute 8
  0.112399136265485,                      !- Value Until Time 8
  13,                                     !- Hour 9
  0,                                      !- Minute 9
  0.0899193090123878,                     !- Value Until Time 9
  15,                                     !- Hour 10
  0,                                      !- Minute 10
  0.0824260332613555,                     !- Value Until Time 10
  16,                                     !- Hour 11
  0,                                      !- Minute 11
  0.0899193090123878,                     !- Value Until Time 11
  17,                                     !- Hour 12
  0,                                      !- Minute 12
  0.142372239269614,                      !- Value Until Time 12
  18,                                     !- Hour 13
  0,                                      !- Minute 13
  0.277251202788196,                      !- Value Until Time 13
  19,                                     !- Hour 14
  0,                                      !- Minute 14
  0.367170511800583,                      !- Value Until Time 14
  20,                                     !- Hour 15
  0,                                      !- Minute 15
  0.4870629238171,                        !- Value Until Time 15
  21,                                     !- Hour 16
  0,                                      !- Minute 16
  0.681888093343941,                      !- Value Until Time 16
  22,                                     !- Hour 17
  0,                                      !- Minute 17
  0.786793953858393,                      !- Value Until Time 17
  23,                                     !- Hour 18
  0,                                      !- Minute 18
  0.681888093343941,                      !- Value Until Time 18
  24,                                     !- Hour 19
  0,                                      !- Minute 19
  0.472076372315036;                      !- Value Until Time 19

OS:Schedule:Rule,
  {04cf6184-7de8-4cf5-81ec-405cac1f87d2}, !- Handle
  exterior lighting schedule weekend ruleset4, !- Name
  {a741d691-a52a-4f18-bc27-058215d8aafe}, !- Schedule Ruleset Name
  14,                                     !- Rule Order
  {faceb7c9-3fc9-47de-b79a-32205edd1295}, !- Day Schedule Name
  Yes,                                    !- Apply Sunday
  ,                                       !- Apply Monday
  ,                                       !- Apply Tuesday
  ,                                       !- Apply Wednesday
  ,                                       !- Apply Thursday
  ,                                       !- Apply Friday
  Yes,                                    !- Apply Saturday
  DateRange,                              !- Date Specification Type
  4,                                      !- Start Month
  1,                                      !- Start Day
  4,                                      !- End Month
  30;                                     !- End Day

OS:Schedule:Day,
  {faceb7c9-3fc9-47de-b79a-32205edd1295}, !- Handle
  exterior lighting schedule weekend4,    !- Name
  {e9f7efbc-d364-4380-9490-033e5408327a}, !- Schedule Type Limits Name
  ,                                       !- Interpolate to Timestep
  2,                                      !- Hour 1
  0,                                      !- Minute 1
  0.344690684547486,                      !- Value Until Time 1
  4,                                      !- Hour 2
  0,                                      !- Minute 2
  0.337197408796454,                      !- Value Until Time 2
  5,                                      !- Hour 3
  0,                                      !- Minute 3
  0.344690684547486,                      !- Value Until Time 3
  6,                                      !- Hour 4
  0,                                      !- Minute 4
  0.337197408796454,                      !- Value Until Time 4
  7,                                      !- Hour 5
  0,                                      !- Minute 5
  0.329704133045422,                      !- Value Until Time 5
  8,                                      !- Hour 6
  0,                                      !- Minute 6
  0.307224305792325,                      !- Value Until Time 6
  9,                                      !- Hour 7
  0,                                      !- Minute 7
  0.269757927037163,                      !- Value Until Time 7
  10,                                     !- Hour 8
  0,                                      !- Minute 8
  0.224798272530969,                      !- Value Until Time 8
  11,                                     !- Hour 9
  0,                                      !- Minute 9
  0.179838618024776,                      !- Value Until Time 9
  12,                                     !- Hour 10
  0,                                      !- Minute 10
  0.119892412016517,                      !- Value Until Time 10
  13,                                     !- Hour 11
  0,                                      !- Minute 11
  0.0899193090123878,                     !- Value Until Time 11
  15,                                     !- Hour 12
  0,                                      !- Minute 12
  0.0824260332613555,                     !- Value Until Time 12
  16,                                     !- Hour 13
  0,                                      !- Minute 13
  0.0899193090123878,                     !- Value Until Time 13
  17,                                     !- Hour 14
  0,                                      !- Minute 14
  0.142372239269614,                      !- Value Until Time 14
  18,                                     !- Hour 15
  0,                                      !- Minute 15
  0.284744478539228,                      !- Value Until Time 15
  19,                                     !- Hour 16
  0,                                      !- Minute 16
  0.359677236049551,                      !- Value Until Time 16
  20,                                     !- Hour 17
  0,                                      !- Minute 17
  0.449596545061939,                      !- Value Until Time 17
  21,                                     !- Hour 18
  0,                                      !- Minute 18
  0.621941887335682,                      !- Value Until Time 18
  22,                                     !- Hour 19
  0,                                      !- Minute 19
  0.734341023601167,                      !- Value Until Time 19
  23,                                     !- Hour 20
  0,                                      !- Minute 20
  0.636928438837747,                      !- Value Until Time 20
  24,                                     !- Hour 21
  0,                                      !- Minute 21
  0.442103269310907;                      !- Value Until Time 21

OS:Schedule:Rule,
  {85eccaab-b428-4ea2-ae3e-c77af86f1a2f}, !- Handle
  exterior lighting schedule weekday ruleset5, !- Name
  {a741d691-a52a-4f18-bc27-058215d8aafe}, !- Schedule Ruleset Name
  13,                                     !- Rule Order
  {feb37d7a-85e5-4d68-b218-b042815c93fb}, !- Day Schedule Name
  ,                                       !- Apply Sunday
  Yes,                                    !- Apply Monday
  Yes,                                    !- Apply Tuesday
  Yes,                                    !- Apply Wednesday
  Yes,                                    !- Apply Thursday
  Yes,                                    !- Apply Friday
  ,                                       !- Apply Saturday
  DateRange,                              !- Date Specification Type
  5,                                      !- Start Month
  1,                                      !- Start Day
  5,                                      !- End Month
  31;                                     !- End Day

OS:Schedule:Day,
  {feb37d7a-85e5-4d68-b218-b042815c93fb}, !- Handle
  exterior lighting schedule weekday5,    !- Name
  {e9f7efbc-d364-4380-9490-033e5408327a}, !- Schedule Type Limits Name
  ,                                       !- Interpolate to Timestep
  5,                                      !- Hour 1
  0,                                      !- Minute 1
  0.346084782361632,                      !- Value Until Time 1
  6,                                      !- Hour 2
  0,                                      !- Minute 2
  0.278372542334356,                      !- Value Until Time 2
  7,                                      !- Hour 3
  0,                                      !- Minute 3
  0.26332537788385,                       !- Value Until Time 3
  8,                                      !- Hour 4
  0,                                      !- Minute 4
  0.255801795658598,                      !- Value Until Time 4
  9,                                      !- Hour 5
  0,                                      !- Minute 5
  0.248278213433345,                      !- Value Until Time 5
  10,                                     !- Hour 6
  0,                                      !- Minute 6
  0.21066030230708,                       !- Value Until Time 6
  11,                                     !- Hour 7
  0,                                      !- Minute 7
  0.165518808955563,                      !- Value Until Time 7
  12,                                     !- Hour 8
  0,                                      !- Minute 8
  0.112853733378793,                      !- Value Until Time 8
  13,                                     !- Hour 9
  0,                                      !- Minute 9
  0.0902829867030344,                     !- Value Until Time 9
  15,                                     !- Hour 10
  0,                                      !- Minute 10
  0.0827594044777816,                     !- Value Until Time 10
  16,                                     !- Hour 11
  0,                                      !- Minute 11
  0.0902829867030344,                     !- Value Until Time 11
  17,                                     !- Hour 12
  0,                                      !- Minute 12
  0.142948062279805,                      !- Value Until Time 12
  18,                                     !- Hour 13
  0,                                      !- Minute 13
  0.278372542334356,                      !- Value Until Time 13
  19,                                     !- Hour 14
  0,                                      !- Minute 14
  0.368655529037391,                      !- Value Until Time 14
  20,                                     !- Hour 15
  0,                                      !- Minute 15
  0.489032844641437,                      !- Value Until Time 15
  21,                                     !- Hour 16
  0,                                      !- Minute 16
  0.684645982498011,                      !- Value Until Time 16
  22,                                     !- Hour 17
  0,                                      !- Minute 17
  0.789976133651551,                      !- Value Until Time 17
  23,                                     !- Hour 18
  0,                                      !- Minute 18
  0.684645982498011,                      !- Value Until Time 18
  24,                                     !- Hour 19
  0,                                      !- Minute 19
  0.473985680190931;                      !- Value Until Time 19

OS:Schedule:Rule,
  {41d41856-57af-42cf-97e4-87a8c49da99e}, !- Handle
  exterior lighting schedule weekend ruleset5, !- Name
  {a741d691-a52a-4f18-bc27-058215d8aafe}, !- Schedule Ruleset Name
  12,                                     !- Rule Order
  {ac764fc7-b201-40ef-9b89-91653274e8fb}, !- Day Schedule Name
  Yes,                                    !- Apply Sunday
  ,                                       !- Apply Monday
  ,                                       !- Apply Tuesday
  ,                                       !- Apply Wednesday
  ,                                       !- Apply Thursday
  ,                                       !- Apply Friday
  Yes,                                    !- Apply Saturday
  DateRange,                              !- Date Specification Type
  5,                                      !- Start Month
  1,                                      !- Start Day
  5,                                      !- End Month
  31;                                     !- End Day

OS:Schedule:Day,
  {ac764fc7-b201-40ef-9b89-91653274e8fb}, !- Handle
  exterior lighting schedule weekend5,    !- Name
  {e9f7efbc-d364-4380-9490-033e5408327a}, !- Schedule Type Limits Name
  ,                                       !- Interpolate to Timestep
  2,                                      !- Hour 1
  0,                                      !- Minute 1
  0.346084782361632,                      !- Value Until Time 1
  4,                                      !- Hour 2
  0,                                      !- Minute 2
  0.338561200136379,                      !- Value Until Time 2
  5,                                      !- Hour 3
  0,                                      !- Minute 3
  0.346084782361632,                      !- Value Until Time 3
  6,                                      !- Hour 4
  0,                                      !- Minute 4
  0.338561200136379,                      !- Value Until Time 4
  7,                                      !- Hour 5
  0,                                      !- Minute 5
  0.331037617911126,                      !- Value Until Time 5
  8,                                      !- Hour 6
  0,                                      !- Minute 6
  0.308466871235368,                      !- Value Until Time 6
  9,                                      !- Hour 7
  0,                                      !- Minute 7
  0.270848960109103,                      !- Value Until Time 7
  10,                                     !- Hour 8
  0,                                      !- Minute 8
  0.225707466757586,                      !- Value Until Time 8
  11,                                     !- Hour 9
  0,                                      !- Minute 9
  0.180565973406069,                      !- Value Until Time 9
  12,                                     !- Hour 10
  0,                                      !- Minute 10
  0.120377315604046,                      !- Value Until Time 10
  13,                                     !- Hour 11
  0,                                      !- Minute 11
  0.0902829867030344,                     !- Value Until Time 11
  15,                                     !- Hour 12
  0,                                      !- Minute 12
  0.0827594044777816,                     !- Value Until Time 12
  16,                                     !- Hour 13
  0,                                      !- Minute 13
  0.0902829867030344,                     !- Value Until Time 13
  17,                                     !- Hour 14
  0,                                      !- Minute 14
  0.142948062279805,                      !- Value Until Time 14
  18,                                     !- Hour 15
  0,                                      !- Minute 15
  0.285896124559609,                      !- Value Until Time 15
  19,                                     !- Hour 16
  0,                                      !- Minute 16
  0.361131946812138,                      !- Value Until Time 16
  20,                                     !- Hour 17
  0,                                      !- Minute 17
  0.451414933515172,                      !- Value Until Time 17
  21,                                     !- Hour 18
  0,                                      !- Minute 18
  0.624457324695988,                      !- Value Until Time 18
  22,                                     !- Hour 19
  0,                                      !- Minute 19
  0.737311058074781,                      !- Value Until Time 19
  23,                                     !- Hour 20
  0,                                      !- Minute 20
  0.639504489146494,                      !- Value Until Time 20
  24,                                     !- Hour 21
  0,                                      !- Minute 21
  0.443891351289919;                      !- Value Until Time 21

OS:Schedule:Rule,
  {dfae6ae8-43e1-49d5-a86c-aaf818f7bb91}, !- Handle
  exterior lighting schedule weekday ruleset6, !- Name
  {a741d691-a52a-4f18-bc27-058215d8aafe}, !- Schedule Ruleset Name
  11,                                     !- Rule Order
  {37158b1d-a0b3-48e2-9148-97996e78d6e9}, !- Day Schedule Name
  ,                                       !- Apply Sunday
  Yes,                                    !- Apply Monday
  Yes,                                    !- Apply Tuesday
  Yes,                                    !- Apply Wednesday
  Yes,                                    !- Apply Thursday
  Yes,                                    !- Apply Friday
  ,                                       !- Apply Saturday
  DateRange,                              !- Date Specification Type
  6,                                      !- Start Month
  1,                                      !- Start Day
  6,                                      !- End Month
  30;                                     !- End Day

OS:Schedule:Day,
  {37158b1d-a0b3-48e2-9148-97996e78d6e9}, !- Handle
  exterior lighting schedule weekday6,    !- Name
  {e9f7efbc-d364-4380-9490-033e5408327a}, !- Schedule Type Limits Name
  ,                                       !- Interpolate to Timestep
  5,                                      !- Hour 1
  0,                                      !- Minute 1
  0.288229723074592,                      !- Value Until Time 1
  6,                                      !- Hour 2
  0,                                      !- Minute 2
  0.231836951168693,                      !- Value Until Time 2
  7,                                      !- Hour 3
  0,                                      !- Minute 3
  0.219305224078494,                      !- Value Until Time 3
  8,                                      !- Hour 4
  0,                                      !- Minute 4
  0.213039360533394,                      !- Value Until Time 4
  9,                                      !- Hour 5
  0,                                      !- Minute 5
  0.206773496988294,                      !- Value Until Time 5
  10,                                     !- Hour 6
  0,                                      !- Minute 6
  0.175444179262795,                      !- Value Until Time 6
  11,                                     !- Hour 7
  0,                                      !- Minute 7
  0.137848997992196,                      !- Value Until Time 7
  12,                                     !- Hour 8
  0,                                      !- Minute 8
  0.0939879531764973,                     !- Value Until Time 8
  13,                                     !- Hour 9
  0,                                      !- Minute 9
  0.0751903625411979,                     !- Value Until Time 9
  15,                                     !- Hour 10
  0,                                      !- Minute 10
  0.068924498996098,                      !- Value Until Time 10
  16,                                     !- Hour 11
  0,                                      !- Minute 11
  0.0751903625411979,                     !- Value Until Time 11
  17,                                     !- Hour 12
  0,                                      !- Minute 12
  0.119051407356897,                      !- Value Until Time 12
  18,                                     !- Hour 13
  0,                                      !- Minute 13
  0.231836951168693,                      !- Value Until Time 13
  19,                                     !- Hour 14
  0,                                      !- Minute 14
  0.307027313709891,                      !- Value Until Time 14
  20,                                     !- Hour 15
  0,                                      !- Minute 15
  0.407281130431488,                      !- Value Until Time 15
  21,                                     !- Hour 16
  0,                                      !- Minute 16
  0.570193582604084,                      !- Value Until Time 16
  22,                                     !- Hour 17
  0,                                      !- Minute 17
  0.657915672235481,                      !- Value Until Time 17
  23,                                     !- Hour 18
  0,                                      !- Minute 18
  0.570193582604084,                      !- Value Until Time 18
  24,                                     !- Hour 19
  0,                                      !- Minute 19
  0.394749403341289;                      !- Value Until Time 19

OS:Schedule:Rule,
  {11d86340-5000-4725-9e4e-8c44719795d3}, !- Handle
  exterior lighting schedule weekend ruleset6, !- Name
  {a741d691-a52a-4f18-bc27-058215d8aafe}, !- Schedule Ruleset Name
  10,                                     !- Rule Order
  {ad81b37a-2328-4b6f-af3a-f2f51e19750f}, !- Day Schedule Name
  Yes,                                    !- Apply Sunday
  ,                                       !- Apply Monday
  ,                                       !- Apply Tuesday
  ,                                       !- Apply Wednesday
  ,                                       !- Apply Thursday
  ,                                       !- Apply Friday
  Yes,                                    !- Apply Saturday
  DateRange,                              !- Date Specification Type
  6,                                      !- Start Month
  1,                                      !- Start Day
  6,                                      !- End Month
  30;                                     !- End Day

OS:Schedule:Day,
  {ad81b37a-2328-4b6f-af3a-f2f51e19750f}, !- Handle
  exterior lighting schedule weekend6,    !- Name
  {e9f7efbc-d364-4380-9490-033e5408327a}, !- Schedule Type Limits Name
  ,                                       !- Interpolate to Timestep
  2,                                      !- Hour 1
  0,                                      !- Minute 1
  0.288229723074592,                      !- Value Until Time 1
  4,                                      !- Hour 2
  0,                                      !- Minute 2
  0.281963859529492,                      !- Value Until Time 2
  5,                                      !- Hour 3
  0,                                      !- Minute 3
  0.288229723074592,                      !- Value Until Time 3
  6,                                      !- Hour 4
  0,                                      !- Minute 4
  0.281963859529492,                      !- Value Until Time 4
  7,                                      !- Hour 5
  0,                                      !- Minute 5
  0.275697995984392,                      !- Value Until Time 5
  8,                                      !- Hour 6
  0,                                      !- Minute 6
  0.256900405349093,                      !- Value Until Time 6
  9,                                      !- Hour 7
  0,                                      !- Minute 7
  0.225571087623594,                      !- Value Until Time 7
  10,                                     !- Hour 8
  0,                                      !- Minute 8
  0.187975906352995,                      !- Value Until Time 8
  11,                                     !- Hour 9
  0,                                      !- Minute 9
  0.150380725082396,                      !- Value Until Time 9
  12,                                     !- Hour 10
  0,                                      !- Minute 10
  0.100253816721597,                      !- Value Until Time 10
  13,                                     !- Hour 11
  0,                                      !- Minute 11
  0.0751903625411979,                     !- Value Until Time 11
  15,                                     !- Hour 12
  0,                                      !- Minute 12
  0.068924498996098,                      !- Value Until Time 12
  16,                                     !- Hour 13
  0,                                      !- Minute 13
  0.0751903625411979,                     !- Value Until Time 13
  17,                                     !- Hour 14
  0,                                      !- Minute 14
  0.119051407356897,                      !- Value Until Time 14
  18,                                     !- Hour 15
  0,                                      !- Minute 15
  0.238102814713793,                      !- Value Until Time 15
  19,                                     !- Hour 16
  0,                                      !- Minute 16
  0.300761450164791,                      !- Value Until Time 16
  20,                                     !- Hour 17
  0,                                      !- Minute 17
  0.375951812705989,                      !- Value Until Time 17
  21,                                     !- Hour 18
  0,                                      !- Minute 18
  0.520066674243285,                      !- Value Until Time 18
  22,                                     !- Hour 19
  0,                                      !- Minute 19
  0.614054627419783,                      !- Value Until Time 19
  23,                                     !- Hour 20
  0,                                      !- Minute 20
  0.532598401333485,                      !- Value Until Time 20
  24,                                     !- Hour 21
  0,                                      !- Minute 21
  0.369685949160889;                      !- Value Until Time 21

OS:Schedule:Rule,
  {de1b29bd-ac52-4a9d-b42d-c4047f905847}, !- Handle
  exterior lighting schedule weekday ruleset7, !- Name
  {a741d691-a52a-4f18-bc27-058215d8aafe}, !- Schedule Ruleset Name
  9,                                      !- Rule Order
  {0f18e4f9-13f9-4aa9-9f8c-5ed9bde281fb}, !- Day Schedule Name
  ,                                       !- Apply Sunday
  Yes,                                    !- Apply Monday
  Yes,                                    !- Apply Tuesday
  Yes,                                    !- Apply Wednesday
  Yes,                                    !- Apply Thursday
  Yes,                                    !- Apply Friday
  ,                                       !- Apply Saturday
  DateRange,                              !- Date Specification Type
  7,                                      !- Start Month
  1,                                      !- Start Day
  8,                                      !- End Month
  31;                                     !- End Day

OS:Schedule:Day,
  {0f18e4f9-13f9-4aa9-9f8c-5ed9bde281fb}, !- Handle
  exterior lighting schedule weekday7,    !- Name
  {e9f7efbc-d364-4380-9490-033e5408327a}, !- Schedule Type Limits Name
  ,                                       !- Interpolate to Timestep
  5,                                      !- Hour 1
  0,                                      !- Minute 1
  0.286138576353373,                      !- Value Until Time 1
  6,                                      !- Hour 2
  0,                                      !- Minute 2
  0.230154941849453,                      !- Value Until Time 2
  7,                                      !- Hour 3
  0,                                      !- Minute 3
  0.217714134181915,                      !- Value Until Time 3
  8,                                      !- Hour 4
  0,                                      !- Minute 4
  0.211493730348146,                      !- Value Until Time 4
  9,                                      !- Hour 5
  0,                                      !- Minute 5
  0.205273326514377,                      !- Value Until Time 5
  10,                                     !- Hour 6
  0,                                      !- Minute 6
  0.174171307345532,                      !- Value Until Time 6
  11,                                     !- Hour 7
  0,                                      !- Minute 7
  0.136848884342918,                      !- Value Until Time 7
  12,                                     !- Hour 8
  0,                                      !- Minute 8
  0.0933060575065348,                     !- Value Until Time 8
  13,                                     !- Hour 9
  0,                                      !- Minute 9
  0.0746448460052279,                     !- Value Until Time 9
  15,                                     !- Hour 10
  0,                                      !- Minute 10
  0.0684244421714589,                     !- Value Until Time 10
  16,                                     !- Hour 11
  0,                                      !- Minute 11
  0.0746448460052279,                     !- Value Until Time 11
  17,                                     !- Hour 12
  0,                                      !- Minute 12
  0.118187672841611,                      !- Value Until Time 12
  18,                                     !- Hour 13
  0,                                      !- Minute 13
  0.230154941849453,                      !- Value Until Time 13
  19,                                     !- Hour 14
  0,                                      !- Minute 14
  0.30479978785468,                       !- Value Until Time 14
  20,                                     !- Hour 15
  0,                                      !- Minute 15
  0.404326249194984,                      !- Value Until Time 15
  21,                                     !- Hour 16
  0,                                      !- Minute 16
  0.566056748872978,                      !- Value Until Time 16
  22,                                     !- Hour 17
  0,                                      !- Minute 17
  0.653142402545744,                      !- Value Until Time 17
  23,                                     !- Hour 18
  0,                                      !- Minute 18
  0.566056748872978,                      !- Value Until Time 18
  24,                                     !- Hour 19
  0,                                      !- Minute 19
  0.391885441527446;                      !- Value Until Time 19

OS:Schedule:Rule,
  {7a8f78fe-9384-4891-b968-382e7d40ab9b}, !- Handle
  exterior lighting schedule weekend ruleset7, !- Name
  {a741d691-a52a-4f18-bc27-058215d8aafe}, !- Schedule Ruleset Name
  8,                                      !- Rule Order
  {ccc6c971-980c-4ca3-974e-f567383fbf0e}, !- Day Schedule Name
  Yes,                                    !- Apply Sunday
  ,                                       !- Apply Monday
  ,                                       !- Apply Tuesday
  ,                                       !- Apply Wednesday
  ,                                       !- Apply Thursday
  ,                                       !- Apply Friday
  Yes,                                    !- Apply Saturday
  DateRange,                              !- Date Specification Type
  7,                                      !- Start Month
  1,                                      !- Start Day
  8,                                      !- End Month
  31;                                     !- End Day

OS:Schedule:Day,
  {ccc6c971-980c-4ca3-974e-f567383fbf0e}, !- Handle
  exterior lighting schedule weekend7,    !- Name
  {e9f7efbc-d364-4380-9490-033e5408327a}, !- Schedule Type Limits Name
  ,                                       !- Interpolate to Timestep
  2,                                      !- Hour 1
  0,                                      !- Minute 1
  0.286138576353373,                      !- Value Until Time 1
  4,                                      !- Hour 2
  0,                                      !- Minute 2
  0.279918172519604,                      !- Value Until Time 2
  5,                                      !- Hour 3
  0,                                      !- Minute 3
  0.286138576353373,                      !- Value Until Time 3
  6,                                      !- Hour 4
  0,                                      !- Minute 4
  0.279918172519604,                      !- Value Until Time 4
  7,                                      !- Hour 5
  0,                                      !- Minute 5
  0.273697768685836,                      !- Value Until Time 5
  8,                                      !- Hour 6
  0,                                      !- Minute 6
  0.255036557184529,                      !- Value Until Time 6
  9,                                      !- Hour 7
  0,                                      !- Minute 7
  0.223934538015684,                      !- Value Until Time 7
  10,                                     !- Hour 8
  0,                                      !- Minute 8
  0.18661211501307,                       !- Value Until Time 8
  11,                                     !- Hour 9
  0,                                      !- Minute 9
  0.149289692010456,                      !- Value Until Time 9
  12,                                     !- Hour 10
  0,                                      !- Minute 10
  0.0995264613403038,                     !- Value Until Time 10
  13,                                     !- Hour 11
  0,                                      !- Minute 11
  0.0746448460052279,                     !- Value Until Time 11
  15,                                     !- Hour 12
  0,                                      !- Minute 12
  0.0684244421714589,                     !- Value Until Time 12
  16,                                     !- Hour 13
  0,                                      !- Minute 13
  0.0746448460052279,                     !- Value Until Time 13
  17,                                     !- Hour 14
  0,                                      !- Minute 14
  0.118187672841611,                      !- Value Until Time 14
  18,                                     !- Hour 15
  0,                                      !- Minute 15
  0.236375345683222,                      !- Value Until Time 15
  19,                                     !- Hour 16
  0,                                      !- Minute 16
  0.298579384020911,                      !- Value Until Time 16
  20,                                     !- Hour 17
  0,                                      !- Minute 17
  0.373224230026139,                      !- Value Until Time 17
  21,                                     !- Hour 18
  0,                                      !- Minute 18
  0.516293518202826,                      !- Value Until Time 18
  22,                                     !- Hour 19
  0,                                      !- Minute 19
  0.609599575709361,                      !- Value Until Time 19
  23,                                     !- Hour 20
  0,                                      !- Minute 20
  0.528734325870364,                      !- Value Until Time 20
  24,                                     !- Hour 21
  0,                                      !- Minute 21
  0.36700382619237;                       !- Value Until Time 21

OS:Schedule:Rule,
  {6792e2d7-b2fe-4442-a795-69131248abf0}, !- Handle
  exterior lighting schedule weekday ruleset9, !- Name
  {a741d691-a52a-4f18-bc27-058215d8aafe}, !- Schedule Ruleset Name
  7,                                      !- Rule Order
  {c2c9e458-85fc-45c0-8af9-07391c77738c}, !- Day Schedule Name
  ,                                       !- Apply Sunday
  Yes,                                    !- Apply Monday
  Yes,                                    !- Apply Tuesday
  Yes,                                    !- Apply Wednesday
  Yes,                                    !- Apply Thursday
  Yes,                                    !- Apply Friday
  ,                                       !- Apply Saturday
  DateRange,                              !- Date Specification Type
  9,                                      !- Start Month
  1,                                      !- Start Day
  9,                                      !- End Month
  30;                                     !- End Day

OS:Schedule:Day,
  {c2c9e458-85fc-45c0-8af9-07391c77738c}, !- Handle
  exterior lighting schedule weekday9,    !- Name
  {e9f7efbc-d364-4380-9490-033e5408327a}, !- Schedule Type Limits Name
  ,                                       !- Interpolate to Timestep
  5,                                      !- Hour 1
  0,                                      !- Minute 1
  0.288229723074592,                      !- Value Until Time 1
  6,                                      !- Hour 2
  0,                                      !- Minute 2
  0.231836951168693,                      !- Value Until Time 2
  7,                                      !- Hour 3
  0,                                      !- Minute 3
  0.219305224078494,                      !- Value Until Time 3
  8,                                      !- Hour 4
  0,                                      !- Minute 4
  0.213039360533394,                      !- Value Until Time 4
  9,                                      !- Hour 5
  0,                                      !- Minute 5
  0.206773496988294,                      !- Value Until Time 5
  10,                                     !- Hour 6
  0,                                      !- Minute 6
  0.175444179262795,                      !- Value Until Time 6
  11,                                     !- Hour 7
  0,                                      !- Minute 7
  0.137848997992196,                      !- Value Until Time 7
  12,                                     !- Hour 8
  0,                                      !- Minute 8
  0.0939879531764973,                     !- Value Until Time 8
  13,                                     !- Hour 9
  0,                                      !- Minute 9
  0.0751903625411979,                     !- Value Until Time 9
  15,                                     !- Hour 10
  0,                                      !- Minute 10
  0.068924498996098,                      !- Value Until Time 10
  16,                                     !- Hour 11
  0,                                      !- Minute 11
  0.0751903625411979,                     !- Value Until Time 11
  17,                                     !- Hour 12
  0,                                      !- Minute 12
  0.119051407356897,                      !- Value Until Time 12
  18,                                     !- Hour 13
  0,                                      !- Minute 13
  0.231836951168693,                      !- Value Until Time 13
  19,                                     !- Hour 14
  0,                                      !- Minute 14
  0.307027313709891,                      !- Value Until Time 14
  20,                                     !- Hour 15
  0,                                      !- Minute 15
  0.407281130431488,                      !- Value Until Time 15
  21,                                     !- Hour 16
  0,                                      !- Minute 16
  0.570193582604084,                      !- Value Until Time 16
  22,                                     !- Hour 17
  0,                                      !- Minute 17
  0.657915672235481,                      !- Value Until Time 17
  23,                                     !- Hour 18
  0,                                      !- Minute 18
  0.570193582604084,                      !- Value Until Time 18
  24,                                     !- Hour 19
  0,                                      !- Minute 19
  0.394749403341289;                      !- Value Until Time 19

OS:Schedule:Rule,
  {65c21b1e-02ee-4e78-aea0-44e7b3b75c55}, !- Handle
  exterior lighting schedule weekend ruleset9, !- Name
  {a741d691-a52a-4f18-bc27-058215d8aafe}, !- Schedule Ruleset Name
  6,                                      !- Rule Order
  {fe18f66e-9599-48c7-907d-8e04fda03ff8}, !- Day Schedule Name
  Yes,                                    !- Apply Sunday
  ,                                       !- Apply Monday
  ,                                       !- Apply Tuesday
  ,                                       !- Apply Wednesday
  ,                                       !- Apply Thursday
  ,                                       !- Apply Friday
  Yes,                                    !- Apply Saturday
  DateRange,                              !- Date Specification Type
  9,                                      !- Start Month
  1,                                      !- Start Day
  9,                                      !- End Month
  30;                                     !- End Day

OS:Schedule:Day,
  {fe18f66e-9599-48c7-907d-8e04fda03ff8}, !- Handle
  exterior lighting schedule weekend9,    !- Name
  {e9f7efbc-d364-4380-9490-033e5408327a}, !- Schedule Type Limits Name
  ,                                       !- Interpolate to Timestep
  2,                                      !- Hour 1
  0,                                      !- Minute 1
  0.288229723074592,                      !- Value Until Time 1
  4,                                      !- Hour 2
  0,                                      !- Minute 2
  0.281963859529492,                      !- Value Until Time 2
  5,                                      !- Hour 3
  0,                                      !- Minute 3
  0.288229723074592,                      !- Value Until Time 3
  6,                                      !- Hour 4
  0,                                      !- Minute 4
  0.281963859529492,                      !- Value Until Time 4
  7,                                      !- Hour 5
  0,                                      !- Minute 5
  0.275697995984392,                      !- Value Until Time 5
  8,                                      !- Hour 6
  0,                                      !- Minute 6
  0.256900405349093,                      !- Value Until Time 6
  9,                                      !- Hour 7
  0,                                      !- Minute 7
  0.225571087623594,                      !- Value Until Time 7
  10,                                     !- Hour 8
  0,                                      !- Minute 8
  0.187975906352995,                      !- Value Until Time 8
  11,                                     !- Hour 9
  0,                                      !- Minute 9
  0.150380725082396,                      !- Value Until Time 9
  12,                                     !- Hour 10
  0,                                      !- Minute 10
  0.100253816721597,                      !- Value Until Time 10
  13,                                     !- Hour 11
  0,                                      !- Minute 11
  0.0751903625411979,                     !- Value Until Time 11
  15,                                     !- Hour 12
  0,                                      !- Minute 12
  0.068924498996098,                      !- Value Until Time 12
  16,                                     !- Hour 13
  0,                                      !- Minute 13
  0.0751903625411979,                     !- Value Until Time 13
  17,                                     !- Hour 14
  0,                                      !- Minute 14
  0.119051407356897,                      !- Value Until Time 14
  18,                                     !- Hour 15
  0,                                      !- Minute 15
  0.238102814713793,                      !- Value Until Time 15
  19,                                     !- Hour 16
  0,                                      !- Minute 16
  0.300761450164791,                      !- Value Until Time 16
  20,                                     !- Hour 17
  0,                                      !- Minute 17
  0.375951812705989,                      !- Value Until Time 17
  21,                                     !- Hour 18
  0,                                      !- Minute 18
  0.520066674243285,                      !- Value Until Time 18
  22,                                     !- Hour 19
  0,                                      !- Minute 19
  0.614054627419783,                      !- Value Until Time 19
  23,                                     !- Hour 20
  0,                                      !- Minute 20
  0.532598401333485,                      !- Value Until Time 20
  24,                                     !- Hour 21
  0,                                      !- Minute 21
  0.369685949160889;                      !- Value Until Time 21

OS:Schedule:Rule,
  {87015c12-fca2-4abc-96c6-26eb40cbd2d6}, !- Handle
  exterior lighting schedule weekday ruleset10, !- Name
  {a741d691-a52a-4f18-bc27-058215d8aafe}, !- Schedule Ruleset Name
  5,                                      !- Rule Order
  {e55c2f4e-72c2-4c9b-aff0-282b543d8e0b}, !- Day Schedule Name
  ,                                       !- Apply Sunday
  Yes,                                    !- Apply Monday
  Yes,                                    !- Apply Tuesday
  Yes,                                    !- Apply Wednesday
  Yes,                                    !- Apply Thursday
  Yes,                                    !- Apply Friday
  ,                                       !- Apply Saturday
  DateRange,                              !- Date Specification Type
  10,                                     !- Start Month
  1,                                      !- Start Day
  10,                                     !- End Month
  31;                                     !- End Day

OS:Schedule:Day,
  {e55c2f4e-72c2-4c9b-aff0-282b543d8e0b}, !- Handle
  exterior lighting schedule weekday10,   !- Name
  {e9f7efbc-d364-4380-9490-033e5408327a}, !- Schedule Type Limits Name
  ,                                       !- Interpolate to Timestep
  5,                                      !- Hour 1
  0,                                      !- Minute 1
  0.345039209001023,                      !- Value Until Time 1
  6,                                      !- Hour 2
  0,                                      !- Minute 2
  0.277531537674736,                      !- Value Until Time 2
  7,                                      !- Hour 3
  0,                                      !- Minute 3
  0.262529832935561,                      !- Value Until Time 3
  8,                                      !- Hour 4
  0,                                      !- Minute 4
  0.255028980565973,                      !- Value Until Time 4
  9,                                      !- Hour 5
  0,                                      !- Minute 5
  0.247528128196386,                      !- Value Until Time 5
  10,                                     !- Hour 6
  0,                                      !- Minute 6
  0.210023866348449,                      !- Value Until Time 6
  11,                                     !- Hour 7
  0,                                      !- Minute 7
  0.165018752130924,                      !- Value Until Time 7
  12,                                     !- Hour 8
  0,                                      !- Minute 8
  0.112512785543812,                      !- Value Until Time 8
  13,                                     !- Hour 9
  0,                                      !- Minute 9
  0.0900102284350494,                     !- Value Until Time 9
  15,                                     !- Hour 10
  0,                                      !- Minute 10
  0.082509376065462,                      !- Value Until Time 10
  16,                                     !- Hour 11
  0,                                      !- Minute 11
  0.0900102284350494,                     !- Value Until Time 11
  17,                                     !- Hour 12
  0,                                      !- Minute 12
  0.142516195022162,                      !- Value Until Time 12
  18,                                     !- Hour 13
  0,                                      !- Minute 13
  0.277531537674736,                      !- Value Until Time 13
  19,                                     !- Hour 14
  0,                                      !- Minute 14
  0.367541766109785,                      !- Value Until Time 14
  20,                                     !- Hour 15
  0,                                      !- Minute 15
  0.487555404023184,                      !- Value Until Time 15
  21,                                     !- Hour 16
  0,                                      !- Minute 16
  0.682577565632458,                      !- Value Until Time 16
  22,                                     !- Hour 17
  0,                                      !- Minute 17
  0.787589498806682,                      !- Value Until Time 17
  23,                                     !- Hour 18
  0,                                      !- Minute 18
  0.682577565632458,                      !- Value Until Time 18
  24,                                     !- Hour 19
  0,                                      !- Minute 19
  0.47255369928401;                       !- Value Until Time 19

OS:Schedule:Rule,
  {fe3f10cc-0dc2-4e1f-947d-4e24f2f63f57}, !- Handle
  exterior lighting schedule weekend ruleset10, !- Name
  {a741d691-a52a-4f18-bc27-058215d8aafe}, !- Schedule Ruleset Name
  4,                                      !- Rule Order
  {c2f36926-da0c-49d4-8e30-ea295f660a55}, !- Day Schedule Name
  Yes,                                    !- Apply Sunday
  ,                                       !- Apply Monday
  ,                                       !- Apply Tuesday
  ,                                       !- Apply Wednesday
  ,                                       !- Apply Thursday
  ,                                       !- Apply Friday
  Yes,                                    !- Apply Saturday
  DateRange,                              !- Date Specification Type
  10,                                     !- Start Month
  1,                                      !- Start Day
  10,                                     !- End Month
  31;                                     !- End Day

OS:Schedule:Day,
  {c2f36926-da0c-49d4-8e30-ea295f660a55}, !- Handle
  exterior lighting schedule weekend10,   !- Name
  {e9f7efbc-d364-4380-9490-033e5408327a}, !- Schedule Type Limits Name
  ,                                       !- Interpolate to Timestep
  2,                                      !- Hour 1
  0,                                      !- Minute 1
  0.345039209001023,                      !- Value Until Time 1
  4,                                      !- Hour 2
  0,                                      !- Minute 2
  0.337538356631435,                      !- Value Until Time 2
  5,                                      !- Hour 3
  0,                                      !- Minute 3
  0.345039209001023,                      !- Value Until Time 3
  6,                                      !- Hour 4
  0,                                      !- Minute 4
  0.337538356631435,                      !- Value Until Time 4
  7,                                      !- Hour 5
  0,                                      !- Minute 5
  0.330037504261848,                      !- Value Until Time 5
  8,                                      !- Hour 6
  0,                                      !- Minute 6
  0.307534947153086,                      !- Value Until Time 6
  9,                                      !- Hour 7
  0,                                      !- Minute 7
  0.270030685305148,                      !- Value Until Time 7
  10,                                     !- Hour 8
  0,                                      !- Minute 8
  0.225025571087624,                      !- Value Until Time 8
  11,                                     !- Hour 9
  0,                                      !- Minute 9
  0.180020456870099,                      !- Value Until Time 9
  12,                                     !- Hour 10
  0,                                      !- Minute 10
  0.120013637913399,                      !- Value Until Time 10
  13,                                     !- Hour 11
  0,                                      !- Minute 11
  0.0900102284350494,                     !- Value Until Time 11
  15,                                     !- Hour 12
  0,                                      !- Minute 12
  0.082509376065462,                      !- Value Until Time 12
  16,                                     !- Hour 13
  0,                                      !- Minute 13
  0.0900102284350494,                     !- Value Until Time 13
  17,                                     !- Hour 14
  0,                                      !- Minute 14
  0.142516195022162,                      !- Value Until Time 14
  18,                                     !- Hour 15
  0,                                      !- Minute 15
  0.285032390044323,                      !- Value Until Time 15
  19,                                     !- Hour 16
  0,                                      !- Minute 16
  0.360040913740198,                      !- Value Until Time 16
  20,                                     !- Hour 17
  0,                                      !- Minute 17
  0.450051142175247,                      !- Value Until Time 17
  21,                                     !- Hour 18
  0,                                      !- Minute 18
  0.622570746675759,                      !- Value Until Time 18
  22,                                     !- Hour 19
  0,                                      !- Minute 19
  0.73508353221957,                       !- Value Until Time 19
  23,                                     !- Hour 20
  0,                                      !- Minute 20
  0.637572451414934,                      !- Value Until Time 20
  24,                                     !- Hour 21
  0,                                      !- Minute 21
  0.44255028980566;                       !- Value Until Time 21

OS:Schedule:Rule,
  {b57b70d0-fb48-4e38-bef7-09f6f56c376c}, !- Handle
  exterior lighting schedule weekday ruleset11, !- Name
  {a741d691-a52a-4f18-bc27-058215d8aafe}, !- Schedule Ruleset Name
  3,                                      !- Rule Order
  {4b151833-3bb5-4c33-b33b-691b6aad5bcc}, !- Day Schedule Name
  ,                                       !- Apply Sunday
  Yes,                                    !- Apply Monday
  Yes,                                    !- Apply Tuesday
  Yes,                                    !- Apply Wednesday
  Yes,                                    !- Apply Thursday
  Yes,                                    !- Apply Friday
  ,                                       !- Apply Saturday
  DateRange,                              !- Date Specification Type
  11,                                     !- Start Month
  1,                                      !- Start Day
  11,                                     !- End Month
  30;                                     !- End Day

OS:Schedule:Day,
  {4b151833-3bb5-4c33-b33b-691b6aad5bcc}, !- Handle
  exterior lighting schedule weekday11,   !- Name
  {e9f7efbc-d364-4380-9490-033e5408327a}, !- Schedule Type Limits Name
  ,                                       !- Interpolate to Timestep
  5,                                      !- Hour 1
  0,                                      !- Minute 1
  0.343993635640414,                      !- Value Until Time 1
  6,                                      !- Hour 2
  0,                                      !- Minute 2
  0.276690533015115,                      !- Value Until Time 2
  7,                                      !- Hour 3
  0,                                      !- Minute 3
  0.261734287987271,                      !- Value Until Time 3
  8,                                      !- Hour 4
  0,                                      !- Minute 4
  0.254256165473349,                      !- Value Until Time 4
  9,                                      !- Hour 5
  0,                                      !- Minute 5
  0.246778042959427,                      !- Value Until Time 5
  10,                                     !- Hour 6
  0,                                      !- Minute 6
  0.209387430389817,                      !- Value Until Time 6
  11,                                     !- Hour 7
  0,                                      !- Minute 7
  0.164518695306285,                      !- Value Until Time 7
  12,                                     !- Hour 8
  0,                                      !- Minute 8
  0.112171837708831,                      !- Value Until Time 8
  13,                                     !- Hour 9
  0,                                      !- Minute 9
  0.0897374701670644,                     !- Value Until Time 9
  15,                                     !- Hour 10
  0,                                      !- Minute 10
  0.0822593476531424,                     !- Value Until Time 10
  16,                                     !- Hour 11
  0,                                      !- Minute 11
  0.0897374701670644,                     !- Value Until Time 11
  17,                                     !- Hour 12
  0,                                      !- Minute 12
  0.142084327764519,                      !- Value Until Time 12
  18,                                     !- Hour 13
  0,                                      !- Minute 13
  0.276690533015115,                      !- Value Until Time 13
  19,                                     !- Hour 14
  0,                                      !- Minute 14
  0.36642800318218,                       !- Value Until Time 14
  20,                                     !- Hour 15
  0,                                      !- Minute 15
  0.486077963404932,                      !- Value Until Time 15
  21,                                     !- Hour 16
  0,                                      !- Minute 16
  0.680509148766905,                      !- Value Until Time 16
  22,                                     !- Hour 17
  0,                                      !- Minute 17
  0.785202863961814,                      !- Value Until Time 17
  23,                                     !- Hour 18
  0,                                      !- Minute 18
  0.680509148766905,                      !- Value Until Time 18
  24,                                     !- Hour 19
  0,                                      !- Minute 19
  0.471121718377088;                      !- Value Until Time 19

OS:Schedule:Rule,
  {6972e437-3bb7-43a6-b5c4-543246230b71}, !- Handle
  exterior lighting schedule weekend ruleset11, !- Name
  {a741d691-a52a-4f18-bc27-058215d8aafe}, !- Schedule Ruleset Name
  2,                                      !- Rule Order
  {8ca3745a-9fd8-4b7f-b96e-f6442fb856ee}, !- Day Schedule Name
  Yes,                                    !- Apply Sunday
  ,                                       !- Apply Monday
  ,                                       !- Apply Tuesday
  ,                                       !- Apply Wednesday
  ,                                       !- Apply Thursday
  ,                                       !- Apply Friday
  Yes,                                    !- Apply Saturday
  DateRange,                              !- Date Specification Type
  11,                                     !- Start Month
  1,                                      !- Start Day
  11,                                     !- End Month
  30;                                     !- End Day

OS:Schedule:Day,
  {8ca3745a-9fd8-4b7f-b96e-f6442fb856ee}, !- Handle
  exterior lighting schedule weekend11,   !- Name
  {e9f7efbc-d364-4380-9490-033e5408327a}, !- Schedule Type Limits Name
  ,                                       !- Interpolate to Timestep
  2,                                      !- Hour 1
  0,                                      !- Minute 1
  0.343993635640414,                      !- Value Until Time 1
  4,                                      !- Hour 2
  0,                                      !- Minute 2
  0.336515513126492,                      !- Value Until Time 2
  5,                                      !- Hour 3
  0,                                      !- Minute 3
  0.343993635640414,                      !- Value Until Time 3
  6,                                      !- Hour 4
  0,                                      !- Minute 4
  0.336515513126492,                      !- Value Until Time 4
  7,                                      !- Hour 5
  0,                                      !- Minute 5
  0.32903739061257,                       !- Value Until Time 5
  8,                                      !- Hour 6
  0,                                      !- Minute 6
  0.306603023070804,                      !- Value Until Time 6
  9,                                      !- Hour 7
  0,                                      !- Minute 7
  0.269212410501193,                      !- Value Until Time 7
  10,                                     !- Hour 8
  0,                                      !- Minute 8
  0.224343675417661,                      !- Value Until Time 8
  11,                                     !- Hour 9
  0,                                      !- Minute 9
  0.179474940334129,                      !- Value Until Time 9
  12,                                     !- Hour 10
  0,                                      !- Minute 10
  0.119649960222753,                      !- Value Until Time 10
  13,                                     !- Hour 11
  0,                                      !- Minute 11
  0.0897374701670644,                     !- Value Until Time 11
  15,                                     !- Hour 12
  0,                                      !- Minute 12
  0.0822593476531424,                     !- Value Until Time 12
  16,                                     !- Hour 13
  0,                                      !- Minute 13
  0.0897374701670644,                     !- Value Until Time 13
  17,                                     !- Hour 14
  0,                                      !- Minute 14
  0.142084327764519,                      !- Value Until Time 14
  18,                                     !- Hour 15
  0,                                      !- Minute 15
  0.284168655529037,                      !- Value Until Time 15
  19,                                     !- Hour 16
  0,                                      !- Minute 16
  0.358949880668258,                      !- Value Until Time 16
  20,                                     !- Hour 17
  0,                                      !- Minute 17
  0.448687350835322,                      !- Value Until Time 17
  21,                                     !- Hour 18
  0,                                      !- Minute 18
  0.620684168655529,                      !- Value Until Time 18
  22,                                     !- Hour 19
  0,                                      !- Minute 19
  0.73285600636436,                       !- Value Until Time 19
  23,                                     !- Hour 20
  0,                                      !- Minute 20
  0.635640413683373,                      !- Value Until Time 20
  24,                                     !- Hour 21
  0,                                      !- Minute 21
  0.4412092283214;                        !- Value Until Time 21

OS:Schedule:Rule,
  {6c98389d-0a8a-467f-85a6-807b0ab4039c}, !- Handle
  exterior lighting schedule weekday ruleset12, !- Name
  {a741d691-a52a-4f18-bc27-058215d8aafe}, !- Schedule Ruleset Name
  1,                                      !- Rule Order
  {0abe357c-215a-4438-958e-2425e737f97d}, !- Day Schedule Name
  ,                                       !- Apply Sunday
  Yes,                                    !- Apply Monday
  Yes,                                    !- Apply Tuesday
  Yes,                                    !- Apply Wednesday
  Yes,                                    !- Apply Thursday
  Yes,                                    !- Apply Friday
  ,                                       !- Apply Saturday
  DateRange,                              !- Date Specification Type
  12,                                     !- Start Month
  1,                                      !- Start Day
  12,                                     !- End Month
  31;                                     !- End Day

OS:Schedule:Day,
  {0abe357c-215a-4438-958e-2425e737f97d}, !- Handle
  exterior lighting schedule weekday12,   !- Name
  {e9f7efbc-d364-4380-9490-033e5408327a}, !- Schedule Type Limits Name
  ,                                       !- Interpolate to Timestep
  5,                                      !- Hour 1
  0,                                      !- Minute 1
  0.434958518013411,                      !- Value Until Time 1
  6,                                      !- Hour 2
  0,                                      !- Minute 2
  0.349857938402091,                      !- Value Until Time 2
  7,                                      !- Hour 3
  0,                                      !- Minute 3
  0.330946698488465,                      !- Value Until Time 3
  8,                                      !- Hour 4
  0,                                      !- Minute 4
  0.321491078531651,                      !- Value Until Time 4
  9,                                      !- Hour 5
  0,                                      !- Minute 5
  0.312035458574838,                      !- Value Until Time 5
  10,                                     !- Hour 6
  0,                                      !- Minute 6
  0.264757358790772,                      !- Value Until Time 6
  11,                                     !- Hour 7
  0,                                      !- Minute 7
  0.208023639049892,                      !- Value Until Time 7
  12,                                     !- Hour 8
  0,                                      !- Minute 8
  0.141834299352199,                      !- Value Until Time 8
  13,                                     !- Hour 9
  0,                                      !- Minute 9
  0.113467439481759,                      !- Value Until Time 9
  15,                                     !- Hour 10
  0,                                      !- Minute 10
  0.104011819524946,                      !- Value Until Time 10
  16,                                     !- Hour 11
  0,                                      !- Minute 11
  0.113467439481759,                      !- Value Until Time 11
  17,                                     !- Hour 12
  0,                                      !- Minute 12
  0.179656779179452,                      !- Value Until Time 12
  18,                                     !- Hour 13
  0,                                      !- Minute 13
  0.349857938402091,                      !- Value Until Time 13
  19,                                     !- Hour 14
  0,                                      !- Minute 14
  0.463325377883851,                      !- Value Until Time 14
  20,                                     !- Hour 15
  0,                                      !- Minute 15
  0.614615297192863,                      !- Value Until Time 15
  21,                                     !- Hour 16
  0,                                      !- Minute 16
  0.860461416070008,                      !- Value Until Time 16
  22,                                     !- Hour 17
  0,                                      !- Minute 17
  0.992840095465394,                      !- Value Until Time 17
  23,                                     !- Hour 18
  0,                                      !- Minute 18
  0.860461416070008,                      !- Value Until Time 18
  24,                                     !- Hour 19
  0,                                      !- Minute 19
  0.595704057279236;                      !- Value Until Time 19

OS:Schedule:Rule,
  {9ef5c8ea-bb5c-4fc9-bb04-986dcac4cf7e}, !- Handle
  exterior lighting schedule weekend ruleset12, !- Name
  {a741d691-a52a-4f18-bc27-058215d8aafe}, !- Schedule Ruleset Name
  0,                                      !- Rule Order
  {b133b69c-565f-4dc1-b1cf-bb28ad14aeaf}, !- Day Schedule Name
  Yes,                                    !- Apply Sunday
  ,                                       !- Apply Monday
  ,                                       !- Apply Tuesday
  ,                                       !- Apply Wednesday
  ,                                       !- Apply Thursday
  ,                                       !- Apply Friday
  Yes,                                    !- Apply Saturday
  DateRange,                              !- Date Specification Type
  12,                                     !- Start Month
  1,                                      !- Start Day
  12,                                     !- End Month
  31;                                     !- End Day

OS:Schedule:Day,
  {b133b69c-565f-4dc1-b1cf-bb28ad14aeaf}, !- Handle
  exterior lighting schedule weekend12,   !- Name
  {e9f7efbc-d364-4380-9490-033e5408327a}, !- Schedule Type Limits Name
  ,                                       !- Interpolate to Timestep
  2,                                      !- Hour 1
  0,                                      !- Minute 1
  0.434958518013411,                      !- Value Until Time 1
  4,                                      !- Hour 2
  0,                                      !- Minute 2
  0.425502898056597,                      !- Value Until Time 2
  5,                                      !- Hour 3
  0,                                      !- Minute 3
  0.434958518013411,                      !- Value Until Time 3
  6,                                      !- Hour 4
  0,                                      !- Minute 4
  0.425502898056597,                      !- Value Until Time 4
  7,                                      !- Hour 5
  0,                                      !- Minute 5
  0.416047278099784,                      !- Value Until Time 5
  8,                                      !- Hour 6
  0,                                      !- Minute 6
  0.387680418229344,                      !- Value Until Time 6
  9,                                      !- Hour 7
  0,                                      !- Minute 7
  0.340402318445278,                      !- Value Until Time 7
  10,                                     !- Hour 8
  0,                                      !- Minute 8
  0.283668598704398,                      !- Value Until Time 8
  11,                                     !- Hour 9
  0,                                      !- Minute 9
  0.226934878963519,                      !- Value Until Time 9
  12,                                     !- Hour 10
  0,                                      !- Minute 10
  0.151289919309012,                      !- Value Until Time 10
  13,                                     !- Hour 11
  0,                                      !- Minute 11
  0.113467439481759,                      !- Value Until Time 11
  15,                                     !- Hour 12
  0,                                      !- Minute 12
  0.104011819524946,                      !- Value Until Time 12
  16,                                     !- Hour 13
  0,                                      !- Minute 13
  0.113467439481759,                      !- Value Until Time 13
  17,                                     !- Hour 14
  0,                                      !- Minute 14
  0.179656779179452,                      !- Value Until Time 14
  18,                                     !- Hour 15
  0,                                      !- Minute 15
  0.359313558358904,                      !- Value Until Time 15
  19,                                     !- Hour 16
  0,                                      !- Minute 16
  0.453869757927037,                      !- Value Until Time 16
  20,                                     !- Hour 17
  0,                                      !- Minute 17
  0.567337197408797,                      !- Value Until Time 17
  21,                                     !- Hour 18
  0,                                      !- Minute 18
  0.784816456415502,                      !- Value Until Time 18
  22,                                     !- Hour 19
  0,                                      !- Minute 19
  0.926650755767701,                      !- Value Until Time 19
  23,                                     !- Hour 20
  0,                                      !- Minute 20
  0.803727696329128,                      !- Value Until Time 20
  24,                                     !- Hour 21
  0,                                      !- Minute 21
  0.557881577451983;                      !- Value Until Time 21

OS:Exterior:Lights:Definition,
  {f39c96ee-8f9f-466c-81ad-3a9f6316fc2b}, !- Handle
  exterior lighting,                      !- Name
  66.8547753440638;                       !- Design Level {W}

OS:Exterior:Lights,
  {c400a04d-e6fa-43b2-b32c-f5cbd8e0e33e}, !- Handle
  exterior lighting,                      !- Name
  {f39c96ee-8f9f-466c-81ad-3a9f6316fc2b}, !- Exterior Lights Definition Name
  {a741d691-a52a-4f18-bc27-058215d8aafe}, !- Schedule Name
  ,                                       !- Control Option
  ,                                       !- Multiplier
  exterior lighting;                      !- End-Use Subcategory

OS:Schedule:Ruleset,
  {bf40d231-fc78-49e3-8445-9f4240d76f5a}, !- Handle
  cooling season schedule,                !- Name
  {e9f7efbc-d364-4380-9490-033e5408327a}, !- Schedule Type Limits Name
  {29c7f6aa-6721-446e-afb9-3d0c4a16b1ed}; !- Default Day Schedule Name

OS:Schedule:Day,
  {29c7f6aa-6721-446e-afb9-3d0c4a16b1ed}, !- Handle
  cooling season schedule default day,    !- Name
  {e9f7efbc-d364-4380-9490-033e5408327a}, !- Schedule Type Limits Name
  ,                                       !- Interpolate to Timestep
  24,                                     !- Hour 1
  0,                                      !- Minute 1
  0;                                      !- Value Until Time 1

OS:Schedule:Rule,
  {212a962b-9e30-4e0e-9133-caa34e726e2d}, !- Handle
  cooling season schedule allday ruleset1, !- Name
  {bf40d231-fc78-49e3-8445-9f4240d76f5a}, !- Schedule Ruleset Name
  2,                                      !- Rule Order
  {3252949f-3fc0-4b94-b053-aa98fed7fc4e}, !- Day Schedule Name
  Yes,                                    !- Apply Sunday
  Yes,                                    !- Apply Monday
  Yes,                                    !- Apply Tuesday
  Yes,                                    !- Apply Wednesday
  Yes,                                    !- Apply Thursday
  Yes,                                    !- Apply Friday
  Yes,                                    !- Apply Saturday
  DateRange,                              !- Date Specification Type
  1,                                      !- Start Month
  1,                                      !- Start Day
  2,                                      !- End Month
  28;                                     !- End Day

OS:Schedule:Day,
  {3252949f-3fc0-4b94-b053-aa98fed7fc4e}, !- Handle
  cooling season schedule allday1,        !- Name
  {e9f7efbc-d364-4380-9490-033e5408327a}, !- Schedule Type Limits Name
  ,                                       !- Interpolate to Timestep
  24,                                     !- Hour 1
  0,                                      !- Minute 1
  0;                                      !- Value Until Time 1

OS:Schedule:Rule,
  {db39036d-3090-4094-9f50-631c5984c28a}, !- Handle
  cooling season schedule allday ruleset3, !- Name
  {bf40d231-fc78-49e3-8445-9f4240d76f5a}, !- Schedule Ruleset Name
  1,                                      !- Rule Order
  {2218d939-5784-4208-bfac-6bb641929900}, !- Day Schedule Name
  Yes,                                    !- Apply Sunday
  Yes,                                    !- Apply Monday
  Yes,                                    !- Apply Tuesday
  Yes,                                    !- Apply Wednesday
  Yes,                                    !- Apply Thursday
  Yes,                                    !- Apply Friday
  Yes,                                    !- Apply Saturday
  DateRange,                              !- Date Specification Type
  3,                                      !- Start Month
  1,                                      !- Start Day
  11,                                     !- End Month
  30;                                     !- End Day

OS:Schedule:Day,
  {2218d939-5784-4208-bfac-6bb641929900}, !- Handle
  cooling season schedule allday3,        !- Name
  {e9f7efbc-d364-4380-9490-033e5408327a}, !- Schedule Type Limits Name
  ,                                       !- Interpolate to Timestep
  24,                                     !- Hour 1
  0,                                      !- Minute 1
  1;                                      !- Value Until Time 1

OS:Schedule:Rule,
  {2d0a814d-6c33-4a0c-8daa-94e4a25556dd}, !- Handle
  cooling season schedule allday ruleset12, !- Name
  {bf40d231-fc78-49e3-8445-9f4240d76f5a}, !- Schedule Ruleset Name
  0,                                      !- Rule Order
  {fa2c67c2-a5ed-49dc-bbcb-f6dbec2f350a}, !- Day Schedule Name
  Yes,                                    !- Apply Sunday
  Yes,                                    !- Apply Monday
  Yes,                                    !- Apply Tuesday
  Yes,                                    !- Apply Wednesday
  Yes,                                    !- Apply Thursday
  Yes,                                    !- Apply Friday
  Yes,                                    !- Apply Saturday
  DateRange,                              !- Date Specification Type
  12,                                     !- Start Month
  1,                                      !- Start Day
  12,                                     !- End Month
  31;                                     !- End Day

OS:Schedule:Day,
  {fa2c67c2-a5ed-49dc-bbcb-f6dbec2f350a}, !- Handle
  cooling season schedule allday12,       !- Name
  {e9f7efbc-d364-4380-9490-033e5408327a}, !- Schedule Type Limits Name
  ,                                       !- Interpolate to Timestep
  24,                                     !- Hour 1
  0,                                      !- Minute 1
  0;                                      !- Value Until Time 1

OS:EnergyManagementSystem:Sensor,
  {469799fa-4337-4b98-9834-ec1194b252da}, !- Handle
  cool_season,                            !- Name
  cooling season schedule,                !- Output Variable or Output Meter Index Key Name
  Schedule Value;                         !- Output Variable or Output Meter Name

OS:EnergyManagementSystem:Sensor,
  {82e246c5-969b-4db5-9fae-74be362415d3}, !- Handle
  out_pb_s,                               !- Name
  ,                                       !- Output Variable or Output Meter Index Key Name
  Site Outdoor Air Barometric Pressure;   !- Output Variable or Output Meter Name

OS:EnergyManagementSystem:Sensor,
  {7df1124d-6712-409f-bf48-7af1f255ff03}, !- Handle
  out_wt_s,                               !- Name
  ,                                       !- Output Variable or Output Meter Index Key Name
  Site Outdoor Air Humidity Ratio;        !- Output Variable or Output Meter Name

OS:EnergyManagementSystem:Sensor,
  {1a4f0785-bfdf-4907-af17-4279e7bd5dc9}, !- Handle
  win_s,                                  !- Name
  conditioned space,                      !- Output Variable or Output Meter Index Key Name
  Zone Air Humidity Ratio;                !- Output Variable or Output Meter Name

OS:EnergyManagementSystem:Sensor,
  {7e69ac82-8739-4df4-b64a-1a2848539db4}, !- Handle
  site_vw_s,                              !- Name
  ,                                       !- Output Variable or Output Meter Index Key Name
  Site Wind Speed;                        !- Output Variable or Output Meter Name

OS:EnergyManagementSystem:Sensor,
  {e0c9b394-3845-4015-afdf-1529161579f9}, !- Handle
  tin_s,                                  !- Name
  conditioned space,                      !- Output Variable or Output Meter Index Key Name
  Zone Mean Air Temperature;              !- Output Variable or Output Meter Name

OS:EnergyManagementSystem:Sensor,
  {78ff9e4f-6c78-4efc-bdf2-b48e348a6e13}, !- Handle
  tout_s,                                 !- Name
  conditioned space,                      !- Output Variable or Output Meter Index Key Name
  Zone Outdoor Air Drybulb Temperature;   !- Output Variable or Output Meter Name

OS:EnergyManagementSystem:GlobalVariable,
  {65b6b25c-1951-4775-ac89-3f0864f18e1b}, !- Handle
  air_source_heat_pump_airloop_Fan_RTF;   !- Name

OS:EnergyManagementSystem:InternalVariable,
  {9a569f04-5351-4155-9444-5a22442ef5d7}, !- Handle
  air_source_heat_pump_airloop_max_sup_fan_mfr, !- Name
  air source heat pump supply fan,        !- Internal Data Index Key Name
  Fan Maximum Mass Flow Rate;             !- Internal Data Type

OS:EnergyManagementSystem:Sensor,
  {285c3b8b-72ac-4dcc-a745-5ea9db845b42}, !- Handle
  air_source_heat_pump_airloop_Fan_RTF_s, !- Name
  air source heat pump supply fan,        !- Output Variable or Output Meter Index Key Name
  Fan Runtime Fraction Speed 1;           !- Output Variable or Output Meter Name

OS:EnergyManagementSystem:Sensor,
  {8c55570a-8120-43ae-b8c4-83efb9ef90e8}, !- Handle
  air_source_heat_pump_airloop_Fan_RTF_s_1, !- Name
  air source heat pump supply fan,        !- Output Variable or Output Meter Index Key Name
  Fan Runtime Fraction Speed 2;           !- Output Variable or Output Meter Name

OS:Schedule:Ruleset,
  {effe43db-7167-49c9-b403-4b829b67e491}, !- Handle
  natural vent schedule,                  !- Name
  {2b973f2f-3b45-42de-97de-b139dc42e6ac}, !- Schedule Type Limits Name
  {58dc0360-e803-4480-9891-87b55bbc6f46}; !- Default Day Schedule Name

OS:Schedule:Day,
  {58dc0360-e803-4480-9891-87b55bbc6f46}, !- Handle
  natural vent schedule default day,      !- Name
  {2b973f2f-3b45-42de-97de-b139dc42e6ac}, !- Schedule Type Limits Name
  ,                                       !- Interpolate to Timestep
  24,                                     !- Hour 1
  0,                                      !- Minute 1
  0;                                      !- Value Until Time 1

OS:Schedule:Rule,
  {edab685f-7606-471b-99b3-bae2eecdc09d}, !- Handle
  natural vent schedule rule,             !- Name
  {effe43db-7167-49c9-b403-4b829b67e491}, !- Schedule Ruleset Name
  0,                                      !- Rule Order
  {57128e1d-0886-4baa-940a-3d7a75cd732d}, !- Day Schedule Name
  ,                                       !- Apply Sunday
  Yes,                                    !- Apply Monday
  ,                                       !- Apply Tuesday
  Yes,                                    !- Apply Wednesday
  ,                                       !- Apply Thursday
  Yes,                                    !- Apply Friday
  ,                                       !- Apply Saturday
  DateRange,                              !- Date Specification Type
  1,                                      !- Start Month
  1,                                      !- Start Day
  12,                                     !- End Month
  31;                                     !- End Day

OS:Schedule:Day,
  {57128e1d-0886-4baa-940a-3d7a75cd732d}, !- Handle
  natural vent schedule avail day,        !- Name
  {2b973f2f-3b45-42de-97de-b139dc42e6ac}, !- Schedule Type Limits Name
  ,                                       !- Interpolate to Timestep
  24,                                     !- Hour 1
  0,                                      !- Minute 1
  1;                                      !- Value Until Time 1

OS:EnergyManagementSystem:Sensor,
  {780d9810-2032-491f-9d77-49053c82c05a}, !- Handle
  natural_vent_s,                         !- Name
  natural vent schedule,                  !- Output Variable or Output Meter Index Key Name
  Schedule Value;                         !- Output Variable or Output Meter Name

OS:EnergyManagementSystem:Sensor,
  {9ff8777a-5bc8-4763-a57f-5e276bd15fec}, !- Handle
  htg_sp_s,                               !- Name
  heating setpoint,                       !- Output Variable or Output Meter Index Key Name
  Schedule Value;                         !- Output Variable or Output Meter Name

OS:EnergyManagementSystem:Sensor,
  {499720d7-8e65-4212-b725-d764249513c3}, !- Handle
  clg_sp_s,                               !- Name
  cooling setpoint,                       !- Output Variable or Output Meter Index Key Name
  Schedule Value;                         !- Output Variable or Output Meter Name

OS:SpaceInfiltration:DesignFlowRate,
  {ecb2399f-a72d-4250-8859-1372df41d17a}, !- Handle
  natural vent flow,                      !- Name
  {bcac1226-0ceb-40d7-a8ad-8ac3ecd06f7f}, !- Space or SpaceType Name
  {a7f8f4f4-1da3-4754-9c7e-43276433845d}, !- Schedule Name
  Flow/Space,                             !- Design Flow Rate Calculation Method
  0,                                      !- Design Flow Rate {m3/s}
  ,                                       !- Flow per Space Floor Area {m3/s-m2}
  ,                                       !- Flow per Exterior Surface Area {m3/s-m2}
  ,                                       !- Air Changes per Hour {1/hr}
  ,                                       !- Constant Term Coefficient
  ,                                       !- Temperature Term Coefficient
  ,                                       !- Velocity Term Coefficient
  ;                                       !- Velocity Squared Term Coefficient

OS:EnergyManagementSystem:Actuator,
  {d2190e1a-b780-4de0-9a82-02bdc69e03fc}, !- Handle
  natural_vent_flow_act,                  !- Name
  {ecb2399f-a72d-4250-8859-1372df41d17a}, !- Actuated Component Name
  Zone Infiltration,                      !- Actuated Component Type
  Air Exchange Flow Rate,                 !- Actuated Component Control Type
  ;                                       !- Zone or Space Name

OS:AdditionalProperties,
  {e99617f7-27f6-4047-b810-8d225684e7ac}, !- Handle
  {ecb2399f-a72d-4250-8859-1372df41d17a}, !- Object Name
  ObjectType,                             !- Feature Name 1
  String,                                 !- Feature Data Type 1
  natural vent;                           !- Feature Value 1

OS:SpaceInfiltration:DesignFlowRate,
  {b708ca19-493a-4f47-adef-13c847b244cf}, !- Handle
  whole house fan flow,                   !- Name
  {bcac1226-0ceb-40d7-a8ad-8ac3ecd06f7f}, !- Space or SpaceType Name
  {a7f8f4f4-1da3-4754-9c7e-43276433845d}, !- Schedule Name
  Flow/Space,                             !- Design Flow Rate Calculation Method
  0,                                      !- Design Flow Rate {m3/s}
  ,                                       !- Flow per Space Floor Area {m3/s-m2}
  ,                                       !- Flow per Exterior Surface Area {m3/s-m2}
  ,                                       !- Air Changes per Hour {1/hr}
  ,                                       !- Constant Term Coefficient
  ,                                       !- Temperature Term Coefficient
  ,                                       !- Velocity Term Coefficient
  ;                                       !- Velocity Squared Term Coefficient

OS:EnergyManagementSystem:Actuator,
  {155b49b7-4f52-4d03-ab48-66a07df6e87c}, !- Handle
  whole_house_fan_flow_act,               !- Name
  {b708ca19-493a-4f47-adef-13c847b244cf}, !- Actuated Component Name
  Zone Infiltration,                      !- Actuated Component Type
  Air Exchange Flow Rate,                 !- Actuated Component Control Type
  ;                                       !- Zone or Space Name

OS:AdditionalProperties,
  {b35daff6-b923-4891-9a13-e8c2e6aae941}, !- Handle
  {b708ca19-493a-4f47-adef-13c847b244cf}, !- Object Name
  ObjectType,                             !- Feature Name 1
  String,                                 !- Feature Data Type 1
  whole house fan;                        !- Feature Value 1

OS:ElectricEquipment:Definition,
  {b2114b21-73fc-448d-99aa-51a8955ca1eb}, !- Handle
  whole house fan,                        !- Name
  EquipmentLevel,                         !- Design Level Calculation Method
  0,                                      !- Design Level {W}
  ,                                       !- Watts per Space Floor Area {W/m2}
  ,                                       !- Watts per Person {W/person}
  0,                                      !- Fraction Latent
  0,                                      !- Fraction Radiant
  1;                                      !- Fraction Lost

OS:ElectricEquipment,
  {509f0f03-6917-4e0e-95b2-4afbded82ee2}, !- Handle
  whole house fan,                        !- Name
  {b2114b21-73fc-448d-99aa-51a8955ca1eb}, !- Electric Equipment Definition Name
  {bcac1226-0ceb-40d7-a8ad-8ac3ecd06f7f}, !- Space or SpaceType Name
  {a7f8f4f4-1da3-4754-9c7e-43276433845d}, !- Schedule Name
  ,                                       !- Multiplier
  whole house fan;                        !- End-Use Subcategory

OS:EnergyManagementSystem:Actuator,
  {75bb2b5b-bf3e-47d3-825c-9108e900ca59}, !- Handle
  whole_house_fan_act,                    !- Name
  {509f0f03-6917-4e0e-95b2-4afbded82ee2}, !- Actuated Component Name
  ElectricEquipment,                      !- Actuated Component Type
  Electricity Rate,                       !- Actuated Component Control Type
  {bcac1226-0ceb-40d7-a8ad-8ac3ecd06f7f}; !- Zone or Space Name

OS:EnergyManagementSystem:Program,
  {da72e5a8-19d5-4ea1-bb2b-9c11d1c14f83}, !- Handle
  natural_vent_program,                   !- Name
  Set Tin = tin_s,                        !- Program Line 1
  Set Tout = tout_s,                      !- Program Line 2
  Set Wout = out_wt_s,                    !- Program Line 3
  Set Pbar = out_pb_s,                    !- Program Line 4
  Set Phiout = (@RhFnTdbWPb Tout Wout Pbar), !- Program Line 5
  Set MaxHR = 0.0115,                     !- Program Line 6
  Set MaxRH = 0.7,                        !- Program Line 7
  Set Tnvsp = (htg_sp_s + clg_sp_s) / 2,  !- Program Line 8
  Set NVavail = natural_vent_s,           !- Program Line 9
  Set ClgSsnAvail = cool_season,          !- Program Line 10
  Set natural_vent_flow_act = 0,          !- Program Line 11
  Set whole_house_fan_flow_act = 0,       !- Program Line 12
  Set whole_house_fan_act = 0,            !- Program Line 13
  If ((Wout < MaxHR) && (Phiout < MaxRH) && (Tin > Tout) && (Tin > Tnvsp) && (ClgSsnAvail > 0)), !- Program Line 14
  Set WHF_Flow = 0,                       !- Program Line 15
  Set Adj = (Tin-Tnvsp)/(Tin-Tout),       !- Program Line 16
  Set Adj = (@Min Adj 1),                 !- Program Line 17
  Set Adj = (@Max Adj 0),                 !- Program Line 18
  If (WHF_Flow > 0),                      !- Program Line 19
  Set whole_house_fan_flow_act = WHF_Flow*Adj, !- Program Line 20
  Set WHF_W = 0,                          !- Program Line 21
  Set whole_house_fan_act = WHF_W*Adj,    !- Program Line 22
  ElseIf (NVavail > 0),                   !- Program Line 23
  Set NVArea = 6169.728047616001,         !- Program Line 24
  Set Cs = 8.968567957270247e-05,         !- Program Line 25
  Set Cw = 6.158219665777789e-05,         !- Program Line 26
  Set Tdiff = Tin-Tout,                   !- Program Line 27
  Set dT = (@Abs Tdiff),                  !- Program Line 28
  Set Vwind = site_vw_s,                  !- Program Line 29
  Set SGNV = NVArea*Adj*((((Cs*dT)+(Cw*(Vwind^2)))^0.5)/1000), !- Program Line 30
  Set MaxNV = 2.1369780228096005,         !- Program Line 31
  Set natural_vent_flow_act = (@Min SGNV MaxNV), !- Program Line 32
  EndIf,                                  !- Program Line 33
  EndIf;                                  !- Program Line 34

OS:AdditionalProperties,
  {6c387c2e-c3c4-48ac-820d-d3c872800e51}, !- Handle
  {da72e5a8-19d5-4ea1-bb2b-9c11d1c14f83}, !- Object Name
  ObjectType,                             !- Feature Name 1
  String,                                 !- Feature Data Type 1
  natural vent;                           !- Feature Value 1

OS:EnergyManagementSystem:ProgramCallingManager,
  {a6c6d1a9-a24e-4783-8566-5f71ccdab3e1}, !- Handle
  natural_vent_program calling manager,   !- Name
  BeginZoneTimestepAfterInitHeatBalance,  !- EnergyPlus Model Calling Point
  {da72e5a8-19d5-4ea1-bb2b-9c11d1c14f83}; !- Program Name 1

OS:EnergyManagementSystem:OutputVariable,
  {f45b0c70-5900-46ea-8ee9-35a71f4bc1ec}, !- Handle
  natural_vent_flow_act_timeseries_outvar, !- Name
  natural_vent_flow_act,                  !- EMS Variable Name
  Averaged,                               !- Type of Data in Variable
  ZoneTimestep,                           !- Update Frequency
  {da72e5a8-19d5-4ea1-bb2b-9c11d1c14f83}, !- EMS Program or Subroutine Name
  m^/s;                                   !- Units

OS:EnergyManagementSystem:OutputVariable,
  {7a400974-236b-4816-8050-185d26976895}, !- Handle
  whole_house_fan_flow_act_timeseries_outvar, !- Name
  whole_house_fan_flow_act,               !- EMS Variable Name
  Averaged,                               !- Type of Data in Variable
  ZoneTimestep,                           !- Update Frequency
  {da72e5a8-19d5-4ea1-bb2b-9c11d1c14f83}, !- EMS Program or Subroutine Name
  m^/s;                                   !- Units

OS:Schedule:Constant,
  {3c7a6fe7-3237-42da-9810-e9e35f332a9b}, !- Handle
  mech vent house fan schedule,           !- Name
  {e9f7efbc-d364-4380-9490-033e5408327a}, !- Schedule Type Limits Name
  1;                                      !- Value

OS:ElectricEquipment:Definition,
  {020a8fc4-40ab-49c7-9c17-044b58f1597c}, !- Handle
  mech vent house fan,                    !- Name
  EquipmentLevel,                         !- Design Level Calculation Method
  0,                                      !- Design Level {W}
  ,                                       !- Watts per Space Floor Area {W/m2}
  ,                                       !- Watts per Person {W/person}
  0,                                      !- Fraction Latent
  0,                                      !- Fraction Radiant
  1;                                      !- Fraction Lost

OS:ElectricEquipment,
  {a4408482-ea3f-4508-acf5-b27d0034eee5}, !- Handle
  mech vent house fan,                    !- Name
  {020a8fc4-40ab-49c7-9c17-044b58f1597c}, !- Electric Equipment Definition Name
  {bcac1226-0ceb-40d7-a8ad-8ac3ecd06f7f}, !- Space or SpaceType Name
  {3c7a6fe7-3237-42da-9810-e9e35f332a9b}, !- Schedule Name
  ,                                       !- Multiplier
  mech vent;                              !- End-Use Subcategory

OS:Schedule:Constant,
  {1a428ae5-a3cd-4444-a939-106338707e04}, !- Handle
  mech vent house fan cfis schedule,      !- Name
  {e9f7efbc-d364-4380-9490-033e5408327a}, !- Schedule Type Limits Name
  1;                                      !- Value

OS:ElectricEquipment:Definition,
  {1e052bbb-4e0f-40d1-8c27-fb55d7a75e65}, !- Handle
  mech vent house fan cfis,               !- Name
  EquipmentLevel,                         !- Design Level Calculation Method
  0,                                      !- Design Level {W}
  ,                                       !- Watts per Space Floor Area {W/m2}
  ,                                       !- Watts per Person {W/person}
  0,                                      !- Fraction Latent
  0,                                      !- Fraction Radiant
  0;                                      !- Fraction Lost

OS:ElectricEquipment,
  {a9ceea5e-2940-4a34-a2a5-64ca2f6ac215}, !- Handle
  mech vent house fan cfis,               !- Name
  {1e052bbb-4e0f-40d1-8c27-fb55d7a75e65}, !- Electric Equipment Definition Name
  {bcac1226-0ceb-40d7-a8ad-8ac3ecd06f7f}, !- Space or SpaceType Name
  {1a428ae5-a3cd-4444-a939-106338707e04}, !- Schedule Name
  ,                                       !- Multiplier
  mech vent;                              !- End-Use Subcategory

OS:EnergyManagementSystem:Actuator,
  {82c5802e-f4ab-4647-aceb-02223934ba09}, !- Handle
  mech_vent_house_fan_cfis_act,           !- Name
  {a9ceea5e-2940-4a34-a2a5-64ca2f6ac215}, !- Actuated Component Name
  ElectricEquipment,                      !- Actuated Component Type
  Electricity Rate,                       !- Actuated Component Control Type
  {bcac1226-0ceb-40d7-a8ad-8ac3ecd06f7f}; !- Zone or Space Name

OS:SpaceInfiltration:DesignFlowRate,
  {9f9f0432-de5b-4dcf-8642-2324b84c8d39}, !- Handle
  infil flow,                             !- Name
  {bcac1226-0ceb-40d7-a8ad-8ac3ecd06f7f}, !- Space or SpaceType Name
  {a7f8f4f4-1da3-4754-9c7e-43276433845d}, !- Schedule Name
  Flow/Space,                             !- Design Flow Rate Calculation Method
  0,                                      !- Design Flow Rate {m3/s}
  ,                                       !- Flow per Space Floor Area {m3/s-m2}
  ,                                       !- Flow per Exterior Surface Area {m3/s-m2}
  ,                                       !- Air Changes per Hour {1/hr}
  ,                                       !- Constant Term Coefficient
  ,                                       !- Temperature Term Coefficient
  ,                                       !- Velocity Term Coefficient
  ;                                       !- Velocity Squared Term Coefficient

OS:EnergyManagementSystem:Actuator,
  {0bcd9c58-e9af-4dde-9dd6-26fbb942bc4f}, !- Handle
  infil_flow_act,                         !- Name
  {9f9f0432-de5b-4dcf-8642-2324b84c8d39}, !- Actuated Component Name
  Zone Infiltration,                      !- Actuated Component Type
  Air Exchange Flow Rate,                 !- Actuated Component Control Type
  ;                                       !- Zone or Space Name

OS:AdditionalProperties,
  {025570f8-2bba-4ff9-a049-721a6334f184}, !- Handle
  {9f9f0432-de5b-4dcf-8642-2324b84c8d39}, !- Object Name
  ObjectType,                             !- Feature Name 1
  String,                                 !- Feature Data Type 1
  infil;                                  !- Feature Value 1

OS:EnergyManagementSystem:Program,
  {5cd4f586-bc40-4249-a193-dd19ea3e6a46}, !- Handle
  infil_program,                          !- Name
  Set p_m = 0.14,                         !- Program Line 1
  Set p_s = 0.22,                         !- Program Line 2
  Set s_m = 270,                          !- Program Line 3
  Set s_s = 370,                          !- Program Line 4
  Set z_m = 9.99744,                      !- Program Line 5
  Set z_s = 2.4384,                       !- Program Line 6
  Set f_t = (((s_m/z_m)^p_m)*((z_s/s_s)^p_s)), !- Program Line 7
  Set Tdiff = tin_s-tout_s,               !- Program Line 8
  Set dT = @Abs Tdiff,                    !- Program Line 9
  Set c = 0.2099,                         !- Program Line 10
  Set Cs = 0.0562,                        !- Program Line 11
  Set Cw = 0.1613,                        !- Program Line 12
  Set n = 0.65,                           !- Program Line 13
  Set sft = (f_t*0.5),                    !- Program Line 14
  Set temp1 = ((c*Cw)*((sft*site_vw_s)^(2*n)))^2, !- Program Line 15
  Set Qinf = (((c*Cs*(dT^n))^2)+temp1)^0.5, !- Program Line 16
  Set Qinf = (@Max Qinf 0),               !- Program Line 17
  Set mech_vent_house_fan_sensible_load_equip_act = 0.0, !- Program Line 18
  Set mech_vent_house_fan_latent_load_equip_act = 0.0, !- Program Line 19
  Set OASupInPb = out_pb_s,               !- Program Line 20
  Set OASupInTemp = tout_s,               !- Program Line 21
  Set OASupInW = out_wt_s,                !- Program Line 22
  Set OASupRho = (@RhoAirFnPbTdbW OASupInPb OASupInTemp OASupInW), !- Program Line 23
  Set OASupCp = (@CpAirFnW OASupInW),     !- Program Line 24
  Set OASupInEnth = (@HFnTdbW OASupInTemp OASupInW), !- Program Line 25
  Set ZoneTemp = tin_s,                   !- Program Line 26
  Set ZoneW = win_s,                      !- Program Line 27
  Set ZoneCp = (@CpAirFnW ZoneW),         !- Program Line 28
  Set ZoneAirEnth = (@HFnTdbW ZoneTemp ZoneW), !- Program Line 29
  Set mech_vent_house_fan_cfis_act = 0.0, !- Program Line 30
  Set QWHV_cfis_sup = 0.0,                !- Program Line 31
  Set QWHV_cfis_suppl_sup = 0.0,          !- Program Line 32
  Set QWHV_cfis_suppl_exh = 0.0,          !- Program Line 33
  Set Qrange = 0,                         !- Program Line 34
  Set Qrange = Qrange + 0.04719 * mech_vent_range_fan_0_sch_s, !- Program Line 35
  Set Qbath = 0,                          !- Program Line 36
  Set Qbath = Qbath + 0.04719 * mech_vent_bath_fan_0_sch_s, !- Program Line 37
  Set Qdryer = 0,                         !- Program Line 38
  Set Qdryer = Qdryer + 0.18748 * clothes_dryer_exhaust_0_sch_s, !- Program Line 39
  Set QWHV_sup = 0.0,                     !- Program Line 40
  Set QWHV_exh = 0.0,                     !- Program Line 41
  Set Qexhaust = Qrange + Qbath + Qdryer + QWHV_exh + QWHV_cfis_suppl_exh, !- Program Line 42
  Set Qsupply = QWHV_sup + QWHV_cfis_sup + QWHV_cfis_suppl_sup, !- Program Line 43
  Set Qfan = (@Max Qexhaust Qsupply),     !- Program Line 44
  If Qfan > 0,                            !- Program Line 45
  Set Qavg = ((Qexhaust + Qsupply) / 2.0), !- Program Line 46
  If ((@Abs (Qexhaust - Qavg)) / Qavg) <= 0.1, !- Program Line 47
  Set phi = 1,                            !- Program Line 48
  Else,                                   !- Program Line 49
  Set phi = (Qinf / (Qinf + Qfan)),       !- Program Line 50
  EndIf,                                  !- Program Line 51
  Set Qinf_adj = phi * Qinf,              !- Program Line 52
  Else,                                   !- Program Line 53
  Set Qinf_adj = Qinf,                    !- Program Line 54
  EndIf,                                  !- Program Line 55
  Set infil_flow_act = Qinf_adj,          !- Program Line 56
  Set Qload = Qfan,                       !- Program Line 57
  Set Effectiveness_Sens = 0.0,           !- Program Line 58
  Set Effectiveness_Lat = 0.0,            !- Program Line 59
  Set Fan_MFR = Qload * OASupRho,         !- Program Line 60
  Set ZoneInEnth = OASupInEnth,           !- Program Line 61
  Set ZoneInTemp = OASupInTemp,           !- Program Line 62
  Set FanTotalToCond = Fan_MFR * (ZoneInEnth - ZoneAirEnth), !- Program Line 63
  Set FanSensToCond = Fan_MFR * ZoneCp * (ZoneInTemp - ZoneTemp), !- Program Line 64
  Set FanLatToCond = FanTotalToCond - FanSensToCond, !- Program Line 65
  Set mech_vent_house_fan_sensible_load_equip_act = mech_vent_house_fan_sensible_load_equip_act + FanSensToCond, !- Program Line 66
  Set mech_vent_house_fan_latent_load_equip_act = mech_vent_house_fan_latent_load_equip_act + FanLatToCond; !- Program Line 67

OS:AdditionalProperties,
  {14defd63-f582-4429-ab19-d0cbdefc45c5}, !- Handle
  {5cd4f586-bc40-4249-a193-dd19ea3e6a46}, !- Object Name
  ObjectType,                             !- Feature Name 1
  String,                                 !- Feature Data Type 1
  infil;                                  !- Feature Value 1

OS:OtherEquipment:Definition,
  {f56c8a9b-0e97-4817-a165-6c1761a9e1b7}, !- Handle
  mech vent house fan sensible load equip, !- Name
  EquipmentLevel,                         !- Design Level Calculation Method
  0,                                      !- Design Level {W}
  ,                                       !- Watts per Space Floor Area {W/m2}
  ,                                       !- Watts per Person {W/Person}
  0,                                      !- Fraction Latent
  0,                                      !- Fraction Radiant
  0;                                      !- Fraction Lost

OS:OtherEquipment,
  {760c37c8-55b7-4cea-9950-074803019793}, !- Handle
  mech vent house fan sensible load equip, !- Name
  {f56c8a9b-0e97-4817-a165-6c1761a9e1b7}, !- Other Equipment Definition Name
  {bcac1226-0ceb-40d7-a8ad-8ac3ecd06f7f}, !- Space or SpaceType Name
  {a7f8f4f4-1da3-4754-9c7e-43276433845d}, !- Schedule Name
  ,                                       !- Multiplier
  None,                                   !- Fuel Type
  mech vent house fan;                    !- End-Use Subcategory

OS:EnergyManagementSystem:Actuator,
  {c4e94043-9cb3-4047-a3fb-25ffa6b023ac}, !- Handle
  mech_vent_house_fan_sensible_load_equip_act, !- Name
  {760c37c8-55b7-4cea-9950-074803019793}, !- Actuated Component Name
  OtherEquipment,                         !- Actuated Component Type
  Power Level,                            !- Actuated Component Control Type
  {bcac1226-0ceb-40d7-a8ad-8ac3ecd06f7f}; !- Zone or Space Name

OS:OtherEquipment:Definition,
  {4175a070-562e-4b06-b21f-3d06c47a36a0}, !- Handle
  mech vent house fan latent load equip,  !- Name
  EquipmentLevel,                         !- Design Level Calculation Method
  0,                                      !- Design Level {W}
  ,                                       !- Watts per Space Floor Area {W/m2}
  ,                                       !- Watts per Person {W/Person}
  1,                                      !- Fraction Latent
  0,                                      !- Fraction Radiant
  0;                                      !- Fraction Lost

OS:OtherEquipment,
  {dd24b1f6-b496-4c3a-879c-601b9bc4feff}, !- Handle
  mech vent house fan latent load equip,  !- Name
  {4175a070-562e-4b06-b21f-3d06c47a36a0}, !- Other Equipment Definition Name
  {bcac1226-0ceb-40d7-a8ad-8ac3ecd06f7f}, !- Space or SpaceType Name
  {a7f8f4f4-1da3-4754-9c7e-43276433845d}, !- Schedule Name
  ,                                       !- Multiplier
  None,                                   !- Fuel Type
  mech vent house fan;                    !- End-Use Subcategory

OS:EnergyManagementSystem:Actuator,
  {b5925162-87a2-40b3-9bcd-e16f5af11bb4}, !- Handle
  mech_vent_house_fan_latent_load_equip_act, !- Name
  {dd24b1f6-b496-4c3a-879c-601b9bc4feff}, !- Actuated Component Name
  OtherEquipment,                         !- Actuated Component Type
  Power Level,                            !- Actuated Component Control Type
  {bcac1226-0ceb-40d7-a8ad-8ac3ecd06f7f}; !- Zone or Space Name

OS:Schedule:Ruleset,
  {e8090a69-8544-4df5-9e77-7a2272d6b1dc}, !- Handle
  mech vent range fan 0 schedule,         !- Name
  {e9f7efbc-d364-4380-9490-033e5408327a}, !- Schedule Type Limits Name
  {63a31d47-667a-421d-b4ef-c885f7bbab9f}; !- Default Day Schedule Name

OS:Schedule:Day,
  {63a31d47-667a-421d-b4ef-c885f7bbab9f}, !- Handle
  mech vent range fan 0 schedule default day, !- Name
  {e9f7efbc-d364-4380-9490-033e5408327a}, !- Schedule Type Limits Name
  ,                                       !- Interpolate to Timestep
  24,                                     !- Hour 1
  0,                                      !- Minute 1
  0;                                      !- Value Until Time 1

OS:Schedule:Rule,
  {ccf8197c-a5ec-4888-bb4b-47c591609983}, !- Handle
  mech vent range fan 0 schedule allday ruleset1, !- Name
  {e8090a69-8544-4df5-9e77-7a2272d6b1dc}, !- Schedule Ruleset Name
  0,                                      !- Rule Order
  {c4034efb-f458-4ea6-ab08-4764dff910a3}, !- Day Schedule Name
  Yes,                                    !- Apply Sunday
  Yes,                                    !- Apply Monday
  Yes,                                    !- Apply Tuesday
  Yes,                                    !- Apply Wednesday
  Yes,                                    !- Apply Thursday
  Yes,                                    !- Apply Friday
  Yes,                                    !- Apply Saturday
  DateRange,                              !- Date Specification Type
  1,                                      !- Start Month
  1,                                      !- Start Day
  12,                                     !- End Month
  31;                                     !- End Day

OS:Schedule:Day,
  {c4034efb-f458-4ea6-ab08-4764dff910a3}, !- Handle
  mech vent range fan 0 schedule allday1, !- Name
  {e9f7efbc-d364-4380-9490-033e5408327a}, !- Schedule Type Limits Name
  ,                                       !- Interpolate to Timestep
  20,                                     !- Hour 1
  0,                                      !- Minute 1
  0,                                      !- Value Until Time 1
  21,                                     !- Hour 2
  0,                                      !- Minute 2
  1,                                      !- Value Until Time 2
  24,                                     !- Hour 3
  0,                                      !- Minute 3
  0;                                      !- Value Until Time 3

OS:EnergyManagementSystem:Sensor,
  {22af3005-f4c6-4939-9e7d-315aa6c4f687}, !- Handle
  mech_vent_range_fan_0_sch_s,            !- Name
  mech vent range fan 0 schedule,         !- Output Variable or Output Meter Index Key Name
  Schedule Value;                         !- Output Variable or Output Meter Name

OS:ElectricEquipment:Definition,
  {1024e4be-f05e-45c2-848b-32480e057410}, !- Handle
  mech vent range fan 0,                  !- Name
  EquipmentLevel,                         !- Design Level Calculation Method
  30,                                     !- Design Level {W}
  ,                                       !- Watts per Space Floor Area {W/m2}
  ,                                       !- Watts per Person {W/person}
  0,                                      !- Fraction Latent
  0,                                      !- Fraction Radiant
  1;                                      !- Fraction Lost

OS:ElectricEquipment,
  {2e70570a-a97d-4525-bea7-df2c474b9a42}, !- Handle
  mech vent range fan 0,                  !- Name
  {1024e4be-f05e-45c2-848b-32480e057410}, !- Electric Equipment Definition Name
  {bcac1226-0ceb-40d7-a8ad-8ac3ecd06f7f}, !- Space or SpaceType Name
  {e8090a69-8544-4df5-9e77-7a2272d6b1dc}, !- Schedule Name
  ,                                       !- Multiplier
  mech vent;                              !- End-Use Subcategory

OS:Schedule:Ruleset,
  {894cdc9b-6ac4-4742-9981-f1996daab365}, !- Handle
  mech vent bath fan 0 schedule,          !- Name
  {e9f7efbc-d364-4380-9490-033e5408327a}, !- Schedule Type Limits Name
  {99f0a4d1-aae2-4d61-815b-779cdf30e7ea}; !- Default Day Schedule Name

OS:Schedule:Day,
  {99f0a4d1-aae2-4d61-815b-779cdf30e7ea}, !- Handle
  mech vent bath fan 0 schedule default day, !- Name
  {e9f7efbc-d364-4380-9490-033e5408327a}, !- Schedule Type Limits Name
  ,                                       !- Interpolate to Timestep
  24,                                     !- Hour 1
  0,                                      !- Minute 1
  0;                                      !- Value Until Time 1

OS:Schedule:Rule,
  {02c6cc33-a3bf-4079-b648-eb5bf10ff05a}, !- Handle
  mech vent bath fan 0 schedule allday ruleset1, !- Name
  {894cdc9b-6ac4-4742-9981-f1996daab365}, !- Schedule Ruleset Name
  0,                                      !- Rule Order
  {ec70853a-174e-42dc-9ad7-fe8ed441369e}, !- Day Schedule Name
  Yes,                                    !- Apply Sunday
  Yes,                                    !- Apply Monday
  Yes,                                    !- Apply Tuesday
  Yes,                                    !- Apply Wednesday
  Yes,                                    !- Apply Thursday
  Yes,                                    !- Apply Friday
  Yes,                                    !- Apply Saturday
  DateRange,                              !- Date Specification Type
  1,                                      !- Start Month
  1,                                      !- Start Day
  12,                                     !- End Month
  31;                                     !- End Day

OS:Schedule:Day,
  {ec70853a-174e-42dc-9ad7-fe8ed441369e}, !- Handle
  mech vent bath fan 0 schedule allday1,  !- Name
  {e9f7efbc-d364-4380-9490-033e5408327a}, !- Schedule Type Limits Name
  ,                                       !- Interpolate to Timestep
  4,                                      !- Hour 1
  0,                                      !- Minute 1
  0,                                      !- Value Until Time 1
  5,                                      !- Hour 2
  0,                                      !- Minute 2
  1,                                      !- Value Until Time 2
  24,                                     !- Hour 3
  0,                                      !- Minute 3
  0;                                      !- Value Until Time 3

OS:EnergyManagementSystem:Sensor,
  {1994d9c4-a7e9-43cf-a8f1-72c7b78a01e2}, !- Handle
  mech_vent_bath_fan_0_sch_s,             !- Name
  mech vent bath fan 0 schedule,          !- Output Variable or Output Meter Index Key Name
  Schedule Value;                         !- Output Variable or Output Meter Name

OS:ElectricEquipment:Definition,
  {84bb253b-8cab-4439-850a-3a9d0ea38530}, !- Handle
  mech vent bath fan 0,                   !- Name
  EquipmentLevel,                         !- Design Level Calculation Method
  30,                                     !- Design Level {W}
  ,                                       !- Watts per Space Floor Area {W/m2}
  ,                                       !- Watts per Person {W/person}
  0,                                      !- Fraction Latent
  0,                                      !- Fraction Radiant
  1;                                      !- Fraction Lost

OS:ElectricEquipment,
  {8e76299f-7137-4cdc-8ac0-d69e9c55790c}, !- Handle
  mech vent bath fan 0,                   !- Name
  {84bb253b-8cab-4439-850a-3a9d0ea38530}, !- Electric Equipment Definition Name
  {bcac1226-0ceb-40d7-a8ad-8ac3ecd06f7f}, !- Space or SpaceType Name
  {894cdc9b-6ac4-4742-9981-f1996daab365}, !- Schedule Name
  ,                                       !- Multiplier
  mech vent;                              !- End-Use Subcategory

OS:EnergyManagementSystem:Sensor,
  {0c4c0123-9064-4bdf-8bc0-8e5a361e7de3}, !- Handle
  clothes_dryer_exhaust_0_sch_s,          !- Name
  clothes_dryer,                          !- Output Variable or Output Meter Index Key Name
  Schedule Value;                         !- Output Variable or Output Meter Name

OS:EnergyManagementSystem:OutputVariable,
  {0de29a01-21a1-48d8-98ef-3ea64f1e5bb7}, !- Handle
  Qfan_timeseries_outvar,                 !- Name
  Qfan,                                   !- EMS Variable Name
  Averaged,                               !- Type of Data in Variable
  ZoneTimestep,                           !- Update Frequency
  {5cd4f586-bc40-4249-a193-dd19ea3e6a46}, !- EMS Program or Subroutine Name
  m^/s;                                   !- Units

OS:EnergyManagementSystem:OutputVariable,
  {723bc20d-9cc7-4f8b-b59b-f0dfe845dde2}, !- Handle
  infil_flow_act_timeseries_outvar,       !- Name
  infil_flow_act,                         !- EMS Variable Name
  Averaged,                               !- Type of Data in Variable
  ZoneTimestep,                           !- Update Frequency
  {5cd4f586-bc40-4249-a193-dd19ea3e6a46}, !- EMS Program or Subroutine Name
  m^/s;                                   !- Units

OS:EnergyManagementSystem:ProgramCallingManager,
  {4e4fd504-91b1-4363-92eb-a76cda045be4}, !- Handle
  infil_program calling manager,          !- Name
  BeginZoneTimestepAfterInitHeatBalance,  !- EnergyPlus Model Calling Point
  {5cd4f586-bc40-4249-a193-dd19ea3e6a46}; !- Program Name 1

OS:BuildingUnit,
  {28bc4d6c-96e4-4aa8-8dd0-73310f7985db}, !- Handle
  Building Unit 1,                        !- Name
  ,                                       !- Rendering Color
  ;                                       !- Building Unit Type

OS:AdditionalProperties,
  {c006eccd-3eaa-4cec-a5d1-c0d3e894513c}, !- Handle
  {28bc4d6c-96e4-4aa8-8dd0-73310f7985db}, !- Object Name
  unit_num,                               !- Feature Name 1
  Integer,                                !- Feature Data Type 1
  1;                                      !- Feature Value 1

OS:EnergyManagementSystem:Sensor,
  {ba58a116-81bc-4b9c-bde8-22db2ba3f8b9}, !- Handle
  zone_htg_unmet_s,                       !- Name
  conditioned space,                      !- Output Variable or Output Meter Index Key Name
  Zone Heating Setpoint Not Met Time;     !- Output Variable or Output Meter Name

OS:EnergyManagementSystem:Sensor,
  {1b0bc298-66aa-4378-b4b3-45734d744cc8}, !- Handle
  zone_clg_unmet_s,                       !- Name
  conditioned space,                      !- Output Variable or Output Meter Index Key Name
  Zone Cooling Setpoint Not Met Time;     !- Output Variable or Output Meter Name

OS:AdditionalProperties,
  {59e40f8e-fddd-49d7-8c42-5c7f832e4d9d}, !- Handle
  {1b0bc298-66aa-4378-b4b3-45734d744cc8}; !- Object Name

OS:AdditionalProperties,
  {b3b49528-7396-45d9-827e-4cc350202385}, !- Handle
  {ba58a116-81bc-4b9c-bde8-22db2ba3f8b9}; !- Object Name

OS:AdditionalProperties,
  {6b0edb57-a656-47b1-a1b5-2e9e3d8ef86c}, !- Handle
  {22af3005-f4c6-4939-9e7d-315aa6c4f687}; !- Object Name

OS:AdditionalProperties,
  {1759a6fa-3c8f-4a37-9d8f-4871da208c3b}, !- Handle
  {499720d7-8e65-4212-b725-d764249513c3}; !- Object Name

OS:AdditionalProperties,
  {8e9a5d40-0d3f-4c7c-9026-439babd7a626}, !- Handle
  {9ff8777a-5bc8-4763-a57f-5e276bd15fec}; !- Object Name

OS:AdditionalProperties,
  {cf9e29c0-753b-4d33-8f42-127409843974}, !- Handle
  {8c55570a-8120-43ae-b8c4-83efb9ef90e8}; !- Object Name

OS:AdditionalProperties,
  {3da1c074-b327-4264-9d20-271831c0ebee}, !- Handle
  {1994d9c4-a7e9-43cf-a8f1-72c7b78a01e2}; !- Object Name

OS:AdditionalProperties,
  {b18af58c-13ae-442e-8c44-21ac62841197}, !- Handle
  {285c3b8b-72ac-4dcc-a745-5ea9db845b42}; !- Object Name

OS:AdditionalProperties,
  {67f7667f-a8cf-41e9-9ed7-0ff814c7b211}, !- Handle
  {cf1a2da5-abaa-4610-9785-41c9deabf537}; !- Object Name

OS:AdditionalProperties,
  {6c595207-077b-493a-be54-64b6d70e9340}, !- Handle
  {0c4c0123-9064-4bdf-8bc0-8e5a361e7de3}; !- Object Name

OS:AdditionalProperties,
  {7c39ee72-f183-481c-97c1-0808a4e6b4c9}, !- Handle
  {d030c7f7-8006-4f37-b187-9c33422d8741}; !- Object Name

OS:AdditionalProperties,
  {d0d5036b-36bf-4eaf-898e-4ea788282721}, !- Handle
  {78ff9e4f-6c78-4efc-bdf2-b48e348a6e13}; !- Object Name

OS:AdditionalProperties,
  {3b3d801c-27b2-4992-b11c-b965fe86e485}, !- Handle
  {24adbd97-f47b-4163-b6e3-e24bf2e3913d}; !- Object Name

OS:AdditionalProperties,
  {dba9daac-0986-43f3-b358-8f2b2834dd0c}, !- Handle
  {7df1124d-6712-409f-bf48-7af1f255ff03}; !- Object Name

OS:AdditionalProperties,
  {678f2883-037f-4e44-8816-040d0a9d4f2c}, !- Handle
  {e0c9b394-3845-4015-afdf-1529161579f9}; !- Object Name

OS:AdditionalProperties,
  {b742a20d-e186-4054-ac69-64ab8f0d7b0a}, !- Handle
  {1a4f0785-bfdf-4907-af17-4279e7bd5dc9}; !- Object Name

OS:AdditionalProperties,
  {4c31bd11-844e-48e2-b670-eda38838c7ea}, !- Handle
  {ac308c17-16a9-4f22-b12e-f55eb2413bbd}; !- Object Name

OS:AdditionalProperties,
  {7f87d8e1-b6cd-4a8f-862c-4adba25f13cd}, !- Handle
  {e8dd98f7-338c-48a6-aa87-ee3fc0e8d8d0}; !- Object Name

OS:AdditionalProperties,
  {9b125a80-870e-46c7-9e19-7ccef6e3365b}, !- Handle
  {a2aed0e8-245b-440f-9ab3-dc3d9d5f589e}; !- Object Name

OS:AdditionalProperties,
  {75d106bc-a39c-4cf7-8cc9-eee3971de61c}, !- Handle
  {469799fa-4337-4b98-9834-ec1194b252da}; !- Object Name

OS:AdditionalProperties,
  {6bd1331d-4410-4621-96b0-da8292725560}, !- Handle
  {7e69ac82-8739-4df4-b64a-1a2848539db4}; !- Object Name

OS:AdditionalProperties,
  {a44bc74e-9fb4-48be-8ea6-a3dca2b5b78c}, !- Handle
  {780d9810-2032-491f-9d77-49053c82c05a}; !- Object Name

OS:AdditionalProperties,
  {6feac74c-2879-4559-91ed-0e2b7d5da69e}, !- Handle
  {a1d10be8-ebf1-42bc-8705-baf30154146c}; !- Object Name

OS:AdditionalProperties,
  {bcd50bc7-744a-4719-9596-bdde65a5eb90}, !- Handle
  {82e246c5-969b-4db5-9fae-74be362415d3}; !- Object Name

OS:EnergyManagementSystem:Program,
  {3eca10bf-cf0f-40e7-a206-d175f5087f14}, !- Handle
  unmet_hours_program,                    !- Name
  Set htg_unmet_hours = 0,                !- Program Line 1
  Set clg_unmet_hours = 0,                !- Program Line 2
  If ((DayOfYear >= 1) && (DayOfYear <= 365)), !- Program Line 3
  If zone_htg_unmet_s > htg_unmet_hours,  !- Program Line 4
  Set htg_unmet_hours = zone_htg_unmet_s, !- Program Line 5
  EndIf,                                  !- Program Line 6
  EndIf,                                  !- Program Line 7
  If ((DayOfYear >= 1) && (DayOfYear <= 365)), !- Program Line 8
  If zone_clg_unmet_s > clg_unmet_hours,  !- Program Line 9
  Set clg_unmet_hours = zone_clg_unmet_s, !- Program Line 10
  EndIf,                                  !- Program Line 11
  EndIf;                                  !- Program Line 12

OS:AdditionalProperties,
  {4dd7aee9-7b89-4209-b8ab-93981945b697}, !- Handle
  {3eca10bf-cf0f-40e7-a206-d175f5087f14}, !- Object Name
  ObjectType,                             !- Feature Name 1
  String,                                 !- Feature Data Type 1
  unmet hours program;                    !- Feature Value 1

OS:EnergyManagementSystem:ProgramCallingManager,
  {f00b0446-1b45-47bc-96f3-bfe46e42ac6a}, !- Handle
  unmet_hours_program calling manager,    !- Name
  EndOfZoneTimestepBeforeZoneReporting,   !- EnergyPlus Model Calling Point
  {3eca10bf-cf0f-40e7-a206-d175f5087f14}; !- Program Name 1

OS:EnergyManagementSystem:Sensor,
  {d4e22046-9db3-41bb-a8eb-31ec1f2b08f4}, !- Handle
  htg_load_cond,                          !- Name
  ,                                       !- Output Variable or Output Meter Index Key Name
  Heating:EnergyTransfer:Zone:CONDITIONED SPACE; !- Output Variable or Output Meter Name

OS:EnergyManagementSystem:Sensor,
  {d021dda0-0eab-439c-8795-35a30c7bfe4c}, !- Handle
  clg_load_cond,                          !- Name
  ,                                       !- Output Variable or Output Meter Index Key Name
  Cooling:EnergyTransfer:Zone:CONDITIONED SPACE; !- Output Variable or Output Meter Name

OS:EnergyManagementSystem:Program,
  {9469499a-b257-4aed-abff-a3f4ff61843b}, !- Handle
  total_loads_program,                    !- Name
  Set loads_htg_tot = 0,                  !- Program Line 1
  Set loads_clg_tot = 0,                  !- Program Line 2
  If htg_load_cond > 0,                   !- Program Line 3
  Set loads_htg_tot = loads_htg_tot + (htg_load_cond - clg_load_cond) * 1.0, !- Program Line 4
  EndIf,                                  !- Program Line 5
  If clg_load_cond > 0,                   !- Program Line 6
  Set loads_clg_tot = loads_clg_tot + (clg_load_cond - htg_load_cond) * 1.0, !- Program Line 7
  EndIf;                                  !- Program Line 8

OS:AdditionalProperties,
  {11ecd8be-9d28-4b6b-8a77-aadc246efcf5}, !- Handle
  {9469499a-b257-4aed-abff-a3f4ff61843b}, !- Object Name
  ObjectType,                             !- Feature Name 1
  String,                                 !- Feature Data Type 1
  total loads program;                    !- Feature Value 1

OS:EnergyManagementSystem:ProgramCallingManager,
  {fb43632e-9e88-406a-be5f-7b75d368391e}, !- Handle
  total_loads_program calling manager,    !- Name
  EndOfZoneTimestepAfterZoneReporting,    !- EnergyPlus Model Calling Point
  {9469499a-b257-4aed-abff-a3f4ff61843b}; !- Program Name 1

OS:Output:JSON,
  {903ac085-50d2-45b1-970a-669d5eaf1d48}, !- Handle
  TimeSeriesAndTabular,                   !- Option Type
  No,                                     !- Output JSON
  No,                                     !- Output CBOR
  Yes;                                    !- Output MessagePack

OS:OutputControl:Files,
  {c093f945-91d7-4d6e-b926-2b935653d02a}, !- Handle
  No,                                     !- Output CSV
  No,                                     !- Output MTR
  No,                                     !- Output ESO
  No,                                     !- Output EIO
  Yes,                                    !- Output Tabular
  No,                                     !- Output SQLite
  Yes,                                    !- Output JSON
  No,                                     !- Output AUDIT
  Yes,                                    !- Output Zone Sizing
  Yes,                                    !- Output System Sizing
  Yes,                                    !- Output DXF
  No,                                     !- Output BND
  No,                                     !- Output RDD
  No,                                     !- Output MDD
  No,                                     !- Output MTD
  No,                                     !- Output SHD
  Yes,                                    !- Output DFS
  Yes,                                    !- Output GLHE
  Yes,                                    !- Output DelightIn
  Yes,                                    !- Output DelightELdmp
  Yes,                                    !- Output DelightDFdmp
  Yes,                                    !- Output EDD
  Yes,                                    !- Output DBG
  No,                                     !- Output PerfLog
  Yes,                                    !- Output SLN
  Yes,                                    !- Output SCI
  Yes,                                    !- Output WRL
  Yes,                                    !- Output Screen
  Yes,                                    !- Output ExtShd
  Yes;                                    !- Output Tarcog

OS:Building,
  {ef1e65bc-f945-4444-8f21-93883cea7b33}, !- Handle
  Building 1,                             !- Name
  ,                                       !- Building Sector Type
  ,                                       !- North Axis {deg}
  ,                                       !- Nominal Floor to Floor Height {m}
  ,                                       !- Space Type Name
  ,                                       !- Default Construction Set Name
  ;                                       !- Default Schedule Set Name

OS:AdditionalProperties,
  {0736d326-cf17-4752-92dc-ea087169eb51}, !- Handle
  {ef1e65bc-f945-4444-8f21-93883cea7b33}, !- Object Name
  hpxml_path,                             !- Feature Name 1
  String,                                 !- Feature Data Type 1
  /var/simdata/openstudio/run/home.xml,   !- Feature Value 1
  hpxml_defaults_path,                    !- Feature Name 2
  String,                                 !- Feature Data Type 2
  /var/simdata/openstudio/run/in.xml,     !- Feature Value 2
  building_id,                            !- Feature Name 3
  String,                                 !- Feature Data Type 3
  ,                                       !- Feature Value 3
  emissions_scenario_names,               !- Feature Name 4
  String,                                 !- Feature Data Type 4
  ["LRMER_LowRECost_15"&#44 "LRMER_MidCase_15"&#44 "LRMER_HighRECost_15"&#44 "LRMER_MidCase_25"], !- Feature Value 4
  emissions_scenario_types,               !- Feature Name 5
  String,                                 !- Feature Data Type 5
  ["CO2e"&#44 "CO2e"&#44 "CO2e"&#44 "CO2e"], !- Feature Value 5
  heated_zones,                           !- Feature Name 6
  String,                                 !- Feature Data Type 6
  ["conditioned space"],                  !- Feature Value 6
  cooled_zones,                           !- Feature Name 7
  String,                                 !- Feature Data Type 7
  ["conditioned space"],                  !- Feature Value 7
  is_southern_hemisphere,                 !- Feature Name 8
  Boolean,                                !- Feature Data Type 8
  false;                                  !- Feature Value 8

