
OS:Version,
  {b38215af-6523-4c46-85df-64f2e10771b6}, !- Handle
  3.7.0;                                  !- Version Identifier

OS:WeatherFile,
  {087b4fd8-0789-4ad6-9d3e-4d2d65c12fdc}, !- Handle
  Tallahassee Regional Ap  Isis,          !- City
  FL,                                     !- State Province Region
  USA,                                    !- Country
  TMY3,                                   !- Data Source
  722140,                                 !- WMO Number
  30.38,                                  !- Latitude {deg}
  -84.37,                                 !- Longitude {deg}
  -5,                                     !- Time Zone {hr}
  21,                                     !- Elevation {m}
  /weather/G1300870.epw,                  !- Url
  BA4BE2F9,                               !- Checksum
  ,                                       !- Start Date Actual Year
  Sunday;                                 !- Start Day of Week

OS:YearDescription,
  {28b29d9a-2780-4b90-bfa7-7a4698532b72}, !- Handle
  2018,                                   !- Calendar Year
  ,                                       !- Day of Week for Start Day
  ;                                       !- Is Leap Year

OS:Site,
  {129e06a9-1ac9-41c6-b49e-955a60a72453}, !- Handle
  Tallahassee Regional Ap  Isis_FL_USA,   !- Name
  30.38,                                  !- Latitude {deg}
  -84.37,                                 !- Longitude {deg}
  -5,                                     !- Time Zone {hr}
  21,                                     !- Elevation {m}
  Suburbs;                                !- Terrain

OS:RunPeriodControl:DaylightSavingTime,
  {8ca9658a-3b16-4b71-ad72-6b2cbe95e7b5}, !- Handle
  Mar 12,                                 !- Start Date
  Nov 5;                                  !- End Date

OS:Site:GroundTemperature:Shallow,
  {36f0a146-39aa-4d38-8944-7e9f44ffe6f9}, !- Handle
  16.3546663980125,                       !- January Surface Ground Temperature {C}
  15.0592964613324,                       !- February Surface Ground Temperature {C}
  14.9555585913301,                       !- March Surface Ground Temperature {C}
  15.5702778150259,                       !- April Surface Ground Temperature {C}
  18.038032949685,                        !- May Surface Ground Temperature {C}
  20.49429223405,                         !- June Surface Ground Temperature {C}
  22.6237377606621,                       !- July Surface Ground Temperature {C}
  23.9726891291255,                       !- August Surface Ground Temperature {C}
  24.0872899571397,                       !- September Surface Ground Temperature {C}
  22.9901447466756,                       !- October Surface Ground Temperature {C}
  20.9150013312211,                       !- November Surface Ground Temperature {C}
  18.5340900771804;                       !- December Surface Ground Temperature {C}

OS:SimulationControl,
  {f070335c-b1e0-40c2-901b-d2d466f5d31b}, !- Handle
  ,                                       !- Do Zone Sizing Calculation
  ,                                       !- Do System Sizing Calculation
  ,                                       !- Do Plant Sizing Calculation
  No;                                     !- Run Simulation for Sizing Periods

OS:Timestep,
  {59ed1880-78fb-45ee-8cda-0b44a9f757f5}, !- Handle
  4;                                      !- Number of Timesteps per Hour

OS:ShadowCalculation,
  {939abf0e-ea9d-465e-aae4-1fc740ca5872}, !- Handle
  PolygonClipping,                        !- Shading Calculation Method
  ,                                       !- Shading Calculation Update Frequency Method
  20,                                     !- Shading Calculation Update Frequency
  200,                                    !- Maximum Figures in Shadow Overlap Calculations
  ,                                       !- Polygon Clipping Algorithm
  512,                                    !- Pixel Counting Resolution
  ,                                       !- Sky Diffuse Modeling Algorithm
  No,                                     !- Output External Shading Calculation Results
  No,                                     !- Disable Self-Shading Within Shading Zone Groups
  No;                                     !- Disable Self-Shading From Shading Zone Groups to Other Zones

OS:SurfaceConvectionAlgorithm:Outside,
  {d6f9739d-6b4f-4129-b01e-69bbdd28b0be}, !- Handle
  DOE-2;                                  !- Algorithm

OS:SurfaceConvectionAlgorithm:Inside,
  {64ec18b2-93cd-40dc-a5ca-b7d919894467}, !- Handle
  TARP;                                   !- Algorithm

OS:ZoneCapacitanceMultiplier:ResearchSpecial,
  {5a1a7f0c-9c4a-4681-aa4b-56dfc1b4cbd7}, !- Handle
  1,                                      !- Temperature Capacity Multiplier
  15,                                     !- Humidity Capacity Multiplier
  ;                                       !- Carbon Dioxide Capacity Multiplier

OS:ConvergenceLimits,
  {426f77ce-d429-48c3-8e26-dc6b5e6d7d1c}, !- Handle
  0;                                      !- Minimum System Timestep {minutes}

OS:RunPeriod,
  {99a886bd-0199-443a-a834-9884966b3a93}, !- Handle
  Run Period 1,                           !- Name
  1,                                      !- Begin Month
  1,                                      !- Begin Day of Month
  12,                                     !- End Month
  31,                                     !- End Day of Month
  ,                                       !- Use Weather File Holidays and Special Days
  ,                                       !- Use Weather File Daylight Saving Period
  ,                                       !- Apply Weekend Holiday Rule
  ,                                       !- Use Weather File Rain Indicators
  ,                                       !- Use Weather File Snow Indicators
  ;                                       !- Number of Times Runperiod to be Repeated

OS:PerformancePrecisionTradeoffs,
  {da188801-b6d6-4d45-a608-d4a03598c0b1}, !- Handle
  ,                                       !- Use Coil Direct Solutions
  CarrollMRT;                             !- Zone Radiant Exchange Algorithm

OS:ThermalZone,
  {996f1a03-fe34-447d-88ab-506c9e7f03bc}, !- Handle
  conditioned space,                      !- Name
  1,                                      !- Multiplier
  ,                                       !- Ceiling Height {m}
  278.184700919808,                       !- Volume {m3}
  ,                                       !- Floor Area {m2}
  ,                                       !- Zone Inside Convection Algorithm
  ,                                       !- Zone Outside Convection Algorithm
  ,                                       !- Zone Conditioning Equipment List Name
  {6da4490e-4aaf-48e3-9472-21b25da9a07a}, !- Zone Air Inlet Port List
  {6c63ebec-bdda-40e3-94d3-98753cad1486}, !- Zone Air Exhaust Port List
  {9949f61b-b494-4ce5-ba14-5486a9ab01f4}, !- Zone Air Node Name
  {1afad2ff-72e7-423c-a599-981c28b8d8d7}, !- Zone Return Air Port List
  ,                                       !- Primary Daylighting Control Name
  ,                                       !- Fraction of Zone Controlled by Primary Daylighting Control
  ,                                       !- Secondary Daylighting Control Name
  ,                                       !- Fraction of Zone Controlled by Secondary Daylighting Control
  ,                                       !- Illuminance Map Name
  ,                                       !- Group Rendering Name
  {b9efd5e7-bbc4-4a4a-b269-9cde1666d616}, !- Thermostat Name
  No;                                     !- Use Ideal Air Loads

OS:Node,
  {e41ac1de-f6eb-4d96-90a8-f4baa0760363}, !- Handle
  Node 1,                                 !- Name
  {9949f61b-b494-4ce5-ba14-5486a9ab01f4}, !- Inlet Port
  ;                                       !- Outlet Port

OS:Connection,
  {9949f61b-b494-4ce5-ba14-5486a9ab01f4}, !- Handle
  {996f1a03-fe34-447d-88ab-506c9e7f03bc}, !- Source Object
  11,                                     !- Outlet Port
  {e41ac1de-f6eb-4d96-90a8-f4baa0760363}, !- Target Object
  2;                                      !- Inlet Port

OS:PortList,
  {6da4490e-4aaf-48e3-9472-21b25da9a07a}, !- Handle
  {996f1a03-fe34-447d-88ab-506c9e7f03bc}, !- HVAC Component
  {2988bc4a-6973-49f2-9446-652356b5dbd1}; !- Port 1

OS:PortList,
  {6c63ebec-bdda-40e3-94d3-98753cad1486}, !- Handle
  {996f1a03-fe34-447d-88ab-506c9e7f03bc}; !- HVAC Component

OS:PortList,
  {1afad2ff-72e7-423c-a599-981c28b8d8d7}, !- Handle
  {996f1a03-fe34-447d-88ab-506c9e7f03bc}, !- HVAC Component
  {0d017e17-ecc6-4357-9c76-d89423a6ab92}; !- Port 1

OS:Sizing:Zone,
  {ffc58b7a-5223-4a27-b96d-8cc647eb19fb}, !- Handle
  {996f1a03-fe34-447d-88ab-506c9e7f03bc}, !- Zone or ZoneList Name
  SupplyAirTemperature,                   !- Zone Cooling Design Supply Air Temperature Input Method
  14,                                     !- Zone Cooling Design Supply Air Temperature {C}
  11.11,                                  !- Zone Cooling Design Supply Air Temperature Difference {deltaC}
  SupplyAirTemperature,                   !- Zone Heating Design Supply Air Temperature Input Method
  40,                                     !- Zone Heating Design Supply Air Temperature {C}
  11.11,                                  !- Zone Heating Design Supply Air Temperature Difference {deltaC}
  0.0085,                                 !- Zone Cooling Design Supply Air Humidity Ratio {kg-H2O/kg-air}
  0.008,                                  !- Zone Heating Design Supply Air Humidity Ratio {kg-H2O/kg-air}
  ,                                       !- Zone Heating Sizing Factor
  ,                                       !- Zone Cooling Sizing Factor
  DesignDay,                              !- Cooling Design Air Flow Method
  ,                                       !- Cooling Design Air Flow Rate {m3/s}
  ,                                       !- Cooling Minimum Air Flow per Zone Floor Area {m3/s-m2}
  ,                                       !- Cooling Minimum Air Flow {m3/s}
  ,                                       !- Cooling Minimum Air Flow Fraction
  DesignDay,                              !- Heating Design Air Flow Method
  ,                                       !- Heating Design Air Flow Rate {m3/s}
  ,                                       !- Heating Maximum Air Flow per Zone Floor Area {m3/s-m2}
  ,                                       !- Heating Maximum Air Flow {m3/s}
  ,                                       !- Heating Maximum Air Flow Fraction
  No,                                     !- Account for Dedicated Outdoor Air System
  NeutralSupplyAir,                       !- Dedicated Outdoor Air System Control Strategy
  autosize,                               !- Dedicated Outdoor Air Low Setpoint Temperature for Design {C}
  autosize,                               !- Dedicated Outdoor Air High Setpoint Temperature for Design {C}
  Sensible Load Only No Latent Load,      !- Zone Load Sizing Method
  HumidityRatioDifference,                !- Zone Latent Cooling Design Supply Air Humidity Ratio Input Method
  ,                                       !- Zone Dehumidification Design Supply Air Humidity Ratio {kgWater/kgDryAir}
  0.005,                                  !- Zone Cooling Design Supply Air Humidity Ratio Difference {kgWater/kgDryAir}
  HumidityRatioDifference,                !- Zone Latent Heating Design Supply Air Humidity Ratio Input Method
  ,                                       !- Zone Humidification Design Supply Air Humidity Ratio {kgWater/kgDryAir}
  0.005;                                  !- Zone Humidification Design Supply Air Humidity Ratio Difference {kgWater/kgDryAir}

OS:ZoneHVAC:EquipmentList,
  {b9e853af-7b87-4d4d-8d6c-5c1f7c0dff15}, !- Handle
  Zone HVAC Equipment List 1,             !- Name
  {996f1a03-fe34-447d-88ab-506c9e7f03bc}, !- Thermal Zone
  ,                                       !- Load Distribution Scheme
  {4d76c5d8-d6d1-4c9f-bba8-f0ba4e7493be}, !- Zone Equipment 1
  1,                                      !- Zone Equipment Cooling Sequence 1
  1,                                      !- Zone Equipment Heating or No-Load Sequence 1
  {dda4265d-c81a-446f-ab74-b0dee2dc4bc7}, !- Zone Equipment Sequential Cooling Fraction Schedule Name 1
  {87e130d3-bf91-4808-8f39-7246400bda60}; !- Zone Equipment Sequential Heating Fraction Schedule Name 1

OS:AdditionalProperties,
  {68afb61b-b63b-4c48-9c2e-5a9276b3bd2a}, !- Handle
  {996f1a03-fe34-447d-88ab-506c9e7f03bc}, !- Object Name
  ObjectType,                             !- Feature Name 1
  String,                                 !- Feature Data Type 1
  conditioned space;                      !- Feature Value 1

OS:Space,
  {d42efddc-4609-4abe-98fa-02a11f0e8057}, !- Handle
  conditioned space 1,                    !- Name
  ,                                       !- Space Type Name
  ,                                       !- Default Construction Set Name
  ,                                       !- Default Schedule Set Name
  ,                                       !- Direction of Relative North {deg}
  ,                                       !- X Origin {m}
  ,                                       !- Y Origin {m}
  ,                                       !- Z Origin {m}
  ,                                       !- Building Story Name
  {996f1a03-fe34-447d-88ab-506c9e7f03bc}, !- Thermal Zone Name
  ,                                       !- Part of Total Floor Area
  ,                                       !- Design Specification Outdoor Air Object Name
  {7dcaef3c-28d3-43ef-882a-ae4d2e2eeb60}, !- Building Unit Name
  278.184700919808;                       !- Volume {m3}

OS:Schedule:Ruleset,
  {990e4374-1294-451a-b567-87f4efd3cbee}, !- Handle
  heating setpoint,                       !- Name
  {8bea4170-f670-464e-ab54-2961a49fd4ce}, !- Schedule Type Limits Name
  {aae8fa36-2f38-409d-8be2-14e0445b0cb1}; !- Default Day Schedule Name

OS:Schedule:Day,
  {aae8fa36-2f38-409d-8be2-14e0445b0cb1}, !- Handle
  heating setpoint default day,           !- Name
  {8bea4170-f670-464e-ab54-2961a49fd4ce}, !- Schedule Type Limits Name
  ,                                       !- Interpolate to Timestep
  24,                                     !- Hour 1
  0,                                      !- Minute 1
  0;                                      !- Value Until Time 1

OS:Schedule:Rule,
  {1ec10783-ecdc-4883-9522-3105761e21d9}, !- Handle
  heating setpoint allday ruleset1,       !- Name
  {990e4374-1294-451a-b567-87f4efd3cbee}, !- Schedule Ruleset Name
  0,                                      !- Rule Order
  {7a3ff20a-632c-4efd-b48e-10e6e03aa373}, !- Day Schedule Name
  Yes,                                    !- Apply Sunday
  Yes,                                    !- Apply Monday
  Yes,                                    !- Apply Tuesday
  Yes,                                    !- Apply Wednesday
  Yes,                                    !- Apply Thursday
  Yes,                                    !- Apply Friday
  Yes,                                    !- Apply Saturday
  DateRange,                              !- Date Specification Type
  1,                                      !- Start Month
  1,                                      !- Start Day
  12,                                     !- End Month
  31;                                     !- End Day

OS:Schedule:Day,
  {7a3ff20a-632c-4efd-b48e-10e6e03aa373}, !- Handle
  heating setpoint allday1,               !- Name
  {8bea4170-f670-464e-ab54-2961a49fd4ce}, !- Schedule Type Limits Name
  ,                                       !- Interpolate to Timestep
  24,                                     !- Hour 1
  0,                                      !- Minute 1
  23.8888888888889;                       !- Value Until Time 1

OS:Schedule:Ruleset,
  {c40552fd-b366-48b3-80dc-d28a066b2ed1}, !- Handle
  cooling setpoint,                       !- Name
  {8bea4170-f670-464e-ab54-2961a49fd4ce}, !- Schedule Type Limits Name
  {12f86341-d1b5-4a7f-aef0-649c3675919c}; !- Default Day Schedule Name

OS:Schedule:Day,
  {12f86341-d1b5-4a7f-aef0-649c3675919c}, !- Handle
  cooling setpoint default day,           !- Name
  {8bea4170-f670-464e-ab54-2961a49fd4ce}, !- Schedule Type Limits Name
  ,                                       !- Interpolate to Timestep
  24,                                     !- Hour 1
  0,                                      !- Minute 1
  0;                                      !- Value Until Time 1

OS:Schedule:Rule,
  {280f9118-73ee-4fbf-83e8-931efa990d97}, !- Handle
  cooling setpoint allday ruleset1,       !- Name
  {c40552fd-b366-48b3-80dc-d28a066b2ed1}, !- Schedule Ruleset Name
  0,                                      !- Rule Order
  {0fa1e2a6-9572-440f-af4e-50809843ca5e}, !- Day Schedule Name
  Yes,                                    !- Apply Sunday
  Yes,                                    !- Apply Monday
  Yes,                                    !- Apply Tuesday
  Yes,                                    !- Apply Wednesday
  Yes,                                    !- Apply Thursday
  Yes,                                    !- Apply Friday
  Yes,                                    !- Apply Saturday
  DateRange,                              !- Date Specification Type
  1,                                      !- Start Month
  1,                                      !- Start Day
  12,                                     !- End Month
  31;                                     !- End Day

OS:Schedule:Day,
  {0fa1e2a6-9572-440f-af4e-50809843ca5e}, !- Handle
  cooling setpoint allday1,               !- Name
  {8bea4170-f670-464e-ab54-2961a49fd4ce}, !- Schedule Type Limits Name
  ,                                       !- Interpolate to Timestep
  24,                                     !- Hour 1
  0,                                      !- Minute 1
  23.8888888888889;                       !- Value Until Time 1

OS:ThermostatSetpoint:DualSetpoint,
  {b9efd5e7-bbc4-4a4a-b269-9cde1666d616}, !- Handle
  conditioned space temperature setpoint, !- Name
  {990e4374-1294-451a-b567-87f4efd3cbee}, !- Heating Setpoint Temperature Schedule Name
  {c40552fd-b366-48b3-80dc-d28a066b2ed1}; !- Cooling Setpoint Temperature Schedule Name

OS:ScheduleTypeLimits,
  {8bea4170-f670-464e-ab54-2961a49fd4ce}, !- Handle
  Temperature,                            !- Name
  ,                                       !- Lower Limit Value
  ,                                       !- Upper Limit Value
  Continuous,                             !- Numeric Type
  Temperature;                            !- Unit Type

OS:Surface,
  {baf426ff-fc13-42cf-a0f6-a689108954d7}, !- Handle
  Roof1,                                  !- Name
  RoofCeiling,                            !- Surface Type
  {9daf610d-f88f-420b-ba87-739036ac597e}, !- Construction Name
  {1a546e2e-8d60-4a4f-a952-7373f8b7f110}, !- Space Name
  Outdoors,                               !- Outside Boundary Condition
  ,                                       !- Outside Boundary Condition Object
  SunExposed,                             !- Sun Exposure
  WindExposed,                            !- Wind Exposure
  ,                                       !- View Factor to Ground
  ,                                       !- Number of Vertices
  3.99276417945399, -14.5252895849425, 4.8768, !- X,Y,Z Vertex 1 {m}
  0.421527816379069, -10.9540531741947, 7.4020454664052, !- X,Y,Z Vertex 2 {m}
  -3.57123587269819, -14.9468168099721, 7.4020454664052, !- X,Y,Z Vertex 3 {m}
  4.90376769413103e-07, -18.5180532207198, 4.8768; !- X,Y,Z Vertex 4 {m}

OS:AdditionalProperties,
  {0e258082-4edd-4580-8be8-028e3e8b4d5f}, !- Handle
  {baf426ff-fc13-42cf-a0f6-a689108954d7}, !- Object Name
  Length,                                 !- Feature Name 1
  Double,                                 !- Feature Data Type 1
  18.525657883055057,                     !- Feature Value 1
  Width,                                  !- Feature Name 2
  Double,                                 !- Feature Data Type 2
  18.525657883055057,                     !- Feature Value 2
  Azimuth,                                !- Feature Name 3
  Integer,                                !- Feature Data Type 3
  135,                                    !- Feature Value 3
  Tilt,                                   !- Feature Name 4
  Double,                                 !- Feature Data Type 4
  0.5,                                    !- Feature Value 4
  SurfaceType,                            !- Feature Name 5
  String,                                 !- Feature Data Type 5
  Roof;                                   !- Feature Value 5

OS:ThermalZone,
  {05ad2b6b-0902-4a39-91ee-cee7c99fe206}, !- Handle
  attic - vented,                         !- Name
  1,                                      !- Multiplier
  ,                                       !- Ceiling Height {m}
  32.1115443086712,                       !- Volume {m3}
  ,                                       !- Floor Area {m2}
  ,                                       !- Zone Inside Convection Algorithm
  ,                                       !- Zone Outside Convection Algorithm
  ,                                       !- Zone Conditioning Equipment List Name
  {579977f8-1f14-4eab-a5a4-6cd5510dc209}, !- Zone Air Inlet Port List
  {bdbaeac5-d864-4afb-9488-302938429646}, !- Zone Air Exhaust Port List
  {cd2b46c7-1a42-4ce6-8e15-055c2848aa3d}, !- Zone Air Node Name
  {8f0547f3-bdbd-4496-8549-8cefa25b9248}, !- Zone Return Air Port List
  ,                                       !- Primary Daylighting Control Name
  ,                                       !- Fraction of Zone Controlled by Primary Daylighting Control
  ,                                       !- Secondary Daylighting Control Name
  ,                                       !- Fraction of Zone Controlled by Secondary Daylighting Control
  ,                                       !- Illuminance Map Name
  ,                                       !- Group Rendering Name
  ,                                       !- Thermostat Name
  No;                                     !- Use Ideal Air Loads

OS:Node,
  {b251009f-ef98-42fc-aa2b-c32d79d2675e}, !- Handle
  Node 2,                                 !- Name
  {cd2b46c7-1a42-4ce6-8e15-055c2848aa3d}, !- Inlet Port
  ;                                       !- Outlet Port

OS:Connection,
  {cd2b46c7-1a42-4ce6-8e15-055c2848aa3d}, !- Handle
  {05ad2b6b-0902-4a39-91ee-cee7c99fe206}, !- Source Object
  11,                                     !- Outlet Port
  {b251009f-ef98-42fc-aa2b-c32d79d2675e}, !- Target Object
  2;                                      !- Inlet Port

OS:PortList,
  {579977f8-1f14-4eab-a5a4-6cd5510dc209}, !- Handle
  {05ad2b6b-0902-4a39-91ee-cee7c99fe206}; !- HVAC Component

OS:PortList,
  {bdbaeac5-d864-4afb-9488-302938429646}, !- Handle
  {05ad2b6b-0902-4a39-91ee-cee7c99fe206}; !- HVAC Component

OS:PortList,
  {8f0547f3-bdbd-4496-8549-8cefa25b9248}, !- Handle
  {05ad2b6b-0902-4a39-91ee-cee7c99fe206}; !- HVAC Component

OS:Sizing:Zone,
  {22511382-c08a-4bb6-ba17-679a604568e4}, !- Handle
  {05ad2b6b-0902-4a39-91ee-cee7c99fe206}, !- Zone or ZoneList Name
  SupplyAirTemperature,                   !- Zone Cooling Design Supply Air Temperature Input Method
  14,                                     !- Zone Cooling Design Supply Air Temperature {C}
  11.11,                                  !- Zone Cooling Design Supply Air Temperature Difference {deltaC}
  SupplyAirTemperature,                   !- Zone Heating Design Supply Air Temperature Input Method
  40,                                     !- Zone Heating Design Supply Air Temperature {C}
  11.11,                                  !- Zone Heating Design Supply Air Temperature Difference {deltaC}
  0.0085,                                 !- Zone Cooling Design Supply Air Humidity Ratio {kg-H2O/kg-air}
  0.008,                                  !- Zone Heating Design Supply Air Humidity Ratio {kg-H2O/kg-air}
  ,                                       !- Zone Heating Sizing Factor
  ,                                       !- Zone Cooling Sizing Factor
  DesignDay,                              !- Cooling Design Air Flow Method
  ,                                       !- Cooling Design Air Flow Rate {m3/s}
  ,                                       !- Cooling Minimum Air Flow per Zone Floor Area {m3/s-m2}
  ,                                       !- Cooling Minimum Air Flow {m3/s}
  ,                                       !- Cooling Minimum Air Flow Fraction
  DesignDay,                              !- Heating Design Air Flow Method
  ,                                       !- Heating Design Air Flow Rate {m3/s}
  ,                                       !- Heating Maximum Air Flow per Zone Floor Area {m3/s-m2}
  ,                                       !- Heating Maximum Air Flow {m3/s}
  ,                                       !- Heating Maximum Air Flow Fraction
  No,                                     !- Account for Dedicated Outdoor Air System
  NeutralSupplyAir,                       !- Dedicated Outdoor Air System Control Strategy
  autosize,                               !- Dedicated Outdoor Air Low Setpoint Temperature for Design {C}
  autosize,                               !- Dedicated Outdoor Air High Setpoint Temperature for Design {C}
  Sensible Load Only No Latent Load,      !- Zone Load Sizing Method
  HumidityRatioDifference,                !- Zone Latent Cooling Design Supply Air Humidity Ratio Input Method
  ,                                       !- Zone Dehumidification Design Supply Air Humidity Ratio {kgWater/kgDryAir}
  0.005,                                  !- Zone Cooling Design Supply Air Humidity Ratio Difference {kgWater/kgDryAir}
  HumidityRatioDifference,                !- Zone Latent Heating Design Supply Air Humidity Ratio Input Method
  ,                                       !- Zone Humidification Design Supply Air Humidity Ratio {kgWater/kgDryAir}
  0.005;                                  !- Zone Humidification Design Supply Air Humidity Ratio Difference {kgWater/kgDryAir}

OS:ZoneHVAC:EquipmentList,
  {c6d15204-42ce-49b9-b823-6445124b2475}, !- Handle
  Zone HVAC Equipment List 2,             !- Name
  {05ad2b6b-0902-4a39-91ee-cee7c99fe206}; !- Thermal Zone

OS:AdditionalProperties,
  {5b71c078-60c1-4e25-8e3d-c1f50e4768a2}, !- Handle
  {05ad2b6b-0902-4a39-91ee-cee7c99fe206}, !- Object Name
  ObjectType,                             !- Feature Name 1
  String,                                 !- Feature Data Type 1
  attic - vented;                         !- Feature Value 1

OS:Space,
  {1a546e2e-8d60-4a4f-a952-7373f8b7f110}, !- Handle
  attic - vented 1,                       !- Name
  ,                                       !- Space Type Name
  ,                                       !- Default Construction Set Name
  ,                                       !- Default Schedule Set Name
  ,                                       !- Direction of Relative North {deg}
  ,                                       !- X Origin {m}
  ,                                       !- Y Origin {m}
  ,                                       !- Z Origin {m}
  ,                                       !- Building Story Name
  {05ad2b6b-0902-4a39-91ee-cee7c99fe206}, !- Thermal Zone Name
  ,                                       !- Part of Total Floor Area
  ,                                       !- Design Specification Outdoor Air Object Name
  {7dcaef3c-28d3-43ef-882a-ae4d2e2eeb60}, !- Building Unit Name
  32.1115443086712;                       !- Volume {m3}

OS:Material,
  {6668e350-4080-4738-b038-c0ec97339522}, !- Handle
  metal surfacing,                        !- Name
  Rough,                                  !- Roughness
  0.000508,                               !- Thickness {m}
  50.040325,                              !- Conductivity {W/m-K}
  7801.74,                                !- Density {kg/m3}
  460.57,                                 !- Specific Heat {J/kg-K}
  0.9,                                    !- Thermal Absorptance
  0.9,                                    !- Solar Absorptance
  0.9;                                    !- Visible Absorptance

OS:Material,
  {44b428ad-d6c2-4743-b355-e26b6ce59104}, !- Handle
  roof rigid ins,                         !- Name
  Rough,                                  !- Roughness
  0.00396442493270656,                    !- Thickness {m}
  0.029427,                               !- Conductivity {W/m-K}
  32.04,                                  !- Density {kg/m3}
  1214.23,                                !- Specific Heat {J/kg-K}
  0.9,                                    !- Thermal Absorptance
  0.7,                                    !- Solar Absorptance
  0.7;                                    !- Visible Absorptance

OS:Material,
  {126de6ca-e747-41d6-b630-a48f5e60b506}, !- Handle
  osb sheathing 0.5 in.,                  !- Name
  Rough,                                  !- Roughness
  0.0127,                                 !- Thickness {m}
  0.1154577,                              !- Conductivity {W/m-K}
  512.64,                                 !- Density {kg/m3}
  1214.23,                                !- Specific Heat {J/kg-K}
  0.9,                                    !- Thermal Absorptance
  0.6,                                    !- Solar Absorptance
  0.6;                                    !- Visible Absorptance

OS:Construction,
  {9daf610d-f88f-420b-ba87-739036ac597e}, !- Handle
  Roof1 construction,                     !- Name
  ,                                       !- Surface Rendering Name
  {6668e350-4080-4738-b038-c0ec97339522}, !- Layer 1
  {44b428ad-d6c2-4743-b355-e26b6ce59104}, !- Layer 2
  {126de6ca-e747-41d6-b630-a48f5e60b506}; !- Layer 3

OS:Surface,
  {0f5d0885-b27d-4bc3-abd1-6b25e7e5eb2b}, !- Handle
  Roof2,                                  !- Name
  RoofCeiling,                            !- Surface Type
  {21563211-72ee-4e4a-9c93-d71bd4a0a77a}, !- Construction Name
  {1a546e2e-8d60-4a4f-a952-7373f8b7f110}, !- Space Name
  Outdoors,                               !- Outside Boundary Condition
  ,                                       !- Outside Boundary Condition Object
  SunExposed,                             !- Sun Exposure
  WindExposed,                            !- Wind Exposure
  ,                                       !- View Factor to Ground
  ,                                       !- Number of Vertices
  -3.9927645672538, 14.5252894783427, 4.8768, !- X,Y,Z Vertex 1 {m}
  -0.421528108833115, 10.9540531629406, 7.4020454664052, !- X,Y,Z Vertex 2 {m}
  3.57123547364435, 14.9468169053178, 7.4020454664052, !- X,Y,Z Vertex 3 {m}
  -9.84776365342555e-07, 18.5180532207198, 4.8768; !- X,Y,Z Vertex 4 {m}

OS:AdditionalProperties,
  {0c426daf-2f69-499a-9b6c-74b20f52ac00}, !- Handle
  {0f5d0885-b27d-4bc3-abd1-6b25e7e5eb2b}, !- Object Name
  Length,                                 !- Feature Name 1
  Double,                                 !- Feature Data Type 1
  18.525657883055057,                     !- Feature Value 1
  Width,                                  !- Feature Name 2
  Double,                                 !- Feature Data Type 2
  18.525657883055057,                     !- Feature Value 2
  Azimuth,                                !- Feature Name 3
  Integer,                                !- Feature Data Type 3
  315,                                    !- Feature Value 3
  Tilt,                                   !- Feature Name 4
  Double,                                 !- Feature Data Type 4
  0.5,                                    !- Feature Value 4
  SurfaceType,                            !- Feature Name 5
  String,                                 !- Feature Data Type 5
  Roof;                                   !- Feature Value 5

OS:Construction,
  {21563211-72ee-4e4a-9c93-d71bd4a0a77a}, !- Handle
  Roof2 construction,                     !- Name
  ,                                       !- Surface Rendering Name
  {6668e350-4080-4738-b038-c0ec97339522}, !- Layer 1
  {44b428ad-d6c2-4743-b355-e26b6ce59104}, !- Layer 2
  {126de6ca-e747-41d6-b630-a48f5e60b506}; !- Layer 3

OS:Surface,
  {778a1ed5-317b-454d-8ce6-e23f9b7f6b79}, !- Handle
  Wall1,                                  !- Name
  Wall,                                   !- Surface Type
  {dedd9d97-1d78-43fc-aa13-799e4a7b329d}, !- Construction Name
  {d42efddc-4609-4abe-98fa-02a11f0e8057}, !- Space Name
  Outdoors,                               !- Outside Boundary Condition
  ,                                       !- Outside Boundary Condition Object
  SunExposed,                             !- Sun Exposure
  WindExposed,                            !- Wind Exposure
  ,                                       !- View Factor to Ground
  ,                                       !- Number of Vertices
  16.8309917915943, -1.68706103730268, 0, !- X,Y,Z Vertex 1 {m}
  16.8309917915943, -1.68706103730268, 4.8768, !- X,Y,Z Vertex 2 {m}
  10.7410312250347, -7.77702184774925, 4.8768, !- X,Y,Z Vertex 3 {m}
  10.7410312250347, -7.77702184774925, 0; !- X,Y,Z Vertex 4 {m}

OS:AdditionalProperties,
  {d63fea2d-34d9-43fc-8fb0-4369cdfa5b8c}, !- Handle
  {778a1ed5-317b-454d-8ce6-e23f9b7f6b79}, !- Object Name
  Length,                                 !- Feature Name 1
  Double,                                 !- Feature Data Type 1
  28.256250000000001,                     !- Feature Value 1
  Azimuth,                                !- Feature Name 2
  Integer,                                !- Feature Data Type 2
  135,                                    !- Feature Value 2
  Tilt,                                   !- Feature Name 3
  Double,                                 !- Feature Data Type 3
  90,                                     !- Feature Value 3
  SurfaceType,                            !- Feature Name 4
  String,                                 !- Feature Data Type 4
  Wall;                                   !- Feature Value 4

OS:Material,
  {aa6f0c42-2840-45dc-b8c7-54a0504b6004}, !- Handle
  osb sheathing 0.5 in. 1,                !- Name
  Rough,                                  !- Roughness
  0.0127,                                 !- Thickness {m}
  0.1154577,                              !- Conductivity {W/m-K}
  512.64,                                 !- Density {kg/m3}
  1214.23,                                !- Specific Heat {J/kg-K}
  0.9,                                    !- Thermal Absorptance
  0.7,                                    !- Solar Absorptance
  0.7;                                    !- Visible Absorptance

OS:Material,
  {6e751893-ba19-4c17-acb5-17b7220bd657}, !- Handle
  wall layer 1,                           !- Name
  Rough,                                  !- Roughness
  0.2032,                                 !- Thickness {m}
  0.391405582567229,                      !- Conductivity {W/m-K}
  1762.2,                                 !- Density {kg/m3}
  795.53,                                 !- Specific Heat {J/kg-K}
  0.9,                                    !- Thermal Absorptance
  0.7,                                    !- Solar Absorptance
  0.7;                                    !- Visible Absorptance

OS:Material,
  {7bd7ba3a-7385-422b-9498-c2970fd3dcde}, !- Handle
  gypsum board,                           !- Name
  Rough,                                  !- Roughness
  0.0127,                                 !- Thickness {m}
  0.1602906,                              !- Conductivity {W/m-K}
  801,                                    !- Density {kg/m3}
  837.4,                                  !- Specific Heat {J/kg-K}
  0.9,                                    !- Thermal Absorptance
  0.6,                                    !- Solar Absorptance
  0.6;                                    !- Visible Absorptance

OS:Construction,
  {dedd9d97-1d78-43fc-aa13-799e4a7b329d}, !- Handle
  Wall1 construction,                     !- Name
  ,                                       !- Surface Rendering Name
  {aa6f0c42-2840-45dc-b8c7-54a0504b6004}, !- Layer 1
  {6e751893-ba19-4c17-acb5-17b7220bd657}, !- Layer 2
  {7bd7ba3a-7385-422b-9498-c2970fd3dcde}; !- Layer 3

OS:Surface,
  {b4bd2c5d-dafd-4f2f-a198-084c62455c74}, !- Handle
  Wall2,                                  !- Name
  Wall,                                   !- Surface Type
  {654c21b3-1bf4-457c-819b-538beeb95a3f}, !- Construction Name
  {d42efddc-4609-4abe-98fa-02a11f0e8057}, !- Space Name
  Outdoors,                               !- Outside Boundary Condition
  ,                                       !- Outside Boundary Condition Object
  SunExposed,                             !- Sun Exposure
  WindExposed,                            !- Wind Exposure
  ,                                       !- View Factor to Ground
  ,                                       !- Number of Vertices
  -11.303539204588, -7.21451428460835, 0, !- X,Y,Z Vertex 1 {m}
  -11.303539204588, -7.21451428460835, 4.8768, !- X,Y,Z Vertex 2 {m}
  -14.6859527854693, -3.83210092948832, 4.8768, !- X,Y,Z Vertex 3 {m}
  -14.6859527854693, -3.83210092948832, 0; !- X,Y,Z Vertex 4 {m}

OS:AdditionalProperties,
  {63aaaf13-befa-47c8-b66a-06b3315486a7}, !- Handle
  {b4bd2c5d-dafd-4f2f-a198-084c62455c74}, !- Object Name
  Length,                                 !- Feature Name 1
  Double,                                 !- Feature Data Type 1
  15.693750000000001,                     !- Feature Value 1
  Azimuth,                                !- Feature Name 2
  Integer,                                !- Feature Data Type 2
  225,                                    !- Feature Value 2
  Tilt,                                   !- Feature Name 3
  Double,                                 !- Feature Data Type 3
  90,                                     !- Feature Value 3
  SurfaceType,                            !- Feature Name 4
  String,                                 !- Feature Data Type 4
  Wall;                                   !- Feature Value 4

OS:Construction,
  {654c21b3-1bf4-457c-819b-538beeb95a3f}, !- Handle
  Wall2 construction,                     !- Name
  ,                                       !- Surface Rendering Name
  {aa6f0c42-2840-45dc-b8c7-54a0504b6004}, !- Layer 1
  {6e751893-ba19-4c17-acb5-17b7220bd657}, !- Layer 2
  {7bd7ba3a-7385-422b-9498-c2970fd3dcde}; !- Layer 3

OS:Surface,
  {c4424bc5-64c7-4313-ae71-36b8df671e18}, !- Handle
  Wall3,                                  !- Name
  Wall,                                   !- Surface Type
  {25bbe386-27fd-4fcb-b64a-a2ddb1f8f6a2}, !- Construction Name
  {d42efddc-4609-4abe-98fa-02a11f0e8057}, !- Space Name
  Outdoors,                               !- Outside Boundary Condition
  ,                                       !- Outside Boundary Condition Object
  SunExposed,                             !- Sun Exposure
  WindExposed,                            !- Wind Exposure
  ,                                       !- View Factor to Ground
  ,                                       !- Number of Vertices
  -17.8611293883404, 0.656922908880922, 0, !- X,Y,Z Vertex 1 {m}
  -17.8611293883404, 0.656922908880922, 4.8768, !- X,Y,Z Vertex 2 {m}
  -12.0405766554169, 6.47747618569936, 4.8768, !- X,Y,Z Vertex 3 {m}
  -12.0405766554169, 6.47747618569936, 0; !- X,Y,Z Vertex 4 {m}

OS:AdditionalProperties,
  {8217b67d-7abf-4d18-8ba8-e7ba440242dc}, !- Handle
  {c4424bc5-64c7-4313-ae71-36b8df671e18}, !- Object Name
  Length,                                 !- Feature Name 1
  Double,                                 !- Feature Data Type 1
  27.006249999999998,                     !- Feature Value 1
  Azimuth,                                !- Feature Name 2
  Integer,                                !- Feature Data Type 2
  315,                                    !- Feature Value 2
  Tilt,                                   !- Feature Name 3
  Double,                                 !- Feature Data Type 3
  90,                                     !- Feature Value 3
  SurfaceType,                            !- Feature Name 4
  String,                                 !- Feature Data Type 4
  Wall;                                   !- Feature Value 4

OS:Construction,
  {25bbe386-27fd-4fcb-b64a-a2ddb1f8f6a2}, !- Handle
  Wall3 construction,                     !- Name
  ,                                       !- Surface Rendering Name
  {aa6f0c42-2840-45dc-b8c7-54a0504b6004}, !- Layer 1
  {6e751893-ba19-4c17-acb5-17b7220bd657}, !- Layer 2
  {7bd7ba3a-7385-422b-9498-c2970fd3dcde}; !- Layer 3

OS:Surface,
  {410418e0-a46e-429b-843e-173cc999dc5b}, !- Handle
  Wall4,                                  !- Name
  Wall,                                   !- Surface Type
  {b8e14bff-c661-4b08-8159-b5a5fcdcf191}, !- Construction Name
  {d42efddc-4609-4abe-98fa-02a11f0e8057}, !- Space Name
  Outdoors,                               !- Outside Boundary Condition
  ,                                       !- Outside Boundary Condition Object
  SunExposed,                             !- Sun Exposure
  WindExposed,                            !- Wind Exposure
  ,                                       !- View Factor to Ground
  ,                                       !- Number of Vertices
  11.3035393972029, 7.21451398282368, 0,  !- X,Y,Z Vertex 1 {m}
  11.3035393972029, 7.21451398282368, 4.8768, !- X,Y,Z Vertex 2 {m}
  14.6859528877797, 3.83210053739909, 4.8768, !- X,Y,Z Vertex 3 {m}
  14.6859528877797, 3.83210053739909, 0;  !- X,Y,Z Vertex 4 {m}

OS:AdditionalProperties,
  {671c8b79-68ee-4664-abd2-385ac6d29283}, !- Handle
  {410418e0-a46e-429b-843e-173cc999dc5b}, !- Object Name
  Length,                                 !- Feature Name 1
  Double,                                 !- Feature Data Type 1
  15.693750000000001,                     !- Feature Value 1
  Azimuth,                                !- Feature Name 2
  Integer,                                !- Feature Data Type 2
  45,                                     !- Feature Value 2
  Tilt,                                   !- Feature Name 3
  Double,                                 !- Feature Data Type 3
  90,                                     !- Feature Value 3
  SurfaceType,                            !- Feature Name 4
  String,                                 !- Feature Data Type 4
  Wall;                                   !- Feature Value 4

OS:Construction,
  {b8e14bff-c661-4b08-8159-b5a5fcdcf191}, !- Handle
  Wall4 construction,                     !- Name
  ,                                       !- Surface Rendering Name
  {aa6f0c42-2840-45dc-b8c7-54a0504b6004}, !- Layer 1
  {6e751893-ba19-4c17-acb5-17b7220bd657}, !- Layer 2
  {7bd7ba3a-7385-422b-9498-c2970fd3dcde}; !- Layer 3

OS:Surface,
  {f9162ea6-5d8d-4c0c-aee5-4ddb80afdfe6}, !- Handle
  Wall5,                                  !- Name
  Wall,                                   !- Surface Type
  {ff96728d-5451-4d3b-8f49-fc0e5bd2fa15}, !- Construction Name
  {1a546e2e-8d60-4a4f-a952-7373f8b7f110}, !- Space Name
  Outdoors,                               !- Outside Boundary Condition
  ,                                       !- Outside Boundary Condition Object
  SunExposed,                             !- Sun Exposure
  WindExposed,                            !- Wind Exposure
  ,                                       !- View Factor to Ground
  ,                                       !- Number of Vertices
  -10.0727770664336, -8.44527627026354, 0, !- X,Y,Z Vertex 1 {m}
  -10.0727770664336, -8.44527627026354, 4.8768, !- X,Y,Z Vertex 2 {m}
  -10.6466154517205, -7.87143792327782, 4.8768, !- X,Y,Z Vertex 3 {m}
  -10.6466154517205, -7.87143792327782, 0; !- X,Y,Z Vertex 4 {m}

OS:AdditionalProperties,
  {a64b017c-72aa-444e-b073-2a7d775c32ce}, !- Handle
  {f9162ea6-5d8d-4c0c-aee5-4ddb80afdfe6}, !- Object Name
  Length,                                 !- Feature Name 1
  Double,                                 !- Feature Data Type 1
  2.6625000000000001,                     !- Feature Value 1
  Azimuth,                                !- Feature Name 2
  Integer,                                !- Feature Data Type 2
  225,                                    !- Feature Value 2
  Tilt,                                   !- Feature Name 3
  Double,                                 !- Feature Data Type 3
  90,                                     !- Feature Value 3
  SurfaceType,                            !- Feature Name 4
  String,                                 !- Feature Data Type 4
  Wall;                                   !- Feature Value 4

OS:Material,
  {972aeeba-7574-4cb9-a659-100ef3ea3f5a}, !- Handle
  wood siding,                            !- Name
  Rough,                                  !- Roughness
  0.0254,                                 !- Thickness {m}
  0.1024175,                              !- Conductivity {W/m-K}
  544.68,                                 !- Density {kg/m3}
  1172.36,                                !- Specific Heat {J/kg-K}
  0.9,                                    !- Thermal Absorptance
  0.7,                                    !- Solar Absorptance
  0.7;                                    !- Visible Absorptance

OS:Material,
  {29ff0b37-5dba-4e9b-9ca1-f9fa9692083b}, !- Handle
  wall stud and cavity,                   !- Name
  Rough,                                  !- Roughness
  0.1397,                                 !- Thickness {m}
  0.727959376833552,                      !- Conductivity {W/m-K}
  139.0536,                               !- Density {kg/m3}
  1170.23755760369,                       !- Specific Heat {J/kg-K}
  0.9,                                    !- Thermal Absorptance
  0.6,                                    !- Solar Absorptance
  0.6;                                    !- Visible Absorptance

OS:Construction,
  {ff96728d-5451-4d3b-8f49-fc0e5bd2fa15}, !- Handle
  Wall5 construction,                     !- Name
  ,                                       !- Surface Rendering Name
  {972aeeba-7574-4cb9-a659-100ef3ea3f5a}, !- Layer 1
  {aa6f0c42-2840-45dc-b8c7-54a0504b6004}, !- Layer 2
  {29ff0b37-5dba-4e9b-9ca1-f9fa9692083b}; !- Layer 3

OS:Surface,
  {f2a458b8-b29a-4060-8861-5644db677047}, !- Handle
  Wall6,                                  !- Name
  Wall,                                   !- Surface Type
  {c34f6d62-6484-4bb7-87cd-b1e7b1836f6f}, !- Construction Name
  {1a546e2e-8d60-4a4f-a952-7373f8b7f110}, !- Space Name
  Outdoors,                               !- Outside Boundary Condition
  ,                                       !- Outside Boundary Condition Object
  SunExposed,                             !- Sun Exposure
  WindExposed,                            !- Wind Exposure
  ,                                       !- View Factor to Ground
  ,                                       !- Number of Vertices
  10.0727772919077, 8.44527600133802, 0,  !- X,Y,Z Vertex 1 {m}
  10.0727772919077, 8.44527600133802, 4.8768, !- X,Y,Z Vertex 2 {m}
  10.6466156618741, 7.87143763903182, 4.8768, !- X,Y,Z Vertex 3 {m}
  10.6466156618741, 7.87143763903182, 0;  !- X,Y,Z Vertex 4 {m}

OS:AdditionalProperties,
  {5246d6e3-5a8b-44c1-a904-661879342e14}, !- Handle
  {f2a458b8-b29a-4060-8861-5644db677047}, !- Object Name
  Length,                                 !- Feature Name 1
  Double,                                 !- Feature Data Type 1
  2.6625000000000001,                     !- Feature Value 1
  Azimuth,                                !- Feature Name 2
  Integer,                                !- Feature Data Type 2
  45,                                     !- Feature Value 2
  Tilt,                                   !- Feature Name 3
  Double,                                 !- Feature Data Type 3
  90,                                     !- Feature Value 3
  SurfaceType,                            !- Feature Name 4
  String,                                 !- Feature Data Type 4
  Wall;                                   !- Feature Value 4

OS:Construction,
  {c34f6d62-6484-4bb7-87cd-b1e7b1836f6f}, !- Handle
  Wall6 construction,                     !- Name
  ,                                       !- Surface Rendering Name
  {972aeeba-7574-4cb9-a659-100ef3ea3f5a}, !- Layer 1
  {aa6f0c42-2840-45dc-b8c7-54a0504b6004}, !- Layer 2
  {29ff0b37-5dba-4e9b-9ca1-f9fa9692083b}; !- Layer 3

OS:Surface,
  {e880f785-eb26-4e4f-860c-ae997d4be0bc}, !- Handle
  Floor1,                                 !- Name
  RoofCeiling,                            !- Surface Type
  {084606b2-2307-4af0-915d-569bb491f682}, !- Construction Name
  {d42efddc-4609-4abe-98fa-02a11f0e8057}, !- Space Name
  Surface,                                !- Outside Boundary Condition
  {d36d7a2f-77f3-433a-9aa6-320b766835e7}, !- Outside Boundary Condition Object
  NoSun,                                  !- Sun Exposure
  NoWind,                                 !- Wind Exposure
  ,                                       !- View Factor to Ground
  ,                                       !- Number of Vertices
  3.564568329395e-08, -5.34052743462666, 4.8768, !- X,Y,Z Vertex 1 {m}
  5.34052743462666, 3.56456824057716e-08, 4.8768, !- X,Y,Z Vertex 2 {m}
  -3.564568329395e-08, 5.34052743462666, 4.8768, !- X,Y,Z Vertex 3 {m}
  -5.34052743462666, -3.56456824057716e-08, 4.8768; !- X,Y,Z Vertex 4 {m}

OS:AdditionalProperties,
  {665cf94b-7d4e-4af9-a699-2c6fa9ebcd9f}, !- Handle
  {e880f785-eb26-4e4f-860c-ae997d4be0bc}, !- Object Name
  SurfaceType,                            !- Feature Name 1
  String,                                 !- Feature Data Type 1
  Ceiling,                                !- Feature Value 1
  Tilt,                                   !- Feature Name 2
  Double,                                 !- Feature Data Type 2
  0;                                      !- Feature Value 2

OS:Surface,
  {d36d7a2f-77f3-433a-9aa6-320b766835e7}, !- Handle
  Surface 1 Reversed,                     !- Name
  Floor,                                  !- Surface Type
  {5baddcbd-8ab9-49a5-b268-5d061b2fc4b7}, !- Construction Name
  {1a546e2e-8d60-4a4f-a952-7373f8b7f110}, !- Space Name
  Surface,                                !- Outside Boundary Condition
  {e880f785-eb26-4e4f-860c-ae997d4be0bc}, !- Outside Boundary Condition Object
  NoSun,                                  !- Sun Exposure
  NoWind,                                 !- Wind Exposure
  ,                                       !- View Factor to Ground
  ,                                       !- Number of Vertices
  -5.34052743462666, -3.56456824057716e-08, 4.8768, !- X,Y,Z Vertex 1 {m}
  -3.564568329395e-08, 5.34052743462666, 4.8768, !- X,Y,Z Vertex 2 {m}
  5.34052743462666, 3.56456824057716e-08, 4.8768, !- X,Y,Z Vertex 3 {m}
  3.564568329395e-08, -5.34052743462666, 4.8768; !- X,Y,Z Vertex 4 {m}

OS:AdditionalProperties,
  {c4964a19-27b7-467a-9e98-887573e5cc14}, !- Handle
  {d36d7a2f-77f3-433a-9aa6-320b766835e7}, !- Object Name
  SurfaceType,                            !- Feature Name 1
  String,                                 !- Feature Data Type 1
  Ceiling;                                !- Feature Value 1

OS:Material,
  {3f295e3e-6f60-4648-b923-3ffe27cfe48a}, !- Handle
  ceiling loosefill ins,                  !- Name
  Rough,                                  !- Roughness
  0.169333333333333,                      !- Thickness {m}
  0.0480833333333333,                     !- Conductivity {W/m-K}
  16.02,                                  !- Density {kg/m3}
  1046.75,                                !- Specific Heat {J/kg-K}
  0.9,                                    !- Thermal Absorptance
  0.7,                                    !- Solar Absorptance
  0.7;                                    !- Visible Absorptance

OS:Material,
  {1e04fe17-7a95-42f8-b8f3-7cab67ea7842}, !- Handle
  ceiling stud and cavity,                !- Name
  Rough,                                  !- Roughness
  0.1397,                                 !- Thickness {m}
  0.0824711051224233,                     !- Conductivity {W/m-K}
  65.682,                                 !- Density {kg/m3}
  1177.46609756098,                       !- Specific Heat {J/kg-K}
  0.9,                                    !- Thermal Absorptance
  0.7,                                    !- Solar Absorptance
  0.7;                                    !- Visible Absorptance

OS:Construction,
  {084606b2-2307-4af0-915d-569bb491f682}, !- Handle
  Floor1 construction,                    !- Name
  ,                                       !- Surface Rendering Name
  {3f295e3e-6f60-4648-b923-3ffe27cfe48a}, !- Layer 1
  {1e04fe17-7a95-42f8-b8f3-7cab67ea7842}, !- Layer 2
  {7bd7ba3a-7385-422b-9498-c2970fd3dcde}; !- Layer 3

OS:Construction,
  {5baddcbd-8ab9-49a5-b268-5d061b2fc4b7}, !- Handle
  Floor1 construction Reversed,           !- Name
  ,                                       !- Surface Rendering Name
  {7bd7ba3a-7385-422b-9498-c2970fd3dcde}, !- Layer 1
  {1e04fe17-7a95-42f8-b8f3-7cab67ea7842}, !- Layer 2
  {3f295e3e-6f60-4648-b923-3ffe27cfe48a}; !- Layer 3

OS:Surface,
  {37d7e136-24b5-4aa8-8d78-cf37a35bc21f}, !- Handle
  Slab1,                                  !- Name
  Floor,                                  !- Surface Type
  {bd747e53-e15d-4702-b43e-9e5dc4d03f25}, !- Construction Name
  {d42efddc-4609-4abe-98fa-02a11f0e8057}, !- Space Name
  Foundation,                             !- Outside Boundary Condition
  {739f9d57-0ae8-4a7c-8c22-15a04edb17c8}, !- Outside Boundary Condition Object
  NoSun,                                  !- Sun Exposure
  NoWind,                                 !- Wind Exposure
  ,                                       !- View Factor to Ground
  ,                                       !- Number of Vertices
  -5.57135090810415, 1.58704676212364, 0, !- X,Y,Z Vertex 1 {m}
  -1.58704683649629, 5.57135088691846, 0, !- X,Y,Z Vertex 2 {m}
  5.57135090810415, -1.58704676212364, 0, !- X,Y,Z Vertex 3 {m}
  1.58704683649629, -5.57135088691846, 0; !- X,Y,Z Vertex 4 {m}

OS:AdditionalProperties,
  {48a37af0-3806-4a9a-bb48-fba9fca99049}, !- Handle
  {37d7e136-24b5-4aa8-8d78-cf37a35bc21f}, !- Object Name
  SurfaceType,                            !- Feature Name 1
  String,                                 !- Feature Data Type 1
  Slab;                                   !- Feature Value 1

OS:Foundation:Kiva,
  {739f9d57-0ae8-4a7c-8c22-15a04edb17c8}, !- Handle
  Foundation Kiva 1,                      !- Name
  23.8888888888889,                       !- Initial Indoor Air Temperature {C}
  ,                                       !- Interior Horizontal Insulation Material Name
  ,                                       !- Interior Horizontal Insulation Depth {m}
  ,                                       !- Interior Horizontal Insulation Width {m}
  ,                                       !- Interior Vertical Insulation Material Name
  ,                                       !- Interior Vertical Insulation Depth {m}
  ,                                       !- Exterior Horizontal Insulation Material Name
  ,                                       !- Exterior Horizontal Insulation Depth {m}
  ,                                       !- Exterior Horizontal Insulation Width {m}
  ,                                       !- Exterior Vertical Insulation Material Name
  ,                                       !- Exterior Vertical Insulation Depth {m}
  0.1016,                                 !- Wall Height Above Grade {m}
  0.2032,                                 !- Wall Depth Below Slab {m}
  ,                                       !- Footing Wall Construction Name
  ,                                       !- Footing Material Name
  ;                                       !- Footing Depth {m}

OS:Foundation:Kiva:Settings,
  {77106eda-a678-4f5d-b73b-ca35aba0e4a5}, !- Handle
  1.9041,                                 !- Soil Conductivity {W/m-K}
  1842.3,                                 !- Soil Density {kg/m3}
  418.7,                                  !- Soil Specific Heat {J/kg-K}
  0.9,                                    !- Ground Solar Absorptivity {dimensionless}
  0.9,                                    !- Ground Thermal Absorptivity {dimensionless}
  0.03,                                   !- Ground Surface Roughness {m}
  40,                                     !- Far-Field Width {m}
  ZeroFlux,                               !- Deep-Ground Boundary Condition
  40,                                     !- Deep-Ground Depth {m}
  0.2,                                    !- Minimum Cell Dimension {m}
  3,                                      !- Maximum Cell Growth Coefficient {dimensionless}
  Timestep;                               !- Simulation Timestep

OS:Material,
  {7c288ac4-1142-4e97-8c14-6d3801554853}, !- Handle
  concrete 4.0 in.,                       !- Name
  Rough,                                  !- Roughness
  0.1016,                                 !- Thickness {m}
  1.803125,                               !- Conductivity {W/m-K}
  2242.8,                                 !- Density {kg/m3}
  837.4,                                  !- Specific Heat {J/kg-K}
  0.9,                                    !- Thermal Absorptance
  0.7,                                    !- Solar Absorptance
  0.7;                                    !- Visible Absorptance

OS:Material,
  {e960b7fa-67cd-430e-b85f-50d41135cecc}, !- Handle
  floor covering,                         !- Name
  Rough,                                  !- Roughness
  0.0127,                                 !- Thickness {m}
  0.045078125,                            !- Conductivity {W/m-K}
  54.468,                                 !- Density {kg/m3}
  1339.84,                                !- Specific Heat {J/kg-K}
  0.9,                                    !- Thermal Absorptance
  0.9,                                    !- Solar Absorptance
  0.9;                                    !- Visible Absorptance

OS:Construction,
  {bd747e53-e15d-4702-b43e-9e5dc4d03f25}, !- Handle
  Slab1 construction,                     !- Name
  ,                                       !- Surface Rendering Name
  {7c288ac4-1142-4e97-8c14-6d3801554853}, !- Layer 1
  {e960b7fa-67cd-430e-b85f-50d41135cecc}; !- Layer 2

OS:SurfaceProperty:ExposedFoundationPerimeter,
  {cb891cd4-ffd1-4e44-a91c-b95b66afb381}, !- Handle
  {37d7e136-24b5-4aa8-8d78-cf37a35bc21f}, !- Surface Name
  TotalExposedPerimeter,                  !- Exposed Perimeter Calculation Method
  31.51632;                               !- Total Exposed Perimeter {m}

OS:Surface,
  {1fe96b75-0945-4735-89ec-e9cdeed6920b}, !- Handle
  surface Window1,                        !- Name
  Wall,                                   !- Surface Type
  {b760a49d-f5cd-456a-a5ef-38cc45c6a6d1}, !- Construction Name
  {d42efddc-4609-4abe-98fa-02a11f0e8057}, !- Space Name
  Outdoors,                               !- Outside Boundary Condition
  ,                                       !- Outside Boundary Condition Object
  SunExposed,                             !- Sun Exposure
  WindExposed,                            !- Wind Exposure
  ,                                       !- View Factor to Ground
  ,                                       !- Number of Vertices
  7.03883077624631, -11.4792226568371, -0.000558459929441146, !- X,Y,Z Vertex 1 {m}
  7.03883077624631, -11.4792226568371, 1.09783845992944, !- X,Y,Z Vertex 2 {m}
  4.64929291428305, -13.8687606144952, 1.09783845992944, !- X,Y,Z Vertex 3 {m}
  4.64929291428305, -13.8687606144952, -0.000558459929441146; !- X,Y,Z Vertex 4 {m}

OS:AdditionalProperties,
  {d9b9b116-5cce-43e8-87f0-ffa68fd8fd92}, !- Handle
  {1fe96b75-0945-4735-89ec-e9cdeed6920b}, !- Object Name
  Length,                                 !- Feature Name 1
  Double,                                 !- Feature Data Type 1
  11.083333333333334,                     !- Feature Value 1
  Azimuth,                                !- Feature Name 2
  Integer,                                !- Feature Data Type 2
  135,                                    !- Feature Value 2
  Tilt,                                   !- Feature Name 3
  Double,                                 !- Feature Data Type 3
  90,                                     !- Feature Value 3
  SurfaceType,                            !- Feature Name 4
  String,                                 !- Feature Data Type 4
  Window;                                 !- Feature Value 4

OS:SubSurface,
  {671185a4-5105-4635-ab8e-4235f32737a3}, !- Handle
  Window1,                                !- Name
  FixedWindow,                            !- Sub Surface Type
  {c2130239-c807-4f31-940d-68a68bd3274e}, !- Construction Name
  {1fe96b75-0945-4735-89ec-e9cdeed6920b}, !- Surface Name
  ,                                       !- Outside Boundary Condition Object
  ,                                       !- View Factor to Ground
  ,                                       !- Frame and Divider Name
  ,                                       !- Multiplier
  ,                                       !- Number of Vertices
  7.03843588545111, -11.4796175476482, 0, !- X,Y,Z Vertex 1 {m}
  7.03843588545111, -11.4796175476482, 1.09728, !- X,Y,Z Vertex 2 {m}
  4.64968780507827, -13.8683657236842, 1.09728, !- X,Y,Z Vertex 3 {m}
  4.64968780507827, -13.8683657236842, 0; !- X,Y,Z Vertex 4 {m}

OS:ShadingSurfaceGroup,
  {2cf22919-6b7f-4361-83f1-112b817df39d}, !- Handle
  Window1 Shading Surfaces,               !- Name
  Space,                                  !- Shading Surface Type
  {d42efddc-4609-4abe-98fa-02a11f0e8057}, !- Space Name
  ,                                       !- Direction of Relative North {deg}
  ,                                       !- X Origin {m}
  ,                                       !- Y Origin {m}
  ,                                       !- Z Origin {m}
  {671185a4-5105-4635-ab8e-4235f32737a3}; !- Shaded Object Name

OS:ShadingSurface,
  {688b8030-cd90-416a-9e2a-c04c09b42e38}, !- Handle
  Window1 overhangs,                      !- Name
  ,                                       !- Construction Name
  {2cf22919-6b7f-4361-83f1-112b817df39d}, !- Shading Surface Group Name
  ,                                       !- Transmittance Schedule Name
  ,                                       !- Number of Vertices
  8.97817116876141, -9.53988218665659, 3.84048, !- X,Y,Z Vertex 1 {m}
  2.70995252176798, -15.8081010846758, 3.84048, !- X,Y,Z Vertex 2 {m}
  3.14100482421056, -16.2391533698558, 3.84048, !- X,Y,Z Vertex 3 {m}
  9.40922347120401, -9.97093447183666, 3.84048; !- X,Y,Z Vertex 4 {m}

OS:WindowMaterial:SimpleGlazingSystem,
  {a9ab850d-6f65-4ba9-bb8c-267e3fce72b0}, !- Handle
  WindowMaterial,                         !- Name
  2.15764,                                !- U-Factor {W/m2-K}
  0.44;                                   !- Solar Heat Gain Coefficient

OS:Construction,
  {c2130239-c807-4f31-940d-68a68bd3274e}, !- Handle
  WindowConstruction,                     !- Name
  ,                                       !- Surface Rendering Name
  {a9ab850d-6f65-4ba9-bb8c-267e3fce72b0}; !- Layer 1

OS:Schedule:Ruleset,
  {3d0c837e-3084-4d80-8180-c82935b6ec62}, !- Handle
  trans schedule winter=0.85 summer=0.7,  !- Name
  {10ce4029-b4c2-42f8-998e-362f2b524706}, !- Schedule Type Limits Name
  {30128606-7b7b-43bb-a85e-d05b8c9b5225}; !- Default Day Schedule Name

OS:Schedule:Day,
  {30128606-7b7b-43bb-a85e-d05b8c9b5225}, !- Handle
  trans schedule winter=0.85 summer=0.7 default day, !- Name
  {10ce4029-b4c2-42f8-998e-362f2b524706}, !- Schedule Type Limits Name
  ,                                       !- Interpolate to Timestep
  24,                                     !- Hour 1
  0,                                      !- Minute 1
  0;                                      !- Value Until Time 1

OS:Schedule:Rule,
  {d431655c-79ae-41ef-ab0b-3ce1793bd75f}, !- Handle
  trans schedule winter=0.85 summer=0.7 allday ruleset1, !- Name
  {3d0c837e-3084-4d80-8180-c82935b6ec62}, !- Schedule Ruleset Name
  2,                                      !- Rule Order
  {4b5acc1f-b529-466f-b81a-9ff358836d3c}, !- Day Schedule Name
  Yes,                                    !- Apply Sunday
  Yes,                                    !- Apply Monday
  Yes,                                    !- Apply Tuesday
  Yes,                                    !- Apply Wednesday
  Yes,                                    !- Apply Thursday
  Yes,                                    !- Apply Friday
  Yes,                                    !- Apply Saturday
  DateRange,                              !- Date Specification Type
  1,                                      !- Start Month
  1,                                      !- Start Day
  2,                                      !- End Month
  28;                                     !- End Day

OS:Schedule:Day,
  {4b5acc1f-b529-466f-b81a-9ff358836d3c}, !- Handle
  trans schedule winter=0.85 summer=0.7 allday1, !- Name
  {10ce4029-b4c2-42f8-998e-362f2b524706}, !- Schedule Type Limits Name
  ,                                       !- Interpolate to Timestep
  24,                                     !- Hour 1
  0,                                      !- Minute 1
  0.85;                                   !- Value Until Time 1

OS:Schedule:Rule,
  {a3ef562f-d0a2-46c4-a147-eb123e551a92}, !- Handle
  trans schedule winter=0.85 summer=0.7 allday ruleset60, !- Name
  {3d0c837e-3084-4d80-8180-c82935b6ec62}, !- Schedule Ruleset Name
  1,                                      !- Rule Order
  {c64100c2-8dcf-4819-b0f8-0c7550bc4b2e}, !- Day Schedule Name
  Yes,                                    !- Apply Sunday
  Yes,                                    !- Apply Monday
  Yes,                                    !- Apply Tuesday
  Yes,                                    !- Apply Wednesday
  Yes,                                    !- Apply Thursday
  Yes,                                    !- Apply Friday
  Yes,                                    !- Apply Saturday
  DateRange,                              !- Date Specification Type
  3,                                      !- Start Month
  1,                                      !- Start Day
  11,                                     !- End Month
  30;                                     !- End Day

OS:Schedule:Day,
  {c64100c2-8dcf-4819-b0f8-0c7550bc4b2e}, !- Handle
  trans schedule winter=0.85 summer=0.7 allday60, !- Name
  {10ce4029-b4c2-42f8-998e-362f2b524706}, !- Schedule Type Limits Name
  ,                                       !- Interpolate to Timestep
  24,                                     !- Hour 1
  0,                                      !- Minute 1
  0.7;                                    !- Value Until Time 1

OS:Schedule:Rule,
  {60d64fd8-a5aa-4407-bd1e-e56530871ca5}, !- Handle
  trans schedule winter=0.85 summer=0.7 allday ruleset335, !- Name
  {3d0c837e-3084-4d80-8180-c82935b6ec62}, !- Schedule Ruleset Name
  0,                                      !- Rule Order
  {e0c5eab2-5809-43c6-a1b4-05d578eb9387}, !- Day Schedule Name
  Yes,                                    !- Apply Sunday
  Yes,                                    !- Apply Monday
  Yes,                                    !- Apply Tuesday
  Yes,                                    !- Apply Wednesday
  Yes,                                    !- Apply Thursday
  Yes,                                    !- Apply Friday
  Yes,                                    !- Apply Saturday
  DateRange,                              !- Date Specification Type
  12,                                     !- Start Month
  1,                                      !- Start Day
  12,                                     !- End Month
  31;                                     !- End Day

OS:Schedule:Day,
  {e0c5eab2-5809-43c6-a1b4-05d578eb9387}, !- Handle
  trans schedule winter=0.85 summer=0.7 allday335, !- Name
  {10ce4029-b4c2-42f8-998e-362f2b524706}, !- Schedule Type Limits Name
  ,                                       !- Interpolate to Timestep
  24,                                     !- Hour 1
  0,                                      !- Minute 1
  0.85;                                   !- Value Until Time 1

OS:ScheduleTypeLimits,
  {10ce4029-b4c2-42f8-998e-362f2b524706}, !- Handle
  Fractional,                             !- Name
  0,                                      !- Lower Limit Value
  1,                                      !- Upper Limit Value
  Continuous;                             !- Numeric Type

OS:SurfaceProperty:IncidentSolarMultiplier,
  {e033fed2-b60f-48f5-999a-90aead97707d}, !- Handle
  {671185a4-5105-4635-ab8e-4235f32737a3}, !- Surface Name
  1,                                      !- Incident Solar Multiplier {dimensionless}
  {3d0c837e-3084-4d80-8180-c82935b6ec62}; !- Incident Solar Multiplier Schedule Name

OS:Surface,
  {35bfccb4-1970-45cc-a9da-3feeb42283db}, !- Handle
  surface Window2,                        !- Name
  Wall,                                   !- Surface Type
  {b760a49d-f5cd-456a-a5ef-38cc45c6a6d1}, !- Construction Name
  {d42efddc-4609-4abe-98fa-02a11f0e8057}, !- Space Name
  Outdoors,                               !- Outside Boundary Condition
  ,                                       !- Outside Boundary Condition Object
  SunExposed,                             !- Sun Exposure
  WindExposed,                            !- Wind Exposure
  ,                                       !- View Factor to Ground
  ,                                       !- Number of Vertices
  10.0845024985765, -8.43355073122167, -0.000558459929441146, !- X,Y,Z Vertex 1 {m}
  10.0845024985765, -8.43355073122167, 1.09783845992944, !- X,Y,Z Vertex 2 {m}
  7.69496463661326, -10.8230886888797, 1.09783845992944, !- X,Y,Z Vertex 3 {m}
  7.69496463661326, -10.8230886888797, -0.000558459929441146; !- X,Y,Z Vertex 4 {m}

OS:AdditionalProperties,
  {f3b3b44a-4322-4e10-b539-8ce31b1384d1}, !- Handle
  {35bfccb4-1970-45cc-a9da-3feeb42283db}, !- Object Name
  Length,                                 !- Feature Name 1
  Double,                                 !- Feature Data Type 1
  11.083333333333334,                     !- Feature Value 1
  Azimuth,                                !- Feature Name 2
  Integer,                                !- Feature Data Type 2
  135,                                    !- Feature Value 2
  Tilt,                                   !- Feature Name 3
  Double,                                 !- Feature Data Type 3
  90,                                     !- Feature Value 3
  SurfaceType,                            !- Feature Name 4
  String,                                 !- Feature Data Type 4
  Window;                                 !- Feature Value 4

OS:SubSurface,
  {3a7f7bda-08ed-41b1-8e75-4edbae353f33}, !- Handle
  Window2,                                !- Name
  FixedWindow,                            !- Sub Surface Type
  {1bf93675-1539-4d65-984b-8c216c70e60f}, !- Construction Name
  {35bfccb4-1970-45cc-a9da-3feeb42283db}, !- Surface Name
  ,                                       !- Outside Boundary Condition Object
  ,                                       !- View Factor to Ground
  ,                                       !- Frame and Divider Name
  ,                                       !- Multiplier
  ,                                       !- Number of Vertices
  10.0841076077813, -8.43394562203271, 0, !- X,Y,Z Vertex 1 {m}
  10.0841076077813, -8.43394562203271, 1.09728, !- X,Y,Z Vertex 2 {m}
  7.69535952740848, -10.8226937980687, 1.09728, !- X,Y,Z Vertex 3 {m}
  7.69535952740848, -10.8226937980687, 0; !- X,Y,Z Vertex 4 {m}

OS:ShadingSurfaceGroup,
  {09da7d34-d57d-432e-a3a7-cd58ee11121a}, !- Handle
  Window2 Shading Surfaces,               !- Name
  Space,                                  !- Shading Surface Type
  {d42efddc-4609-4abe-98fa-02a11f0e8057}, !- Space Name
  ,                                       !- Direction of Relative North {deg}
  ,                                       !- X Origin {m}
  ,                                       !- Y Origin {m}
  ,                                       !- Z Origin {m}
  {3a7f7bda-08ed-41b1-8e75-4edbae353f33}; !- Shaded Object Name

OS:ShadingSurface,
  {095fa017-50a1-4742-93b8-bfc7ff7d3d55}, !- Handle
  Window2 overhangs,                      !- Name
  ,                                       !- Construction Name
  {09da7d34-d57d-432e-a3a7-cd58ee11121a}, !- Shading Surface Group Name
  ,                                       !- Transmittance Schedule Name
  ,                                       !- Number of Vertices
  10.2996337503713, -8.21841947081142, 1.40208, !- X,Y,Z Vertex 1 {m}
  7.47983338481845, -11.03821994929, 1.40208, !- X,Y,Z Vertex 2 {m}
  7.91088568726102, -11.46927223447, 1.40208, !- X,Y,Z Vertex 3 {m}
  10.7306860528139, -8.64947175599149, 1.40208; !- X,Y,Z Vertex 4 {m}

OS:Construction,
  {1bf93675-1539-4d65-984b-8c216c70e60f}, !- Handle
  WindowConstruction 1,                   !- Name
  ,                                       !- Surface Rendering Name
  {a9ab850d-6f65-4ba9-bb8c-267e3fce72b0}; !- Layer 1

OS:SurfaceProperty:IncidentSolarMultiplier,
  {0dfc2afd-ff7b-4525-b4a2-0b3e8d44d188}, !- Handle
  {3a7f7bda-08ed-41b1-8e75-4edbae353f33}, !- Surface Name
  1,                                      !- Incident Solar Multiplier {dimensionless}
  {3d0c837e-3084-4d80-8180-c82935b6ec62}; !- Incident Solar Multiplier Schedule Name

OS:Surface,
  {43eb91b8-340b-44c8-a2c0-8a07c6b925ba}, !- Handle
  surface Window3,                        !- Name
  Wall,                                   !- Surface Type
  {b760a49d-f5cd-456a-a5ef-38cc45c6a6d1}, !- Construction Name
  {d42efddc-4609-4abe-98fa-02a11f0e8057}, !- Space Name
  Outdoors,                               !- Outside Boundary Condition
  ,                                       !- Outside Boundary Condition Object
  SunExposed,                             !- Sun Exposure
  WindExposed,                            !- Wind Exposure
  ,                                       !- View Factor to Ground
  ,                                       !- Number of Vertices
  -17.2583256096393, -1.25972840766733, -0.000850162582382297, !- X,Y,Z Vertex 1 {m}
  -17.2583256096393, -1.25972840766733, 1.15909016258238, !- X,Y,Z Vertex 2 {m}
  -18.5186544003399, 0.000600298911876962, 1.15909016258238, !- X,Y,Z Vertex 3 {m}
  -18.5186544003399, 0.000600298911876962, -0.000850162582382297; !- X,Y,Z Vertex 4 {m}

OS:AdditionalProperties,
  {5c9052bd-f312-407e-8dff-f4a5cf502fd0}, !- Handle
  {43eb91b8-340b-44c8-a2c0-8a07c6b925ba}, !- Object Name
  Length,                                 !- Feature Name 1
  Double,                                 !- Feature Data Type 1
  5.8421052631578938,                     !- Feature Value 1
  Azimuth,                                !- Feature Name 2
  Integer,                                !- Feature Data Type 2
  225,                                    !- Feature Value 2
  Tilt,                                   !- Feature Name 3
  Double,                                 !- Feature Data Type 3
  90,                                     !- Feature Value 3
  SurfaceType,                            !- Feature Name 4
  String,                                 !- Feature Data Type 4
  Window;                                 !- Feature Value 4

OS:SubSurface,
  {84c73e56-3f36-429c-83a5-7273acbc95f3}, !- Handle
  Window3,                                !- Name
  FixedWindow,                            !- Sub Surface Type
  {c115c53c-3b16-468f-9944-8f6b0993431e}, !- Construction Name
  {43eb91b8-340b-44c8-a2c0-8a07c6b925ba}, !- Surface Name
  ,                                       !- Outside Boundary Condition Object
  ,                                       !- View Factor to Ground
  ,                                       !- Frame and Divider Name
  ,                                       !- Multiplier
  ,                                       !- Number of Vertices
  -17.2589267653865, -1.25912725196028, 0, !- X,Y,Z Vertex 1 {m}
  -17.2589267653865, -1.25912725196028, 1.15824, !- X,Y,Z Vertex 2 {m}
  -18.5180532445927, -8.56795173476144e-07, 1.15824, !- X,Y,Z Vertex 3 {m}
  -18.5180532445927, -8.56795173476144e-07, 0; !- X,Y,Z Vertex 4 {m}

OS:ShadingSurfaceGroup,
  {afd8755f-b006-46ec-bd3e-9d6bdb73d967}, !- Handle
  Window3 Shading Surfaces,               !- Name
  Space,                                  !- Shading Surface Type
  {d42efddc-4609-4abe-98fa-02a11f0e8057}, !- Space Name
  ,                                       !- Direction of Relative North {deg}
  ,                                       !- X Origin {m}
  ,                                       !- Y Origin {m}
  ,                                       !- Z Origin {m}
  {84c73e56-3f36-429c-83a5-7273acbc95f3}; !- Shaded Object Name

OS:ShadingSurface,
  {3d9d5aa6-9e7d-4a26-9057-edfebf5eed40}, !- Handle
  Window3 overhangs,                      !- Name
  ,                                       !- Construction Name
  {afd8755f-b006-46ec-bd3e-9d6bdb73d967}, !- Shading Surface Group Name
  ,                                       !- Transmittance Schedule Name
  ,                                       !- Number of Vertices
  -15.3191913785011, -3.19886250937684, 3.90144, !- X,Y,Z Vertex 1 {m}
  -20.4577886314781, 1.93973440062134, 3.90144, !- X,Y,Z Vertex 2 {m}
  -20.888840910904, 1.50868209242459, 3.90144, !- X,Y,Z Vertex 3 {m}
  -15.750243657927, -3.62991481757354, 3.90144; !- X,Y,Z Vertex 4 {m}

OS:Construction,
  {c115c53c-3b16-468f-9944-8f6b0993431e}, !- Handle
  WindowConstruction 2,                   !- Name
  ,                                       !- Surface Rendering Name
  {a9ab850d-6f65-4ba9-bb8c-267e3fce72b0}; !- Layer 1

OS:SurfaceProperty:IncidentSolarMultiplier,
  {6902ab2d-d9c7-4859-b2d2-05960f6d0397}, !- Handle
  {84c73e56-3f36-429c-83a5-7273acbc95f3}, !- Surface Name
  1,                                      !- Incident Solar Multiplier {dimensionless}
  {3d0c837e-3084-4d80-8180-c82935b6ec62}; !- Incident Solar Multiplier Schedule Name

OS:Surface,
  {7816171f-a1ba-4748-b2c5-e3b32027db74}, !- Handle
  surface Window4,                        !- Name
  Wall,                                   !- Surface Type
  {b760a49d-f5cd-456a-a5ef-38cc45c6a6d1}, !- Construction Name
  {d42efddc-4609-4abe-98fa-02a11f0e8057}, !- Space Name
  Outdoors,                               !- Outside Boundary Condition
  ,                                       !- Outside Boundary Condition Object
  SunExposed,                             !- Sun Exposure
  WindExposed,                            !- Wind Exposure
  ,                                       !- View Factor to Ground
  ,                                       !- Number of Vertices
  -15.3422753871636, -3.17577845109991, -0.000850162582382241, !- X,Y,Z Vertex 1 {m}
  -15.3422753871636, -3.17577845109991, 1.15909016258238, !- X,Y,Z Vertex 2 {m}
  -16.6026041778642, -1.9154497445207, 1.15909016258238, !- X,Y,Z Vertex 3 {m}
  -16.6026041778642, -1.9154497445207, -0.000850162582382241; !- X,Y,Z Vertex 4 {m}

OS:AdditionalProperties,
  {30221e13-64ea-4a0c-a00e-d19199bae907}, !- Handle
  {7816171f-a1ba-4748-b2c5-e3b32027db74}, !- Object Name
  Length,                                 !- Feature Name 1
  Double,                                 !- Feature Data Type 1
  5.8421052631578947,                     !- Feature Value 1
  Azimuth,                                !- Feature Name 2
  Integer,                                !- Feature Data Type 2
  225,                                    !- Feature Value 2
  Tilt,                                   !- Feature Name 3
  Double,                                 !- Feature Data Type 3
  90,                                     !- Feature Value 3
  SurfaceType,                            !- Feature Name 4
  String,                                 !- Feature Data Type 4
  Window;                                 !- Feature Value 4

OS:SubSurface,
  {96d9edcd-6bd4-4514-95db-83d0e4afcddd}, !- Handle
  Window4,                                !- Name
  FixedWindow,                            !- Sub Surface Type
  {b3a6d00d-f797-424e-a26f-55a236e86894}, !- Construction Name
  {7816171f-a1ba-4748-b2c5-e3b32027db74}, !- Surface Name
  ,                                       !- Outside Boundary Condition Object
  ,                                       !- View Factor to Ground
  ,                                       !- Frame and Divider Name
  ,                                       !- Multiplier
  ,                                       !- Number of Vertices
  -15.3428765429108, -3.17517729539286, 0, !- X,Y,Z Vertex 1 {m}
  -15.3428765429108, -3.17517729539286, 1.15824, !- X,Y,Z Vertex 2 {m}
  -16.602003022117, -1.91605090022775, 1.15824, !- X,Y,Z Vertex 3 {m}
  -16.602003022117, -1.91605090022775, 0; !- X,Y,Z Vertex 4 {m}

OS:ShadingSurfaceGroup,
  {41e53a71-68fc-4229-b7e0-3aaaeaf8cf06}, !- Handle
  Window4 Shading Surfaces,               !- Name
  Space,                                  !- Shading Surface Type
  {d42efddc-4609-4abe-98fa-02a11f0e8057}, !- Space Name
  ,                                       !- Direction of Relative North {deg}
  ,                                       !- X Origin {m}
  ,                                       !- Y Origin {m}
  ,                                       !- Z Origin {m}
  {96d9edcd-6bd4-4514-95db-83d0e4afcddd}; !- Shaded Object Name

OS:ShadingSurface,
  {b98938b4-f4d4-46f5-bc54-03a1596b1c8f}, !- Handle
  Window4 overhangs,                      !- Name
  ,                                       !- Construction Name
  {41e53a71-68fc-4229-b7e0-3aaaeaf8cf06}, !- Shading Surface Group Name
  ,                                       !- Transmittance Schedule Name
  ,                                       !- Number of Vertices
  -15.1273503888124, -3.39070343510582, 1.46304, !- X,Y,Z Vertex 1 {m}
  -16.8175291762154, -1.70052476051481, 1.46304, !- X,Y,Z Vertex 2 {m}
  -17.2485814556413, -2.13157706871155, 1.46304, !- X,Y,Z Vertex 3 {m}
  -15.5584026682383, -3.82175574330252, 1.46304; !- X,Y,Z Vertex 4 {m}

OS:Construction,
  {b3a6d00d-f797-424e-a26f-55a236e86894}, !- Handle
  WindowConstruction 3,                   !- Name
  ,                                       !- Surface Rendering Name
  {a9ab850d-6f65-4ba9-bb8c-267e3fce72b0}; !- Layer 1

OS:SurfaceProperty:IncidentSolarMultiplier,
  {15d405c8-50fb-4741-b7d3-e058f3685614}, !- Handle
  {96d9edcd-6bd4-4514-95db-83d0e4afcddd}, !- Surface Name
  1,                                      !- Incident Solar Multiplier {dimensionless}
  {3d0c837e-3084-4d80-8180-c82935b6ec62}; !- Incident Solar Multiplier Schedule Name

OS:Surface,
  {ebaf1ca3-02bf-47ab-94f6-359ac2691d4c}, !- Handle
  surface Window5,                        !- Name
  Wall,                                   !- Surface Type
  {b760a49d-f5cd-456a-a5ef-38cc45c6a6d1}, !- Construction Name
  {d42efddc-4609-4abe-98fa-02a11f0e8057}, !- Space Name
  Outdoors,                               !- Outside Boundary Condition
  ,                                       !- Outside Boundary Condition Object
  SunExposed,                             !- Sun Exposure
  WindExposed,                            !- Wind Exposure
  ,                                       !- View Factor to Ground
  ,                                       !- Number of Vertices
  -8.27479777680242, 10.243255625443, -0.000574569916758916, !- X,Y,Z Vertex 1 {m}
  -8.27479777680242, 10.243255625443, 1.06737456991676, !- X,Y,Z Vertex 2 {m}
  -5.95246082406817, 12.5655927951854, 1.06737456991676, !- X,Y,Z Vertex 3 {m}
  -5.95246082406817, 12.5655927951854, -0.000574569916758916; !- X,Y,Z Vertex 4 {m}

OS:AdditionalProperties,
  {ca5d1551-6cf6-43ae-8786-b6ab4e7db4e6}, !- Handle
  {ebaf1ca3-02bf-47ab-94f6-359ac2691d4c}, !- Object Name
  Length,                                 !- Feature Name 1
  Double,                                 !- Feature Data Type 1
  10.771428571428572,                     !- Feature Value 1
  Azimuth,                                !- Feature Name 2
  Integer,                                !- Feature Data Type 2
  315,                                    !- Feature Value 2
  Tilt,                                   !- Feature Name 3
  Double,                                 !- Feature Data Type 3
  90,                                     !- Feature Value 3
  SurfaceType,                            !- Feature Name 4
  String,                                 !- Feature Data Type 4
  Window;                                 !- Feature Value 4

OS:SubSurface,
  {c00e7d29-f1e6-4c4a-b3c1-7303be076288}, !- Handle
  Window5,                                !- Name
  FixedWindow,                            !- Sub Surface Type
  {dc282ecf-81c6-4968-89f2-53fb49350235}, !- Construction Name
  {ebaf1ca3-02bf-47ab-94f6-359ac2691d4c}, !- Surface Name
  ,                                       !- Outside Boundary Condition Object
  ,                                       !- View Factor to Ground
  ,                                       !- Frame and Divider Name
  ,                                       !- Multiplier
  ,                                       !- Number of Vertices
  -8.27439149453702, 10.2436619077464, 0, !- X,Y,Z Vertex 1 {m}
  -8.27439149453702, 10.2436619077464, 1.0668, !- X,Y,Z Vertex 2 {m}
  -5.95286710633359, 12.565186512882, 1.0668, !- X,Y,Z Vertex 3 {m}
  -5.95286710633359, 12.565186512882, 0;  !- X,Y,Z Vertex 4 {m}

OS:ShadingSurfaceGroup,
  {a0460ecc-83e1-45bf-b4d1-415045b9984c}, !- Handle
  Window5 Shading Surfaces,               !- Name
  Space,                                  !- Shading Surface Type
  {d42efddc-4609-4abe-98fa-02a11f0e8057}, !- Space Name
  ,                                       !- Direction of Relative North {deg}
  ,                                       !- X Origin {m}
  ,                                       !- Y Origin {m}
  ,                                       !- Z Origin {m}
  {c00e7d29-f1e6-4c4a-b3c1-7303be076288}; !- Shaded Object Name

OS:ShadingSurface,
  {934ebde4-0530-4f24-978d-a5020249bcc5}, !- Handle
  Window5 overhangs,                      !- Name
  ,                                       !- Construction Name
  {a0460ecc-83e1-45bf-b4d1-415045b9984c}, !- Shading Surface Group Name
  ,                                       !- Transmittance Schedule Name
  ,                                       !- Number of Vertices
  -10.2141267260597, 8.30392649496727, 3.81, !- X,Y,Z Vertex 1 {m}
  -4.01313187481084, 14.5049219256611, 3.81, !- X,Y,Z Vertex 2 {m}
  -4.44418418876176, 14.9359741993329, 3.81, !- X,Y,Z Vertex 3 {m}
  -10.6451790400107, 8.73497876863899, 3.81; !- X,Y,Z Vertex 4 {m}

OS:Construction,
  {dc282ecf-81c6-4968-89f2-53fb49350235}, !- Handle
  WindowConstruction 4,                   !- Name
  ,                                       !- Surface Rendering Name
  {a9ab850d-6f65-4ba9-bb8c-267e3fce72b0}; !- Layer 1

OS:SurfaceProperty:IncidentSolarMultiplier,
  {0dd53103-610a-4096-8756-0a794ee3e021}, !- Handle
  {c00e7d29-f1e6-4c4a-b3c1-7303be076288}, !- Surface Name
  1,                                      !- Incident Solar Multiplier {dimensionless}
  {3d0c837e-3084-4d80-8180-c82935b6ec62}; !- Incident Solar Multiplier Schedule Name

OS:Surface,
  {a46fb95f-feb5-4b34-bf6a-25a9989d9958}, !- Handle
  surface Window6,                        !- Name
  Wall,                                   !- Surface Type
  {b760a49d-f5cd-456a-a5ef-38cc45c6a6d1}, !- Construction Name
  {d42efddc-4609-4abe-98fa-02a11f0e8057}, !- Space Name
  Outdoors,                               !- Outside Boundary Condition
  ,                                       !- Outside Boundary Condition Object
  SunExposed,                             !- Sun Exposure
  WindExposed,                            !- Wind Exposure
  ,                                       !- View Factor to Ground
  ,                                       !- Number of Vertices
  -11.3840376041568, 7.13401542628359, -0.000543835608042331, !- X,Y,Z Vertex 1 {m}
  -11.3840376041568, 7.13401542628359, 1.12830383560804, !- X,Y,Z Vertex 2 {m}
  -8.93093056915158, 9.58712269051664, 1.12830383560804, !- X,Y,Z Vertex 3 {m}
  -8.93093056915158, 9.58712269051664, -0.000543835608042331; !- X,Y,Z Vertex 4 {m}

OS:AdditionalProperties,
  {1b93d901-f4f8-4f91-a035-d4e1853d42ad}, !- Handle
  {a46fb95f-feb5-4b34-bf6a-25a9989d9958}, !- Object Name
  Length,                                 !- Feature Name 1
  Double,                                 !- Feature Data Type 1
  11.378378378378379,                     !- Feature Value 1
  Azimuth,                                !- Feature Name 2
  Integer,                                !- Feature Data Type 2
  315,                                    !- Feature Value 2
  Tilt,                                   !- Feature Name 3
  Double,                                 !- Feature Data Type 3
  90,                                     !- Feature Value 3
  SurfaceType,                            !- Feature Name 4
  String,                                 !- Feature Data Type 4
  Window;                                 !- Feature Value 4

OS:SubSurface,
  {8b508874-dd99-4f44-8c9d-1a0cb920bf54}, !- Handle
  Window6,                                !- Name
  FixedWindow,                            !- Sub Surface Type
  {ac868900-0f26-4f90-bbe1-6cddc237e662}, !- Construction Name
  {a46fb95f-feb5-4b34-bf6a-25a9989d9958}, !- Surface Name
  ,                                       !- Outside Boundary Condition Object
  ,                                       !- View Factor to Ground
  ,                                       !- Frame and Divider Name
  ,                                       !- Multiplier
  ,                                       !- Number of Vertices
  -11.3836530543285, 7.13439997614786, 0, !- X,Y,Z Vertex 1 {m}
  -11.3836530543285, 7.13439997614786, 1.12776, !- X,Y,Z Vertex 2 {m}
  -8.93131511897991, 9.58673814065244, 1.12776, !- X,Y,Z Vertex 3 {m}
  -8.93131511897991, 9.58673814065244, 0; !- X,Y,Z Vertex 4 {m}

OS:ShadingSurfaceGroup,
  {8858828a-da59-430a-a2dc-d2c9a462ed63}, !- Handle
  Window6 Shading Surfaces,               !- Name
  Space,                                  !- Shading Surface Type
  {d42efddc-4609-4abe-98fa-02a11f0e8057}, !- Space Name
  ,                                       !- Direction of Relative North {deg}
  ,                                       !- X Origin {m}
  ,                                       !- Y Origin {m}
  ,                                       !- Z Origin {m}
  {8b508874-dd99-4f44-8c9d-1a0cb920bf54}; !- Shaded Object Name

OS:ShadingSurface,
  {7491d85e-008a-420e-b225-d1f52c1915b4}, !- Handle
  Window6 overhangs,                      !- Name
  ,                                       !- Construction Name
  {8858828a-da59-430a-a2dc-d2c9a462ed63}, !- Shading Surface Group Name
  ,                                       !- Transmittance Schedule Name
  ,                                       !- Number of Vertices
  -11.5991791911643, 6.9188738191724, 1.43256, !- X,Y,Z Vertex 1 {m}
  -8.71578898214405, 9.80226429762784, 1.43256, !- X,Y,Z Vertex 2 {m}
  -9.14684129609497, 10.2333165712995, 1.43256, !- X,Y,Z Vertex 3 {m}
  -12.0302315051153, 7.34992609284411, 1.43256; !- X,Y,Z Vertex 4 {m}

OS:Construction,
  {ac868900-0f26-4f90-bbe1-6cddc237e662}, !- Handle
  WindowConstruction 5,                   !- Name
  ,                                       !- Surface Rendering Name
  {a9ab850d-6f65-4ba9-bb8c-267e3fce72b0}; !- Layer 1

OS:SurfaceProperty:IncidentSolarMultiplier,
  {4316c242-a458-41c4-af6c-964d1d9769ea}, !- Handle
  {8b508874-dd99-4f44-8c9d-1a0cb920bf54}, !- Surface Name
  1,                                      !- Incident Solar Multiplier {dimensionless}
  {3d0c837e-3084-4d80-8180-c82935b6ec62}; !- Incident Solar Multiplier Schedule Name

OS:Surface,
  {919a0bd5-454a-4d14-95ee-758b798a1fd9}, !- Handle
  surface Window7,                        !- Name
  Wall,                                   !- Surface Type
  {b760a49d-f5cd-456a-a5ef-38cc45c6a6d1}, !- Construction Name
  {d42efddc-4609-4abe-98fa-02a11f0e8057}, !- Space Name
  Outdoors,                               !- Outside Boundary Condition
  ,                                       !- Outside Boundary Condition Object
  SunExposed,                             !- Sun Exposure
  WindExposed,                            !- Wind Exposure
  ,                                       !- View Factor to Ground
  ,                                       !- Number of Vertices
  17.2583256432718, 1.25972794690026, -0.000850162582382297, !- X,Y,Z Vertex 1 {m}
  17.2583256432718, 1.25972794690026, 1.15909016258238, !- X,Y,Z Vertex 2 {m}
  18.5186544003239, -0.000600793327523164, 1.15909016258238, !- X,Y,Z Vertex 3 {m}
  18.5186544003239, -0.000600793327523164, -0.000850162582382297; !- X,Y,Z Vertex 4 {m}

OS:AdditionalProperties,
  {6146c976-f39a-446e-a517-967df52a3361}, !- Handle
  {919a0bd5-454a-4d14-95ee-758b798a1fd9}, !- Object Name
  Length,                                 !- Feature Name 1
  Double,                                 !- Feature Data Type 1
  5.8421052631578938,                     !- Feature Value 1
  Azimuth,                                !- Feature Name 2
  Integer,                                !- Feature Data Type 2
  45,                                     !- Feature Value 2
  Tilt,                                   !- Feature Name 3
  Double,                                 !- Feature Data Type 3
  90,                                     !- Feature Value 3
  SurfaceType,                            !- Feature Name 4
  String,                                 !- Feature Data Type 4
  Window;                                 !- Feature Value 4

OS:SubSurface,
  {d1ca02d3-00ee-48a7-b1d3-9aa530147eed}, !- Handle
  Window7,                                !- Name
  FixedWindow,                            !- Sub Surface Type
  {3188c86c-e4bf-488f-841a-5ba891201a7c}, !- Construction Name
  {919a0bd5-454a-4d14-95ee-758b798a1fd9}, !- Surface Name
  ,                                       !- Outside Boundary Condition Object
  ,                                       !- View Factor to Ground
  ,                                       !- Frame and Divider Name
  ,                                       !- Multiplier
  ,                                       !- Number of Vertices
  17.2589267990029, 1.25912679117716, 0,  !- X,Y,Z Vertex 1 {m}
  17.2589267990029, 1.25912679117716, 1.15824, !- X,Y,Z Vertex 2 {m}
  18.5180532445928, 3.62395576658514e-07, 1.15824, !- X,Y,Z Vertex 3 {m}
  18.5180532445928, 3.62395576658514e-07, 0; !- X,Y,Z Vertex 4 {m}

OS:ShadingSurfaceGroup,
  {c2bef2f9-ade1-4e67-8181-5e195e907589}, !- Handle
  Window7 Shading Surfaces,               !- Name
  Space,                                  !- Shading Surface Type
  {d42efddc-4609-4abe-98fa-02a11f0e8057}, !- Space Name
  ,                                       !- Direction of Relative North {deg}
  ,                                       !- X Origin {m}
  ,                                       !- Y Origin {m}
  ,                                       !- Z Origin {m}
  {d1ca02d3-00ee-48a7-b1d3-9aa530147eed}; !- Shaded Object Name

OS:ShadingSurface,
  {862e40c3-e2c5-443d-853e-eb4ef0afe3e8}, !- Handle
  Window7 overhangs,                      !- Name
  ,                                       !- Construction Name
  {c2bef2f9-ade1-4e67-8181-5e195e907589}, !- Shading Surface Group Name
  ,                                       !- Transmittance Schedule Name
  ,                                       !- Number of Vertices
  15.3191914639051, 3.19886210038118, 3.90144, !- X,Y,Z Vertex 1 {m}
  20.4577885796906, -1.93973494680847, 3.90144, !- X,Y,Z Vertex 2 {m}
  20.8888408706249, -1.50868265012007, 3.90144, !- X,Y,Z Vertex 3 {m}
  15.7502437548394, 3.62991439706958, 3.90144; !- X,Y,Z Vertex 4 {m}

OS:Construction,
  {3188c86c-e4bf-488f-841a-5ba891201a7c}, !- Handle
  WindowConstruction 6,                   !- Name
  ,                                       !- Surface Rendering Name
  {a9ab850d-6f65-4ba9-bb8c-267e3fce72b0}; !- Layer 1

OS:SurfaceProperty:IncidentSolarMultiplier,
  {fdee8e11-4ae1-47e8-8810-381e2e0c8c94}, !- Handle
  {d1ca02d3-00ee-48a7-b1d3-9aa530147eed}, !- Surface Name
  1,                                      !- Incident Solar Multiplier {dimensionless}
  {3d0c837e-3084-4d80-8180-c82935b6ec62}; !- Incident Solar Multiplier Schedule Name

OS:Surface,
  {197896b4-8505-4b06-b987-676040527db1}, !- Handle
  surface Window8,                        !- Name
  Wall,                                   !- Surface Type
  {b760a49d-f5cd-456a-a5ef-38cc45c6a6d1}, !- Construction Name
  {d42efddc-4609-4abe-98fa-02a11f0e8057}, !- Space Name
  Outdoors,                               !- Outside Boundary Condition
  ,                                       !- Outside Boundary Condition Object
  SunExposed,                             !- Sun Exposure
  WindExposed,                            !- Wind Exposure
  ,                                       !- View Factor to Ground
  ,                                       !- Number of Vertices
  15.3422754719513, 3.17577804148801, -0.000850162582382241, !- X,Y,Z Vertex 1 {m}
  15.3422754719513, 3.17577804148801, 1.15909016258238, !- X,Y,Z Vertex 2 {m}
  16.6026042290034, 1.91544930126024, 1.15909016258238, !- X,Y,Z Vertex 3 {m}
  16.6026042290034, 1.91544930126024, -0.000850162582382241; !- X,Y,Z Vertex 4 {m}

OS:AdditionalProperties,
  {ac95828a-567d-4dff-8518-be381a8edbc7}, !- Handle
  {197896b4-8505-4b06-b987-676040527db1}, !- Object Name
  Length,                                 !- Feature Name 1
  Double,                                 !- Feature Data Type 1
  5.8421052631578947,                     !- Feature Value 1
  Azimuth,                                !- Feature Name 2
  Integer,                                !- Feature Data Type 2
  45,                                     !- Feature Value 2
  Tilt,                                   !- Feature Name 3
  Double,                                 !- Feature Data Type 3
  90,                                     !- Feature Value 3
  SurfaceType,                            !- Feature Name 4
  String,                                 !- Feature Data Type 4
  Window;                                 !- Feature Value 4

OS:SubSurface,
  {12276e06-1d10-47ad-84e1-0edbecbe09e7}, !- Handle
  Window8,                                !- Name
  FixedWindow,                            !- Sub Surface Type
  {eb09649b-c2c2-4aa3-a226-6c040a2c993d}, !- Construction Name
  {197896b4-8505-4b06-b987-676040527db1}, !- Surface Name
  ,                                       !- Outside Boundary Condition Object
  ,                                       !- View Factor to Ground
  ,                                       !- Frame and Divider Name
  ,                                       !- Multiplier
  ,                                       !- Number of Vertices
  15.3428766276824, 3.17517688576491, 0,  !- X,Y,Z Vertex 1 {m}
  15.3428766276824, 3.17517688576491, 1.15824, !- X,Y,Z Vertex 2 {m}
  16.6020030732722, 1.91605045698333, 1.15824, !- X,Y,Z Vertex 3 {m}
  16.6020030732722, 1.91605045698333, 0;  !- X,Y,Z Vertex 4 {m}

OS:ShadingSurfaceGroup,
  {5e03b28d-c79c-4800-8f53-6e5ecd99bc54}, !- Handle
  Window8 Shading Surfaces,               !- Name
  Space,                                  !- Shading Surface Type
  {d42efddc-4609-4abe-98fa-02a11f0e8057}, !- Space Name
  ,                                       !- Direction of Relative North {deg}
  ,                                       !- X Origin {m}
  ,                                       !- Y Origin {m}
  ,                                       !- Z Origin {m}
  {12276e06-1d10-47ad-84e1-0edbecbe09e7}; !- Shaded Object Name

OS:ShadingSurface,
  {3379120b-4259-4e01-ae64-f691994bd479}, !- Handle
  Window8 overhangs,                      !- Name
  ,                                       !- Construction Name
  {5e03b28d-c79c-4800-8f53-6e5ecd99bc54}, !- Shading Surface Group Name
  ,                                       !- Transmittance Schedule Name
  ,                                       !- Number of Vertices
  15.1273504793382, 3.39070303123203, 1.46304, !- X,Y,Z Vertex 1 {m}
  16.8175292216164, 1.70052431151622, 1.46304, !- X,Y,Z Vertex 2 {m}
  17.2485815125506, 2.13157660820463, 1.46304, !- X,Y,Z Vertex 3 {m}
  15.5584027702724, 3.82175532792044, 1.46304; !- X,Y,Z Vertex 4 {m}

OS:Construction,
  {eb09649b-c2c2-4aa3-a226-6c040a2c993d}, !- Handle
  WindowConstruction 7,                   !- Name
  ,                                       !- Surface Rendering Name
  {a9ab850d-6f65-4ba9-bb8c-267e3fce72b0}; !- Layer 1

OS:SurfaceProperty:IncidentSolarMultiplier,
  {9d9a302b-c8e8-4b66-8f60-fd3d40e8c9d5}, !- Handle
  {12276e06-1d10-47ad-84e1-0edbecbe09e7}, !- Surface Name
  1,                                      !- Incident Solar Multiplier {dimensionless}
  {3d0c837e-3084-4d80-8180-c82935b6ec62}; !- Incident Solar Multiplier Schedule Name

OS:Material,
  {2cd14f21-44b3-44e6-8ce3-1bf262dcc5dc}, !- Handle
  wood siding 1,                          !- Name
  Rough,                                  !- Roughness
  0.0254,                                 !- Thickness {m}
  0.1024175,                              !- Conductivity {W/m-K}
  544.68,                                 !- Density {kg/m3}
  1172.36;                                !- Specific Heat {J/kg-K}

OS:Material,
  {32fda915-fe45-42b0-969c-7582abc82bd2}, !- Handle
  wall rigid ins,                         !- Name
  Rough,                                  !- Roughness
  0.5129784,                              !- Thickness {m}
  0.029427,                               !- Conductivity {W/m-K}
  32.04,                                  !- Density {kg/m3}
  1214.23,                                !- Specific Heat {J/kg-K}
  0.9,                                    !- Thermal Absorptance
  0.7,                                    !- Solar Absorptance
  0.7;                                    !- Visible Absorptance

OS:Material,
  {363e9998-04f0-469a-8764-a03e8d1dd4c9}, !- Handle
  wall stud and cavity 1,                 !- Name
  Rough,                                  !- Roughness
  0.0889,                                 !- Thickness {m}
  0.380278417457636,                      !- Conductivity {W/m-K}
  52.34794524,                            !- Density {kg/m3}
  1209.88641434781,                       !- Specific Heat {J/kg-K}
  0.9,                                    !- Thermal Absorptance
  0.7,                                    !- Solar Absorptance
  0.7;                                    !- Visible Absorptance

OS:Construction,
  {b760a49d-f5cd-456a-a5ef-38cc45c6a6d1}, !- Handle
  AdiabaticWallConstruction,              !- Name
  ,                                       !- Surface Rendering Name
  {2cd14f21-44b3-44e6-8ce3-1bf262dcc5dc}, !- Layer 1
  {32fda915-fe45-42b0-969c-7582abc82bd2}, !- Layer 2
  {363e9998-04f0-469a-8764-a03e8d1dd4c9}, !- Layer 3
  {7bd7ba3a-7385-422b-9498-c2970fd3dcde}; !- Layer 4

OS:Surface,
  {2bf57911-2af4-42b6-a62e-e70b3af63364}, !- Handle
  surface Door1,                          !- Name
  Wall,                                   !- Surface Type
  {7ef43343-fb7e-4bb3-b832-12a6fb0d2ebf}, !- Construction Name
  {d42efddc-4609-4abe-98fa-02a11f0e8057}, !- Space Name
  Outdoors,                               !- Outside Boundary Condition
  ,                                       !- Outside Boundary Condition Object
  SunExposed,                             !- Sun Exposure
  WindExposed,                            !- Wind Exposure
  ,                                       !- View Factor to Ground
  ,                                       !- Number of Vertices
  -5.29654298623913, 13.221510751462, -0.000847844267953146, !- X,Y,Z Vertex 1 {m}
  -5.29654298623913, 13.221510751462, 2.03386384426795, !- X,Y,Z Vertex 2 {m}
  -4.64908867056649, 13.8689651276352, 2.03386384426795, !- X,Y,Z Vertex 3 {m}
  -4.64908867056649, 13.8689651276352, -0.000847844267953146; !- X,Y,Z Vertex 4 {m}

OS:AdditionalProperties,
  {6f67c67c-e7a8-40ae-b411-2fba7817976a}, !- Handle
  {2bf57911-2af4-42b6-a62e-e70b3af63364}, !- Object Name
  Length,                                 !- Feature Name 1
  Double,                                 !- Feature Data Type 1
  2.9985007496251876,                     !- Feature Value 1
  Azimuth,                                !- Feature Name 2
  Integer,                                !- Feature Data Type 2
  315,                                    !- Feature Value 2
  Tilt,                                   !- Feature Name 3
  Double,                                 !- Feature Data Type 3
  90,                                     !- Feature Value 3
  SurfaceType,                            !- Feature Name 4
  String,                                 !- Feature Data Type 4
  Door;                                   !- Feature Value 4

OS:SubSurface,
  {5c13b913-4e4a-4301-aa01-e3177dce01ee}, !- Handle
  Door1,                                  !- Name
  Door,                                   !- Sub Surface Type
  {88ab3c0c-2418-428f-9b19-de957434de71}, !- Construction Name
  {2bf57911-2af4-42b6-a62e-e70b3af63364}, !- Surface Name
  ,                                       !- Outside Boundary Condition Object
  ,                                       !- View Factor to Ground
  ,                                       !- Frame and Divider Name
  ,                                       !- Multiplier
  ,                                       !- Number of Vertices
  -5.29594346983588, 13.2221102679212, 0, !- X,Y,Z Vertex 1 {m}
  -5.29594346983588, 13.2221102679212, 2.033016, !- X,Y,Z Vertex 2 {m}
  -4.64968818696974, 13.868365611176, 2.033016, !- X,Y,Z Vertex 3 {m}
  -4.64968818696974, 13.868365611176, 0;  !- X,Y,Z Vertex 4 {m}

OS:Material,
  {1c44f3ae-1428-4b6c-8019-d05347d4a550}, !- Handle
  door material,                          !- Name
  Rough,                                  !- Roughness
  0.04445,                                !- Thickness {m}
  0.0612266553480475,                     !- Conductivity {W/m-K}
  512.64,                                 !- Density {kg/m3}
  1214.23,                                !- Specific Heat {J/kg-K}
  0.9,                                    !- Thermal Absorptance
  0.7,                                    !- Solar Absorptance
  0.7;                                    !- Visible Absorptance

OS:Construction,
  {88ab3c0c-2418-428f-9b19-de957434de71}, !- Handle
  Door,                                   !- Name
  ,                                       !- Surface Rendering Name
  {1c44f3ae-1428-4b6c-8019-d05347d4a550}; !- Layer 1

OS:Material,
  {98ddbca7-b3ca-415f-b807-7c7285945dd1}, !- Handle
  wood siding 2,                          !- Name
  Rough,                                  !- Roughness
  0.0254,                                 !- Thickness {m}
  0.1024175,                              !- Conductivity {W/m-K}
  544.68,                                 !- Density {kg/m3}
  1172.36;                                !- Specific Heat {J/kg-K}

OS:Construction,
  {7ef43343-fb7e-4bb3-b832-12a6fb0d2ebf}, !- Handle
  AdiabaticWallConstruction 1,            !- Name
  ,                                       !- Surface Rendering Name
  {98ddbca7-b3ca-415f-b807-7c7285945dd1}, !- Layer 1
  {32fda915-fe45-42b0-969c-7582abc82bd2}, !- Layer 2
  {363e9998-04f0-469a-8764-a03e8d1dd4c9}, !- Layer 3
  {7bd7ba3a-7385-422b-9498-c2970fd3dcde}; !- Layer 4

OS:Surface,
  {8946a38c-52b9-4540-b191-23d9907bad84}, !- Handle
  inferred conditioned floor,             !- Name
  Floor,                                  !- Surface Type
  {756bdf55-f3f6-4bc1-8c20-9afe7b21f76e}, !- Construction Name
  {d42efddc-4609-4abe-98fa-02a11f0e8057}, !- Space Name
  Adiabatic,                              !- Outside Boundary Condition
  ,                                       !- Outside Boundary Condition Object
  NoSun,                                  !- Sun Exposure
  NoWind,                                 !- Wind Exposure
  ,                                       !- View Factor to Ground
  ,                                       !- Number of Vertices
  -5.34052743462666, -3.56456824057716e-08, 2.4384, !- X,Y,Z Vertex 1 {m}
  -3.564568329395e-08, 5.34052743462666, 2.4384, !- X,Y,Z Vertex 2 {m}
  5.34052743462666, 3.56456824057716e-08, 2.4384, !- X,Y,Z Vertex 3 {m}
  3.564568329395e-08, -5.34052743462666, 2.4384; !- X,Y,Z Vertex 4 {m}

OS:AdditionalProperties,
  {3c2845fd-1964-4795-b36b-83d307bef14c}, !- Handle
  {8946a38c-52b9-4540-b191-23d9907bad84}, !- Object Name
  SurfaceType,                            !- Feature Name 1
  String,                                 !- Feature Data Type 1
  InferredFloor,                          !- Feature Value 1
  Tilt,                                   !- Feature Name 2
  Double,                                 !- Feature Data Type 2
  0;                                      !- Feature Value 2

OS:Surface,
  {b16f931d-9192-451e-a770-a19c236849c5}, !- Handle
  inferred conditioned ceiling,           !- Name
  RoofCeiling,                            !- Surface Type
  {756bdf55-f3f6-4bc1-8c20-9afe7b21f76e}, !- Construction Name
  {d42efddc-4609-4abe-98fa-02a11f0e8057}, !- Space Name
  Adiabatic,                              !- Outside Boundary Condition
  ,                                       !- Outside Boundary Condition Object
  NoSun,                                  !- Sun Exposure
  NoWind,                                 !- Wind Exposure
  ,                                       !- View Factor to Ground
  ,                                       !- Number of Vertices
  3.564568329395e-08, -5.34052743462666, 2.4384, !- X,Y,Z Vertex 1 {m}
  5.34052743462666, 3.56456824057716e-08, 2.4384, !- X,Y,Z Vertex 2 {m}
  -3.564568329395e-08, 5.34052743462666, 2.4384, !- X,Y,Z Vertex 3 {m}
  -5.34052743462666, -3.56456824057716e-08, 2.4384; !- X,Y,Z Vertex 4 {m}

OS:AdditionalProperties,
  {2f3d55b2-43be-496d-ae6a-d0e36d15a033}, !- Handle
  {b16f931d-9192-451e-a770-a19c236849c5}, !- Object Name
  SurfaceType,                            !- Feature Name 1
  String,                                 !- Feature Data Type 1
  InferredCeiling,                        !- Feature Value 1
  Tilt,                                   !- Feature Name 2
  Double,                                 !- Feature Data Type 2
  0;                                      !- Feature Value 2

OS:Material,
  {f49b156c-ff61-4bce-bcab-8245ac15fa77}, !- Handle
  floor stud and cavity,                  !- Name
  Rough,                                  !- Roughness
  0.1397,                                 !- Thickness {m}
  1.75129287332205,                       !- Conductivity {W/m-K}
  37.004876748,                           !- Density {kg/m3}
  1207.88064650997,                       !- Specific Heat {J/kg-K}
  0.9,                                    !- Thermal Absorptance
  0.7,                                    !- Solar Absorptance
  0.7;                                    !- Visible Absorptance

OS:Material,
  {78475e1a-394d-49a3-ab6b-1cb28b6b49fd}, !- Handle
  floor rigid ins,                        !- Name
  Rough,                                  !- Roughness
  0.5129784,                              !- Thickness {m}
  0.029427,                               !- Conductivity {W/m-K}
  32.04,                                  !- Density {kg/m3}
  1214.23,                                !- Specific Heat {J/kg-K}
  0.9,                                    !- Thermal Absorptance
  0.7,                                    !- Solar Absorptance
  0.7;                                    !- Visible Absorptance

OS:Material,
  {537b389b-a81d-41e9-8ffa-a18bd0422320}, !- Handle
  osb sheathing 0.75 in.,                 !- Name
  Rough,                                  !- Roughness
  0.01905,                                !- Thickness {m}
  0.1154577,                              !- Conductivity {W/m-K}
  512.64,                                 !- Density {kg/m3}
  1214.23,                                !- Specific Heat {J/kg-K}
  0.9,                                    !- Thermal Absorptance
  0.7,                                    !- Solar Absorptance
  0.7;                                    !- Visible Absorptance

OS:Material,
  {ac48c40b-3863-4f57-8e2b-0d21a1b1436b}, !- Handle
  floor covering 1,                       !- Name
  Rough,                                  !- Roughness
  0.0127,                                 !- Thickness {m}
  0.0433443509615385,                     !- Conductivity {W/m-K}
  54.468,                                 !- Density {kg/m3}
  1339.84,                                !- Specific Heat {J/kg-K}
  0.9,                                    !- Thermal Absorptance
  0.6,                                    !- Solar Absorptance
  0.6;                                    !- Visible Absorptance

OS:Construction,
  {756bdf55-f3f6-4bc1-8c20-9afe7b21f76e}, !- Handle
  AdiabaticFloorConstruction,             !- Name
  ,                                       !- Surface Rendering Name
  {f49b156c-ff61-4bce-bcab-8245ac15fa77}, !- Layer 1
  {78475e1a-394d-49a3-ab6b-1cb28b6b49fd}, !- Layer 2
  {537b389b-a81d-41e9-8ffa-a18bd0422320}, !- Layer 3
  {ac48c40b-3863-4f57-8e2b-0d21a1b1436b}; !- Layer 4

OS:InternalMass:Definition,
  {638999ca-ccbf-4cc0-bc23-b4b6b8a6286a}, !- Handle
  partition wall mass,                    !- Name
  {191e5682-2b05-49e2-97d6-eb2000041317}, !- Construction Name
  SurfaceArea,                            !- Design Level Calculation Method
  114.08493312,                           !- Surface Area {m2}
  ,                                       !- Surface Area per Space Floor Area {dimensionless}
  ;                                       !- Surface Area per Person {m2/person}

OS:InternalMass,
  {fe39ed38-0617-4bc6-99e6-32543591ca2b}, !- Handle
  partition wall mass,                    !- Name
  {638999ca-ccbf-4cc0-bc23-b4b6b8a6286a}, !- Internal Mass Definition Name
  {d42efddc-4609-4abe-98fa-02a11f0e8057}, !- Space or SpaceType Name
  1;                                      !- Multiplier

OS:Material,
  {59977431-fe4b-4643-b0d4-3501422ab9e5}, !- Handle
  wall stud and cavity 2,                 !- Name
  Rough,                                  !- Roughness
  0.0889,                                 !- Thickness {m}
  0.391763531157105,                      !- Conductivity {W/m-K}
  83.034082224,                           !- Density {kg/m3}
  1211.67419087611,                       !- Specific Heat {J/kg-K}
  0.9,                                    !- Thermal Absorptance
  0.7,                                    !- Solar Absorptance
  0.7;                                    !- Visible Absorptance

OS:Construction,
  {191e5682-2b05-49e2-97d6-eb2000041317}, !- Handle
  PartitionWallConstruction,              !- Name
  ,                                       !- Surface Rendering Name
  {7bd7ba3a-7385-422b-9498-c2970fd3dcde}, !- Layer 1
  {59977431-fe4b-4643-b0d4-3501422ab9e5}, !- Layer 2
  {7bd7ba3a-7385-422b-9498-c2970fd3dcde}; !- Layer 3

OS:InternalMass:Definition,
  {7c692286-4fe9-475e-a762-3a0605d36741}, !- Handle
  furniture mass conditioned space 1,     !- Name
  {9103a526-5f80-4b51-86a0-a4b3a649553a}, !- Construction Name
  SurfaceArea,                            !- Design Level Calculation Method
  45.633973248,                           !- Surface Area {m2}
  ,                                       !- Surface Area per Space Floor Area {dimensionless}
  ;                                       !- Surface Area per Person {m2/person}

OS:InternalMass,
  {abc85a3d-adb0-4dec-b87b-9a1273807883}, !- Handle
  furniture mass conditioned space 1,     !- Name
  {7c692286-4fe9-475e-a762-3a0605d36741}, !- Internal Mass Definition Name
  {d42efddc-4609-4abe-98fa-02a11f0e8057}, !- Space or SpaceType Name
  1;                                      !- Multiplier

OS:Material,
  {144ae4fb-cd31-42ce-8996-0472d7864893}, !- Handle
  furniture material conditioned space 1, !- Name
  Rough,                                  !- Roughness
  0.1524,                                 !- Thickness {m}
  0.1154577,                              !- Conductivity {W/m-K}
  640.8,                                  !- Density {kg/m3}
  1214.23,                                !- Specific Heat {J/kg-K}
  0.9,                                    !- Thermal Absorptance
  0.6,                                    !- Solar Absorptance
  0.6;                                    !- Visible Absorptance

OS:Construction,
  {9103a526-5f80-4b51-86a0-a4b3a649553a}, !- Handle
  furniture construction conditioned space 1, !- Name
  ,                                       !- Surface Rendering Name
  {144ae4fb-cd31-42ce-8996-0472d7864893}; !- Layer 1

OS:ShadingSurface,
  {7946a54a-0b65-47c8-ade5-68f6db83ffe0}, !- Handle
  Neighbor azimuth 45 distance 15.0,      !- Name
  ,                                       !- Construction Name
  {9c20a2b0-b0d0-42fe-9062-c848a9f120c1}, !- Shading Surface Group Name
  ,                                       !- Transmittance Schedule Name
  ,                                       !- Number of Vertices
  3.23289218200676, 21.75094535456, 0,    !- X,Y,Z Vertex 1 {m}
  3.23289218200676, 21.75094535456, 4.8768, !- X,Y,Z Vertex 2 {m}
  21.7509453114037, 3.23289247236284, 4.8768, !- X,Y,Z Vertex 3 {m}
  21.7509453114037, 3.23289247236284, 0;  !- X,Y,Z Vertex 4 {m}

OS:AdditionalProperties,
  {b1ad05a2-208f-4499-a2f4-555a3063962f}, !- Handle
  {7946a54a-0b65-47c8-ade5-68f6db83ffe0}, !- Object Name
  Azimuth,                                !- Feature Name 1
  Integer,                                !- Feature Data Type 1
  45,                                     !- Feature Value 1
  Distance,                               !- Feature Name 2
  Double,                                 !- Feature Data Type 2
  15;                                     !- Feature Value 2

OS:ShadingSurface,
  {4021ea54-7510-4d4a-8ef5-285d6fdf5acc}, !- Handle
  Neighbor azimuth 225 distance 15.0,     !- Name
  ,                                       !- Construction Name
  {9c20a2b0-b0d0-42fe-9062-c848a9f120c1}, !- Shading Surface Group Name
  ,                                       !- Transmittance Schedule Name
  ,                                       !- Number of Vertices
  -3.2328916012946, -21.7509454408726, 0, !- X,Y,Z Vertex 1 {m}
  -3.2328916012946, -21.7509454408726, 4.8768, !- X,Y,Z Vertex 2 {m}
  -21.7509452250912, -3.23289305307499, 4.8768, !- X,Y,Z Vertex 3 {m}
  -21.7509452250912, -3.23289305307499, 0; !- X,Y,Z Vertex 4 {m}

OS:AdditionalProperties,
  {68ab044a-00e9-474c-a8eb-fcf559bf8cd5}, !- Handle
  {4021ea54-7510-4d4a-8ef5-285d6fdf5acc}, !- Object Name
  Azimuth,                                !- Feature Name 1
  Integer,                                !- Feature Data Type 1
  225,                                    !- Feature Value 1
  Distance,                               !- Feature Name 2
  Double,                                 !- Feature Data Type 2
  15;                                     !- Feature Value 2

OS:ShadingSurfaceGroup,
  {9c20a2b0-b0d0-42fe-9062-c848a9f120c1}, !- Handle
  neighbors,                              !- Name
  Building;                               !- Shading Surface Type

OS:Schedule:File,
  {71d25672-dc8d-49e5-a755-3ae16d47b0ee}, !- Handle
  occupants,                              !- Name
  {10ce4029-b4c2-42f8-998e-362f2b524706}, !- Schedule Type Limits Name
  {e70e25e0-7ae6-4cca-8aa6-6c07002182f5}, !- External File Name
  1,                                      !- Column Number
  1,                                      !- Rows to Skip at Top
  8760,                                   !- Number of Hours of Data
  ,                                       !- Column Separator
  ,                                       !- Interpolate to Timestep
  15,                                     !- Minutes per Item
  ,                                       !- Adjust Schedule for Daylight Savings
  Yes;                                    !- Translate File With Relative Path

OS:External:File,
  {e70e25e0-7ae6-4cca-8aa6-6c07002182f5}, !- Handle
  External File 1,                        !- Name
  in.schedules.csv;                       !- File Name

OS:Schedule:Constant,
  {f7e017dd-d23a-4862-9c0d-be13b97df01f}, !- Handle
  occupants activity schedule,            !- Name
  {a0007759-f4ba-4c2c-b94f-5e5a49322187}, !- Schedule Type Limits Name
  117.228428068889;                       !- Value

OS:People:Definition,
  {130a1e35-f937-4edc-aa4e-4df3c55bc744}, !- Handle
  occupants,                              !- Name
  People,                                 !- Number of People Calculation Method
  2,                                      !- Number of People {people}
  ,                                       !- People per Space Floor Area {person/m2}
  ,                                       !- Space Floor Area per Person {m2/person}
  0.314170909090909,                      !- Fraction Radiant
  0.563030303030303,                      !- Sensible Heat Fraction
  0,                                      !- Carbon Dioxide Generation Rate {m3/s-W}
  No,                                     !- Enable ASHRAE 55 Comfort Warnings
  ZoneAveraged;                           !- Mean Radiant Temperature Calculation Type

OS:People,
  {5c1dceca-7b03-430a-a78b-e1697d26a6cb}, !- Handle
  occupants,                              !- Name
  {130a1e35-f937-4edc-aa4e-4df3c55bc744}, !- People Definition Name
  {d42efddc-4609-4abe-98fa-02a11f0e8057}, !- Space or SpaceType Name
  {71d25672-dc8d-49e5-a755-3ae16d47b0ee}, !- Number of People Schedule Name
  {f7e017dd-d23a-4862-9c0d-be13b97df01f}, !- Activity Level Schedule Name
  ,                                       !- Surface Name/Angle Factor List Name
  ,                                       !- Work Efficiency Schedule Name
  ,                                       !- Clothing Insulation Schedule Name
  ,                                       !- Air Velocity Schedule Name
  1;                                      !- Multiplier

OS:ScheduleTypeLimits,
  {a0007759-f4ba-4c2c-b94f-5e5a49322187}, !- Handle
  ActivityLevel,                          !- Name
  0,                                      !- Lower Limit Value
  ,                                       !- Upper Limit Value
  Continuous,                             !- Numeric Type
  ActivityLevel;                          !- Unit Type

OS:Curve:Biquadratic,
  {caaec2fe-6c90-45da-bc93-4589e00f5a87}, !- Handle
  Cool-CAP-fT1,                           !- Name
  1.557359706,                            !- Coefficient1 Constant
  -0.0744481692,                          !- Coefficient2 x
  0.00309859668,                          !- Coefficient3 x**2
  0.0014595786,                           !- Coefficient4 y
  -4.1148e-05,                            !- Coefficient5 y**2
  -0.00042671448,                         !- Coefficient6 x*y
  -100,                                   !- Minimum Value of x
  100,                                    !- Maximum Value of x
  -100,                                   !- Minimum Value of y
  100;                                    !- Maximum Value of y

OS:Curve:Biquadratic,
  {5a9abc18-67fb-4283-9b10-89eb0e44e5b4}, !- Handle
  Cool-EIR-fT1,                           !- Name
  -0.350447695,                           !- Coefficient1 Constant
  0.116809893,                            !- Coefficient2 x
  -0.00339950844,                         !- Coefficient3 x**2
  -0.001226088,                           !- Coefficient4 y
  0.0006008094,                           !- Coefficient5 y**2
  -0.000466884,                           !- Coefficient6 x*y
  -100,                                   !- Minimum Value of x
  100,                                    !- Maximum Value of x
  -100,                                   !- Minimum Value of y
  100;                                    !- Maximum Value of y

OS:Curve:Quadratic,
  {fe1a0d15-d8e1-4a2f-84b8-653efeb5f188}, !- Handle
  Cool-CAP-fFF1,                          !- Name
  0.718664047,                            !- Coefficient1 Constant
  0.41797409,                             !- Coefficient2 x
  -0.136638137,                           !- Coefficient3 x**2
  0,                                      !- Minimum Value of x
  2,                                      !- Maximum Value of x
  0,                                      !- Minimum Curve Output
  2;                                      !- Maximum Curve Output

OS:Curve:Quadratic,
  {accd0ef4-e8de-4542-a06c-25ffee44e877}, !- Handle
  Cool-EIR-fFF1,                          !- Name
  1.143487507,                            !- Coefficient1 Constant
  -0.13943972,                            !- Coefficient2 x
  -0.004047787,                           !- Coefficient3 x**2
  0,                                      !- Minimum Value of x
  2,                                      !- Maximum Value of x
  0,                                      !- Minimum Curve Output
  2;                                      !- Maximum Curve Output

OS:Curve:Quadratic,
  {989ab593-0a01-49d9-93f0-caf1217eef05}, !- Handle
  Cool-PLF-fPLR1,                         !- Name
  0.93,                                   !- Coefficient1 Constant
  0.07,                                   !- Coefficient2 x
  0,                                      !- Coefficient3 x**2
  0,                                      !- Minimum Value of x
  1,                                      !- Maximum Value of x
  0.7,                                    !- Minimum Curve Output
  1;                                      !- Maximum Curve Output

OS:Schedule:Constant,
  {ce65d028-ae7c-4114-87b4-d70c0fc4bebf}, !- Handle
  Always On Discrete,                     !- Name
  {e64daf7c-4f46-42c1-9652-4497506235b9}, !- Schedule Type Limits Name
  1;                                      !- Value

OS:ScheduleTypeLimits,
  {e64daf7c-4f46-42c1-9652-4497506235b9}, !- Handle
  OnOff,                                  !- Name
  0,                                      !- Lower Limit Value
  1,                                      !- Upper Limit Value
  Discrete,                               !- Numeric Type
  Availability;                           !- Unit Type

OS:Coil:Cooling:DX:SingleSpeed,
  {1af47a5e-8fa7-45f8-94de-93e2e1cfddc3}, !- Handle
  air source heat pump clg coil,          !- Name
  {ce65d028-ae7c-4114-87b4-d70c0fc4bebf}, !- Availability Schedule Name
  20540.2582511264,                       !- Rated Total Cooling Capacity {W}
  0.730031800184905,                      !- Rated Sensible Heat Ratio
  4.3086,                                 !- Rated COP {W/W}
  1.06101121654365,                       !- Rated Air Flow Rate {m3/s}
  773.3,                                  !- Rated Evaporator Fan Power Per Volume Flow Rate 2017 {W/(m3/s)}
  934.4,                                  !- Rated Evaporator Fan Power Per Volume Flow Rate 2023 {W/(m3/s)}
  ,                                       !- Air Inlet Node Name
  ,                                       !- Air Outlet Node Name
  {caaec2fe-6c90-45da-bc93-4589e00f5a87}, !- Total Cooling Capacity Function of Temperature Curve Name
  {fe1a0d15-d8e1-4a2f-84b8-653efeb5f188}, !- Total Cooling Capacity Function of Flow Fraction Curve Name
  {5a9abc18-67fb-4283-9b10-89eb0e44e5b4}, !- Energy Input Ratio Function of Temperature Curve Name
  {accd0ef4-e8de-4542-a06c-25ffee44e877}, !- Energy Input Ratio Function of Flow Fraction Curve Name
  {989ab593-0a01-49d9-93f0-caf1217eef05}, !- Part Load Fraction Correlation Curve Name
  -25,                                    !- Minimum Outdoor Dry-Bulb Temperature for Compressor Operation {C}
  1000,                                   !- Nominal Time for Condensate Removal to Begin {s}
  1.5,                                    !- Ratio of Initial Moisture Evaporation Rate and Steady State Latent Capacity {dimensionless}
  3,                                      !- Maximum Cycling Rate {cycles/hr}
  45,                                     !- Latent Capacity Time Constant {s}
  ,                                       !- Condenser Air Inlet Node Name
  AirCooled,                              !- Condenser Type
  0.9,                                    !- Evaporative Condenser Effectiveness {dimensionless}
  autosize,                               !- Evaporative Condenser Air Flow Rate {m3/s}
  autosize,                               !- Evaporative Condenser Pump Rated Power Consumption {W}
  50,                                     !- Crankcase Heater Capacity {W}
  ,                                       !- Crankcase Heater Capacity Function of Temperature Curve Name
  10,                                     !- Maximum Outdoor Dry-Bulb Temperature for Crankcase Heater Operation {C}
  ,                                       !- Supply Water Storage Tank Name
  ,                                       !- Condensate Collection Water Storage Tank Name
  0,                                      !- Basin Heater Capacity {W/K}
  2;                                      !- Basin Heater Setpoint Temperature {C}

OS:AdditionalProperties,
  {163e66db-6892-466e-b37f-96e555b7c955}, !- Handle
  {1af47a5e-8fa7-45f8-94de-93e2e1cfddc3}, !- Object Name
  HPXML_ID,                               !- Feature Name 1
  String,                                 !- Feature Data Type 1
  HeatPump1;                              !- Feature Value 1

OS:Curve:Biquadratic,
  {503375cd-0983-4927-a17c-4fc5e563ee23}, !- Handle
  Heat-CAP-fT1,                           !- Name
  0.905106689142857,                      !- Coefficient1 Constant
  -0.0041461452,                          !- Coefficient2 x
  0,                                      !- Coefficient3 x**2
  0.0246428571428571,                     !- Coefficient4 y
  0,                                      !- Coefficient5 y**2
  0,                                      !- Coefficient6 x*y
  -100,                                   !- Minimum Value of x
  100,                                    !- Maximum Value of x
  -100,                                   !- Minimum Value of y
  100;                                    !- Maximum Value of y

OS:Curve:Biquadratic,
  {d87916fb-1eea-4894-a481-780db43684e0}, !- Handle
  Heat-EIR-fT1,                           !- Name
  0.716518071,                            !- Coefficient1 Constant
  0.0102759012,                           !- Coefficient2 x
  0.00046073448,                          !- Coefficient3 x**2
  -0.0064803654,                          !- Coefficient4 y
  0.000456354,                            !- Coefficient5 y**2
  -0.00069764004,                         !- Coefficient6 x*y
  -100,                                   !- Minimum Value of x
  100,                                    !- Maximum Value of x
  -100,                                   !- Minimum Value of y
  100;                                    !- Maximum Value of y

OS:Curve:Quadratic,
  {f7a5fd6e-fa3a-49ca-9a5a-98e913d4cc12}, !- Handle
  Heat-CAP-fFF1,                          !- Name
  0.694045465,                            !- Coefficient1 Constant
  0.474207981,                            !- Coefficient2 x
  -0.168253446,                           !- Coefficient3 x**2
  0,                                      !- Minimum Value of x
  2,                                      !- Maximum Value of x
  0,                                      !- Minimum Curve Output
  2;                                      !- Maximum Curve Output

OS:Curve:Quadratic,
  {4daec219-fe4e-4625-867f-f67727e65273}, !- Handle
  Heat-EIR-fFF1,                          !- Name
  2.185418751,                            !- Coefficient1 Constant
  -1.942827919,                           !- Coefficient2 x
  0.757409168,                            !- Coefficient3 x**2
  0,                                      !- Minimum Value of x
  2,                                      !- Maximum Value of x
  0,                                      !- Minimum Curve Output
  2;                                      !- Maximum Curve Output

OS:Curve:Quadratic,
  {08f9df6e-7ae8-4484-9627-31f171bfc45c}, !- Handle
  Heat-PLF-fPLR1,                         !- Name
  0.89,                                   !- Coefficient1 Constant
  0.11,                                   !- Coefficient2 x
  0,                                      !- Coefficient3 x**2
  0,                                      !- Minimum Value of x
  1,                                      !- Maximum Value of x
  0.7,                                    !- Minimum Curve Output
  1;                                      !- Maximum Curve Output

OS:Coil:Heating:DX:SingleSpeed,
  {e975a130-a892-40ed-a3b7-6b11f78e599e}, !- Handle
  air source heat pump htg coil,          !- Name
  {ce65d028-ae7c-4114-87b4-d70c0fc4bebf}, !- Availability Schedule Name
  19609.7603645084,                       !- Rated Total Heating Capacity {W}
  3.776475,                               !- Rated COP {W/W}
  1.03382650500866,                       !- Rated Air Flow Rate {m3/s}
  773.3,                                  !- Rated Supply Fan Power Per Volume Flow Rate 2017 {W/(m3/s)}
  934.4,                                  !- Rated Supply Fan Power Per Volume Flow Rate 2023 {W/(m3/s)}
  ,                                       !- Air Inlet Node Name
  ,                                       !- Air Outlet Node Name
  {503375cd-0983-4927-a17c-4fc5e563ee23}, !- Total Heating Capacity Function of Temperature Curve Name
  {f7a5fd6e-fa3a-49ca-9a5a-98e913d4cc12}, !- Total Heating Capacity Function of Flow Fraction Curve Name
  {d87916fb-1eea-4894-a481-780db43684e0}, !- Energy Input Ratio Function of Temperature Curve Name
  {4daec219-fe4e-4625-867f-f67727e65273}, !- Energy Input Ratio Function of Flow Fraction Curve Name
  {08f9df6e-7ae8-4484-9627-31f171bfc45c}, !- Part Load Fraction Correlation Curve Name
  {5a5943c8-f822-46e4-a335-1b89e1313b55}, !- Defrost Energy Input Ratio Function of Temperature Curve Name
  -17.7777777777778,                      !- Minimum Outdoor Dry-Bulb Temperature for Compressor Operation {C}
  4.44444444444444,                       !- Maximum Outdoor Dry-Bulb Temperature for Defrost Operation {C}
  50,                                     !- Crankcase Heater Capacity {W}
  ,                                       !- Crankcase Heater Capacity Function of Temperature Curve Name
  10,                                     !- Maximum Outdoor Dry-Bulb Temperature for Crankcase Heater Operation {C}
  ReverseCycle,                           !- Defrost Strategy
  Timed,                                  !- Defrost Control
  0.166667,                               !- Defrost Time Period Fraction
  2000;                                   !- Resistive Defrost Heater Capacity {W}

OS:Curve:Biquadratic,
  {5a5943c8-f822-46e4-a335-1b89e1313b55}, !- Handle
  Defrosteir,                             !- Name
  0.1528,                                 !- Coefficient1 Constant
  0,                                      !- Coefficient2 x
  0,                                      !- Coefficient3 x**2
  0,                                      !- Coefficient4 y
  0,                                      !- Coefficient5 y**2
  0,                                      !- Coefficient6 x*y
  -100,                                   !- Minimum Value of x
  100,                                    !- Maximum Value of x
  -100,                                   !- Minimum Value of y
  100;                                    !- Maximum Value of y

OS:AdditionalProperties,
  {c8dea02c-278b-4125-97bb-6f09cf213c2d}, !- Handle
  {e975a130-a892-40ed-a3b7-6b11f78e599e}, !- Object Name
  HPXML_ID,                               !- Feature Name 1
  String,                                 !- Feature Data Type 1
  HeatPump1;                              !- Feature Value 1

OS:Coil:Heating:Electric,
  {d8d3dee3-e687-45e8-be09-f072394ed477}, !- Handle
  air source heat pump backup htg coil,   !- Name
  {ce65d028-ae7c-4114-87b4-d70c0fc4bebf}, !- Availability Schedule Name
  1,                                      !- Efficiency
  17967.8942411888,                       !- Nominal Capacity {W}
  ,                                       !- Air Inlet Node Name
  ;                                       !- Air Outlet Node Name

OS:AdditionalProperties,
  {4c345546-9d4a-4770-910e-9ae6658596ff}, !- Handle
  {d8d3dee3-e687-45e8-be09-f072394ed477}, !- Object Name
  HPXML_ID,                               !- Feature Name 1
  String,                                 !- Feature Data Type 1
  HeatPump1,                              !- Feature Value 1
  IsHeatPumpBackup,                       !- Feature Name 2
  Boolean,                                !- Feature Data Type 2
  true;                                   !- Feature Value 2

OS:Fan:SystemModel,
  {16ec2e77-d87e-4363-b543-49da67daaae4}, !- Handle
  air source heat pump supply fan,        !- Name
  {ce65d028-ae7c-4114-87b4-d70c0fc4bebf}, !- Availability Schedule Name
  ,                                       !- Air Inlet Node Name
  ,                                       !- Air Outlet Node Name
  0.986370156288,                         !- Design Maximum Air Flow Rate {m3/s}
  Discrete,                               !- Speed Control Method
  0.2,                                    !- Electric Power Minimum Flow Rate Fraction
  794.580001233493,                       !- Design Pressure Rise {Pa}
  1,                                      !- Motor Efficiency
  1,                                      !- Motor In Air Stream Fraction
  autosize,                               !- Design Electric Power Consumption {W}
  TotalEfficiencyAndPressure,             !- Design Power Sizing Method
  840,                                    !- Electric Power Per Unit Flow Rate {W/(m3/s)}
  1.66667,                                !- Electric Power Per Unit Flow Rate Per Unit Pressure {W-s/m3-Pa}
  0.75,                                   !- Fan Total Efficiency
  ,                                       !- Electric Power Function of Flow Fraction Curve Name
  ,                                       !- Night Ventilation Mode Pressure Rise {Pa}
  ,                                       !- Night Ventilation Mode Flow Fraction
  ,                                       !- Motor Loss Zone Name
  0,                                      !- Motor Loss Radiative Fraction
  supply fan,                             !- End-Use Subcategory
  0.85215,                                !- Speed Flow Fraction 1
  0.6188,                                 !- Speed Electric Power Fraction 1
  1,                                      !- Speed Flow Fraction 2
  1;                                      !- Speed Electric Power Fraction 2

OS:EnergyManagementSystem:Sensor,
  {8b6e443f-4545-44ae-ace8-9794de6cd681}, !- Handle
  air_source_heat_pump_supply_fan_s,      !- Name
  air source heat pump supply fan,        !- Output Variable or Output Meter Index Key Name
  Fan Electricity Energy;                 !- Output Variable or Output Meter Name

OS:EnergyManagementSystem:Sensor,
  {604289e2-10d5-47b1-998c-357b00026e5c}, !- Handle
  air_source_heat_pump_clg_coil_s,        !- Name
  air source heat pump clg coil,          !- Output Variable or Output Meter Index Key Name
  Cooling Coil Total Cooling Energy;      !- Output Variable or Output Meter Name

OS:EnergyManagementSystem:Sensor,
  {77f22a7d-76d5-4c91-90f5-e96e77e984e6}, !- Handle
  air_source_heat_pump_htg_coil_s,        !- Name
  air source heat pump htg coil,          !- Output Variable or Output Meter Index Key Name
  Heating Coil Heating Energy;            !- Output Variable or Output Meter Name

OS:EnergyManagementSystem:Sensor,
  {09dbd2f3-1099-4a55-8bed-34826bde75eb}, !- Handle
  air_source_heat_pump_backup_htg_coil_s, !- Name
  air source heat pump backup htg coil,   !- Output Variable or Output Meter Index Key Name
  Heating Coil Heating Energy;            !- Output Variable or Output Meter Name

OS:EnergyManagementSystem:Program,
  {45b95fc3-e748-42a6-9d9d-aa63124229bf}, !- Handle
  air_source_heat_pump_supply_fan_disaggregate_program, !- Name
  Set air_source_heat_pump_supply_fan_clg = 0, !- Program Line 1
  Set air_source_heat_pump_supply_fan_primary_htg = 0, !- Program Line 2
  Set air_source_heat_pump_supply_fan_backup_htg = 0, !- Program Line 3
  If air_source_heat_pump_clg_coil_s > 0, !- Program Line 4
  Set air_source_heat_pump_supply_fan_clg = air_source_heat_pump_supply_fan_s, !- Program Line 5
  ElseIf air_source_heat_pump_htg_coil_s > 0 && (air_source_heat_pump_backup_htg_coil_s > 0), !- Program Line 6
  Set air_source_heat_pump_supply_fan_primary_htg = air_source_heat_pump_supply_fan_s * air_source_heat_pump_htg_coil_s / (air_source_heat_pump_htg_coil_s + air_source_heat_pump_backup_htg_coil_s), !- Program Line 7
  Set air_source_heat_pump_supply_fan_backup_htg = air_source_heat_pump_supply_fan_s * air_source_heat_pump_backup_htg_coil_s / (air_source_heat_pump_htg_coil_s + air_source_heat_pump_backup_htg_coil_s), !- Program Line 8
  ElseIf air_source_heat_pump_htg_coil_s > 0, !- Program Line 9
  Set air_source_heat_pump_supply_fan_primary_htg = air_source_heat_pump_supply_fan_s, !- Program Line 10
  Else,                                   !- Program Line 11
  Set air_source_heat_pump_supply_fan_backup_htg = air_source_heat_pump_supply_fan_s, !- Program Line 12
  EndIf;                                  !- Program Line 13

OS:EnergyManagementSystem:ProgramCallingManager,
  {c949f7dd-8987-4e12-a65e-d13bd7d879a6}, !- Handle
  air source heat pump supply fan disaggregate program calling manager, !- Name
  EndOfSystemTimestepBeforeHVACReporting, !- EnergyPlus Model Calling Point
  {45b95fc3-e748-42a6-9d9d-aa63124229bf}; !- Program Name 1

OS:EnergyManagementSystem:OutputVariable,
  {75f2c7fd-b6de-4981-a1ab-30c193f66249}, !- Handle
  air source heat pump supply fan disaggregate clg, !- Name
  air_source_heat_pump_supply_fan_clg,    !- EMS Variable Name
  Summed,                                 !- Type of Data in Variable
  SystemTimestep,                         !- Update Frequency
  {45b95fc3-e748-42a6-9d9d-aa63124229bf}, !- EMS Program or Subroutine Name
  J;                                      !- Units

OS:AdditionalProperties,
  {633e1315-75e0-409f-9cef-7a2246670b26}, !- Handle
  {75f2c7fd-b6de-4981-a1ab-30c193f66249}, !- Object Name
  HPXML_ID,                               !- Feature Name 1
  String,                                 !- Feature Data Type 1
  HeatPump1,                              !- Feature Value 1
  ObjectType,                             !- Feature Name 2
  String,                                 !- Feature Data Type 2
  disaggregate clg;                       !- Feature Value 2

OS:EnergyManagementSystem:OutputVariable,
  {d1646c6f-0e4e-4f78-a5fe-8822cf59f06b}, !- Handle
  air source heat pump supply fan disaggregate htg primary, !- Name
  air_source_heat_pump_supply_fan_primary_htg, !- EMS Variable Name
  Summed,                                 !- Type of Data in Variable
  SystemTimestep,                         !- Update Frequency
  {45b95fc3-e748-42a6-9d9d-aa63124229bf}, !- EMS Program or Subroutine Name
  J;                                      !- Units

OS:AdditionalProperties,
  {aeeb4192-aa1b-42be-a187-40429024d130}, !- Handle
  {d1646c6f-0e4e-4f78-a5fe-8822cf59f06b}, !- Object Name
  HPXML_ID,                               !- Feature Name 1
  String,                                 !- Feature Data Type 1
  HeatPump1,                              !- Feature Value 1
  ObjectType,                             !- Feature Name 2
  String,                                 !- Feature Data Type 2
  disaggregate htg primary;               !- Feature Value 2

OS:EnergyManagementSystem:OutputVariable,
  {ca6cd443-5d16-4fbc-8bec-64312f6fe7e6}, !- Handle
  air source heat pump supply fan disaggregate htg backup, !- Name
  air_source_heat_pump_supply_fan_backup_htg, !- EMS Variable Name
  Summed,                                 !- Type of Data in Variable
  SystemTimestep,                         !- Update Frequency
  {45b95fc3-e748-42a6-9d9d-aa63124229bf}, !- EMS Program or Subroutine Name
  J;                                      !- Units

OS:AdditionalProperties,
  {9b9972dd-56bd-4cc3-91a2-2d8d9b589799}, !- Handle
  {ca6cd443-5d16-4fbc-8bec-64312f6fe7e6}, !- Object Name
  HPXML_ID,                               !- Feature Name 1
  String,                                 !- Feature Data Type 1
  HeatPump1,                              !- Feature Value 1
  ObjectType,                             !- Feature Name 2
  String,                                 !- Feature Data Type 2
  disaggregate htg backup;                !- Feature Value 2

OS:Schedule:Constant,
  {76404952-990b-4990-a95a-ab2c38a15dca}, !- Handle
  air source heat pump auto fan schedule, !- Name
  {e64daf7c-4f46-42c1-9652-4497506235b9}, !- Schedule Type Limits Name
  0;                                      !- Value

OS:AirLoopHVAC:UnitarySystem,
  {e086c0d7-e958-46f4-911b-da8ef15ac4be}, !- Handle
  air source heat pump unitary system,    !- Name
  Load,                                   !- Control Type
  {996f1a03-fe34-447d-88ab-506c9e7f03bc}, !- Controlling Zone or Thermostat Location
  None,                                   !- Dehumidification Control Type
  {ce65d028-ae7c-4114-87b4-d70c0fc4bebf}, !- Availability Schedule Name
  {f2d3bef2-ae55-4734-b563-09d03c92725a}, !- Air Inlet Node Name
  {55f106c1-9f5b-40dd-81fd-79b874a80330}, !- Air Outlet Node Name
  {16ec2e77-d87e-4363-b543-49da67daaae4}, !- Supply Fan Name
  BlowThrough,                            !- Fan Placement
  {76404952-990b-4990-a95a-ab2c38a15dca}, !- Supply Air Fan Operating Mode Schedule Name
  {e975a130-a892-40ed-a3b7-6b11f78e599e}, !- Heating Coil Name
  1,                                      !- DX Heating Coil Sizing Ratio
  {1af47a5e-8fa7-45f8-94de-93e2e1cfddc3}, !- Cooling Coil Name
  No,                                     !- Use DOAS DX Cooling Coil
  2,                                      !- DOAS DX Cooling Coil Leaving Minimum Air Temperature {C}
  SensibleOnlyLoadControl,                !- Latent Load Control
  {d8d3dee3-e687-45e8-be09-f072394ed477}, !- Supplemental Heating Coil Name
  SupplyAirFlowRate,                      !- Supply Air Flow Rate Method During Cooling Operation
  0.986370156288,                         !- Supply Air Flow Rate During Cooling Operation {m3/s}
  ,                                       !- Supply Air Flow Rate Per Floor Area During Cooling Operation {m3/s-m2}
  ,                                       !- Fraction of Autosized Design Cooling Supply Air Flow Rate
  ,                                       !- Design Supply Air Flow Rate Per Unit of Capacity During Cooling Operation {m3/s-W}
  SupplyAirFlowRate,                      !- Supply Air Flow Rate Method During Heating Operation
  0.8405383963392,                        !- Supply Air Flow Rate During Heating Operation {m3/s}
  ,                                       !- Supply Air Flow Rate Per Floor Area during Heating Operation {m3/s-m2}
  ,                                       !- Fraction of Autosized Design Heating Supply Air Flow Rate
  ,                                       !- Design Supply Air Flow Rate Per Unit of Capacity During Heating Operation {m3/s-W}
  SupplyAirFlowRate,                      !- Supply Air Flow Rate Method When No Cooling or Heating is Required
  0,                                      !- Supply Air Flow Rate When No Cooling or Heating is Required {m3/s}
  ,                                       !- Supply Air Flow Rate Per Floor Area When No Cooling or Heating is Required {m3/s-m2}
  ,                                       !- Fraction of Autosized Design Cooling Supply Air Flow Rate When No Cooling or Heating is Required
  ,                                       !- Fraction of Autosized Design Heating Supply Air Flow Rate When No Cooling or Heating is Required
  ,                                       !- Design Supply Air Flow Rate Per Unit of Capacity During Cooling Operation When No Cooling or Heating is Required {m3/s-W}
  ,                                       !- Design Supply Air Flow Rate Per Unit of Capacity During Heating Operation When No Cooling or Heating is Required {m3/s-W}
  93.3333333333333,                       !- Maximum Supply Air Temperature {C}
  4.44444444444444,                       !- Maximum Outdoor Dry-Bulb Temperature for Supplemental Heater Operation {C}
  ,                                       !- Outdoor Dry-Bulb Temperature Sensor Node Name
  0,                                      !- Ancilliary On-Cycle Electric Power {W}
  0;                                      !- Ancilliary Off-Cycle Electric Power {W}

OS:AirLoopHVAC,
  {f7cb9fce-fff8-4068-bab1-2c2325b8f48c}, !- Handle
  air source heat pump airloop,           !- Name
  ,                                       !- Controller List Name
  {ce65d028-ae7c-4114-87b4-d70c0fc4bebf}, !- Availability Schedule
  {78631d26-c0e4-43a4-bf6e-67448148988e}, !- Availability Manager List Name
  0.986370156288,                         !- Design Supply Air Flow Rate {m3/s}
  1,                                      !- Design Return Air Flow Fraction of Supply Air Flow
  ,                                       !- Branch List Name
  ,                                       !- Connector List Name
  {e0a44629-e557-4700-a0b2-02f12ee4b5f4}, !- Supply Side Inlet Node Name
  {69d11378-9cd4-49d8-a227-a75179d9e462}, !- Demand Side Outlet Node Name
  {cdf077fd-95ed-4245-bff6-e319e6505362}, !- Demand Side Inlet Node A
  {cfadf0f5-addb-459a-ad8a-ab246f8ae168}, !- Supply Side Outlet Node A
  ,                                       !- Demand Side Inlet Node B
  ,                                       !- Supply Side Outlet Node B
  ,                                       !- Return Air Bypass Flow Temperature Setpoint Schedule Name
  {a92d2825-bbe9-47ae-bc87-7c0a2aea07f8}, !- Demand Mixer Name
  {cd1545af-811f-41a9-a915-d2950c4a130f}, !- Demand Splitter A Name
  ,                                       !- Demand Splitter B Name
  ;                                       !- Supply Splitter Name

OS:Node,
  {befa9070-8f5b-4c6c-9406-f520ef080817}, !- Handle
  Node 3,                                 !- Name
  {e0a44629-e557-4700-a0b2-02f12ee4b5f4}, !- Inlet Port
  {f2d3bef2-ae55-4734-b563-09d03c92725a}; !- Outlet Port

OS:Node,
  {99c15623-c551-4977-9e45-6eb56855f2d5}, !- Handle
  Node 4,                                 !- Name
  {55f106c1-9f5b-40dd-81fd-79b874a80330}, !- Inlet Port
  {cfadf0f5-addb-459a-ad8a-ab246f8ae168}; !- Outlet Port

OS:Connection,
  {e0a44629-e557-4700-a0b2-02f12ee4b5f4}, !- Handle
  {f7cb9fce-fff8-4068-bab1-2c2325b8f48c}, !- Source Object
  9,                                      !- Outlet Port
  {befa9070-8f5b-4c6c-9406-f520ef080817}, !- Target Object
  2;                                      !- Inlet Port

OS:Connection,
  {cfadf0f5-addb-459a-ad8a-ab246f8ae168}, !- Handle
  {99c15623-c551-4977-9e45-6eb56855f2d5}, !- Source Object
  3,                                      !- Outlet Port
  {f7cb9fce-fff8-4068-bab1-2c2325b8f48c}, !- Target Object
  12;                                     !- Inlet Port

OS:Node,
  {e3595f32-4651-43ce-a92e-84664ca2e10f}, !- Handle
  Node 5,                                 !- Name
  {cdf077fd-95ed-4245-bff6-e319e6505362}, !- Inlet Port
  {26e87866-7d67-40bf-8760-a45bf0f31d6f}; !- Outlet Port

OS:Node,
  {564b8d2b-de8e-4517-82b2-dd97f4d467ea}, !- Handle
  Node 6,                                 !- Name
  {6e7e6662-ca98-45c4-a053-fca857768025}, !- Inlet Port
  {69d11378-9cd4-49d8-a227-a75179d9e462}; !- Outlet Port

OS:Node,
  {909caca5-a558-4cd7-9152-84c82c993b04}, !- Handle
  Node 7,                                 !- Name
  {a90b8592-e5a7-41ee-9c96-8921e1bd611b}, !- Inlet Port
  {2988bc4a-6973-49f2-9446-652356b5dbd1}; !- Outlet Port

OS:Connection,
  {cdf077fd-95ed-4245-bff6-e319e6505362}, !- Handle
  {f7cb9fce-fff8-4068-bab1-2c2325b8f48c}, !- Source Object
  11,                                     !- Outlet Port
  {e3595f32-4651-43ce-a92e-84664ca2e10f}, !- Target Object
  2;                                      !- Inlet Port

OS:Connection,
  {69d11378-9cd4-49d8-a227-a75179d9e462}, !- Handle
  {564b8d2b-de8e-4517-82b2-dd97f4d467ea}, !- Source Object
  3,                                      !- Outlet Port
  {f7cb9fce-fff8-4068-bab1-2c2325b8f48c}, !- Target Object
  10;                                     !- Inlet Port

OS:AirLoopHVAC:ZoneSplitter,
  {cd1545af-811f-41a9-a915-d2950c4a130f}, !- Handle
  air source heat pump zone splitter,     !- Name
  {26e87866-7d67-40bf-8760-a45bf0f31d6f}, !- Inlet Node Name
  {2930e600-2039-483a-89c9-f1bbe24513ab}; !- Outlet Node Name 1

OS:AirLoopHVAC:ZoneMixer,
  {a92d2825-bbe9-47ae-bc87-7c0a2aea07f8}, !- Handle
  air source heat pump zone mixer,        !- Name
  {6e7e6662-ca98-45c4-a053-fca857768025}, !- Outlet Node Name
  {2268a896-326b-48ce-8b65-57bceeffd4fc}; !- Inlet Node Name 1

OS:Connection,
  {26e87866-7d67-40bf-8760-a45bf0f31d6f}, !- Handle
  {e3595f32-4651-43ce-a92e-84664ca2e10f}, !- Source Object
  3,                                      !- Outlet Port
  {cd1545af-811f-41a9-a915-d2950c4a130f}, !- Target Object
  2;                                      !- Inlet Port

OS:Connection,
  {6e7e6662-ca98-45c4-a053-fca857768025}, !- Handle
  {a92d2825-bbe9-47ae-bc87-7c0a2aea07f8}, !- Source Object
  2,                                      !- Outlet Port
  {564b8d2b-de8e-4517-82b2-dd97f4d467ea}, !- Target Object
  2;                                      !- Inlet Port

OS:Sizing:System,
  {75124f8f-87ff-4449-9b8a-15baba24a384}, !- Handle
  {f7cb9fce-fff8-4068-bab1-2c2325b8f48c}, !- AirLoop Name
  ,                                       !- Type of Load to Size On
  ,                                       !- Design Outdoor Air Flow Rate {m3/s}
  0.3,                                    !- Central Heating Maximum System Air Flow Ratio
  7,                                      !- Preheat Design Temperature {C}
  0.008,                                  !- Preheat Design Humidity Ratio {kg-H2O/kg-Air}
  12.8,                                   !- Precool Design Temperature {C}
  0.008,                                  !- Precool Design Humidity Ratio {kg-H2O/kg-Air}
  12.8,                                   !- Central Cooling Design Supply Air Temperature {C}
  16.7,                                   !- Central Heating Design Supply Air Temperature {C}
  ,                                       !- Sizing Option
  Yes,                                    !- 100% Outdoor Air in Cooling
  Yes,                                    !- 100% Outdoor Air in Heating
  0.0085,                                 !- Central Cooling Design Supply Air Humidity Ratio {kg-H2O/kg-Air}
  ,                                       !- Central Heating Design Supply Air Humidity Ratio {kg-H2O/kg-Air}
  ,                                       !- Cooling Design Air Flow Method
  ,                                       !- Cooling Design Air Flow Rate {m3/s}
  ,                                       !- Heating Design Air Flow Method
  ,                                       !- Heating Design Air Flow Rate {m3/s}
  ,                                       !- System Outdoor Air Method
  1,                                      !- Zone Maximum Outdoor Air Fraction {dimensionless}
  0.0099676501,                           !- Cooling Supply Air Flow Rate Per Floor Area {m3/s-m2}
  1,                                      !- Cooling Fraction of Autosized Cooling Supply Air Flow Rate
  3.9475456e-05,                          !- Cooling Supply Air Flow Rate Per Unit Cooling Capacity {m3/s-W}
  0.0099676501,                           !- Heating Supply Air Flow Rate Per Floor Area {m3/s-m2}
  1,                                      !- Heating Fraction of Autosized Heating Supply Air Flow Rate
  1,                                      !- Heating Fraction of Autosized Cooling Supply Air Flow Rate
  3.1588213e-05,                          !- Heating Supply Air Flow Rate Per Unit Heating Capacity {m3/s-W}
  CoolingDesignCapacity,                  !- Cooling Design Capacity Method
  autosize,                               !- Cooling Design Capacity {W}
  234.7,                                  !- Cooling Design Capacity Per Floor Area {W/m2}
  1,                                      !- Fraction of Autosized Cooling Design Capacity
  HeatingDesignCapacity,                  !- Heating Design Capacity Method
  autosize,                               !- Heating Design Capacity {W}
  157,                                    !- Heating Design Capacity Per Floor Area {W/m2}
  1,                                      !- Fraction of Autosized Heating Design Capacity
  OnOff,                                  !- Central Cooling Capacity Control Method
  autosize;                               !- Occupant Diversity

OS:AvailabilityManagerAssignmentList,
  {78631d26-c0e4-43a4-bf6e-67448148988e}, !- Handle
  Air Loop HVAC 1 AvailabilityManagerAssignmentList; !- Name

OS:Connection,
  {f2d3bef2-ae55-4734-b563-09d03c92725a}, !- Handle
  {befa9070-8f5b-4c6c-9406-f520ef080817}, !- Source Object
  3,                                      !- Outlet Port
  {e086c0d7-e958-46f4-911b-da8ef15ac4be}, !- Target Object
  6;                                      !- Inlet Port

OS:Connection,
  {55f106c1-9f5b-40dd-81fd-79b874a80330}, !- Handle
  {e086c0d7-e958-46f4-911b-da8ef15ac4be}, !- Source Object
  7,                                      !- Outlet Port
  {99c15623-c551-4977-9e45-6eb56855f2d5}, !- Target Object
  2;                                      !- Inlet Port

OS:AirTerminal:SingleDuct:ConstantVolume:NoReheat,
  {4d76c5d8-d6d1-4c9f-bba8-f0ba4e7493be}, !- Handle
  air source heat pump terminal,          !- Name
  {ce65d028-ae7c-4114-87b4-d70c0fc4bebf}, !- Availability Schedule Name
  {0196381c-e4c9-4d84-96e4-e5904154c666}, !- Air Inlet Node Name
  {a90b8592-e5a7-41ee-9c96-8921e1bd611b}, !- Air Outlet Node Name
  0.986370156288;                         !- Maximum Air Flow Rate {m3/s}

OS:Node,
  {c3383195-6f05-42c9-bccb-f2c32b700ba6}, !- Handle
  Node 8,                                 !- Name
  {0d017e17-ecc6-4357-9c76-d89423a6ab92}, !- Inlet Port
  {d9dc1edb-b6ce-43a4-9bb5-2a29a7778410}; !- Outlet Port

OS:Connection,
  {2988bc4a-6973-49f2-9446-652356b5dbd1}, !- Handle
  {909caca5-a558-4cd7-9152-84c82c993b04}, !- Source Object
  3,                                      !- Outlet Port
  {6da4490e-4aaf-48e3-9472-21b25da9a07a}, !- Target Object
  2;                                      !- Inlet Port

OS:Connection,
  {0d017e17-ecc6-4357-9c76-d89423a6ab92}, !- Handle
  {1afad2ff-72e7-423c-a599-981c28b8d8d7}, !- Source Object
  2,                                      !- Outlet Port
  {c3383195-6f05-42c9-bccb-f2c32b700ba6}, !- Target Object
  2;                                      !- Inlet Port

OS:Node,
  {b58ece0c-9870-4fee-b4af-ca1c56d92279}, !- Handle
  Node 9,                                 !- Name
  {2930e600-2039-483a-89c9-f1bbe24513ab}, !- Inlet Port
  {0196381c-e4c9-4d84-96e4-e5904154c666}; !- Outlet Port

OS:Connection,
  {2930e600-2039-483a-89c9-f1bbe24513ab}, !- Handle
  {cd1545af-811f-41a9-a915-d2950c4a130f}, !- Source Object
  3,                                      !- Outlet Port
  {b58ece0c-9870-4fee-b4af-ca1c56d92279}, !- Target Object
  2;                                      !- Inlet Port

OS:Connection,
  {0196381c-e4c9-4d84-96e4-e5904154c666}, !- Handle
  {b58ece0c-9870-4fee-b4af-ca1c56d92279}, !- Source Object
  3,                                      !- Outlet Port
  {4d76c5d8-d6d1-4c9f-bba8-f0ba4e7493be}, !- Target Object
  3;                                      !- Inlet Port

OS:Connection,
  {a90b8592-e5a7-41ee-9c96-8921e1bd611b}, !- Handle
  {4d76c5d8-d6d1-4c9f-bba8-f0ba4e7493be}, !- Source Object
  4,                                      !- Outlet Port
  {909caca5-a558-4cd7-9152-84c82c993b04}, !- Target Object
  2;                                      !- Inlet Port

OS:Schedule:Constant,
  {87e130d3-bf91-4808-8f39-7246400bda60}, !- Handle
  Sequential Fraction Schedule,           !- Name
  {10ce4029-b4c2-42f8-998e-362f2b524706}, !- Schedule Type Limits Name
  1;                                      !- Value

OS:Schedule:Constant,
  {dda4265d-c81a-446f-ab74-b0dee2dc4bc7}, !- Handle
  Sequential Fraction Schedule 1,         !- Name
  {10ce4029-b4c2-42f8-998e-362f2b524706}, !- Schedule Type Limits Name
  1;                                      !- Value

OS:Schedule:File,
  {4a8846c4-c4b5-4b52-92f5-72333b52be79}, !- Handle
  ceiling_fan,                            !- Name
  {10ce4029-b4c2-42f8-998e-362f2b524706}, !- Schedule Type Limits Name
  {e70e25e0-7ae6-4cca-8aa6-6c07002182f5}, !- External File Name
  8,                                      !- Column Number
  1,                                      !- Rows to Skip at Top
  8760,                                   !- Number of Hours of Data
  ,                                       !- Column Separator
  ,                                       !- Interpolate to Timestep
  15,                                     !- Minutes per Item
  ,                                       !- Adjust Schedule for Daylight Savings
  Yes;                                    !- Translate File With Relative Path

OS:ElectricEquipment:Definition,
  {b6961f68-5a56-4952-b71d-53458a082c31}, !- Handle
  ceiling fan,                            !- Name
  EquipmentLevel,                         !- Design Level Calculation Method
  28.9900701777657,                       !- Design Level {W}
  ,                                       !- Watts per Space Floor Area {W/m2}
  ,                                       !- Watts per Person {W/person}
  0,                                      !- Fraction Latent
  0.558,                                  !- Fraction Radiant
  0;                                      !- Fraction Lost

OS:ElectricEquipment,
  {c7163b91-c1e5-41d1-8bc0-f28a4beaf63f}, !- Handle
  ceiling fan,                            !- Name
  {b6961f68-5a56-4952-b71d-53458a082c31}, !- Electric Equipment Definition Name
  {d42efddc-4609-4abe-98fa-02a11f0e8057}, !- Space or SpaceType Name
  {4a8846c4-c4b5-4b52-92f5-72333b52be79}, !- Schedule Name
  ,                                       !- Multiplier
  ceiling fan;                            !- End-Use Subcategory

OS:PlantLoop,
  {cd0dd476-6624-47d6-b4a2-e761d7a2f5d9}, !- Handle
  dhw loop,                               !- Name
  ,                                       !- Fluid Type
  0,                                      !- Glycol Concentration
  ,                                       !- User Defined Fluid Type
  ,                                       !- Plant Equipment Operation Heating Load
  ,                                       !- Plant Equipment Operation Cooling Load
  ,                                       !- Primary Plant Equipment Operation Scheme
  {40fbf1db-739e-40dc-bdd8-699ca9bc98a2}, !- Loop Temperature Setpoint Node Name
  ,                                       !- Maximum Loop Temperature {C}
  ,                                       !- Minimum Loop Temperature {C}
  0.01,                                   !- Maximum Loop Flow Rate {m3/s}
  ,                                       !- Minimum Loop Flow Rate {m3/s}
  0.003,                                  !- Plant Loop Volume {m3}
  {7071a68f-b0df-4965-b62d-36ed77c13999}, !- Plant Side Inlet Node Name
  {eff8b326-c5ca-44d9-a1a0-e423af328ab4}, !- Plant Side Outlet Node Name
  ,                                       !- Plant Side Branch List Name
  {d23c7dd3-e242-4a1d-bdfe-32ce4a7eb3f4}, !- Demand Side Inlet Node Name
  {8c7ea603-10a5-4396-bc37-064f503c65aa}, !- Demand Side Outlet Node Name
  ,                                       !- Demand Side Branch List Name
  ,                                       !- Demand Side Connector List Name
  Optimal,                                !- Load Distribution Scheme
  {6e913f88-8e50-4772-a57e-b136e799d8a5}, !- Availability Manager List Name
  ,                                       !- Plant Loop Demand Calculation Scheme
  ,                                       !- Common Pipe Simulation
  ,                                       !- Pressure Simulation Type
  ,                                       !- Plant Equipment Operation Heating Load Schedule
  ,                                       !- Plant Equipment Operation Cooling Load Schedule
  ,                                       !- Primary Plant Equipment Operation Scheme Schedule
  ,                                       !- Component Setpoint Operation Scheme Schedule
  {47566304-cce8-4e1c-8810-14a720f7561e}, !- Demand Mixer Name
  {34b1efe8-b8e4-4798-a70c-2418355ab4ed}, !- Demand Splitter Name
  {4e5850da-f994-4843-b8a6-50fc65b082a3}, !- Supply Mixer Name
  {0f390629-d4b9-43c0-97c7-07db22663fdd}; !- Supply Splitter Name

OS:Node,
  {a026d653-62c9-4938-95ae-ede382d58c04}, !- Handle
  Node 10,                                !- Name
  {7071a68f-b0df-4965-b62d-36ed77c13999}, !- Inlet Port
  {f4067986-5b8f-45a6-949b-e277b03bc755}; !- Outlet Port

OS:Node,
  {40fbf1db-739e-40dc-bdd8-699ca9bc98a2}, !- Handle
  Node 11,                                !- Name
  {7e2bcef0-e227-48e3-8662-890bec4d665a}, !- Inlet Port
  {eff8b326-c5ca-44d9-a1a0-e423af328ab4}; !- Outlet Port

OS:Node,
  {9a7dd210-3d21-4116-a691-e9d4fc49458a}, !- Handle
  Node 12,                                !- Name
  {48829047-f3fb-43ea-ac92-652a684a6d06}, !- Inlet Port
  {8186cc4b-fd66-403e-93e7-9884ce838380}; !- Outlet Port

OS:Connector:Mixer,
  {4e5850da-f994-4843-b8a6-50fc65b082a3}, !- Handle
  Connector Mixer 1,                      !- Name
  {0598b927-4916-493e-826e-9bfad303ab79}, !- Outlet Branch Name
  {8a79fae3-8666-4f3e-9baf-c70393a1fc71}, !- Inlet Branch Name 1
  {acdb70a2-0167-4fbb-bd5c-e08f7202c4dd}; !- Inlet Branch Name 2

OS:Connector:Splitter,
  {0f390629-d4b9-43c0-97c7-07db22663fdd}, !- Handle
  Connector Splitter 1,                   !- Name
  {9324ab77-7eb5-4a72-b55a-02e8e6d53351}, !- Inlet Branch Name
  {48829047-f3fb-43ea-ac92-652a684a6d06}, !- Outlet Branch Name 1
  {539bb8de-7369-4619-8eab-e94776d73372}; !- Outlet Branch Name 2

OS:Connection,
  {7071a68f-b0df-4965-b62d-36ed77c13999}, !- Handle
  {cd0dd476-6624-47d6-b4a2-e761d7a2f5d9}, !- Source Object
  14,                                     !- Outlet Port
  {a026d653-62c9-4938-95ae-ede382d58c04}, !- Target Object
  2;                                      !- Inlet Port

OS:Connection,
  {48829047-f3fb-43ea-ac92-652a684a6d06}, !- Handle
  {0f390629-d4b9-43c0-97c7-07db22663fdd}, !- Source Object
  3,                                      !- Outlet Port
  {9a7dd210-3d21-4116-a691-e9d4fc49458a}, !- Target Object
  2;                                      !- Inlet Port

OS:Connection,
  {eff8b326-c5ca-44d9-a1a0-e423af328ab4}, !- Handle
  {40fbf1db-739e-40dc-bdd8-699ca9bc98a2}, !- Source Object
  3,                                      !- Outlet Port
  {cd0dd476-6624-47d6-b4a2-e761d7a2f5d9}, !- Target Object
  15;                                     !- Inlet Port

OS:Node,
  {3fd94626-6934-4cc7-bffc-ec8c4ce3f891}, !- Handle
  Node 13,                                !- Name
  {d23c7dd3-e242-4a1d-bdfe-32ce4a7eb3f4}, !- Inlet Port
  {9a5928c8-c670-4273-8c0f-e9ec5fb005a6}; !- Outlet Port

OS:Node,
  {5175db3a-eca5-4937-97e6-ff2978afb51f}, !- Handle
  Node 14,                                !- Name
  {274477eb-0869-4a52-a469-b943a88bcbdd}, !- Inlet Port
  {8c7ea603-10a5-4396-bc37-064f503c65aa}; !- Outlet Port

OS:Node,
  {d12a6bd3-b1c3-444e-96f6-4d2679531d35}, !- Handle
  Node 15,                                !- Name
  {37481a0a-3212-4e73-a840-c2f479e96d93}, !- Inlet Port
  {a29435ca-3f54-4dd8-9267-c3e927a95cbd}; !- Outlet Port

OS:Connector:Mixer,
  {47566304-cce8-4e1c-8810-14a720f7561e}, !- Handle
  Connector Mixer 2,                      !- Name
  {274477eb-0869-4a52-a469-b943a88bcbdd}, !- Outlet Branch Name
  {4d422ff2-6cbf-4d7f-a52e-76a4a4211fc7}; !- Inlet Branch Name 1

OS:Connector:Splitter,
  {34b1efe8-b8e4-4798-a70c-2418355ab4ed}, !- Handle
  Connector Splitter 2,                   !- Name
  {9a5928c8-c670-4273-8c0f-e9ec5fb005a6}, !- Inlet Branch Name
  {37481a0a-3212-4e73-a840-c2f479e96d93}; !- Outlet Branch Name 1

OS:Connection,
  {d23c7dd3-e242-4a1d-bdfe-32ce4a7eb3f4}, !- Handle
  {cd0dd476-6624-47d6-b4a2-e761d7a2f5d9}, !- Source Object
  17,                                     !- Outlet Port
  {3fd94626-6934-4cc7-bffc-ec8c4ce3f891}, !- Target Object
  2;                                      !- Inlet Port

OS:Connection,
  {9a5928c8-c670-4273-8c0f-e9ec5fb005a6}, !- Handle
  {3fd94626-6934-4cc7-bffc-ec8c4ce3f891}, !- Source Object
  3,                                      !- Outlet Port
  {34b1efe8-b8e4-4798-a70c-2418355ab4ed}, !- Target Object
  2;                                      !- Inlet Port

OS:Connection,
  {37481a0a-3212-4e73-a840-c2f479e96d93}, !- Handle
  {34b1efe8-b8e4-4798-a70c-2418355ab4ed}, !- Source Object
  3,                                      !- Outlet Port
  {d12a6bd3-b1c3-444e-96f6-4d2679531d35}, !- Target Object
  2;                                      !- Inlet Port

OS:Connection,
  {274477eb-0869-4a52-a469-b943a88bcbdd}, !- Handle
  {47566304-cce8-4e1c-8810-14a720f7561e}, !- Source Object
  2,                                      !- Outlet Port
  {5175db3a-eca5-4937-97e6-ff2978afb51f}, !- Target Object
  2;                                      !- Inlet Port

OS:Connection,
  {8c7ea603-10a5-4396-bc37-064f503c65aa}, !- Handle
  {5175db3a-eca5-4937-97e6-ff2978afb51f}, !- Source Object
  3,                                      !- Outlet Port
  {cd0dd476-6624-47d6-b4a2-e761d7a2f5d9}, !- Target Object
  18;                                     !- Inlet Port

OS:Sizing:Plant,
  {eed8eb3a-2a51-48df-8399-dc3fa233ca8a}, !- Handle
  {cd0dd476-6624-47d6-b4a2-e761d7a2f5d9}, !- Plant or Condenser Loop Name
  Heating,                                !- Loop Type
  52.6666666666667,                       !- Design Loop Exit Temperature {C}
  5.55555555555556,                       !- Loop Design Temperature Difference {deltaC}
  NonCoincident,                          !- Sizing Option
  1,                                      !- Zone Timesteps in Averaging Window
  None;                                   !- Coincident Sizing Factor Mode

OS:AvailabilityManagerAssignmentList,
  {6e913f88-8e50-4772-a57e-b136e799d8a5}, !- Handle
  Plant Loop 1 AvailabilityManagerAssignmentList; !- Name

OS:Pipe:Adiabatic,
  {9c4cd4e7-d289-4c81-b15f-9bbcf86fd6d8}, !- Handle
  Pipe Adiabatic 1,                       !- Name
  {8186cc4b-fd66-403e-93e7-9884ce838380}, !- Inlet Node Name
  {49ad4564-fdd6-4c91-af14-8a07ec0416a5}; !- Outlet Node Name

OS:Pipe:Adiabatic,
  {75ec7f07-4a4f-47e3-8bc9-ebc9cab5742d}, !- Handle
  Pipe Adiabatic 2,                       !- Name
  {1760dbba-4964-48a1-9774-72c5c740cf9e}, !- Inlet Node Name
  {7e2bcef0-e227-48e3-8662-890bec4d665a}; !- Outlet Node Name

OS:Node,
  {461dcecd-b700-46c4-8647-1182f0c48acf}, !- Handle
  Node 16,                                !- Name
  {49ad4564-fdd6-4c91-af14-8a07ec0416a5}, !- Inlet Port
  {8a79fae3-8666-4f3e-9baf-c70393a1fc71}; !- Outlet Port

OS:Connection,
  {8186cc4b-fd66-403e-93e7-9884ce838380}, !- Handle
  {9a7dd210-3d21-4116-a691-e9d4fc49458a}, !- Source Object
  3,                                      !- Outlet Port
  {9c4cd4e7-d289-4c81-b15f-9bbcf86fd6d8}, !- Target Object
  2;                                      !- Inlet Port

OS:Connection,
  {49ad4564-fdd6-4c91-af14-8a07ec0416a5}, !- Handle
  {9c4cd4e7-d289-4c81-b15f-9bbcf86fd6d8}, !- Source Object
  3,                                      !- Outlet Port
  {461dcecd-b700-46c4-8647-1182f0c48acf}, !- Target Object
  2;                                      !- Inlet Port

OS:Connection,
  {8a79fae3-8666-4f3e-9baf-c70393a1fc71}, !- Handle
  {461dcecd-b700-46c4-8647-1182f0c48acf}, !- Source Object
  3,                                      !- Outlet Port
  {4e5850da-f994-4843-b8a6-50fc65b082a3}, !- Target Object
  3;                                      !- Inlet Port

OS:Node,
  {5502b30d-e232-400c-aa67-beba18f286b3}, !- Handle
  Node 17,                                !- Name
  {0598b927-4916-493e-826e-9bfad303ab79}, !- Inlet Port
  {1760dbba-4964-48a1-9774-72c5c740cf9e}; !- Outlet Port

OS:Connection,
  {0598b927-4916-493e-826e-9bfad303ab79}, !- Handle
  {4e5850da-f994-4843-b8a6-50fc65b082a3}, !- Source Object
  2,                                      !- Outlet Port
  {5502b30d-e232-400c-aa67-beba18f286b3}, !- Target Object
  2;                                      !- Inlet Port

OS:Connection,
  {1760dbba-4964-48a1-9774-72c5c740cf9e}, !- Handle
  {5502b30d-e232-400c-aa67-beba18f286b3}, !- Source Object
  3,                                      !- Outlet Port
  {75ec7f07-4a4f-47e3-8bc9-ebc9cab5742d}, !- Target Object
  2;                                      !- Inlet Port

OS:Connection,
  {7e2bcef0-e227-48e3-8662-890bec4d665a}, !- Handle
  {75ec7f07-4a4f-47e3-8bc9-ebc9cab5742d}, !- Source Object
  3,                                      !- Outlet Port
  {40fbf1db-739e-40dc-bdd8-699ca9bc98a2}, !- Target Object
  2;                                      !- Inlet Port

OS:Pump:VariableSpeed,
  {c1db7990-1c9c-43a6-a5d1-cb3563df2181}, !- Handle
  Pump Variable Speed 1,                  !- Name
  {f4067986-5b8f-45a6-949b-e277b03bc755}, !- Inlet Node Name
  {538f24ab-3cdc-425a-a281-371f685ecfab}, !- Outlet Node Name
  0.01,                                   !- Rated Flow Rate {m3/s}
  1,                                      !- Rated Pump Head {Pa}
  0,                                      !- Rated Power Consumption {W}
  1,                                      !- Motor Efficiency
  0,                                      !- Fraction of Motor Inefficiencies to Fluid Stream
  0,                                      !- Coefficient 1 of the Part Load Performance Curve
  1,                                      !- Coefficient 2 of the Part Load Performance Curve
  0,                                      !- Coefficient 3 of the Part Load Performance Curve
  0,                                      !- Coefficient 4 of the Part Load Performance Curve
  ,                                       !- Minimum Flow Rate {m3/s}
  Intermittent,                           !- Pump Control Type
  ,                                       !- Pump Flow Rate Schedule Name
  ,                                       !- Pump Curve Name
  ,                                       !- Impeller Diameter {m}
  ,                                       !- VFD Control Type
  ,                                       !- Pump RPM Schedule Name
  ,                                       !- Minimum Pressure Schedule {Pa}
  ,                                       !- Maximum Pressure Schedule {Pa}
  ,                                       !- Minimum RPM Schedule {rev/min}
  ,                                       !- Maximum RPM Schedule {rev/min}
  ,                                       !- Zone Name
  0.5,                                    !- Skin Loss Radiative Fraction
  PowerPerFlowPerPressure,                !- Design Power Sizing Method
  348701.1,                               !- Design Electric Power per Unit Flow Rate {W/(m3/s)}
  1.282051282,                            !- Design Shaft Power per Unit Flow Rate per Unit Head {W-s/m3-Pa}
  0,                                      !- Design Minimum Flow Rate Fraction
  General;                                !- End-Use Subcategory

OS:Node,
  {024cd236-a284-4fce-b142-a206f364093b}, !- Handle
  Node 18,                                !- Name
  {538f24ab-3cdc-425a-a281-371f685ecfab}, !- Inlet Port
  {9324ab77-7eb5-4a72-b55a-02e8e6d53351}; !- Outlet Port

OS:Connection,
  {f4067986-5b8f-45a6-949b-e277b03bc755}, !- Handle
  {a026d653-62c9-4938-95ae-ede382d58c04}, !- Source Object
  3,                                      !- Outlet Port
  {c1db7990-1c9c-43a6-a5d1-cb3563df2181}, !- Target Object
  2;                                      !- Inlet Port

OS:Connection,
  {538f24ab-3cdc-425a-a281-371f685ecfab}, !- Handle
  {c1db7990-1c9c-43a6-a5d1-cb3563df2181}, !- Source Object
  3,                                      !- Outlet Port
  {024cd236-a284-4fce-b142-a206f364093b}, !- Target Object
  2;                                      !- Inlet Port

OS:Connection,
  {9324ab77-7eb5-4a72-b55a-02e8e6d53351}, !- Handle
  {024cd236-a284-4fce-b142-a206f364093b}, !- Source Object
  3,                                      !- Outlet Port
  {0f390629-d4b9-43c0-97c7-07db22663fdd}, !- Target Object
  2;                                      !- Inlet Port

OS:Schedule:Constant,
  {531de669-ce1c-4fe9-8502-01b076bfbf85}, !- Handle
  dhw temp,                               !- Name
  {8bea4170-f670-464e-ab54-2961a49fd4ce}, !- Schedule Type Limits Name
  52.6666666666667;                       !- Value

OS:SetpointManager:Scheduled,
  {975b87b3-4bb3-42c1-b3e2-23e486d35570}, !- Handle
  Setpoint Manager Scheduled 1,           !- Name
  Temperature,                            !- Control Variable
  {531de669-ce1c-4fe9-8502-01b076bfbf85}, !- Schedule Name
  {40fbf1db-739e-40dc-bdd8-699ca9bc98a2}; !- Setpoint Node or NodeList Name

OS:WaterHeater:Mixed,
  {3e419ddc-5b5e-4da6-a506-cec3d440e1bb}, !- Handle
  water heater,                           !- Name
  0.170343530278643,                      !- Tank Volume {m3}
  {09c698d7-4d20-41da-9b61-81c576229c63}, !- Setpoint Temperature Schedule Name
  2,                                      !- Deadband Temperature Difference {deltaC}
  99,                                     !- Maximum Temperature Limit {C}
  Cycle,                                  !- Heater Control Type
  5500.06477392209,                       !- Heater Maximum Capacity {W}
  0,                                      !- Heater Minimum Capacity {W}
  ,                                       !- Heater Ignition Minimum Flow Rate {m3/s}
  ,                                       !- Heater Ignition Delay {s}
  Electricity,                            !- Heater Fuel Type
  1,                                      !- Heater Thermal Efficiency
  ,                                       !- Part Load Factor Curve Name
  0,                                      !- Off Cycle Parasitic Fuel Consumption Rate {W}
  Electricity,                            !- Off Cycle Parasitic Fuel Type
  0,                                      !- Off Cycle Parasitic Heat Fraction to Tank
  0,                                      !- On Cycle Parasitic Fuel Consumption Rate {W}
  Electricity,                            !- On Cycle Parasitic Fuel Type
  0,                                      !- On Cycle Parasitic Heat Fraction to Tank
  Outdoors,                               !- Ambient Temperature Indicator
  ,                                       !- Ambient Temperature Schedule Name
  ,                                       !- Ambient Temperature Thermal Zone Name
  ,                                       !- Ambient Temperature Outdoor Air Node Name
  1.16350637011013,                       !- Off Cycle Loss Coefficient to Ambient Temperature {W/K}
  1,                                      !- Off Cycle Loss Fraction to Thermal Zone
  1.16350637011013,                       !- On Cycle Loss Coefficient to Ambient Temperature {W/K}
  1,                                      !- On Cycle Loss Fraction to Thermal Zone
  ,                                       !- Peak Use Flow Rate {m3/s}
  ,                                       !- Use Flow Rate Fraction Schedule Name
  ,                                       !- Cold Water Supply Temperature Schedule Name
  {07850b14-7ad4-4c59-a1c2-90abda4c240e}, !- Use Side Inlet Node Name
  {11f76313-679c-4c69-b69c-ec453ee074be}, !- Use Side Outlet Node Name
  1,                                      !- Use Side Effectiveness
  ,                                       !- Source Side Inlet Node Name
  ,                                       !- Source Side Outlet Node Name
  1,                                      !- Source Side Effectiveness
  autosize,                               !- Use Side Design Flow Rate {m3/s}
  autosize,                               !- Source Side Design Flow Rate {m3/s}
  1.5,                                    !- Indirect Water Heating Recovery Time {hr}
  IndirectHeatPrimarySetpoint,            !- Source Side Flow Control Mode
  ,                                       !- Indirect Alternate Setpoint Temperature Schedule Name
  General;                                !- End-Use Subcategory

OS:WaterHeater:Sizing,
  {05e5aa12-0a86-4d01-bce7-532810d6e176}, !- Handle
  {3e419ddc-5b5e-4da6-a506-cec3d440e1bb}, !- WaterHeater Name
  PeakDraw,                               !- Design Mode
  0.538503,                               !- Time Storage Can Meet Peak Draw {hr}
  0,                                      !- Time for Tank Recovery {hr}
  1;                                      !- Nominal Tank Volume for Autosizing Plant Connections {m3}

OS:Schedule:Constant,
  {09c698d7-4d20-41da-9b61-81c576229c63}, !- Handle
  water heater setpoint,                  !- Name
  {8bea4170-f670-464e-ab54-2961a49fd4ce}, !- Schedule Type Limits Name
  52.6666666666667;                       !- Value

OS:AdditionalProperties,
  {8224961f-4040-4f13-8f71-ae40b9ef3ae4}, !- Handle
  {3e419ddc-5b5e-4da6-a506-cec3d440e1bb}, !- Object Name
  HPXML_ID,                               !- Feature Name 1
  String,                                 !- Feature Data Type 1
  WaterHeatingSystem1;                    !- Feature Value 1

OS:Node,
  {d715adbe-0dbb-40f0-ac99-33162a6583c6}, !- Handle
  Node 19,                                !- Name
  {539bb8de-7369-4619-8eab-e94776d73372}, !- Inlet Port
  {07850b14-7ad4-4c59-a1c2-90abda4c240e}; !- Outlet Port

OS:Connection,
  {539bb8de-7369-4619-8eab-e94776d73372}, !- Handle
  {0f390629-d4b9-43c0-97c7-07db22663fdd}, !- Source Object
  4,                                      !- Outlet Port
  {d715adbe-0dbb-40f0-ac99-33162a6583c6}, !- Target Object
  2;                                      !- Inlet Port

OS:Node,
  {4d49efbd-9758-426a-81ae-94d2ab574c53}, !- Handle
  Node 20,                                !- Name
  {11f76313-679c-4c69-b69c-ec453ee074be}, !- Inlet Port
  {acdb70a2-0167-4fbb-bd5c-e08f7202c4dd}; !- Outlet Port

OS:Connection,
  {07850b14-7ad4-4c59-a1c2-90abda4c240e}, !- Handle
  {d715adbe-0dbb-40f0-ac99-33162a6583c6}, !- Source Object
  3,                                      !- Outlet Port
  {3e419ddc-5b5e-4da6-a506-cec3d440e1bb}, !- Target Object
  31;                                     !- Inlet Port

OS:Connection,
  {11f76313-679c-4c69-b69c-ec453ee074be}, !- Handle
  {3e419ddc-5b5e-4da6-a506-cec3d440e1bb}, !- Source Object
  32,                                     !- Outlet Port
  {4d49efbd-9758-426a-81ae-94d2ab574c53}, !- Target Object
  2;                                      !- Inlet Port

OS:Connection,
  {acdb70a2-0167-4fbb-bd5c-e08f7202c4dd}, !- Handle
  {4d49efbd-9758-426a-81ae-94d2ab574c53}, !- Source Object
  3,                                      !- Outlet Port
  {4e5850da-f994-4843-b8a6-50fc65b082a3}, !- Target Object
  4;                                      !- Inlet Port

OS:OtherEquipment:Definition,
  {58756738-ce7f-4ff7-9213-07d604dc890f}, !- Handle
  water heater energy adjustment1,        !- Name
  EquipmentLevel,                         !- Design Level Calculation Method
  0.01,                                   !- Design Level {W}
  ,                                       !- Watts per Space Floor Area {W/m2}
  ,                                       !- Watts per Person {W/Person}
  0,                                      !- Fraction Latent
  0,                                      !- Fraction Radiant
  1;                                      !- Fraction Lost

OS:OtherEquipment,
  {00778694-f56d-4df9-b7ae-fa81303e8afc}, !- Handle
  water heater energy adjustment1,        !- Name
  {58756738-ce7f-4ff7-9213-07d604dc890f}, !- Other Equipment Definition Name
  {1a546e2e-8d60-4a4f-a952-7373f8b7f110}, !- Space or SpaceType Name
  {ce65d028-ae7c-4114-87b4-d70c0fc4bebf}, !- Schedule Name
  ,                                       !- Multiplier
  Electricity,                            !- Fuel Type
  water heater energy adjustment1;        !- End-Use Subcategory

OS:AdditionalProperties,
  {3113fc94-3ef9-4e96-9d38-c59263ab842b}, !- Handle
  {00778694-f56d-4df9-b7ae-fa81303e8afc}, !- Object Name
  HPXML_ID,                               !- Feature Name 1
  String,                                 !- Feature Data Type 1
  WaterHeatingSystem1;                    !- Feature Value 1

OS:EnergyManagementSystem:Sensor,
  {636eb3d4-d8fb-4736-aed3-2094ce1afb7f}, !- Handle
  water_heater_energy,                    !- Name
  water heater,                           !- Output Variable or Output Meter Index Key Name
  Water Heater Electricity Rate;          !- Output Variable or Output Meter Name

OS:EnergyManagementSystem:Sensor,
  {19126d36-7dd2-4aa8-85d0-dc64b071d87c}, !- Handle
  water_heater_on_cycle_parasitic,        !- Name
  water heater,                           !- Output Variable or Output Meter Index Key Name
  Water Heater On Cycle Parasitic Electricity Rate; !- Output Variable or Output Meter Name

OS:EnergyManagementSystem:Sensor,
  {6329738a-8d7c-4344-b424-0a031af112f6}, !- Handle
  water_heater_off_cycle_parasitic,       !- Name
  water heater,                           !- Output Variable or Output Meter Index Key Name
  Water Heater Off Cycle Parasitic Electricity Rate; !- Output Variable or Output Meter Name

OS:EnergyManagementSystem:Actuator,
  {2d527519-c9dd-4158-9ec2-40872f0d627d}, !- Handle
  water_heater_ec_adj_act,                !- Name
  {00778694-f56d-4df9-b7ae-fa81303e8afc}, !- Actuated Component Name
  OtherEquipment,                         !- Actuated Component Type
  Power Level,                            !- Actuated Component Control Type
  {1a546e2e-8d60-4a4f-a952-7373f8b7f110}; !- Zone or Space Name

OS:EnergyManagementSystem:Program,
  {932efd99-9b2a-4383-ae16-19bb1cf74301}, !- Handle
  water_heater_EC_adj,                    !- Name
  Set dhw_e_cons = water_heater_energy + water_heater_on_cycle_parasitic + water_heater_off_cycle_parasitic, !- Program Line 1
  Set water_heater_ec_adj_act = 0.0 * dhw_e_cons / 1; !- Program Line 2

OS:EnergyManagementSystem:ProgramCallingManager,
  {d0407f2c-2f50-410b-becf-1e1c611f962c}, !- Handle
  water heater EC_adj ProgramManager,     !- Name
  EndOfSystemTimestepBeforeHVACReporting, !- EnergyPlus Model Calling Point
  {932efd99-9b2a-4383-ae16-19bb1cf74301}; !- Program Name 1

OS:WaterUse:Connections,
  {dde39ab5-b327-4b0a-816a-1491f53e2c69}, !- Handle
  Water Use Connections 1,                !- Name
  {a29435ca-3f54-4dd8-9267-c3e927a95cbd}, !- Inlet Node Name
  {8804db9e-edad-4b36-ab4e-a63ba9a29803}, !- Outlet Node Name
  ,                                       !- Supply Water Storage Tank Name
  ,                                       !- Reclamation Water Storage Tank Name
  ,                                       !- Hot Water Supply Temperature Schedule Name
  ,                                       !- Cold Water Supply Temperature Schedule Name
  None,                                   !- Drain Water Heat Exchanger Type
  Plant,                                  !- Drain Water Heat Exchanger Destination
  ,                                       !- Drain Water Heat Exchanger U-Factor Times Area {W/K}
  {d6fd5479-8224-4ddb-bb45-8598a8f84bf0}, !- Water Use Equipment Name 1
  {afe6af08-9860-4c52-b1c5-a9c338c01d5b}, !- Water Use Equipment Name 2
  {7cd29d2e-6052-4f31-b0f7-58ca2c0ef2a5}, !- Water Use Equipment Name 3
  {08e34186-5e7f-4691-ae2a-653d16d17bc1}; !- Water Use Equipment Name 4

OS:AdditionalProperties,
  {a009ee02-c4a7-4b25-9bbf-5601b0138fe2}, !- Handle
  {dde39ab5-b327-4b0a-816a-1491f53e2c69}, !- Object Name
  HPXML_ID,                               !- Feature Name 1
  String,                                 !- Feature Data Type 1
  WaterHeatingSystem1;                    !- Feature Value 1

OS:Node,
  {f5b99ceb-82ae-4b86-bcb5-f6a6d0c1596a}, !- Handle
  Node 21,                                !- Name
  {8804db9e-edad-4b36-ab4e-a63ba9a29803}, !- Inlet Port
  {4d422ff2-6cbf-4d7f-a52e-76a4a4211fc7}; !- Outlet Port

OS:Connection,
  {a29435ca-3f54-4dd8-9267-c3e927a95cbd}, !- Handle
  {d12a6bd3-b1c3-444e-96f6-4d2679531d35}, !- Source Object
  3,                                      !- Outlet Port
  {dde39ab5-b327-4b0a-816a-1491f53e2c69}, !- Target Object
  2;                                      !- Inlet Port

OS:Connection,
  {8804db9e-edad-4b36-ab4e-a63ba9a29803}, !- Handle
  {dde39ab5-b327-4b0a-816a-1491f53e2c69}, !- Source Object
  3,                                      !- Outlet Port
  {f5b99ceb-82ae-4b86-bcb5-f6a6d0c1596a}, !- Target Object
  2;                                      !- Inlet Port

OS:Connection,
  {4d422ff2-6cbf-4d7f-a52e-76a4a4211fc7}, !- Handle
  {f5b99ceb-82ae-4b86-bcb5-f6a6d0c1596a}, !- Source Object
  3,                                      !- Outlet Port
  {47566304-cce8-4e1c-8810-14a720f7561e}, !- Target Object
  3;                                      !- Inlet Port

OS:Schedule:File,
  {fd958dd5-e1da-475e-a5af-2212e49b038b}, !- Handle
  clothes_washer,                         !- Name
  {10ce4029-b4c2-42f8-998e-362f2b524706}, !- Schedule Type Limits Name
  {e70e25e0-7ae6-4cca-8aa6-6c07002182f5}, !- External File Name
  6,                                      !- Column Number
  1,                                      !- Rows to Skip at Top
  8760,                                   !- Number of Hours of Data
  ,                                       !- Column Separator
  ,                                       !- Interpolate to Timestep
  15,                                     !- Minutes per Item
  ,                                       !- Adjust Schedule for Daylight Savings
  Yes;                                    !- Translate File With Relative Path

OS:ElectricEquipment:Definition,
  {b83a3e8c-b363-4aaf-bece-5d3e0a488bc2}, !- Handle
  clothes washer,                         !- Name
  EquipmentLevel,                         !- Design Level Calculation Method
  332.719000600329,                       !- Design Level {W}
  ,                                       !- Watts per Space Floor Area {W/m2}
  ,                                       !- Watts per Person {W/person}
  0.03,                                   !- Fraction Latent
  0.162,                                  !- Fraction Radiant
  0.7;                                    !- Fraction Lost

OS:ElectricEquipment,
  {85bbacaa-33b8-44e4-a40a-83575e457116}, !- Handle
  clothes washer,                         !- Name
  {b83a3e8c-b363-4aaf-bece-5d3e0a488bc2}, !- Electric Equipment Definition Name
  {d42efddc-4609-4abe-98fa-02a11f0e8057}, !- Space or SpaceType Name
  {fd958dd5-e1da-475e-a5af-2212e49b038b}, !- Schedule Name
  ,                                       !- Multiplier
  clothes washer;                         !- End-Use Subcategory

OS:Schedule:File,
  {d7081d10-3657-47f3-aecb-93b874426200}, !- Handle
  clothes_dryer,                          !- Name
  {10ce4029-b4c2-42f8-998e-362f2b524706}, !- Schedule Type Limits Name
  {e70e25e0-7ae6-4cca-8aa6-6c07002182f5}, !- External File Name
  7,                                      !- Column Number
  1,                                      !- Rows to Skip at Top
  8760,                                   !- Number of Hours of Data
  ,                                       !- Column Separator
  ,                                       !- Interpolate to Timestep
  15,                                     !- Minutes per Item
  ,                                       !- Adjust Schedule for Daylight Savings
  Yes;                                    !- Translate File With Relative Path

OS:ElectricEquipment:Definition,
  {b74d2c28-90cf-46bf-a762-f3276bd8023e}, !- Handle
  clothes dryer,                          !- Name
  EquipmentLevel,                         !- Design Level Calculation Method
  2804.58240963751,                       !- Design Level {W}
  ,                                       !- Watts per Space Floor Area {W/m2}
  ,                                       !- Watts per Person {W/person}
  0.015,                                  !- Fraction Latent
  0.081,                                  !- Fraction Radiant
  0.85;                                   !- Fraction Lost

OS:ElectricEquipment,
  {d202e358-8975-4eba-aaa7-0e2ec2bcde11}, !- Handle
  clothes dryer,                          !- Name
  {b74d2c28-90cf-46bf-a762-f3276bd8023e}, !- Electric Equipment Definition Name
  {d42efddc-4609-4abe-98fa-02a11f0e8057}, !- Space or SpaceType Name
  {d7081d10-3657-47f3-aecb-93b874426200}, !- Schedule Name
  ,                                       !- Multiplier
  clothes dryer;                          !- End-Use Subcategory

OS:Schedule:File,
  {1cfbfeda-2ca4-4329-8df3-60879ad7231c}, !- Handle
  dishwasher,                             !- Name
  {10ce4029-b4c2-42f8-998e-362f2b524706}, !- Schedule Type Limits Name
  {e70e25e0-7ae6-4cca-8aa6-6c07002182f5}, !- External File Name
  5,                                      !- Column Number
  1,                                      !- Rows to Skip at Top
  8760,                                   !- Number of Hours of Data
  ,                                       !- Column Separator
  ,                                       !- Interpolate to Timestep
  15,                                     !- Minutes per Item
  ,                                       !- Adjust Schedule for Daylight Savings
  Yes;                                    !- Translate File With Relative Path

OS:ElectricEquipment:Definition,
  {4076aa16-baab-4704-b41b-54fa5ad3840c}, !- Handle
  dishwasher,                             !- Name
  EquipmentLevel,                         !- Design Level Calculation Method
  666.802914821925,                       !- Design Level {W}
  ,                                       !- Watts per Space Floor Area {W/m2}
  ,                                       !- Watts per Person {W/person}
  0.3,                                    !- Fraction Latent
  0.18,                                   !- Fraction Radiant
  0.4;                                    !- Fraction Lost

OS:ElectricEquipment,
  {452cb750-e603-4cdc-9483-8381ebc06a7c}, !- Handle
  dishwasher,                             !- Name
  {4076aa16-baab-4704-b41b-54fa5ad3840c}, !- Electric Equipment Definition Name
  {d42efddc-4609-4abe-98fa-02a11f0e8057}, !- Space or SpaceType Name
  {1cfbfeda-2ca4-4329-8df3-60879ad7231c}, !- Schedule Name
  ,                                       !- Multiplier
  dishwasher;                             !- End-Use Subcategory

OS:Schedule:Ruleset,
  {72cf9639-2a50-4ec5-ae7e-cc585fac44cc}, !- Handle
  fridge schedule,                        !- Name
  {10ce4029-b4c2-42f8-998e-362f2b524706}, !- Schedule Type Limits Name
  {58557f6d-3a80-4c24-8bf0-4a6542c1da48}; !- Default Day Schedule Name

OS:Schedule:Day,
  {58557f6d-3a80-4c24-8bf0-4a6542c1da48}, !- Handle
  fridge schedule default day,            !- Name
  {10ce4029-b4c2-42f8-998e-362f2b524706}, !- Schedule Type Limits Name
  ,                                       !- Interpolate to Timestep
  24,                                     !- Hour 1
  0,                                      !- Minute 1
  0;                                      !- Value Until Time 1

OS:Schedule:Rule,
  {86a40a0a-f17f-456c-8af0-89bf61702d3a}, !- Handle
  fridge schedule allday ruleset1,        !- Name
  {72cf9639-2a50-4ec5-ae7e-cc585fac44cc}, !- Schedule Ruleset Name
  6,                                      !- Rule Order
  {b6244bcd-e0e5-4a12-948e-7ad21f280bf8}, !- Day Schedule Name
  Yes,                                    !- Apply Sunday
  Yes,                                    !- Apply Monday
  Yes,                                    !- Apply Tuesday
  Yes,                                    !- Apply Wednesday
  Yes,                                    !- Apply Thursday
  Yes,                                    !- Apply Friday
  Yes,                                    !- Apply Saturday
  DateRange,                              !- Date Specification Type
  1,                                      !- Start Month
  1,                                      !- Start Day
  1,                                      !- End Month
  31;                                     !- End Day

OS:Schedule:Day,
  {b6244bcd-e0e5-4a12-948e-7ad21f280bf8}, !- Handle
  fridge schedule allday1,                !- Name
  {10ce4029-b4c2-42f8-998e-362f2b524706}, !- Schedule Type Limits Name
  ,                                       !- Interpolate to Timestep
  1,                                      !- Hour 1
  0,                                      !- Minute 1
  0.610948905109489,                      !- Value Until Time 1
  2,                                      !- Hour 2
  0,                                      !- Minute 2
  0.595675182481752,                      !- Value Until Time 2
  3,                                      !- Hour 3
  0,                                      !- Minute 3
  0.580401459854014,                      !- Value Until Time 3
  4,                                      !- Hour 4
  0,                                      !- Minute 4
  0.565127737226277,                      !- Value Until Time 4
  6,                                      !- Hour 5
  0,                                      !- Minute 5
  0.54985401459854,                       !- Value Until Time 5
  7,                                      !- Hour 6
  0,                                      !- Minute 6
  0.580401459854014,                      !- Value Until Time 6
  8,                                      !- Hour 7
  0,                                      !- Minute 7
  0.610948905109489,                      !- Value Until Time 7
  10,                                     !- Hour 8
  0,                                      !- Minute 8
  0.626222627737226,                      !- Value Until Time 8
  12,                                     !- Hour 9
  0,                                      !- Minute 9
  0.610948905109489,                      !- Value Until Time 9
  15,                                     !- Hour 10
  0,                                      !- Minute 10
  0.641496350364963,                      !- Value Until Time 10
  16,                                     !- Hour 11
  0,                                      !- Minute 11
  0.626222627737226,                      !- Value Until Time 11
  17,                                     !- Hour 12
  0,                                      !- Minute 12
  0.672043795620438,                      !- Value Until Time 12
  18,                                     !- Hour 13
  0,                                      !- Minute 13
  0.733138686131387,                      !- Value Until Time 13
  19,                                     !- Hour 14
  0,                                      !- Minute 14
  0.763686131386861,                      !- Value Until Time 14
  20,                                     !- Hour 15
  0,                                      !- Minute 15
  0.733138686131387,                      !- Value Until Time 15
  21,                                     !- Hour 16
  0,                                      !- Minute 16
  0.717864963503649,                      !- Value Until Time 16
  22,                                     !- Hour 17
  0,                                      !- Minute 17
  0.702591240875912,                      !- Value Until Time 17
  23,                                     !- Hour 18
  0,                                      !- Minute 18
  0.672043795620438,                      !- Value Until Time 18
  24,                                     !- Hour 19
  0,                                      !- Minute 19
  0.626222627737226;                      !- Value Until Time 19

OS:Schedule:Rule,
  {a0daf7da-d7d9-4d13-bfba-e5142a37bd2e}, !- Handle
  fridge schedule allday ruleset2,        !- Name
  {72cf9639-2a50-4ec5-ae7e-cc585fac44cc}, !- Schedule Ruleset Name
  5,                                      !- Rule Order
  {f9b86744-1ac7-4c65-9a19-6088ec9633b4}, !- Day Schedule Name
  Yes,                                    !- Apply Sunday
  Yes,                                    !- Apply Monday
  Yes,                                    !- Apply Tuesday
  Yes,                                    !- Apply Wednesday
  Yes,                                    !- Apply Thursday
  Yes,                                    !- Apply Friday
  Yes,                                    !- Apply Saturday
  DateRange,                              !- Date Specification Type
  2,                                      !- Start Month
  1,                                      !- Start Day
  2,                                      !- End Month
  28;                                     !- End Day

OS:Schedule:Day,
  {f9b86744-1ac7-4c65-9a19-6088ec9633b4}, !- Handle
  fridge schedule allday2,                !- Name
  {10ce4029-b4c2-42f8-998e-362f2b524706}, !- Schedule Type Limits Name
  ,                                       !- Interpolate to Timestep
  1,                                      !- Hour 1
  0,                                      !- Minute 1
  0.60948905109489,                       !- Value Until Time 1
  2,                                      !- Hour 2
  0,                                      !- Minute 2
  0.594251824817518,                      !- Value Until Time 2
  3,                                      !- Hour 3
  0,                                      !- Minute 3
  0.579014598540146,                      !- Value Until Time 3
  4,                                      !- Hour 4
  0,                                      !- Minute 4
  0.563777372262774,                      !- Value Until Time 4
  6,                                      !- Hour 5
  0,                                      !- Minute 5
  0.548540145985401,                      !- Value Until Time 5
  7,                                      !- Hour 6
  0,                                      !- Minute 6
  0.579014598540146,                      !- Value Until Time 6
  8,                                      !- Hour 7
  0,                                      !- Minute 7
  0.60948905109489,                       !- Value Until Time 7
  10,                                     !- Hour 8
  0,                                      !- Minute 8
  0.624726277372263,                      !- Value Until Time 8
  12,                                     !- Hour 9
  0,                                      !- Minute 9
  0.60948905109489,                       !- Value Until Time 9
  15,                                     !- Hour 10
  0,                                      !- Minute 10
  0.639963503649635,                      !- Value Until Time 10
  16,                                     !- Hour 11
  0,                                      !- Minute 11
  0.624726277372263,                      !- Value Until Time 11
  17,                                     !- Hour 12
  0,                                      !- Minute 12
  0.670437956204379,                      !- Value Until Time 12
  18,                                     !- Hour 13
  0,                                      !- Minute 13
  0.731386861313868,                      !- Value Until Time 13
  19,                                     !- Hour 14
  0,                                      !- Minute 14
  0.761861313868613,                      !- Value Until Time 14
  20,                                     !- Hour 15
  0,                                      !- Minute 15
  0.731386861313868,                      !- Value Until Time 15
  21,                                     !- Hour 16
  0,                                      !- Minute 16
  0.716149635036496,                      !- Value Until Time 16
  22,                                     !- Hour 17
  0,                                      !- Minute 17
  0.700912408759124,                      !- Value Until Time 17
  23,                                     !- Hour 18
  0,                                      !- Minute 18
  0.670437956204379,                      !- Value Until Time 18
  24,                                     !- Hour 19
  0,                                      !- Minute 19
  0.624726277372263;                      !- Value Until Time 19

OS:Schedule:Rule,
  {8508c544-cc50-4568-8593-8bd1fb813a34}, !- Handle
  fridge schedule allday ruleset3,        !- Name
  {72cf9639-2a50-4ec5-ae7e-cc585fac44cc}, !- Schedule Ruleset Name
  4,                                      !- Rule Order
  {159b25be-13b0-486c-88ac-6e87ae6740ef}, !- Day Schedule Name
  Yes,                                    !- Apply Sunday
  Yes,                                    !- Apply Monday
  Yes,                                    !- Apply Tuesday
  Yes,                                    !- Apply Wednesday
  Yes,                                    !- Apply Thursday
  Yes,                                    !- Apply Friday
  Yes,                                    !- Apply Saturday
  DateRange,                              !- Date Specification Type
  3,                                      !- Start Month
  1,                                      !- Start Day
  5,                                      !- End Month
  31;                                     !- End Day

OS:Schedule:Day,
  {159b25be-13b0-486c-88ac-6e87ae6740ef}, !- Handle
  fridge schedule allday3,                !- Name
  {10ce4029-b4c2-42f8-998e-362f2b524706}, !- Schedule Type Limits Name
  ,                                       !- Interpolate to Timestep
  1,                                      !- Hour 1
  0,                                      !- Minute 1
  0.791240875912409,                      !- Value Until Time 1
  2,                                      !- Hour 2
  0,                                      !- Minute 2
  0.771459854014598,                      !- Value Until Time 2
  3,                                      !- Hour 3
  0,                                      !- Minute 3
  0.751678832116788,                      !- Value Until Time 3
  4,                                      !- Hour 4
  0,                                      !- Minute 4
  0.731897810218978,                      !- Value Until Time 4
  6,                                      !- Hour 5
  0,                                      !- Minute 5
  0.712116788321168,                      !- Value Until Time 5
  7,                                      !- Hour 6
  0,                                      !- Minute 6
  0.751678832116788,                      !- Value Until Time 6
  8,                                      !- Hour 7
  0,                                      !- Minute 7
  0.791240875912409,                      !- Value Until Time 7
  10,                                     !- Hour 8
  0,                                      !- Minute 8
  0.811021897810219,                      !- Value Until Time 8
  12,                                     !- Hour 9
  0,                                      !- Minute 9
  0.791240875912409,                      !- Value Until Time 9
  15,                                     !- Hour 10
  0,                                      !- Minute 10
  0.830802919708029,                      !- Value Until Time 10
  16,                                     !- Hour 11
  0,                                      !- Minute 11
  0.811021897810219,                      !- Value Until Time 11
  17,                                     !- Hour 12
  0,                                      !- Minute 12
  0.87036496350365,                       !- Value Until Time 12
  18,                                     !- Hour 13
  0,                                      !- Minute 13
  0.949489051094891,                      !- Value Until Time 13
  19,                                     !- Hour 14
  0,                                      !- Minute 14
  0.989051094890511,                      !- Value Until Time 14
  20,                                     !- Hour 15
  0,                                      !- Minute 15
  0.949489051094891,                      !- Value Until Time 15
  21,                                     !- Hour 16
  0,                                      !- Minute 16
  0.92970802919708,                       !- Value Until Time 16
  22,                                     !- Hour 17
  0,                                      !- Minute 17
  0.90992700729927,                       !- Value Until Time 17
  23,                                     !- Hour 18
  0,                                      !- Minute 18
  0.87036496350365,                       !- Value Until Time 18
  24,                                     !- Hour 19
  0,                                      !- Minute 19
  0.811021897810219;                      !- Value Until Time 19

OS:Schedule:Rule,
  {2c140d6b-77bc-4c16-8530-c0c10585461d}, !- Handle
  fridge schedule allday ruleset6,        !- Name
  {72cf9639-2a50-4ec5-ae7e-cc585fac44cc}, !- Schedule Ruleset Name
  3,                                      !- Rule Order
  {c5a9b936-6675-465e-939d-dfddc20166f0}, !- Day Schedule Name
  Yes,                                    !- Apply Sunday
  Yes,                                    !- Apply Monday
  Yes,                                    !- Apply Tuesday
  Yes,                                    !- Apply Wednesday
  Yes,                                    !- Apply Thursday
  Yes,                                    !- Apply Friday
  Yes,                                    !- Apply Saturday
  DateRange,                              !- Date Specification Type
  6,                                      !- Start Month
  1,                                      !- Start Day
  9,                                      !- End Month
  30;                                     !- End Day

OS:Schedule:Day,
  {c5a9b936-6675-465e-939d-dfddc20166f0}, !- Handle
  fridge schedule allday6,                !- Name
  {10ce4029-b4c2-42f8-998e-362f2b524706}, !- Schedule Type Limits Name
  ,                                       !- Interpolate to Timestep
  1,                                      !- Hour 1
  0,                                      !- Minute 1
  0.8,                                    !- Value Until Time 1
  2,                                      !- Hour 2
  0,                                      !- Minute 2
  0.78,                                   !- Value Until Time 2
  3,                                      !- Hour 3
  0,                                      !- Minute 3
  0.76,                                   !- Value Until Time 3
  4,                                      !- Hour 4
  0,                                      !- Minute 4
  0.74,                                   !- Value Until Time 4
  6,                                      !- Hour 5
  0,                                      !- Minute 5
  0.72,                                   !- Value Until Time 5
  7,                                      !- Hour 6
  0,                                      !- Minute 6
  0.76,                                   !- Value Until Time 6
  8,                                      !- Hour 7
  0,                                      !- Minute 7
  0.8,                                    !- Value Until Time 7
  10,                                     !- Hour 8
  0,                                      !- Minute 8
  0.82,                                   !- Value Until Time 8
  12,                                     !- Hour 9
  0,                                      !- Minute 9
  0.8,                                    !- Value Until Time 9
  15,                                     !- Hour 10
  0,                                      !- Minute 10
  0.84,                                   !- Value Until Time 10
  16,                                     !- Hour 11
  0,                                      !- Minute 11
  0.82,                                   !- Value Until Time 11
  17,                                     !- Hour 12
  0,                                      !- Minute 12
  0.88,                                   !- Value Until Time 12
  18,                                     !- Hour 13
  0,                                      !- Minute 13
  0.96,                                   !- Value Until Time 13
  19,                                     !- Hour 14
  0,                                      !- Minute 14
  1,                                      !- Value Until Time 14
  20,                                     !- Hour 15
  0,                                      !- Minute 15
  0.96,                                   !- Value Until Time 15
  21,                                     !- Hour 16
  0,                                      !- Minute 16
  0.94,                                   !- Value Until Time 16
  22,                                     !- Hour 17
  0,                                      !- Minute 17
  0.92,                                   !- Value Until Time 17
  23,                                     !- Hour 18
  0,                                      !- Minute 18
  0.88,                                   !- Value Until Time 18
  24,                                     !- Hour 19
  0,                                      !- Minute 19
  0.82;                                   !- Value Until Time 19

OS:Schedule:Rule,
  {f9e457f3-752c-4ac9-a45a-ec446e852447}, !- Handle
  fridge schedule allday ruleset10,       !- Name
  {72cf9639-2a50-4ec5-ae7e-cc585fac44cc}, !- Schedule Ruleset Name
  2,                                      !- Rule Order
  {202d3acc-64b1-46c3-b469-5acd865b5361}, !- Day Schedule Name
  Yes,                                    !- Apply Sunday
  Yes,                                    !- Apply Monday
  Yes,                                    !- Apply Tuesday
  Yes,                                    !- Apply Wednesday
  Yes,                                    !- Apply Thursday
  Yes,                                    !- Apply Friday
  Yes,                                    !- Apply Saturday
  DateRange,                              !- Date Specification Type
  10,                                     !- Start Month
  1,                                      !- Start Day
  10,                                     !- End Month
  31;                                     !- End Day

OS:Schedule:Day,
  {202d3acc-64b1-46c3-b469-5acd865b5361}, !- Handle
  fridge schedule allday10,               !- Name
  {10ce4029-b4c2-42f8-998e-362f2b524706}, !- Schedule Type Limits Name
  ,                                       !- Interpolate to Timestep
  1,                                      !- Hour 1
  0,                                      !- Minute 1
  0.67956204379562,                       !- Value Until Time 1
  2,                                      !- Hour 2
  0,                                      !- Minute 2
  0.66257299270073,                       !- Value Until Time 2
  3,                                      !- Hour 3
  0,                                      !- Minute 3
  0.645583941605839,                      !- Value Until Time 3
  4,                                      !- Hour 4
  0,                                      !- Minute 4
  0.628594890510949,                      !- Value Until Time 4
  6,                                      !- Hour 5
  0,                                      !- Minute 5
  0.611605839416058,                      !- Value Until Time 5
  7,                                      !- Hour 6
  0,                                      !- Minute 6
  0.645583941605839,                      !- Value Until Time 6
  8,                                      !- Hour 7
  0,                                      !- Minute 7
  0.67956204379562,                       !- Value Until Time 7
  10,                                     !- Hour 8
  0,                                      !- Minute 8
  0.696551094890511,                      !- Value Until Time 8
  12,                                     !- Hour 9
  0,                                      !- Minute 9
  0.67956204379562,                       !- Value Until Time 9
  15,                                     !- Hour 10
  0,                                      !- Minute 10
  0.713540145985401,                      !- Value Until Time 10
  16,                                     !- Hour 11
  0,                                      !- Minute 11
  0.696551094890511,                      !- Value Until Time 11
  17,                                     !- Hour 12
  0,                                      !- Minute 12
  0.747518248175182,                      !- Value Until Time 12
  18,                                     !- Hour 13
  0,                                      !- Minute 13
  0.815474452554744,                      !- Value Until Time 13
  19,                                     !- Hour 14
  0,                                      !- Minute 14
  0.849452554744526,                      !- Value Until Time 14
  20,                                     !- Hour 15
  0,                                      !- Minute 15
  0.815474452554744,                      !- Value Until Time 15
  21,                                     !- Hour 16
  0,                                      !- Minute 16
  0.798485401459854,                      !- Value Until Time 16
  22,                                     !- Hour 17
  0,                                      !- Minute 17
  0.781496350364963,                      !- Value Until Time 17
  23,                                     !- Hour 18
  0,                                      !- Minute 18
  0.747518248175182,                      !- Value Until Time 18
  24,                                     !- Hour 19
  0,                                      !- Minute 19
  0.696551094890511;                      !- Value Until Time 19

OS:Schedule:Rule,
  {539777c5-f903-4473-b8f1-7658d31fd7d5}, !- Handle
  fridge schedule allday ruleset11,       !- Name
  {72cf9639-2a50-4ec5-ae7e-cc585fac44cc}, !- Schedule Ruleset Name
  1,                                      !- Rule Order
  {f6c3b8d0-8440-4b8a-b955-f5eddbee8e2d}, !- Day Schedule Name
  Yes,                                    !- Apply Sunday
  Yes,                                    !- Apply Monday
  Yes,                                    !- Apply Tuesday
  Yes,                                    !- Apply Wednesday
  Yes,                                    !- Apply Thursday
  Yes,                                    !- Apply Friday
  Yes,                                    !- Apply Saturday
  DateRange,                              !- Date Specification Type
  11,                                     !- Start Month
  1,                                      !- Start Day
  11,                                     !- End Month
  30;                                     !- End Day

OS:Schedule:Day,
  {f6c3b8d0-8440-4b8a-b955-f5eddbee8e2d}, !- Handle
  fridge schedule allday11,               !- Name
  {10ce4029-b4c2-42f8-998e-362f2b524706}, !- Schedule Type Limits Name
  ,                                       !- Interpolate to Timestep
  1,                                      !- Hour 1
  0,                                      !- Minute 1
  0.675182481751825,                      !- Value Until Time 1
  2,                                      !- Hour 2
  0,                                      !- Minute 2
  0.658302919708029,                      !- Value Until Time 2
  3,                                      !- Hour 3
  0,                                      !- Minute 3
  0.641423357664234,                      !- Value Until Time 3
  4,                                      !- Hour 4
  0,                                      !- Minute 4
  0.624543795620438,                      !- Value Until Time 4
  6,                                      !- Hour 5
  0,                                      !- Minute 5
  0.607664233576642,                      !- Value Until Time 5
  7,                                      !- Hour 6
  0,                                      !- Minute 6
  0.641423357664234,                      !- Value Until Time 6
  8,                                      !- Hour 7
  0,                                      !- Minute 7
  0.675182481751825,                      !- Value Until Time 7
  10,                                     !- Hour 8
  0,                                      !- Minute 8
  0.69206204379562,                       !- Value Until Time 8
  12,                                     !- Hour 9
  0,                                      !- Minute 9
  0.675182481751825,                      !- Value Until Time 9
  15,                                     !- Hour 10
  0,                                      !- Minute 10
  0.708941605839416,                      !- Value Until Time 10
  16,                                     !- Hour 11
  0,                                      !- Minute 11
  0.69206204379562,                       !- Value Until Time 11
  17,                                     !- Hour 12
  0,                                      !- Minute 12
  0.742700729927007,                      !- Value Until Time 12
  18,                                     !- Hour 13
  0,                                      !- Minute 13
  0.81021897810219,                       !- Value Until Time 13
  19,                                     !- Hour 14
  0,                                      !- Minute 14
  0.843978102189781,                      !- Value Until Time 14
  20,                                     !- Hour 15
  0,                                      !- Minute 15
  0.81021897810219,                       !- Value Until Time 15
  21,                                     !- Hour 16
  0,                                      !- Minute 16
  0.793339416058394,                      !- Value Until Time 16
  22,                                     !- Hour 17
  0,                                      !- Minute 17
  0.776459854014598,                      !- Value Until Time 17
  23,                                     !- Hour 18
  0,                                      !- Minute 18
  0.742700729927007,                      !- Value Until Time 18
  24,                                     !- Hour 19
  0,                                      !- Minute 19
  0.69206204379562;                       !- Value Until Time 19

OS:Schedule:Rule,
  {efcac95d-50b7-4026-ab33-a671e348cfad}, !- Handle
  fridge schedule allday ruleset12,       !- Name
  {72cf9639-2a50-4ec5-ae7e-cc585fac44cc}, !- Schedule Ruleset Name
  0,                                      !- Rule Order
  {fe93b45e-9876-4ebf-b49e-7be9963c7f79}, !- Day Schedule Name
  Yes,                                    !- Apply Sunday
  Yes,                                    !- Apply Monday
  Yes,                                    !- Apply Tuesday
  Yes,                                    !- Apply Wednesday
  Yes,                                    !- Apply Thursday
  Yes,                                    !- Apply Friday
  Yes,                                    !- Apply Saturday
  DateRange,                              !- Date Specification Type
  12,                                     !- Start Month
  1,                                      !- Start Day
  12,                                     !- End Month
  31;                                     !- End Day

OS:Schedule:Day,
  {fe93b45e-9876-4ebf-b49e-7be9963c7f79}, !- Handle
  fridge schedule allday12,               !- Name
  {10ce4029-b4c2-42f8-998e-362f2b524706}, !- Schedule Type Limits Name
  ,                                       !- Interpolate to Timestep
  1,                                      !- Hour 1
  0,                                      !- Minute 1
  0.610948905109489,                      !- Value Until Time 1
  2,                                      !- Hour 2
  0,                                      !- Minute 2
  0.595675182481752,                      !- Value Until Time 2
  3,                                      !- Hour 3
  0,                                      !- Minute 3
  0.580401459854014,                      !- Value Until Time 3
  4,                                      !- Hour 4
  0,                                      !- Minute 4
  0.565127737226277,                      !- Value Until Time 4
  6,                                      !- Hour 5
  0,                                      !- Minute 5
  0.54985401459854,                       !- Value Until Time 5
  7,                                      !- Hour 6
  0,                                      !- Minute 6
  0.580401459854014,                      !- Value Until Time 6
  8,                                      !- Hour 7
  0,                                      !- Minute 7
  0.610948905109489,                      !- Value Until Time 7
  10,                                     !- Hour 8
  0,                                      !- Minute 8
  0.626222627737226,                      !- Value Until Time 8
  12,                                     !- Hour 9
  0,                                      !- Minute 9
  0.610948905109489,                      !- Value Until Time 9
  15,                                     !- Hour 10
  0,                                      !- Minute 10
  0.641496350364963,                      !- Value Until Time 10
  16,                                     !- Hour 11
  0,                                      !- Minute 11
  0.626222627737226,                      !- Value Until Time 11
  17,                                     !- Hour 12
  0,                                      !- Minute 12
  0.672043795620438,                      !- Value Until Time 12
  18,                                     !- Hour 13
  0,                                      !- Minute 13
  0.733138686131387,                      !- Value Until Time 13
  19,                                     !- Hour 14
  0,                                      !- Minute 14
  0.763686131386861,                      !- Value Until Time 14
  20,                                     !- Hour 15
  0,                                      !- Minute 15
  0.733138686131387,                      !- Value Until Time 15
  21,                                     !- Hour 16
  0,                                      !- Minute 16
  0.717864963503649,                      !- Value Until Time 16
  22,                                     !- Hour 17
  0,                                      !- Minute 17
  0.702591240875912,                      !- Value Until Time 17
  23,                                     !- Hour 18
  0,                                      !- Minute 18
  0.672043795620438,                      !- Value Until Time 18
  24,                                     !- Hour 19
  0,                                      !- Minute 19
  0.626222627737226;                      !- Value Until Time 19

OS:ElectricEquipment:Definition,
  {f584c172-50c4-4439-a048-644fac00e302}, !- Handle
  fridge,                                 !- Name
  EquipmentLevel,                         !- Design Level Calculation Method
  54.5682223441954,                       !- Design Level {W}
  ,                                       !- Watts per Space Floor Area {W/m2}
  ,                                       !- Watts per Person {W/person}
  0,                                      !- Fraction Latent
  0.6,                                    !- Fraction Radiant
  0;                                      !- Fraction Lost

OS:ElectricEquipment,
  {ded36e41-35be-45c2-a29f-245c2ae334d0}, !- Handle
  fridge,                                 !- Name
  {f584c172-50c4-4439-a048-644fac00e302}, !- Electric Equipment Definition Name
  {d42efddc-4609-4abe-98fa-02a11f0e8057}, !- Space or SpaceType Name
  {72cf9639-2a50-4ec5-ae7e-cc585fac44cc}, !- Schedule Name
  ,                                       !- Multiplier
  fridge;                                 !- End-Use Subcategory

OS:Schedule:Ruleset,
  {ea93714a-78f0-441e-bd47-89b3ebdadf50}, !- Handle
  fridge schedule 1,                      !- Name
  {10ce4029-b4c2-42f8-998e-362f2b524706}, !- Schedule Type Limits Name
  {3cf3f575-9402-419d-80d3-223b2a510047}; !- Default Day Schedule Name

OS:Schedule:Day,
  {3cf3f575-9402-419d-80d3-223b2a510047}, !- Handle
  fridge schedule default day 1,          !- Name
  {10ce4029-b4c2-42f8-998e-362f2b524706}, !- Schedule Type Limits Name
  ,                                       !- Interpolate to Timestep
  24,                                     !- Hour 1
  0,                                      !- Minute 1
  0;                                      !- Value Until Time 1

OS:Schedule:Rule,
  {a485f552-1747-4ed8-96ef-ec22d4f042ef}, !- Handle
  fridge schedule allday ruleset1 1,      !- Name
  {ea93714a-78f0-441e-bd47-89b3ebdadf50}, !- Schedule Ruleset Name
  6,                                      !- Rule Order
  {818f8d51-8ae2-403f-8b62-2b14418a0089}, !- Day Schedule Name
  Yes,                                    !- Apply Sunday
  Yes,                                    !- Apply Monday
  Yes,                                    !- Apply Tuesday
  Yes,                                    !- Apply Wednesday
  Yes,                                    !- Apply Thursday
  Yes,                                    !- Apply Friday
  Yes,                                    !- Apply Saturday
  DateRange,                              !- Date Specification Type
  1,                                      !- Start Month
  1,                                      !- Start Day
  1,                                      !- End Month
  31;                                     !- End Day

OS:Schedule:Day,
  {818f8d51-8ae2-403f-8b62-2b14418a0089}, !- Handle
  fridge schedule allday1 1,              !- Name
  {10ce4029-b4c2-42f8-998e-362f2b524706}, !- Schedule Type Limits Name
  ,                                       !- Interpolate to Timestep
  1,                                      !- Hour 1
  0,                                      !- Minute 1
  0.610948905109489,                      !- Value Until Time 1
  2,                                      !- Hour 2
  0,                                      !- Minute 2
  0.595675182481752,                      !- Value Until Time 2
  3,                                      !- Hour 3
  0,                                      !- Minute 3
  0.580401459854014,                      !- Value Until Time 3
  4,                                      !- Hour 4
  0,                                      !- Minute 4
  0.565127737226277,                      !- Value Until Time 4
  6,                                      !- Hour 5
  0,                                      !- Minute 5
  0.54985401459854,                       !- Value Until Time 5
  7,                                      !- Hour 6
  0,                                      !- Minute 6
  0.580401459854014,                      !- Value Until Time 6
  8,                                      !- Hour 7
  0,                                      !- Minute 7
  0.610948905109489,                      !- Value Until Time 7
  10,                                     !- Hour 8
  0,                                      !- Minute 8
  0.626222627737226,                      !- Value Until Time 8
  12,                                     !- Hour 9
  0,                                      !- Minute 9
  0.610948905109489,                      !- Value Until Time 9
  15,                                     !- Hour 10
  0,                                      !- Minute 10
  0.641496350364963,                      !- Value Until Time 10
  16,                                     !- Hour 11
  0,                                      !- Minute 11
  0.626222627737226,                      !- Value Until Time 11
  17,                                     !- Hour 12
  0,                                      !- Minute 12
  0.672043795620438,                      !- Value Until Time 12
  18,                                     !- Hour 13
  0,                                      !- Minute 13
  0.733138686131387,                      !- Value Until Time 13
  19,                                     !- Hour 14
  0,                                      !- Minute 14
  0.763686131386861,                      !- Value Until Time 14
  20,                                     !- Hour 15
  0,                                      !- Minute 15
  0.733138686131387,                      !- Value Until Time 15
  21,                                     !- Hour 16
  0,                                      !- Minute 16
  0.717864963503649,                      !- Value Until Time 16
  22,                                     !- Hour 17
  0,                                      !- Minute 17
  0.702591240875912,                      !- Value Until Time 17
  23,                                     !- Hour 18
  0,                                      !- Minute 18
  0.672043795620438,                      !- Value Until Time 18
  24,                                     !- Hour 19
  0,                                      !- Minute 19
  0.626222627737226;                      !- Value Until Time 19

OS:Schedule:Rule,
  {fc8d6032-c31d-491e-a142-73f42745169b}, !- Handle
  fridge schedule allday ruleset2 1,      !- Name
  {ea93714a-78f0-441e-bd47-89b3ebdadf50}, !- Schedule Ruleset Name
  5,                                      !- Rule Order
  {c79a86fa-da21-4b12-a4a2-99c574ac8066}, !- Day Schedule Name
  Yes,                                    !- Apply Sunday
  Yes,                                    !- Apply Monday
  Yes,                                    !- Apply Tuesday
  Yes,                                    !- Apply Wednesday
  Yes,                                    !- Apply Thursday
  Yes,                                    !- Apply Friday
  Yes,                                    !- Apply Saturday
  DateRange,                              !- Date Specification Type
  2,                                      !- Start Month
  1,                                      !- Start Day
  2,                                      !- End Month
  28;                                     !- End Day

OS:Schedule:Day,
  {c79a86fa-da21-4b12-a4a2-99c574ac8066}, !- Handle
  fridge schedule allday2 1,              !- Name
  {10ce4029-b4c2-42f8-998e-362f2b524706}, !- Schedule Type Limits Name
  ,                                       !- Interpolate to Timestep
  1,                                      !- Hour 1
  0,                                      !- Minute 1
  0.60948905109489,                       !- Value Until Time 1
  2,                                      !- Hour 2
  0,                                      !- Minute 2
  0.594251824817518,                      !- Value Until Time 2
  3,                                      !- Hour 3
  0,                                      !- Minute 3
  0.579014598540146,                      !- Value Until Time 3
  4,                                      !- Hour 4
  0,                                      !- Minute 4
  0.563777372262774,                      !- Value Until Time 4
  6,                                      !- Hour 5
  0,                                      !- Minute 5
  0.548540145985401,                      !- Value Until Time 5
  7,                                      !- Hour 6
  0,                                      !- Minute 6
  0.579014598540146,                      !- Value Until Time 6
  8,                                      !- Hour 7
  0,                                      !- Minute 7
  0.60948905109489,                       !- Value Until Time 7
  10,                                     !- Hour 8
  0,                                      !- Minute 8
  0.624726277372263,                      !- Value Until Time 8
  12,                                     !- Hour 9
  0,                                      !- Minute 9
  0.60948905109489,                       !- Value Until Time 9
  15,                                     !- Hour 10
  0,                                      !- Minute 10
  0.639963503649635,                      !- Value Until Time 10
  16,                                     !- Hour 11
  0,                                      !- Minute 11
  0.624726277372263,                      !- Value Until Time 11
  17,                                     !- Hour 12
  0,                                      !- Minute 12
  0.670437956204379,                      !- Value Until Time 12
  18,                                     !- Hour 13
  0,                                      !- Minute 13
  0.731386861313868,                      !- Value Until Time 13
  19,                                     !- Hour 14
  0,                                      !- Minute 14
  0.761861313868613,                      !- Value Until Time 14
  20,                                     !- Hour 15
  0,                                      !- Minute 15
  0.731386861313868,                      !- Value Until Time 15
  21,                                     !- Hour 16
  0,                                      !- Minute 16
  0.716149635036496,                      !- Value Until Time 16
  22,                                     !- Hour 17
  0,                                      !- Minute 17
  0.700912408759124,                      !- Value Until Time 17
  23,                                     !- Hour 18
  0,                                      !- Minute 18
  0.670437956204379,                      !- Value Until Time 18
  24,                                     !- Hour 19
  0,                                      !- Minute 19
  0.624726277372263;                      !- Value Until Time 19

OS:Schedule:Rule,
  {ee5552ca-8484-40be-b7b2-994377bca499}, !- Handle
  fridge schedule allday ruleset3 1,      !- Name
  {ea93714a-78f0-441e-bd47-89b3ebdadf50}, !- Schedule Ruleset Name
  4,                                      !- Rule Order
  {d8c89698-29b6-4f4a-80c4-d4d524eab88c}, !- Day Schedule Name
  Yes,                                    !- Apply Sunday
  Yes,                                    !- Apply Monday
  Yes,                                    !- Apply Tuesday
  Yes,                                    !- Apply Wednesday
  Yes,                                    !- Apply Thursday
  Yes,                                    !- Apply Friday
  Yes,                                    !- Apply Saturday
  DateRange,                              !- Date Specification Type
  3,                                      !- Start Month
  1,                                      !- Start Day
  5,                                      !- End Month
  31;                                     !- End Day

OS:Schedule:Day,
  {d8c89698-29b6-4f4a-80c4-d4d524eab88c}, !- Handle
  fridge schedule allday3 1,              !- Name
  {10ce4029-b4c2-42f8-998e-362f2b524706}, !- Schedule Type Limits Name
  ,                                       !- Interpolate to Timestep
  1,                                      !- Hour 1
  0,                                      !- Minute 1
  0.791240875912409,                      !- Value Until Time 1
  2,                                      !- Hour 2
  0,                                      !- Minute 2
  0.771459854014598,                      !- Value Until Time 2
  3,                                      !- Hour 3
  0,                                      !- Minute 3
  0.751678832116788,                      !- Value Until Time 3
  4,                                      !- Hour 4
  0,                                      !- Minute 4
  0.731897810218978,                      !- Value Until Time 4
  6,                                      !- Hour 5
  0,                                      !- Minute 5
  0.712116788321168,                      !- Value Until Time 5
  7,                                      !- Hour 6
  0,                                      !- Minute 6
  0.751678832116788,                      !- Value Until Time 6
  8,                                      !- Hour 7
  0,                                      !- Minute 7
  0.791240875912409,                      !- Value Until Time 7
  10,                                     !- Hour 8
  0,                                      !- Minute 8
  0.811021897810219,                      !- Value Until Time 8
  12,                                     !- Hour 9
  0,                                      !- Minute 9
  0.791240875912409,                      !- Value Until Time 9
  15,                                     !- Hour 10
  0,                                      !- Minute 10
  0.830802919708029,                      !- Value Until Time 10
  16,                                     !- Hour 11
  0,                                      !- Minute 11
  0.811021897810219,                      !- Value Until Time 11
  17,                                     !- Hour 12
  0,                                      !- Minute 12
  0.87036496350365,                       !- Value Until Time 12
  18,                                     !- Hour 13
  0,                                      !- Minute 13
  0.949489051094891,                      !- Value Until Time 13
  19,                                     !- Hour 14
  0,                                      !- Minute 14
  0.989051094890511,                      !- Value Until Time 14
  20,                                     !- Hour 15
  0,                                      !- Minute 15
  0.949489051094891,                      !- Value Until Time 15
  21,                                     !- Hour 16
  0,                                      !- Minute 16
  0.92970802919708,                       !- Value Until Time 16
  22,                                     !- Hour 17
  0,                                      !- Minute 17
  0.90992700729927,                       !- Value Until Time 17
  23,                                     !- Hour 18
  0,                                      !- Minute 18
  0.87036496350365,                       !- Value Until Time 18
  24,                                     !- Hour 19
  0,                                      !- Minute 19
  0.811021897810219;                      !- Value Until Time 19

OS:Schedule:Rule,
  {0ac895b4-aa34-4fe9-9b36-5a4eacd909c2}, !- Handle
  fridge schedule allday ruleset6 1,      !- Name
  {ea93714a-78f0-441e-bd47-89b3ebdadf50}, !- Schedule Ruleset Name
  3,                                      !- Rule Order
  {5c50b066-009d-47b6-a73a-640e2127ef39}, !- Day Schedule Name
  Yes,                                    !- Apply Sunday
  Yes,                                    !- Apply Monday
  Yes,                                    !- Apply Tuesday
  Yes,                                    !- Apply Wednesday
  Yes,                                    !- Apply Thursday
  Yes,                                    !- Apply Friday
  Yes,                                    !- Apply Saturday
  DateRange,                              !- Date Specification Type
  6,                                      !- Start Month
  1,                                      !- Start Day
  9,                                      !- End Month
  30;                                     !- End Day

OS:Schedule:Day,
  {5c50b066-009d-47b6-a73a-640e2127ef39}, !- Handle
  fridge schedule allday6 1,              !- Name
  {10ce4029-b4c2-42f8-998e-362f2b524706}, !- Schedule Type Limits Name
  ,                                       !- Interpolate to Timestep
  1,                                      !- Hour 1
  0,                                      !- Minute 1
  0.8,                                    !- Value Until Time 1
  2,                                      !- Hour 2
  0,                                      !- Minute 2
  0.78,                                   !- Value Until Time 2
  3,                                      !- Hour 3
  0,                                      !- Minute 3
  0.76,                                   !- Value Until Time 3
  4,                                      !- Hour 4
  0,                                      !- Minute 4
  0.74,                                   !- Value Until Time 4
  6,                                      !- Hour 5
  0,                                      !- Minute 5
  0.72,                                   !- Value Until Time 5
  7,                                      !- Hour 6
  0,                                      !- Minute 6
  0.76,                                   !- Value Until Time 6
  8,                                      !- Hour 7
  0,                                      !- Minute 7
  0.8,                                    !- Value Until Time 7
  10,                                     !- Hour 8
  0,                                      !- Minute 8
  0.82,                                   !- Value Until Time 8
  12,                                     !- Hour 9
  0,                                      !- Minute 9
  0.8,                                    !- Value Until Time 9
  15,                                     !- Hour 10
  0,                                      !- Minute 10
  0.84,                                   !- Value Until Time 10
  16,                                     !- Hour 11
  0,                                      !- Minute 11
  0.82,                                   !- Value Until Time 11
  17,                                     !- Hour 12
  0,                                      !- Minute 12
  0.88,                                   !- Value Until Time 12
  18,                                     !- Hour 13
  0,                                      !- Minute 13
  0.96,                                   !- Value Until Time 13
  19,                                     !- Hour 14
  0,                                      !- Minute 14
  1,                                      !- Value Until Time 14
  20,                                     !- Hour 15
  0,                                      !- Minute 15
  0.96,                                   !- Value Until Time 15
  21,                                     !- Hour 16
  0,                                      !- Minute 16
  0.94,                                   !- Value Until Time 16
  22,                                     !- Hour 17
  0,                                      !- Minute 17
  0.92,                                   !- Value Until Time 17
  23,                                     !- Hour 18
  0,                                      !- Minute 18
  0.88,                                   !- Value Until Time 18
  24,                                     !- Hour 19
  0,                                      !- Minute 19
  0.82;                                   !- Value Until Time 19

OS:Schedule:Rule,
  {5dbce70a-4268-4eca-b6f5-15e99fc8ec84}, !- Handle
  fridge schedule allday ruleset10 1,     !- Name
  {ea93714a-78f0-441e-bd47-89b3ebdadf50}, !- Schedule Ruleset Name
  2,                                      !- Rule Order
  {5dbf0a71-97d5-4f0e-ae7d-1b3ec4771dfa}, !- Day Schedule Name
  Yes,                                    !- Apply Sunday
  Yes,                                    !- Apply Monday
  Yes,                                    !- Apply Tuesday
  Yes,                                    !- Apply Wednesday
  Yes,                                    !- Apply Thursday
  Yes,                                    !- Apply Friday
  Yes,                                    !- Apply Saturday
  DateRange,                              !- Date Specification Type
  10,                                     !- Start Month
  1,                                      !- Start Day
  10,                                     !- End Month
  31;                                     !- End Day

OS:Schedule:Day,
  {5dbf0a71-97d5-4f0e-ae7d-1b3ec4771dfa}, !- Handle
  fridge schedule allday10 1,             !- Name
  {10ce4029-b4c2-42f8-998e-362f2b524706}, !- Schedule Type Limits Name
  ,                                       !- Interpolate to Timestep
  1,                                      !- Hour 1
  0,                                      !- Minute 1
  0.67956204379562,                       !- Value Until Time 1
  2,                                      !- Hour 2
  0,                                      !- Minute 2
  0.66257299270073,                       !- Value Until Time 2
  3,                                      !- Hour 3
  0,                                      !- Minute 3
  0.645583941605839,                      !- Value Until Time 3
  4,                                      !- Hour 4
  0,                                      !- Minute 4
  0.628594890510949,                      !- Value Until Time 4
  6,                                      !- Hour 5
  0,                                      !- Minute 5
  0.611605839416058,                      !- Value Until Time 5
  7,                                      !- Hour 6
  0,                                      !- Minute 6
  0.645583941605839,                      !- Value Until Time 6
  8,                                      !- Hour 7
  0,                                      !- Minute 7
  0.67956204379562,                       !- Value Until Time 7
  10,                                     !- Hour 8
  0,                                      !- Minute 8
  0.696551094890511,                      !- Value Until Time 8
  12,                                     !- Hour 9
  0,                                      !- Minute 9
  0.67956204379562,                       !- Value Until Time 9
  15,                                     !- Hour 10
  0,                                      !- Minute 10
  0.713540145985401,                      !- Value Until Time 10
  16,                                     !- Hour 11
  0,                                      !- Minute 11
  0.696551094890511,                      !- Value Until Time 11
  17,                                     !- Hour 12
  0,                                      !- Minute 12
  0.747518248175182,                      !- Value Until Time 12
  18,                                     !- Hour 13
  0,                                      !- Minute 13
  0.815474452554744,                      !- Value Until Time 13
  19,                                     !- Hour 14
  0,                                      !- Minute 14
  0.849452554744526,                      !- Value Until Time 14
  20,                                     !- Hour 15
  0,                                      !- Minute 15
  0.815474452554744,                      !- Value Until Time 15
  21,                                     !- Hour 16
  0,                                      !- Minute 16
  0.798485401459854,                      !- Value Until Time 16
  22,                                     !- Hour 17
  0,                                      !- Minute 17
  0.781496350364963,                      !- Value Until Time 17
  23,                                     !- Hour 18
  0,                                      !- Minute 18
  0.747518248175182,                      !- Value Until Time 18
  24,                                     !- Hour 19
  0,                                      !- Minute 19
  0.696551094890511;                      !- Value Until Time 19

OS:Schedule:Rule,
  {d987e007-c714-411d-918b-b92571464363}, !- Handle
  fridge schedule allday ruleset11 1,     !- Name
  {ea93714a-78f0-441e-bd47-89b3ebdadf50}, !- Schedule Ruleset Name
  1,                                      !- Rule Order
  {c3b175bf-c06a-4860-a77f-ef2875366855}, !- Day Schedule Name
  Yes,                                    !- Apply Sunday
  Yes,                                    !- Apply Monday
  Yes,                                    !- Apply Tuesday
  Yes,                                    !- Apply Wednesday
  Yes,                                    !- Apply Thursday
  Yes,                                    !- Apply Friday
  Yes,                                    !- Apply Saturday
  DateRange,                              !- Date Specification Type
  11,                                     !- Start Month
  1,                                      !- Start Day
  11,                                     !- End Month
  30;                                     !- End Day

OS:Schedule:Day,
  {c3b175bf-c06a-4860-a77f-ef2875366855}, !- Handle
  fridge schedule allday11 1,             !- Name
  {10ce4029-b4c2-42f8-998e-362f2b524706}, !- Schedule Type Limits Name
  ,                                       !- Interpolate to Timestep
  1,                                      !- Hour 1
  0,                                      !- Minute 1
  0.675182481751825,                      !- Value Until Time 1
  2,                                      !- Hour 2
  0,                                      !- Minute 2
  0.658302919708029,                      !- Value Until Time 2
  3,                                      !- Hour 3
  0,                                      !- Minute 3
  0.641423357664234,                      !- Value Until Time 3
  4,                                      !- Hour 4
  0,                                      !- Minute 4
  0.624543795620438,                      !- Value Until Time 4
  6,                                      !- Hour 5
  0,                                      !- Minute 5
  0.607664233576642,                      !- Value Until Time 5
  7,                                      !- Hour 6
  0,                                      !- Minute 6
  0.641423357664234,                      !- Value Until Time 6
  8,                                      !- Hour 7
  0,                                      !- Minute 7
  0.675182481751825,                      !- Value Until Time 7
  10,                                     !- Hour 8
  0,                                      !- Minute 8
  0.69206204379562,                       !- Value Until Time 8
  12,                                     !- Hour 9
  0,                                      !- Minute 9
  0.675182481751825,                      !- Value Until Time 9
  15,                                     !- Hour 10
  0,                                      !- Minute 10
  0.708941605839416,                      !- Value Until Time 10
  16,                                     !- Hour 11
  0,                                      !- Minute 11
  0.69206204379562,                       !- Value Until Time 11
  17,                                     !- Hour 12
  0,                                      !- Minute 12
  0.742700729927007,                      !- Value Until Time 12
  18,                                     !- Hour 13
  0,                                      !- Minute 13
  0.81021897810219,                       !- Value Until Time 13
  19,                                     !- Hour 14
  0,                                      !- Minute 14
  0.843978102189781,                      !- Value Until Time 14
  20,                                     !- Hour 15
  0,                                      !- Minute 15
  0.81021897810219,                       !- Value Until Time 15
  21,                                     !- Hour 16
  0,                                      !- Minute 16
  0.793339416058394,                      !- Value Until Time 16
  22,                                     !- Hour 17
  0,                                      !- Minute 17
  0.776459854014598,                      !- Value Until Time 17
  23,                                     !- Hour 18
  0,                                      !- Minute 18
  0.742700729927007,                      !- Value Until Time 18
  24,                                     !- Hour 19
  0,                                      !- Minute 19
  0.69206204379562;                       !- Value Until Time 19

OS:Schedule:Rule,
  {2c5cedc7-6f04-4270-bdb0-e03936587fea}, !- Handle
  fridge schedule allday ruleset12 1,     !- Name
  {ea93714a-78f0-441e-bd47-89b3ebdadf50}, !- Schedule Ruleset Name
  0,                                      !- Rule Order
  {92844c76-c30d-4929-ad18-2305f1f3be7b}, !- Day Schedule Name
  Yes,                                    !- Apply Sunday
  Yes,                                    !- Apply Monday
  Yes,                                    !- Apply Tuesday
  Yes,                                    !- Apply Wednesday
  Yes,                                    !- Apply Thursday
  Yes,                                    !- Apply Friday
  Yes,                                    !- Apply Saturday
  DateRange,                              !- Date Specification Type
  12,                                     !- Start Month
  1,                                      !- Start Day
  12,                                     !- End Month
  31;                                     !- End Day

OS:Schedule:Day,
  {92844c76-c30d-4929-ad18-2305f1f3be7b}, !- Handle
  fridge schedule allday12 1,             !- Name
  {10ce4029-b4c2-42f8-998e-362f2b524706}, !- Schedule Type Limits Name
  ,                                       !- Interpolate to Timestep
  1,                                      !- Hour 1
  0,                                      !- Minute 1
  0.610948905109489,                      !- Value Until Time 1
  2,                                      !- Hour 2
  0,                                      !- Minute 2
  0.595675182481752,                      !- Value Until Time 2
  3,                                      !- Hour 3
  0,                                      !- Minute 3
  0.580401459854014,                      !- Value Until Time 3
  4,                                      !- Hour 4
  0,                                      !- Minute 4
  0.565127737226277,                      !- Value Until Time 4
  6,                                      !- Hour 5
  0,                                      !- Minute 5
  0.54985401459854,                       !- Value Until Time 5
  7,                                      !- Hour 6
  0,                                      !- Minute 6
  0.580401459854014,                      !- Value Until Time 6
  8,                                      !- Hour 7
  0,                                      !- Minute 7
  0.610948905109489,                      !- Value Until Time 7
  10,                                     !- Hour 8
  0,                                      !- Minute 8
  0.626222627737226,                      !- Value Until Time 8
  12,                                     !- Hour 9
  0,                                      !- Minute 9
  0.610948905109489,                      !- Value Until Time 9
  15,                                     !- Hour 10
  0,                                      !- Minute 10
  0.641496350364963,                      !- Value Until Time 10
  16,                                     !- Hour 11
  0,                                      !- Minute 11
  0.626222627737226,                      !- Value Until Time 11
  17,                                     !- Hour 12
  0,                                      !- Minute 12
  0.672043795620438,                      !- Value Until Time 12
  18,                                     !- Hour 13
  0,                                      !- Minute 13
  0.733138686131387,                      !- Value Until Time 13
  19,                                     !- Hour 14
  0,                                      !- Minute 14
  0.763686131386861,                      !- Value Until Time 14
  20,                                     !- Hour 15
  0,                                      !- Minute 15
  0.733138686131387,                      !- Value Until Time 15
  21,                                     !- Hour 16
  0,                                      !- Minute 16
  0.717864963503649,                      !- Value Until Time 16
  22,                                     !- Hour 17
  0,                                      !- Minute 17
  0.702591240875912,                      !- Value Until Time 17
  23,                                     !- Hour 18
  0,                                      !- Minute 18
  0.672043795620438,                      !- Value Until Time 18
  24,                                     !- Hour 19
  0,                                      !- Minute 19
  0.626222627737226;                      !- Value Until Time 19

OS:ElectricEquipment:Definition,
  {8692a76a-2f22-4434-a774-3d376f1a7d09}, !- Handle
  fridge 2,                               !- Name
  EquipmentLevel,                         !- Design Level Calculation Method
  64.9389591178689,                       !- Design Level {W}
  ,                                       !- Watts per Space Floor Area {W/m2}
  ,                                       !- Watts per Person {W/person}
  0,                                      !- Fraction Latent
  0.6,                                    !- Fraction Radiant
  0;                                      !- Fraction Lost

OS:ElectricEquipment,
  {8a0ae46e-aeeb-4b38-a619-df1f607ba94c}, !- Handle
  fridge 1,                               !- Name
  {8692a76a-2f22-4434-a774-3d376f1a7d09}, !- Electric Equipment Definition Name
  {d42efddc-4609-4abe-98fa-02a11f0e8057}, !- Space or SpaceType Name
  {ea93714a-78f0-441e-bd47-89b3ebdadf50}, !- Schedule Name
  ,                                       !- Multiplier
  fridge;                                 !- End-Use Subcategory

OS:Schedule:File,
  {a3d60eae-9ec6-4860-97db-011aca7c43d7}, !- Handle
  cooking_range,                          !- Name
  {10ce4029-b4c2-42f8-998e-362f2b524706}, !- Schedule Type Limits Name
  {e70e25e0-7ae6-4cca-8aa6-6c07002182f5}, !- External File Name
  4,                                      !- Column Number
  1,                                      !- Rows to Skip at Top
  8760,                                   !- Number of Hours of Data
  ,                                       !- Column Separator
  ,                                       !- Interpolate to Timestep
  15,                                     !- Minutes per Item
  ,                                       !- Adjust Schedule for Daylight Savings
  Yes;                                    !- Translate File With Relative Path

OS:ElectricEquipment:Definition,
  {4f9bebd4-ac83-404d-8722-598c036ddac0}, !- Handle
  cooking range,                          !- Name
  EquipmentLevel,                         !- Design Level Calculation Method
  1297.31294827437,                       !- Design Level {W}
  ,                                       !- Watts per Space Floor Area {W/m2}
  ,                                       !- Watts per Person {W/person}
  0.0799999999999999,                     !- Fraction Latent
  0.432,                                  !- Fraction Radiant
  0.2;                                    !- Fraction Lost

OS:ElectricEquipment,
  {a54123a5-01dc-4fbf-8dc3-cd1f66d8c70e}, !- Handle
  cooking range,                          !- Name
  {4f9bebd4-ac83-404d-8722-598c036ddac0}, !- Electric Equipment Definition Name
  {d42efddc-4609-4abe-98fa-02a11f0e8057}, !- Space or SpaceType Name
  {a3d60eae-9ec6-4860-97db-011aca7c43d7}, !- Schedule Name
  ,                                       !- Multiplier
  cooking range;                          !- End-Use Subcategory

OS:Schedule:FixedInterval,
  {94d61ef6-07cd-4e99-ae6d-5bde2a2d5190}, !- Handle
  mains temperature schedule,             !- Name
  {8bea4170-f670-464e-ab54-2961a49fd4ce}, !- Schedule Type Limits Name
  ,                                       !- Translate to Schedule File
  ,                                       !- Interpolate to Timestep
  1440,                                   !- Interval Length {minutes}
  ,                                       !- Out Of Range Value
  1,                                      !- Start Month
  1,                                      !- Start Day
  17.8933333333333,                       !- Value 1
  17.8544444444444,                       !- Value 2
  17.8166666666667,                       !- Value 3
  17.7805555555556,                       !- Value 4
  17.7455555555556,                       !- Value 5
  17.7122222222222,                       !- Value 6
  17.6805555555556,                       !- Value 7
  17.65,                                  !- Value 8
  17.6211111111111,                       !- Value 9
  17.5933333333333,                       !- Value 10
  17.5677777777778,                       !- Value 11
  17.5433333333333,                       !- Value 12
  17.5205555555556,                       !- Value 13
  17.4988888888889,                       !- Value 14
  17.4794444444444,                       !- Value 15
  17.4611111111111,                       !- Value 16
  17.4444444444444,                       !- Value 17
  17.4288888888889,                       !- Value 18
  17.4155555555556,                       !- Value 19
  17.4033333333333,                       !- Value 20
  17.3927777777778,                       !- Value 21
  17.3838888888889,                       !- Value 22
  17.3766666666667,                       !- Value 23
  17.3711111111111,                       !- Value 24
  17.3666666666667,                       !- Value 25
  17.3638888888889,                       !- Value 26
  17.3633333333333,                       !- Value 27
  17.3633333333333,                       !- Value 28
  17.3655555555556,                       !- Value 29
  17.3694444444444,                       !- Value 30
  17.3744444444444,                       !- Value 31
  17.3816666666667,                       !- Value 32
  17.39,                                  !- Value 33
  17.4,                                   !- Value 34
  17.4111111111111,                       !- Value 35
  17.4244444444444,                       !- Value 36
  17.4388888888889,                       !- Value 37
  17.455,                                 !- Value 38
  17.4727777777778,                       !- Value 39
  17.4922222222222,                       !- Value 40
  17.5127777777778,                       !- Value 41
  17.5355555555556,                       !- Value 42
  17.5594444444444,                       !- Value 43
  17.5844444444444,                       !- Value 44
  17.6116666666667,                       !- Value 45
  17.64,                                  !- Value 46
  17.67,                                  !- Value 47
  17.7011111111111,                       !- Value 48
  17.7338888888889,                       !- Value 49
  17.7683333333333,                       !- Value 50
  17.8044444444444,                       !- Value 51
  17.8416666666667,                       !- Value 52
  17.88,                                  !- Value 53
  17.92,                                  !- Value 54
  17.9616666666667,                       !- Value 55
  18.0044444444444,                       !- Value 56
  18.0488888888889,                       !- Value 57
  18.0944444444444,                       !- Value 58
  18.1416666666667,                       !- Value 59
  18.19,                                  !- Value 60
  18.2394444444444,                       !- Value 61
  18.2905555555556,                       !- Value 62
  18.3427777777778,                       !- Value 63
  18.3966666666667,                       !- Value 64
  18.4511111111111,                       !- Value 65
  18.5072222222222,                       !- Value 66
  18.565,                                 !- Value 67
  18.6233333333333,                       !- Value 68
  18.6833333333333,                       !- Value 69
  18.7438888888889,                       !- Value 70
  18.8061111111111,                       !- Value 71
  18.8694444444444,                       !- Value 72
  18.9338888888889,                       !- Value 73
  18.9994444444444,                       !- Value 74
  19.0661111111111,                       !- Value 75
  19.1338888888889,                       !- Value 76
  19.2022222222222,                       !- Value 77
  19.2722222222222,                       !- Value 78
  19.3427777777778,                       !- Value 79
  19.4144444444444,                       !- Value 80
  19.4872222222222,                       !- Value 81
  19.5611111111111,                       !- Value 82
  19.6355555555556,                       !- Value 83
  19.7111111111111,                       !- Value 84
  19.7877777777778,                       !- Value 85
  19.865,                                 !- Value 86
  19.9427777777778,                       !- Value 87
  20.0216666666667,                       !- Value 88
  20.1016666666667,                       !- Value 89
  20.1816666666667,                       !- Value 90
  20.2627777777778,                       !- Value 91
  20.345,                                 !- Value 92
  20.4277777777778,                       !- Value 93
  20.5105555555556,                       !- Value 94
  20.5944444444444,                       !- Value 95
  20.6794444444444,                       !- Value 96
  20.7644444444444,                       !- Value 97
  20.85,                                  !- Value 98
  20.9361111111111,                       !- Value 99
  21.0227777777778,                       !- Value 100
  21.11,                                  !- Value 101
  21.1977777777778,                       !- Value 102
  21.2861111111111,                       !- Value 103
  21.3744444444444,                       !- Value 104
  21.4633333333333,                       !- Value 105
  21.5527777777778,                       !- Value 106
  21.6422222222222,                       !- Value 107
  21.7322222222222,                       !- Value 108
  21.8227777777778,                       !- Value 109
  21.9133333333333,                       !- Value 110
  22.0038888888889,                       !- Value 111
  22.0944444444444,                       !- Value 112
  22.1855555555556,                       !- Value 113
  22.2772222222222,                       !- Value 114
  22.3683333333333,                       !- Value 115
  22.46,                                  !- Value 116
  22.5511111111111,                       !- Value 117
  22.6427777777778,                       !- Value 118
  22.7344444444444,                       !- Value 119
  22.8261111111111,                       !- Value 120
  22.9177777777778,                       !- Value 121
  23.0088888888889,                       !- Value 122
  23.1005555555556,                       !- Value 123
  23.1916666666667,                       !- Value 124
  23.2827777777778,                       !- Value 125
  23.3733333333333,                       !- Value 126
  23.4638888888889,                       !- Value 127
  23.5544444444444,                       !- Value 128
  23.645,                                 !- Value 129
  23.7344444444444,                       !- Value 130
  23.8244444444444,                       !- Value 131
  23.9133333333333,                       !- Value 132
  24.0022222222222,                       !- Value 133
  24.0911111111111,                       !- Value 134
  24.1788888888889,                       !- Value 135
  24.2666666666667,                       !- Value 136
  24.3538888888889,                       !- Value 137
  24.4405555555556,                       !- Value 138
  24.5266666666667,                       !- Value 139
  24.6122222222222,                       !- Value 140
  24.6972222222222,                       !- Value 141
  24.7816666666667,                       !- Value 142
  24.8655555555556,                       !- Value 143
  24.9488888888889,                       !- Value 144
  25.0316666666667,                       !- Value 145
  25.1133333333333,                       !- Value 146
  25.1944444444444,                       !- Value 147
  25.2744444444444,                       !- Value 148
  25.3544444444444,                       !- Value 149
  25.4333333333333,                       !- Value 150
  25.5111111111111,                       !- Value 151
  25.5883333333333,                       !- Value 152
  25.6644444444444,                       !- Value 153
  25.74,                                  !- Value 154
  25.8144444444444,                       !- Value 155
  25.8877777777778,                       !- Value 156
  25.9605555555556,                       !- Value 157
  26.0322222222222,                       !- Value 158
  26.1027777777778,                       !- Value 159
  26.1727777777778,                       !- Value 160
  26.2411111111111,                       !- Value 161
  26.3088888888889,                       !- Value 162
  26.375,                                 !- Value 163
  26.4405555555556,                       !- Value 164
  26.505,                                 !- Value 165
  26.5677777777778,                       !- Value 166
  26.63,                                  !- Value 167
  26.6911111111111,                       !- Value 168
  26.7505555555556,                       !- Value 169
  26.8088888888889,                       !- Value 170
  26.8661111111111,                       !- Value 171
  26.9222222222222,                       !- Value 172
  26.9766666666667,                       !- Value 173
  27.0305555555556,                       !- Value 174
  27.0827777777778,                       !- Value 175
  27.1333333333333,                       !- Value 176
  27.1827777777778,                       !- Value 177
  27.2311111111111,                       !- Value 178
  27.2777777777778,                       !- Value 179
  27.3233333333333,                       !- Value 180
  27.3677777777778,                       !- Value 181
  27.4105555555556,                       !- Value 182
  27.4516666666667,                       !- Value 183
  27.4916666666667,                       !- Value 184
  27.53,                                  !- Value 185
  27.5672222222222,                       !- Value 186
  27.6027777777778,                       !- Value 187
  27.6372222222222,                       !- Value 188
  27.67,                                  !- Value 189
  27.7011111111111,                       !- Value 190
  27.7305555555556,                       !- Value 191
  27.7588888888889,                       !- Value 192
  27.7855555555556,                       !- Value 193
  27.8111111111111,                       !- Value 194
  27.8344444444444,                       !- Value 195
  27.8566666666667,                       !- Value 196
  27.8777777777778,                       !- Value 197
  27.8966666666667,                       !- Value 198
  27.9144444444444,                       !- Value 199
  27.93,                                  !- Value 200
  27.945,                                 !- Value 201
  27.9577777777778,                       !- Value 202
  27.9688888888889,                       !- Value 203
  27.9788888888889,                       !- Value 204
  27.9872222222222,                       !- Value 205
  27.9938888888889,                       !- Value 206
  27.9988888888889,                       !- Value 207
  28.0022222222222,                       !- Value 208
  28.0044444444444,                       !- Value 209
  28.0044444444444,                       !- Value 210
  28.0033333333333,                       !- Value 211
  28.0005555555556,                       !- Value 212
  27.9961111111111,                       !- Value 213
  27.99,                                  !- Value 214
  27.9827777777778,                       !- Value 215
  27.9733333333333,                       !- Value 216
  27.9627777777778,                       !- Value 217
  27.9505555555556,                       !- Value 218
  27.9372222222222,                       !- Value 219
  27.9216666666667,                       !- Value 220
  27.905,                                 !- Value 221
  27.8861111111111,                       !- Value 222
  27.8661111111111,                       !- Value 223
  27.845,                                 !- Value 224
  27.8216666666667,                       !- Value 225
  27.7972222222222,                       !- Value 226
  27.7711111111111,                       !- Value 227
  27.7438888888889,                       !- Value 228
  27.7144444444444,                       !- Value 229
  27.6838888888889,                       !- Value 230
  27.6522222222222,                       !- Value 231
  27.6183333333333,                       !- Value 232
  27.5833333333333,                       !- Value 233
  27.5472222222222,                       !- Value 234
  27.5094444444444,                       !- Value 235
  27.47,                                  !- Value 236
  27.4288888888889,                       !- Value 237
  27.3872222222222,                       !- Value 238
  27.3433333333333,                       !- Value 239
  27.2988888888889,                       !- Value 240
  27.2522222222222,                       !- Value 241
  27.205,                                 !- Value 242
  27.1555555555556,                       !- Value 243
  27.1055555555556,                       !- Value 244
  27.0538888888889,                       !- Value 245
  27.0011111111111,                       !- Value 246
  26.9466666666667,                       !- Value 247
  26.8916666666667,                       !- Value 248
  26.835,                                 !- Value 249
  26.7772222222222,                       !- Value 250
  26.7177777777778,                       !- Value 251
  26.6577777777778,                       !- Value 252
  26.5961111111111,                       !- Value 253
  26.5333333333333,                       !- Value 254
  26.4694444444444,                       !- Value 255
  26.405,                                 !- Value 256
  26.3388888888889,                       !- Value 257
  26.2716666666667,                       !- Value 258
  26.2033333333333,                       !- Value 259
  26.1344444444444,                       !- Value 260
  26.0638888888889,                       !- Value 261
  25.9927777777778,                       !- Value 262
  25.9205555555556,                       !- Value 263
  25.8477777777778,                       !- Value 264
  25.7733333333333,                       !- Value 265
  25.6983333333333,                       !- Value 266
  25.6227777777778,                       !- Value 267
  25.5461111111111,                       !- Value 268
  25.4683333333333,                       !- Value 269
  25.39,                                  !- Value 270
  25.3105555555556,                       !- Value 271
  25.2305555555556,                       !- Value 272
  25.15,                                  !- Value 273
  25.0683333333333,                       !- Value 274
  24.9861111111111,                       !- Value 275
  24.9033333333333,                       !- Value 276
  24.8194444444444,                       !- Value 277
  24.7355555555556,                       !- Value 278
  24.6505555555556,                       !- Value 279
  24.5655555555556,                       !- Value 280
  24.4794444444444,                       !- Value 281
  24.3927777777778,                       !- Value 282
  24.3061111111111,                       !- Value 283
  24.2183333333333,                       !- Value 284
  24.1305555555556,                       !- Value 285
  24.0422222222222,                       !- Value 286
  23.9538888888889,                       !- Value 287
  23.8644444444444,                       !- Value 288
  23.775,                                 !- Value 289
  23.6855555555556,                       !- Value 290
  23.595,                                 !- Value 291
  23.505,                                 !- Value 292
  23.4144444444444,                       !- Value 293
  23.3233333333333,                       !- Value 294
  23.2322222222222,                       !- Value 295
  23.1411111111111,                       !- Value 296
  23.05,                                  !- Value 297
  22.9588888888889,                       !- Value 298
  22.8672222222222,                       !- Value 299
  22.7755555555556,                       !- Value 300
  22.6838888888889,                       !- Value 301
  22.5927777777778,                       !- Value 302
  22.5011111111111,                       !- Value 303
  22.4094444444444,                       !- Value 304
  22.3183333333333,                       !- Value 305
  22.2266666666667,                       !- Value 306
  22.1355555555556,                       !- Value 307
  22.0444444444444,                       !- Value 308
  21.9538888888889,                       !- Value 309
  21.8633333333333,                       !- Value 310
  21.7727777777778,                       !- Value 311
  21.6827777777778,                       !- Value 312
  21.5933333333333,                       !- Value 313
  21.5038888888889,                       !- Value 314
  21.4144444444444,                       !- Value 315
  21.3255555555556,                       !- Value 316
  21.2372222222222,                       !- Value 317
  21.1494444444444,                       !- Value 318
  21.0622222222222,                       !- Value 319
  20.975,                                 !- Value 320
  20.8888888888889,                       !- Value 321
  20.8027777777778,                       !- Value 322
  20.7172222222222,                       !- Value 323
  20.6327777777778,                       !- Value 324
  20.5483333333333,                       !- Value 325
  20.465,                                 !- Value 326
  20.3822222222222,                       !- Value 327
  20.3,                                   !- Value 328
  20.2183333333333,                       !- Value 329
  20.1377777777778,                       !- Value 330
  20.0577777777778,                       !- Value 331
  19.9783333333333,                       !- Value 332
  19.9,                                   !- Value 333
  19.8222222222222,                       !- Value 334
  19.7455555555556,                       !- Value 335
  19.6694444444444,                       !- Value 336
  19.5944444444444,                       !- Value 337
  19.5205555555556,                       !- Value 338
  19.4472222222222,                       !- Value 339
  19.375,                                 !- Value 340
  19.3038888888889,                       !- Value 341
  19.2338888888889,                       !- Value 342
  19.1644444444444,                       !- Value 343
  19.0961111111111,                       !- Value 344
  19.0294444444444,                       !- Value 345
  18.9633333333333,                       !- Value 346
  18.8983333333333,                       !- Value 347
  18.8344444444444,                       !- Value 348
  18.7716666666667,                       !- Value 349
  18.7105555555556,                       !- Value 350
  18.65,                                  !- Value 351
  18.5911111111111,                       !- Value 352
  18.5333333333333,                       !- Value 353
  18.4766666666667,                       !- Value 354
  18.4211111111111,                       !- Value 355
  18.3666666666667,                       !- Value 356
  18.3138888888889,                       !- Value 357
  18.2622222222222,                       !- Value 358
  18.2122222222222,                       !- Value 359
  18.1633333333333,                       !- Value 360
  18.1155555555556,                       !- Value 361
  18.0694444444444,                       !- Value 362
  18.0244444444444,                       !- Value 363
  17.9811111111111,                       !- Value 364
  17.9388888888889;                       !- Value 365

OS:Site:WaterMainsTemperature,
  {48ce1997-adb3-423f-b646-e6758bc9a82e}, !- Handle
  Schedule,                               !- Calculation Method
  {94d61ef6-07cd-4e99-ae6d-5bde2a2d5190}; !- Temperature Schedule Name

OS:Schedule:Constant,
  {ad5677c6-e67e-43a7-b794-09bea6db1da9}, !- Handle
  mixed water temperature schedule,       !- Name
  {8bea4170-f670-464e-ab54-2961a49fd4ce}, !- Schedule Type Limits Name
  40.5555555555556;                       !- Value

OS:Schedule:File,
  {bacde996-89fb-4035-90f9-c6d65be60b63}, !- Handle
  hot_water_fixtures,                     !- Name
  {10ce4029-b4c2-42f8-998e-362f2b524706}, !- Schedule Type Limits Name
  {e70e25e0-7ae6-4cca-8aa6-6c07002182f5}, !- External File Name
  13,                                     !- Column Number
  1,                                      !- Rows to Skip at Top
  8760,                                   !- Number of Hours of Data
  ,                                       !- Column Separator
  ,                                       !- Interpolate to Timestep
  15,                                     !- Minutes per Item
  ,                                       !- Adjust Schedule for Daylight Savings
  Yes;                                    !- Translate File With Relative Path

OS:WaterUse:Equipment:Definition,
  {90838940-cf65-4c39-96cf-cc79ac3baeea}, !- Handle
  dhw fixtures,                           !- Name
  dhw fixtures,                           !- End-Use Subcategory
  1.9560670387737e-05,                    !- Peak Flow Rate {m3/s}
  {ad5677c6-e67e-43a7-b794-09bea6db1da9}; !- Target Temperature Schedule Name

OS:WaterUse:Equipment,
  {d6fd5479-8224-4ddb-bb45-8598a8f84bf0}, !- Handle
  dhw fixtures,                           !- Name
  {90838940-cf65-4c39-96cf-cc79ac3baeea}, !- Water Use Equipment Definition Name
  ,                                       !- Space Name
  {bacde996-89fb-4035-90f9-c6d65be60b63}; !- Flow Rate Fraction Schedule Name

OS:WaterUse:Equipment:Definition,
  {f2816719-ab83-46b2-b486-ec3823420c8b}, !- Handle
  dhw distribution waste,                 !- Name
  dhw distribution waste,                 !- End-Use Subcategory
  7.51318802597698e-06,                   !- Peak Flow Rate {m3/s}
  {ad5677c6-e67e-43a7-b794-09bea6db1da9}; !- Target Temperature Schedule Name

OS:WaterUse:Equipment,
  {afe6af08-9860-4c52-b1c5-a9c338c01d5b}, !- Handle
  dhw distribution waste,                 !- Name
  {f2816719-ab83-46b2-b486-ec3823420c8b}, !- Water Use Equipment Definition Name
  ,                                       !- Space Name
  {bacde996-89fb-4035-90f9-c6d65be60b63}; !- Flow Rate Fraction Schedule Name

OS:Schedule:File,
  {08a9d4fa-49b1-4b47-9484-bda8fcf347a2}, !- Handle
  hot_water_clothes_washer,               !- Name
  {10ce4029-b4c2-42f8-998e-362f2b524706}, !- Schedule Type Limits Name
  {e70e25e0-7ae6-4cca-8aa6-6c07002182f5}, !- External File Name
  12,                                     !- Column Number
  1,                                      !- Rows to Skip at Top
  8760,                                   !- Number of Hours of Data
  ,                                       !- Column Separator
  ,                                       !- Interpolate to Timestep
  15,                                     !- Minutes per Item
  ,                                       !- Adjust Schedule for Daylight Savings
  Yes;                                    !- Translate File With Relative Path

OS:WaterUse:Equipment:Definition,
  {8acae751-b588-4d39-a1a9-5e00f2b3e2ff}, !- Handle
  clothes washer,                         !- Name
  clothes washer,                         !- End-Use Subcategory
  7.57084203637187e-06;                   !- Peak Flow Rate {m3/s}

OS:WaterUse:Equipment,
  {7cd29d2e-6052-4f31-b0f7-58ca2c0ef2a5}, !- Handle
  clothes washer,                         !- Name
  {8acae751-b588-4d39-a1a9-5e00f2b3e2ff}, !- Water Use Equipment Definition Name
  ,                                       !- Space Name
  {08a9d4fa-49b1-4b47-9484-bda8fcf347a2}; !- Flow Rate Fraction Schedule Name

OS:Schedule:File,
  {4b93d392-a1e1-4689-806e-a688e5172d95}, !- Handle
  hot_water_dishwasher,                   !- Name
  {10ce4029-b4c2-42f8-998e-362f2b524706}, !- Schedule Type Limits Name
  {e70e25e0-7ae6-4cca-8aa6-6c07002182f5}, !- External File Name
  11,                                     !- Column Number
  1,                                      !- Rows to Skip at Top
  8760,                                   !- Number of Hours of Data
  ,                                       !- Column Separator
  ,                                       !- Interpolate to Timestep
  15,                                     !- Minutes per Item
  ,                                       !- Adjust Schedule for Daylight Savings
  Yes;                                    !- Translate File With Relative Path

OS:WaterUse:Equipment:Definition,
  {909e1bb6-8c95-463d-aab5-1f376e82e191}, !- Handle
  dishwasher,                             !- Name
  dishwasher,                             !- End-Use Subcategory
  4.34203894648614e-06;                   !- Peak Flow Rate {m3/s}

OS:WaterUse:Equipment,
  {08e34186-5e7f-4691-ae2a-653d16d17bc1}, !- Handle
  dishwasher,                             !- Name
  {909e1bb6-8c95-463d-aab5-1f376e82e191}, !- Water Use Equipment Definition Name
  ,                                       !- Space Name
  {4b93d392-a1e1-4689-806e-a688e5172d95}; !- Flow Rate Fraction Schedule Name

OS:OtherEquipment:Definition,
  {c6d8f323-49fc-4dd1-a800-557d99aed41f}, !- Handle
  water sensible,                         !- Name
  EquipmentLevel,                         !- Design Level Calculation Method
  -324.878488112592,                      !- Design Level {W}
  ,                                       !- Watts per Space Floor Area {W/m2}
  ,                                       !- Watts per Person {W/Person}
  0,                                      !- Fraction Latent
  0.6,                                    !- Fraction Radiant
  0;                                      !- Fraction Lost

OS:OtherEquipment,
  {fbbc218d-f50b-4adf-96db-55c35f7ea347}, !- Handle
  water sensible,                         !- Name
  {c6d8f323-49fc-4dd1-a800-557d99aed41f}, !- Other Equipment Definition Name
  {d42efddc-4609-4abe-98fa-02a11f0e8057}, !- Space or SpaceType Name
  {bacde996-89fb-4035-90f9-c6d65be60b63}, !- Schedule Name
  ,                                       !- Multiplier
  None,                                   !- Fuel Type
  water sensible;                         !- End-Use Subcategory

OS:OtherEquipment:Definition,
  {13f72633-20c1-4dbd-b81a-940cf5653dbb}, !- Handle
  water latent,                           !- Name
  EquipmentLevel,                         !- Design Level Calculation Method
  329.644431703486,                       !- Design Level {W}
  ,                                       !- Watts per Space Floor Area {W/m2}
  ,                                       !- Watts per Person {W/Person}
  1,                                      !- Fraction Latent
  0,                                      !- Fraction Radiant
  0;                                      !- Fraction Lost

OS:OtherEquipment,
  {0f39a134-8211-4c7b-bed0-d49528679bc6}, !- Handle
  water latent,                           !- Name
  {13f72633-20c1-4dbd-b81a-940cf5653dbb}, !- Other Equipment Definition Name
  {d42efddc-4609-4abe-98fa-02a11f0e8057}, !- Space or SpaceType Name
  {bacde996-89fb-4035-90f9-c6d65be60b63}, !- Schedule Name
  ,                                       !- Multiplier
  None,                                   !- Fuel Type
  water latent;                           !- End-Use Subcategory

OS:Schedule:File,
  {581254a4-813d-4557-982d-0affc5003f32}, !- Handle
  plug_loads_other,                       !- Name
  {10ce4029-b4c2-42f8-998e-362f2b524706}, !- Schedule Type Limits Name
  {e70e25e0-7ae6-4cca-8aa6-6c07002182f5}, !- External File Name
  9,                                      !- Column Number
  1,                                      !- Rows to Skip at Top
  8760,                                   !- Number of Hours of Data
  ,                                       !- Column Separator
  ,                                       !- Interpolate to Timestep
  15,                                     !- Minutes per Item
  ,                                       !- Adjust Schedule for Daylight Savings
  Yes;                                    !- Translate File With Relative Path

OS:ElectricEquipment:Definition,
  {2852ec13-bd7b-449b-9133-51a68c49d90f}, !- Handle
  misc plug loads,                        !- Name
  EquipmentLevel,                         !- Design Level Calculation Method
  224.002192147543,                       !- Design Level {W}
  ,                                       !- Watts per Space Floor Area {W/m2}
  ,                                       !- Watts per Person {W/person}
  0.021,                                  !- Fraction Latent
  0.558,                                  !- Fraction Radiant
  0.0489999999999999;                     !- Fraction Lost

OS:ElectricEquipment,
  {83ff7572-3002-405a-b108-1bdafa42155e}, !- Handle
  misc plug loads,                        !- Name
  {2852ec13-bd7b-449b-9133-51a68c49d90f}, !- Electric Equipment Definition Name
  {d42efddc-4609-4abe-98fa-02a11f0e8057}, !- Space or SpaceType Name
  {581254a4-813d-4557-982d-0affc5003f32}, !- Schedule Name
  ,                                       !- Multiplier
  misc plug loads;                        !- End-Use Subcategory

OS:Schedule:File,
  {7f39739a-ad9c-4f6d-adea-94d6eb13f887}, !- Handle
  lighting_interior,                      !- Name
  {10ce4029-b4c2-42f8-998e-362f2b524706}, !- Schedule Type Limits Name
  {e70e25e0-7ae6-4cca-8aa6-6c07002182f5}, !- External File Name
  2,                                      !- Column Number
  1,                                      !- Rows to Skip at Top
  8760,                                   !- Number of Hours of Data
  ,                                       !- Column Separator
  ,                                       !- Interpolate to Timestep
  15,                                     !- Minutes per Item
  ,                                       !- Adjust Schedule for Daylight Savings
  Yes;                                    !- Translate File With Relative Path

OS:Lights:Definition,
  {27b9aa25-0b14-4296-bd86-173e977c18b8}, !- Handle
  interior lighting,                      !- Name
  LightingLevel,                          !- Design Level Calculation Method
  676.117185513647,                       !- Lighting Level {W}
  ,                                       !- Watts per Space Floor Area {W/m2}
  ,                                       !- Watts per Person {W/person}
  0.6,                                    !- Fraction Radiant
  0.2,                                    !- Fraction Visible
  0;                                      !- Return Air Fraction

OS:Lights,
  {98c9bb7a-72b5-4af4-a92e-a693f859db0b}, !- Handle
  interior lighting,                      !- Name
  {27b9aa25-0b14-4296-bd86-173e977c18b8}, !- Lights Definition Name
  {d42efddc-4609-4abe-98fa-02a11f0e8057}, !- Space or SpaceType Name
  {7f39739a-ad9c-4f6d-adea-94d6eb13f887}, !- Schedule Name
  1,                                      !- Fraction Replaceable
  ,                                       !- Multiplier
  interior lighting;                      !- End-Use Subcategory

OS:Schedule:Ruleset,
  {72797b22-1a85-4884-937b-faa2094e6324}, !- Handle
  exterior lighting schedule,             !- Name
  {10ce4029-b4c2-42f8-998e-362f2b524706}, !- Schedule Type Limits Name
  {433fda4e-48a0-4e62-a5dc-09e9066ecf2c}; !- Default Day Schedule Name

OS:Schedule:Day,
  {433fda4e-48a0-4e62-a5dc-09e9066ecf2c}, !- Handle
  exterior lighting schedule default day, !- Name
  {10ce4029-b4c2-42f8-998e-362f2b524706}, !- Schedule Type Limits Name
  ,                                       !- Interpolate to Timestep
  24,                                     !- Hour 1
  0,                                      !- Minute 1
  0;                                      !- Value Until Time 1

OS:Schedule:Rule,
  {9a7b9ee9-be89-451c-8cd8-c2730690bff7}, !- Handle
  exterior lighting schedule weekday ruleset1, !- Name
  {72797b22-1a85-4884-937b-faa2094e6324}, !- Schedule Ruleset Name
  21,                                     !- Rule Order
  {f488e6db-0014-4d3f-9a8a-a1899c2c2f6e}, !- Day Schedule Name
  ,                                       !- Apply Sunday
  Yes,                                    !- Apply Monday
  Yes,                                    !- Apply Tuesday
  Yes,                                    !- Apply Wednesday
  Yes,                                    !- Apply Thursday
  Yes,                                    !- Apply Friday
  ,                                       !- Apply Saturday
  DateRange,                              !- Date Specification Type
  1,                                      !- Start Month
  1,                                      !- Start Day
  1,                                      !- End Month
  31;                                     !- End Day

OS:Schedule:Day,
  {f488e6db-0014-4d3f-9a8a-a1899c2c2f6e}, !- Handle
  exterior lighting schedule weekday1,    !- Name
  {10ce4029-b4c2-42f8-998e-362f2b524706}, !- Schedule Type Limits Name
  ,                                       !- Interpolate to Timestep
  5,                                      !- Hour 1
  0,                                      !- Minute 1
  0.434958518013411,                      !- Value Until Time 1
  6,                                      !- Hour 2
  0,                                      !- Minute 2
  0.349857938402091,                      !- Value Until Time 2
  7,                                      !- Hour 3
  0,                                      !- Minute 3
  0.330946698488465,                      !- Value Until Time 3
  8,                                      !- Hour 4
  0,                                      !- Minute 4
  0.321491078531651,                      !- Value Until Time 4
  9,                                      !- Hour 5
  0,                                      !- Minute 5
  0.312035458574838,                      !- Value Until Time 5
  10,                                     !- Hour 6
  0,                                      !- Minute 6
  0.264757358790772,                      !- Value Until Time 6
  11,                                     !- Hour 7
  0,                                      !- Minute 7
  0.208023639049892,                      !- Value Until Time 7
  12,                                     !- Hour 8
  0,                                      !- Minute 8
  0.141834299352199,                      !- Value Until Time 8
  13,                                     !- Hour 9
  0,                                      !- Minute 9
  0.113467439481759,                      !- Value Until Time 9
  15,                                     !- Hour 10
  0,                                      !- Minute 10
  0.104011819524946,                      !- Value Until Time 10
  16,                                     !- Hour 11
  0,                                      !- Minute 11
  0.113467439481759,                      !- Value Until Time 11
  17,                                     !- Hour 12
  0,                                      !- Minute 12
  0.179656779179452,                      !- Value Until Time 12
  18,                                     !- Hour 13
  0,                                      !- Minute 13
  0.349857938402091,                      !- Value Until Time 13
  19,                                     !- Hour 14
  0,                                      !- Minute 14
  0.463325377883851,                      !- Value Until Time 14
  20,                                     !- Hour 15
  0,                                      !- Minute 15
  0.614615297192863,                      !- Value Until Time 15
  21,                                     !- Hour 16
  0,                                      !- Minute 16
  0.860461416070008,                      !- Value Until Time 16
  22,                                     !- Hour 17
  0,                                      !- Minute 17
  0.992840095465394,                      !- Value Until Time 17
  23,                                     !- Hour 18
  0,                                      !- Minute 18
  0.860461416070008,                      !- Value Until Time 18
  24,                                     !- Hour 19
  0,                                      !- Minute 19
  0.595704057279236;                      !- Value Until Time 19

OS:Schedule:Rule,
  {3b6054dc-a408-4875-823c-64ecdeee39e4}, !- Handle
  exterior lighting schedule weekend ruleset1, !- Name
  {72797b22-1a85-4884-937b-faa2094e6324}, !- Schedule Ruleset Name
  20,                                     !- Rule Order
  {31d586ad-d860-4ed4-8541-2155530fcb6f}, !- Day Schedule Name
  Yes,                                    !- Apply Sunday
  ,                                       !- Apply Monday
  ,                                       !- Apply Tuesday
  ,                                       !- Apply Wednesday
  ,                                       !- Apply Thursday
  ,                                       !- Apply Friday
  Yes,                                    !- Apply Saturday
  DateRange,                              !- Date Specification Type
  1,                                      !- Start Month
  1,                                      !- Start Day
  1,                                      !- End Month
  31;                                     !- End Day

OS:Schedule:Day,
  {31d586ad-d860-4ed4-8541-2155530fcb6f}, !- Handle
  exterior lighting schedule weekend1,    !- Name
  {10ce4029-b4c2-42f8-998e-362f2b524706}, !- Schedule Type Limits Name
  ,                                       !- Interpolate to Timestep
  2,                                      !- Hour 1
  0,                                      !- Minute 1
  0.434958518013411,                      !- Value Until Time 1
  4,                                      !- Hour 2
  0,                                      !- Minute 2
  0.425502898056597,                      !- Value Until Time 2
  5,                                      !- Hour 3
  0,                                      !- Minute 3
  0.434958518013411,                      !- Value Until Time 3
  6,                                      !- Hour 4
  0,                                      !- Minute 4
  0.425502898056597,                      !- Value Until Time 4
  7,                                      !- Hour 5
  0,                                      !- Minute 5
  0.416047278099784,                      !- Value Until Time 5
  8,                                      !- Hour 6
  0,                                      !- Minute 6
  0.387680418229344,                      !- Value Until Time 6
  9,                                      !- Hour 7
  0,                                      !- Minute 7
  0.340402318445278,                      !- Value Until Time 7
  10,                                     !- Hour 8
  0,                                      !- Minute 8
  0.283668598704398,                      !- Value Until Time 8
  11,                                     !- Hour 9
  0,                                      !- Minute 9
  0.226934878963519,                      !- Value Until Time 9
  12,                                     !- Hour 10
  0,                                      !- Minute 10
  0.151289919309012,                      !- Value Until Time 10
  13,                                     !- Hour 11
  0,                                      !- Minute 11
  0.113467439481759,                      !- Value Until Time 11
  15,                                     !- Hour 12
  0,                                      !- Minute 12
  0.104011819524946,                      !- Value Until Time 12
  16,                                     !- Hour 13
  0,                                      !- Minute 13
  0.113467439481759,                      !- Value Until Time 13
  17,                                     !- Hour 14
  0,                                      !- Minute 14
  0.179656779179452,                      !- Value Until Time 14
  18,                                     !- Hour 15
  0,                                      !- Minute 15
  0.359313558358904,                      !- Value Until Time 15
  19,                                     !- Hour 16
  0,                                      !- Minute 16
  0.453869757927037,                      !- Value Until Time 16
  20,                                     !- Hour 17
  0,                                      !- Minute 17
  0.567337197408797,                      !- Value Until Time 17
  21,                                     !- Hour 18
  0,                                      !- Minute 18
  0.784816456415502,                      !- Value Until Time 18
  22,                                     !- Hour 19
  0,                                      !- Minute 19
  0.926650755767701,                      !- Value Until Time 19
  23,                                     !- Hour 20
  0,                                      !- Minute 20
  0.803727696329128,                      !- Value Until Time 20
  24,                                     !- Hour 21
  0,                                      !- Minute 21
  0.557881577451983;                      !- Value Until Time 21

OS:Schedule:Rule,
  {ce420d7c-a206-4dbf-b7e1-d905dc631253}, !- Handle
  exterior lighting schedule weekday ruleset2, !- Name
  {72797b22-1a85-4884-937b-faa2094e6324}, !- Schedule Ruleset Name
  19,                                     !- Rule Order
  {c14db4b3-f43d-49cd-9da1-28849f00b4af}, !- Day Schedule Name
  ,                                       !- Apply Sunday
  Yes,                                    !- Apply Monday
  Yes,                                    !- Apply Tuesday
  Yes,                                    !- Apply Wednesday
  Yes,                                    !- Apply Thursday
  Yes,                                    !- Apply Friday
  ,                                       !- Apply Saturday
  DateRange,                              !- Date Specification Type
  2,                                      !- Start Month
  1,                                      !- Start Day
  2,                                      !- End Month
  28;                                     !- End Day

OS:Schedule:Day,
  {c14db4b3-f43d-49cd-9da1-28849f00b4af}, !- Handle
  exterior lighting schedule weekday2,    !- Name
  {10ce4029-b4c2-42f8-998e-362f2b524706}, !- Schedule Type Limits Name
  ,                                       !- Interpolate to Timestep
  5,                                      !- Hour 1
  0,                                      !- Minute 1
  0.438095238095238,                      !- Value Until Time 1
  6,                                      !- Hour 2
  0,                                      !- Minute 2
  0.352380952380952,                      !- Value Until Time 2
  7,                                      !- Hour 3
  0,                                      !- Minute 3
  0.333333333333333,                      !- Value Until Time 3
  8,                                      !- Hour 4
  0,                                      !- Minute 4
  0.323809523809524,                      !- Value Until Time 4
  9,                                      !- Hour 5
  0,                                      !- Minute 5
  0.314285714285714,                      !- Value Until Time 5
  10,                                     !- Hour 6
  0,                                      !- Minute 6
  0.266666666666667,                      !- Value Until Time 6
  11,                                     !- Hour 7
  0,                                      !- Minute 7
  0.20952380952381,                       !- Value Until Time 7
  12,                                     !- Hour 8
  0,                                      !- Minute 8
  0.142857142857143,                      !- Value Until Time 8
  13,                                     !- Hour 9
  0,                                      !- Minute 9
  0.114285714285714,                      !- Value Until Time 9
  15,                                     !- Hour 10
  0,                                      !- Minute 10
  0.104761904761905,                      !- Value Until Time 10
  16,                                     !- Hour 11
  0,                                      !- Minute 11
  0.114285714285714,                      !- Value Until Time 11
  17,                                     !- Hour 12
  0,                                      !- Minute 12
  0.180952380952381,                      !- Value Until Time 12
  18,                                     !- Hour 13
  0,                                      !- Minute 13
  0.352380952380952,                      !- Value Until Time 13
  19,                                     !- Hour 14
  0,                                      !- Minute 14
  0.466666666666667,                      !- Value Until Time 14
  20,                                     !- Hour 15
  0,                                      !- Minute 15
  0.619047619047619,                      !- Value Until Time 15
  21,                                     !- Hour 16
  0,                                      !- Minute 16
  0.866666666666667,                      !- Value Until Time 16
  22,                                     !- Hour 17
  0,                                      !- Minute 17
  1,                                      !- Value Until Time 17
  23,                                     !- Hour 18
  0,                                      !- Minute 18
  0.866666666666667,                      !- Value Until Time 18
  24,                                     !- Hour 19
  0,                                      !- Minute 19
  0.6;                                    !- Value Until Time 19

OS:Schedule:Rule,
  {a1638787-9a87-4378-963c-5009150807e1}, !- Handle
  exterior lighting schedule weekend ruleset2, !- Name
  {72797b22-1a85-4884-937b-faa2094e6324}, !- Schedule Ruleset Name
  18,                                     !- Rule Order
  {8f8dffa0-5ad5-44ed-ad9e-35a80466b92b}, !- Day Schedule Name
  Yes,                                    !- Apply Sunday
  ,                                       !- Apply Monday
  ,                                       !- Apply Tuesday
  ,                                       !- Apply Wednesday
  ,                                       !- Apply Thursday
  ,                                       !- Apply Friday
  Yes,                                    !- Apply Saturday
  DateRange,                              !- Date Specification Type
  2,                                      !- Start Month
  1,                                      !- Start Day
  2,                                      !- End Month
  28;                                     !- End Day

OS:Schedule:Day,
  {8f8dffa0-5ad5-44ed-ad9e-35a80466b92b}, !- Handle
  exterior lighting schedule weekend2,    !- Name
  {10ce4029-b4c2-42f8-998e-362f2b524706}, !- Schedule Type Limits Name
  ,                                       !- Interpolate to Timestep
  2,                                      !- Hour 1
  0,                                      !- Minute 1
  0.438095238095238,                      !- Value Until Time 1
  4,                                      !- Hour 2
  0,                                      !- Minute 2
  0.428571428571429,                      !- Value Until Time 2
  5,                                      !- Hour 3
  0,                                      !- Minute 3
  0.438095238095238,                      !- Value Until Time 3
  6,                                      !- Hour 4
  0,                                      !- Minute 4
  0.428571428571429,                      !- Value Until Time 4
  7,                                      !- Hour 5
  0,                                      !- Minute 5
  0.419047619047619,                      !- Value Until Time 5
  8,                                      !- Hour 6
  0,                                      !- Minute 6
  0.390476190476191,                      !- Value Until Time 6
  9,                                      !- Hour 7
  0,                                      !- Minute 7
  0.342857142857143,                      !- Value Until Time 7
  10,                                     !- Hour 8
  0,                                      !- Minute 8
  0.285714285714286,                      !- Value Until Time 8
  11,                                     !- Hour 9
  0,                                      !- Minute 9
  0.228571428571429,                      !- Value Until Time 9
  12,                                     !- Hour 10
  0,                                      !- Minute 10
  0.152380952380952,                      !- Value Until Time 10
  13,                                     !- Hour 11
  0,                                      !- Minute 11
  0.114285714285714,                      !- Value Until Time 11
  15,                                     !- Hour 12
  0,                                      !- Minute 12
  0.104761904761905,                      !- Value Until Time 12
  16,                                     !- Hour 13
  0,                                      !- Minute 13
  0.114285714285714,                      !- Value Until Time 13
  17,                                     !- Hour 14
  0,                                      !- Minute 14
  0.180952380952381,                      !- Value Until Time 14
  18,                                     !- Hour 15
  0,                                      !- Minute 15
  0.361904761904762,                      !- Value Until Time 15
  19,                                     !- Hour 16
  0,                                      !- Minute 16
  0.457142857142857,                      !- Value Until Time 16
  20,                                     !- Hour 17
  0,                                      !- Minute 17
  0.571428571428571,                      !- Value Until Time 17
  21,                                     !- Hour 18
  0,                                      !- Minute 18
  0.790476190476191,                      !- Value Until Time 18
  22,                                     !- Hour 19
  0,                                      !- Minute 19
  0.933333333333333,                      !- Value Until Time 19
  23,                                     !- Hour 20
  0,                                      !- Minute 20
  0.80952380952381,                       !- Value Until Time 20
  24,                                     !- Hour 21
  0,                                      !- Minute 21
  0.561904761904762;                      !- Value Until Time 21

OS:Schedule:Rule,
  {1d9b0057-5c56-4574-a1ff-08506050d81c}, !- Handle
  exterior lighting schedule weekday ruleset3, !- Name
  {72797b22-1a85-4884-937b-faa2094e6324}, !- Schedule Ruleset Name
  17,                                     !- Rule Order
  {47f91a27-3d1b-4e98-96fc-6bafa4630a86}, !- Day Schedule Name
  ,                                       !- Apply Sunday
  Yes,                                    !- Apply Monday
  Yes,                                    !- Apply Tuesday
  Yes,                                    !- Apply Wednesday
  Yes,                                    !- Apply Thursday
  Yes,                                    !- Apply Friday
  ,                                       !- Apply Saturday
  DateRange,                              !- Date Specification Type
  3,                                      !- Start Month
  1,                                      !- Start Day
  3,                                      !- End Month
  31;                                     !- End Day

OS:Schedule:Day,
  {47f91a27-3d1b-4e98-96fc-6bafa4630a86}, !- Handle
  exterior lighting schedule weekday3,    !- Name
  {10ce4029-b4c2-42f8-998e-362f2b524706}, !- Schedule Type Limits Name
  ,                                       !- Interpolate to Timestep
  5,                                      !- Hour 1
  0,                                      !- Minute 1
  0.346084782361632,                      !- Value Until Time 1
  6,                                      !- Hour 2
  0,                                      !- Minute 2
  0.278372542334356,                      !- Value Until Time 2
  7,                                      !- Hour 3
  0,                                      !- Minute 3
  0.26332537788385,                       !- Value Until Time 3
  8,                                      !- Hour 4
  0,                                      !- Minute 4
  0.255801795658598,                      !- Value Until Time 4
  9,                                      !- Hour 5
  0,                                      !- Minute 5
  0.248278213433345,                      !- Value Until Time 5
  10,                                     !- Hour 6
  0,                                      !- Minute 6
  0.21066030230708,                       !- Value Until Time 6
  11,                                     !- Hour 7
  0,                                      !- Minute 7
  0.165518808955563,                      !- Value Until Time 7
  12,                                     !- Hour 8
  0,                                      !- Minute 8
  0.112853733378793,                      !- Value Until Time 8
  13,                                     !- Hour 9
  0,                                      !- Minute 9
  0.0902829867030344,                     !- Value Until Time 9
  15,                                     !- Hour 10
  0,                                      !- Minute 10
  0.0827594044777816,                     !- Value Until Time 10
  16,                                     !- Hour 11
  0,                                      !- Minute 11
  0.0902829867030344,                     !- Value Until Time 11
  17,                                     !- Hour 12
  0,                                      !- Minute 12
  0.142948062279805,                      !- Value Until Time 12
  18,                                     !- Hour 13
  0,                                      !- Minute 13
  0.278372542334356,                      !- Value Until Time 13
  19,                                     !- Hour 14
  0,                                      !- Minute 14
  0.368655529037391,                      !- Value Until Time 14
  20,                                     !- Hour 15
  0,                                      !- Minute 15
  0.489032844641437,                      !- Value Until Time 15
  21,                                     !- Hour 16
  0,                                      !- Minute 16
  0.684645982498011,                      !- Value Until Time 16
  22,                                     !- Hour 17
  0,                                      !- Minute 17
  0.789976133651551,                      !- Value Until Time 17
  23,                                     !- Hour 18
  0,                                      !- Minute 18
  0.684645982498011,                      !- Value Until Time 18
  24,                                     !- Hour 19
  0,                                      !- Minute 19
  0.473985680190931;                      !- Value Until Time 19

OS:Schedule:Rule,
  {ed933f30-c6bb-4a01-89a8-87aeb6b97a82}, !- Handle
  exterior lighting schedule weekend ruleset3, !- Name
  {72797b22-1a85-4884-937b-faa2094e6324}, !- Schedule Ruleset Name
  16,                                     !- Rule Order
  {3f305449-7854-49da-ba34-5aecc905ee5a}, !- Day Schedule Name
  Yes,                                    !- Apply Sunday
  ,                                       !- Apply Monday
  ,                                       !- Apply Tuesday
  ,                                       !- Apply Wednesday
  ,                                       !- Apply Thursday
  ,                                       !- Apply Friday
  Yes,                                    !- Apply Saturday
  DateRange,                              !- Date Specification Type
  3,                                      !- Start Month
  1,                                      !- Start Day
  3,                                      !- End Month
  31;                                     !- End Day

OS:Schedule:Day,
  {3f305449-7854-49da-ba34-5aecc905ee5a}, !- Handle
  exterior lighting schedule weekend3,    !- Name
  {10ce4029-b4c2-42f8-998e-362f2b524706}, !- Schedule Type Limits Name
  ,                                       !- Interpolate to Timestep
  2,                                      !- Hour 1
  0,                                      !- Minute 1
  0.346084782361632,                      !- Value Until Time 1
  4,                                      !- Hour 2
  0,                                      !- Minute 2
  0.338561200136379,                      !- Value Until Time 2
  5,                                      !- Hour 3
  0,                                      !- Minute 3
  0.346084782361632,                      !- Value Until Time 3
  6,                                      !- Hour 4
  0,                                      !- Minute 4
  0.338561200136379,                      !- Value Until Time 4
  7,                                      !- Hour 5
  0,                                      !- Minute 5
  0.331037617911126,                      !- Value Until Time 5
  8,                                      !- Hour 6
  0,                                      !- Minute 6
  0.308466871235368,                      !- Value Until Time 6
  9,                                      !- Hour 7
  0,                                      !- Minute 7
  0.270848960109103,                      !- Value Until Time 7
  10,                                     !- Hour 8
  0,                                      !- Minute 8
  0.225707466757586,                      !- Value Until Time 8
  11,                                     !- Hour 9
  0,                                      !- Minute 9
  0.180565973406069,                      !- Value Until Time 9
  12,                                     !- Hour 10
  0,                                      !- Minute 10
  0.120377315604046,                      !- Value Until Time 10
  13,                                     !- Hour 11
  0,                                      !- Minute 11
  0.0902829867030344,                     !- Value Until Time 11
  15,                                     !- Hour 12
  0,                                      !- Minute 12
  0.0827594044777816,                     !- Value Until Time 12
  16,                                     !- Hour 13
  0,                                      !- Minute 13
  0.0902829867030344,                     !- Value Until Time 13
  17,                                     !- Hour 14
  0,                                      !- Minute 14
  0.142948062279805,                      !- Value Until Time 14
  18,                                     !- Hour 15
  0,                                      !- Minute 15
  0.285896124559609,                      !- Value Until Time 15
  19,                                     !- Hour 16
  0,                                      !- Minute 16
  0.361131946812138,                      !- Value Until Time 16
  20,                                     !- Hour 17
  0,                                      !- Minute 17
  0.451414933515172,                      !- Value Until Time 17
  21,                                     !- Hour 18
  0,                                      !- Minute 18
  0.624457324695988,                      !- Value Until Time 18
  22,                                     !- Hour 19
  0,                                      !- Minute 19
  0.737311058074781,                      !- Value Until Time 19
  23,                                     !- Hour 20
  0,                                      !- Minute 20
  0.639504489146494,                      !- Value Until Time 20
  24,                                     !- Hour 21
  0,                                      !- Minute 21
  0.443891351289919;                      !- Value Until Time 21

OS:Schedule:Rule,
  {2770e0ce-5939-446d-b19c-37e77735cdae}, !- Handle
  exterior lighting schedule weekday ruleset4, !- Name
  {72797b22-1a85-4884-937b-faa2094e6324}, !- Schedule Ruleset Name
  15,                                     !- Rule Order
  {b040a2a3-aee1-4f33-998b-2bad444ba819}, !- Day Schedule Name
  ,                                       !- Apply Sunday
  Yes,                                    !- Apply Monday
  Yes,                                    !- Apply Tuesday
  Yes,                                    !- Apply Wednesday
  Yes,                                    !- Apply Thursday
  Yes,                                    !- Apply Friday
  ,                                       !- Apply Saturday
  DateRange,                              !- Date Specification Type
  4,                                      !- Start Month
  1,                                      !- Start Day
  4,                                      !- End Month
  30;                                     !- End Day

OS:Schedule:Day,
  {b040a2a3-aee1-4f33-998b-2bad444ba819}, !- Handle
  exterior lighting schedule weekday4,    !- Name
  {10ce4029-b4c2-42f8-998e-362f2b524706}, !- Schedule Type Limits Name
  ,                                       !- Interpolate to Timestep
  5,                                      !- Hour 1
  0,                                      !- Minute 1
  0.344690684547486,                      !- Value Until Time 1
  6,                                      !- Hour 2
  0,                                      !- Minute 2
  0.277251202788196,                      !- Value Until Time 2
  7,                                      !- Hour 3
  0,                                      !- Minute 3
  0.262264651286131,                      !- Value Until Time 3
  8,                                      !- Hour 4
  0,                                      !- Minute 4
  0.254771375535099,                      !- Value Until Time 4
  9,                                      !- Hour 5
  0,                                      !- Minute 5
  0.247278099784066,                      !- Value Until Time 5
  10,                                     !- Hour 6
  0,                                      !- Minute 6
  0.209811721028905,                      !- Value Until Time 6
  11,                                     !- Hour 7
  0,                                      !- Minute 7
  0.164852066522711,                      !- Value Until Time 7
  12,                                     !- Hour 8
  0,                                      !- Minute 8
  0.112399136265485,                      !- Value Until Time 8
  13,                                     !- Hour 9
  0,                                      !- Minute 9
  0.0899193090123878,                     !- Value Until Time 9
  15,                                     !- Hour 10
  0,                                      !- Minute 10
  0.0824260332613555,                     !- Value Until Time 10
  16,                                     !- Hour 11
  0,                                      !- Minute 11
  0.0899193090123878,                     !- Value Until Time 11
  17,                                     !- Hour 12
  0,                                      !- Minute 12
  0.142372239269614,                      !- Value Until Time 12
  18,                                     !- Hour 13
  0,                                      !- Minute 13
  0.277251202788196,                      !- Value Until Time 13
  19,                                     !- Hour 14
  0,                                      !- Minute 14
  0.367170511800583,                      !- Value Until Time 14
  20,                                     !- Hour 15
  0,                                      !- Minute 15
  0.4870629238171,                        !- Value Until Time 15
  21,                                     !- Hour 16
  0,                                      !- Minute 16
  0.681888093343941,                      !- Value Until Time 16
  22,                                     !- Hour 17
  0,                                      !- Minute 17
  0.786793953858393,                      !- Value Until Time 17
  23,                                     !- Hour 18
  0,                                      !- Minute 18
  0.681888093343941,                      !- Value Until Time 18
  24,                                     !- Hour 19
  0,                                      !- Minute 19
  0.472076372315036;                      !- Value Until Time 19

OS:Schedule:Rule,
  {9b5a7fee-0a68-4c17-9372-026be39337e5}, !- Handle
  exterior lighting schedule weekend ruleset4, !- Name
  {72797b22-1a85-4884-937b-faa2094e6324}, !- Schedule Ruleset Name
  14,                                     !- Rule Order
  {0d12baad-35f4-46e6-805a-5a5fa1fde7ae}, !- Day Schedule Name
  Yes,                                    !- Apply Sunday
  ,                                       !- Apply Monday
  ,                                       !- Apply Tuesday
  ,                                       !- Apply Wednesday
  ,                                       !- Apply Thursday
  ,                                       !- Apply Friday
  Yes,                                    !- Apply Saturday
  DateRange,                              !- Date Specification Type
  4,                                      !- Start Month
  1,                                      !- Start Day
  4,                                      !- End Month
  30;                                     !- End Day

OS:Schedule:Day,
  {0d12baad-35f4-46e6-805a-5a5fa1fde7ae}, !- Handle
  exterior lighting schedule weekend4,    !- Name
  {10ce4029-b4c2-42f8-998e-362f2b524706}, !- Schedule Type Limits Name
  ,                                       !- Interpolate to Timestep
  2,                                      !- Hour 1
  0,                                      !- Minute 1
  0.344690684547486,                      !- Value Until Time 1
  4,                                      !- Hour 2
  0,                                      !- Minute 2
  0.337197408796454,                      !- Value Until Time 2
  5,                                      !- Hour 3
  0,                                      !- Minute 3
  0.344690684547486,                      !- Value Until Time 3
  6,                                      !- Hour 4
  0,                                      !- Minute 4
  0.337197408796454,                      !- Value Until Time 4
  7,                                      !- Hour 5
  0,                                      !- Minute 5
  0.329704133045422,                      !- Value Until Time 5
  8,                                      !- Hour 6
  0,                                      !- Minute 6
  0.307224305792325,                      !- Value Until Time 6
  9,                                      !- Hour 7
  0,                                      !- Minute 7
  0.269757927037163,                      !- Value Until Time 7
  10,                                     !- Hour 8
  0,                                      !- Minute 8
  0.224798272530969,                      !- Value Until Time 8
  11,                                     !- Hour 9
  0,                                      !- Minute 9
  0.179838618024776,                      !- Value Until Time 9
  12,                                     !- Hour 10
  0,                                      !- Minute 10
  0.119892412016517,                      !- Value Until Time 10
  13,                                     !- Hour 11
  0,                                      !- Minute 11
  0.0899193090123878,                     !- Value Until Time 11
  15,                                     !- Hour 12
  0,                                      !- Minute 12
  0.0824260332613555,                     !- Value Until Time 12
  16,                                     !- Hour 13
  0,                                      !- Minute 13
  0.0899193090123878,                     !- Value Until Time 13
  17,                                     !- Hour 14
  0,                                      !- Minute 14
  0.142372239269614,                      !- Value Until Time 14
  18,                                     !- Hour 15
  0,                                      !- Minute 15
  0.284744478539228,                      !- Value Until Time 15
  19,                                     !- Hour 16
  0,                                      !- Minute 16
  0.359677236049551,                      !- Value Until Time 16
  20,                                     !- Hour 17
  0,                                      !- Minute 17
  0.449596545061939,                      !- Value Until Time 17
  21,                                     !- Hour 18
  0,                                      !- Minute 18
  0.621941887335682,                      !- Value Until Time 18
  22,                                     !- Hour 19
  0,                                      !- Minute 19
  0.734341023601167,                      !- Value Until Time 19
  23,                                     !- Hour 20
  0,                                      !- Minute 20
  0.636928438837747,                      !- Value Until Time 20
  24,                                     !- Hour 21
  0,                                      !- Minute 21
  0.442103269310907;                      !- Value Until Time 21

OS:Schedule:Rule,
  {283c719c-66a0-4b11-b0b4-b23bce327280}, !- Handle
  exterior lighting schedule weekday ruleset5, !- Name
  {72797b22-1a85-4884-937b-faa2094e6324}, !- Schedule Ruleset Name
  13,                                     !- Rule Order
  {076c6b51-6e10-4abe-bd27-f8914f1a35fa}, !- Day Schedule Name
  ,                                       !- Apply Sunday
  Yes,                                    !- Apply Monday
  Yes,                                    !- Apply Tuesday
  Yes,                                    !- Apply Wednesday
  Yes,                                    !- Apply Thursday
  Yes,                                    !- Apply Friday
  ,                                       !- Apply Saturday
  DateRange,                              !- Date Specification Type
  5,                                      !- Start Month
  1,                                      !- Start Day
  5,                                      !- End Month
  31;                                     !- End Day

OS:Schedule:Day,
  {076c6b51-6e10-4abe-bd27-f8914f1a35fa}, !- Handle
  exterior lighting schedule weekday5,    !- Name
  {10ce4029-b4c2-42f8-998e-362f2b524706}, !- Schedule Type Limits Name
  ,                                       !- Interpolate to Timestep
  5,                                      !- Hour 1
  0,                                      !- Minute 1
  0.346084782361632,                      !- Value Until Time 1
  6,                                      !- Hour 2
  0,                                      !- Minute 2
  0.278372542334356,                      !- Value Until Time 2
  7,                                      !- Hour 3
  0,                                      !- Minute 3
  0.26332537788385,                       !- Value Until Time 3
  8,                                      !- Hour 4
  0,                                      !- Minute 4
  0.255801795658598,                      !- Value Until Time 4
  9,                                      !- Hour 5
  0,                                      !- Minute 5
  0.248278213433345,                      !- Value Until Time 5
  10,                                     !- Hour 6
  0,                                      !- Minute 6
  0.21066030230708,                       !- Value Until Time 6
  11,                                     !- Hour 7
  0,                                      !- Minute 7
  0.165518808955563,                      !- Value Until Time 7
  12,                                     !- Hour 8
  0,                                      !- Minute 8
  0.112853733378793,                      !- Value Until Time 8
  13,                                     !- Hour 9
  0,                                      !- Minute 9
  0.0902829867030344,                     !- Value Until Time 9
  15,                                     !- Hour 10
  0,                                      !- Minute 10
  0.0827594044777816,                     !- Value Until Time 10
  16,                                     !- Hour 11
  0,                                      !- Minute 11
  0.0902829867030344,                     !- Value Until Time 11
  17,                                     !- Hour 12
  0,                                      !- Minute 12
  0.142948062279805,                      !- Value Until Time 12
  18,                                     !- Hour 13
  0,                                      !- Minute 13
  0.278372542334356,                      !- Value Until Time 13
  19,                                     !- Hour 14
  0,                                      !- Minute 14
  0.368655529037391,                      !- Value Until Time 14
  20,                                     !- Hour 15
  0,                                      !- Minute 15
  0.489032844641437,                      !- Value Until Time 15
  21,                                     !- Hour 16
  0,                                      !- Minute 16
  0.684645982498011,                      !- Value Until Time 16
  22,                                     !- Hour 17
  0,                                      !- Minute 17
  0.789976133651551,                      !- Value Until Time 17
  23,                                     !- Hour 18
  0,                                      !- Minute 18
  0.684645982498011,                      !- Value Until Time 18
  24,                                     !- Hour 19
  0,                                      !- Minute 19
  0.473985680190931;                      !- Value Until Time 19

OS:Schedule:Rule,
  {af585bd5-0909-4f90-9ba7-b439f62647e1}, !- Handle
  exterior lighting schedule weekend ruleset5, !- Name
  {72797b22-1a85-4884-937b-faa2094e6324}, !- Schedule Ruleset Name
  12,                                     !- Rule Order
  {5117dd62-b72c-46f4-9340-a0394a1fceb9}, !- Day Schedule Name
  Yes,                                    !- Apply Sunday
  ,                                       !- Apply Monday
  ,                                       !- Apply Tuesday
  ,                                       !- Apply Wednesday
  ,                                       !- Apply Thursday
  ,                                       !- Apply Friday
  Yes,                                    !- Apply Saturday
  DateRange,                              !- Date Specification Type
  5,                                      !- Start Month
  1,                                      !- Start Day
  5,                                      !- End Month
  31;                                     !- End Day

OS:Schedule:Day,
  {5117dd62-b72c-46f4-9340-a0394a1fceb9}, !- Handle
  exterior lighting schedule weekend5,    !- Name
  {10ce4029-b4c2-42f8-998e-362f2b524706}, !- Schedule Type Limits Name
  ,                                       !- Interpolate to Timestep
  2,                                      !- Hour 1
  0,                                      !- Minute 1
  0.346084782361632,                      !- Value Until Time 1
  4,                                      !- Hour 2
  0,                                      !- Minute 2
  0.338561200136379,                      !- Value Until Time 2
  5,                                      !- Hour 3
  0,                                      !- Minute 3
  0.346084782361632,                      !- Value Until Time 3
  6,                                      !- Hour 4
  0,                                      !- Minute 4
  0.338561200136379,                      !- Value Until Time 4
  7,                                      !- Hour 5
  0,                                      !- Minute 5
  0.331037617911126,                      !- Value Until Time 5
  8,                                      !- Hour 6
  0,                                      !- Minute 6
  0.308466871235368,                      !- Value Until Time 6
  9,                                      !- Hour 7
  0,                                      !- Minute 7
  0.270848960109103,                      !- Value Until Time 7
  10,                                     !- Hour 8
  0,                                      !- Minute 8
  0.225707466757586,                      !- Value Until Time 8
  11,                                     !- Hour 9
  0,                                      !- Minute 9
  0.180565973406069,                      !- Value Until Time 9
  12,                                     !- Hour 10
  0,                                      !- Minute 10
  0.120377315604046,                      !- Value Until Time 10
  13,                                     !- Hour 11
  0,                                      !- Minute 11
  0.0902829867030344,                     !- Value Until Time 11
  15,                                     !- Hour 12
  0,                                      !- Minute 12
  0.0827594044777816,                     !- Value Until Time 12
  16,                                     !- Hour 13
  0,                                      !- Minute 13
  0.0902829867030344,                     !- Value Until Time 13
  17,                                     !- Hour 14
  0,                                      !- Minute 14
  0.142948062279805,                      !- Value Until Time 14
  18,                                     !- Hour 15
  0,                                      !- Minute 15
  0.285896124559609,                      !- Value Until Time 15
  19,                                     !- Hour 16
  0,                                      !- Minute 16
  0.361131946812138,                      !- Value Until Time 16
  20,                                     !- Hour 17
  0,                                      !- Minute 17
  0.451414933515172,                      !- Value Until Time 17
  21,                                     !- Hour 18
  0,                                      !- Minute 18
  0.624457324695988,                      !- Value Until Time 18
  22,                                     !- Hour 19
  0,                                      !- Minute 19
  0.737311058074781,                      !- Value Until Time 19
  23,                                     !- Hour 20
  0,                                      !- Minute 20
  0.639504489146494,                      !- Value Until Time 20
  24,                                     !- Hour 21
  0,                                      !- Minute 21
  0.443891351289919;                      !- Value Until Time 21

OS:Schedule:Rule,
  {207343c9-98f6-4825-9d5a-c8c676428adc}, !- Handle
  exterior lighting schedule weekday ruleset6, !- Name
  {72797b22-1a85-4884-937b-faa2094e6324}, !- Schedule Ruleset Name
  11,                                     !- Rule Order
  {5b3eb560-130f-455a-8b12-516169ea1e54}, !- Day Schedule Name
  ,                                       !- Apply Sunday
  Yes,                                    !- Apply Monday
  Yes,                                    !- Apply Tuesday
  Yes,                                    !- Apply Wednesday
  Yes,                                    !- Apply Thursday
  Yes,                                    !- Apply Friday
  ,                                       !- Apply Saturday
  DateRange,                              !- Date Specification Type
  6,                                      !- Start Month
  1,                                      !- Start Day
  6,                                      !- End Month
  30;                                     !- End Day

OS:Schedule:Day,
  {5b3eb560-130f-455a-8b12-516169ea1e54}, !- Handle
  exterior lighting schedule weekday6,    !- Name
  {10ce4029-b4c2-42f8-998e-362f2b524706}, !- Schedule Type Limits Name
  ,                                       !- Interpolate to Timestep
  5,                                      !- Hour 1
  0,                                      !- Minute 1
  0.288229723074592,                      !- Value Until Time 1
  6,                                      !- Hour 2
  0,                                      !- Minute 2
  0.231836951168693,                      !- Value Until Time 2
  7,                                      !- Hour 3
  0,                                      !- Minute 3
  0.219305224078494,                      !- Value Until Time 3
  8,                                      !- Hour 4
  0,                                      !- Minute 4
  0.213039360533394,                      !- Value Until Time 4
  9,                                      !- Hour 5
  0,                                      !- Minute 5
  0.206773496988294,                      !- Value Until Time 5
  10,                                     !- Hour 6
  0,                                      !- Minute 6
  0.175444179262795,                      !- Value Until Time 6
  11,                                     !- Hour 7
  0,                                      !- Minute 7
  0.137848997992196,                      !- Value Until Time 7
  12,                                     !- Hour 8
  0,                                      !- Minute 8
  0.0939879531764973,                     !- Value Until Time 8
  13,                                     !- Hour 9
  0,                                      !- Minute 9
  0.0751903625411979,                     !- Value Until Time 9
  15,                                     !- Hour 10
  0,                                      !- Minute 10
  0.068924498996098,                      !- Value Until Time 10
  16,                                     !- Hour 11
  0,                                      !- Minute 11
  0.0751903625411979,                     !- Value Until Time 11
  17,                                     !- Hour 12
  0,                                      !- Minute 12
  0.119051407356897,                      !- Value Until Time 12
  18,                                     !- Hour 13
  0,                                      !- Minute 13
  0.231836951168693,                      !- Value Until Time 13
  19,                                     !- Hour 14
  0,                                      !- Minute 14
  0.307027313709891,                      !- Value Until Time 14
  20,                                     !- Hour 15
  0,                                      !- Minute 15
  0.407281130431488,                      !- Value Until Time 15
  21,                                     !- Hour 16
  0,                                      !- Minute 16
  0.570193582604084,                      !- Value Until Time 16
  22,                                     !- Hour 17
  0,                                      !- Minute 17
  0.657915672235481,                      !- Value Until Time 17
  23,                                     !- Hour 18
  0,                                      !- Minute 18
  0.570193582604084,                      !- Value Until Time 18
  24,                                     !- Hour 19
  0,                                      !- Minute 19
  0.394749403341289;                      !- Value Until Time 19

OS:Schedule:Rule,
  {da1f88fc-cfdd-4b4d-a8fa-d50fc113b9d2}, !- Handle
  exterior lighting schedule weekend ruleset6, !- Name
  {72797b22-1a85-4884-937b-faa2094e6324}, !- Schedule Ruleset Name
  10,                                     !- Rule Order
  {de1e5f87-7389-4c92-aeb1-4831f138edff}, !- Day Schedule Name
  Yes,                                    !- Apply Sunday
  ,                                       !- Apply Monday
  ,                                       !- Apply Tuesday
  ,                                       !- Apply Wednesday
  ,                                       !- Apply Thursday
  ,                                       !- Apply Friday
  Yes,                                    !- Apply Saturday
  DateRange,                              !- Date Specification Type
  6,                                      !- Start Month
  1,                                      !- Start Day
  6,                                      !- End Month
  30;                                     !- End Day

OS:Schedule:Day,
  {de1e5f87-7389-4c92-aeb1-4831f138edff}, !- Handle
  exterior lighting schedule weekend6,    !- Name
  {10ce4029-b4c2-42f8-998e-362f2b524706}, !- Schedule Type Limits Name
  ,                                       !- Interpolate to Timestep
  2,                                      !- Hour 1
  0,                                      !- Minute 1
  0.288229723074592,                      !- Value Until Time 1
  4,                                      !- Hour 2
  0,                                      !- Minute 2
  0.281963859529492,                      !- Value Until Time 2
  5,                                      !- Hour 3
  0,                                      !- Minute 3
  0.288229723074592,                      !- Value Until Time 3
  6,                                      !- Hour 4
  0,                                      !- Minute 4
  0.281963859529492,                      !- Value Until Time 4
  7,                                      !- Hour 5
  0,                                      !- Minute 5
  0.275697995984392,                      !- Value Until Time 5
  8,                                      !- Hour 6
  0,                                      !- Minute 6
  0.256900405349093,                      !- Value Until Time 6
  9,                                      !- Hour 7
  0,                                      !- Minute 7
  0.225571087623594,                      !- Value Until Time 7
  10,                                     !- Hour 8
  0,                                      !- Minute 8
  0.187975906352995,                      !- Value Until Time 8
  11,                                     !- Hour 9
  0,                                      !- Minute 9
  0.150380725082396,                      !- Value Until Time 9
  12,                                     !- Hour 10
  0,                                      !- Minute 10
  0.100253816721597,                      !- Value Until Time 10
  13,                                     !- Hour 11
  0,                                      !- Minute 11
  0.0751903625411979,                     !- Value Until Time 11
  15,                                     !- Hour 12
  0,                                      !- Minute 12
  0.068924498996098,                      !- Value Until Time 12
  16,                                     !- Hour 13
  0,                                      !- Minute 13
  0.0751903625411979,                     !- Value Until Time 13
  17,                                     !- Hour 14
  0,                                      !- Minute 14
  0.119051407356897,                      !- Value Until Time 14
  18,                                     !- Hour 15
  0,                                      !- Minute 15
  0.238102814713793,                      !- Value Until Time 15
  19,                                     !- Hour 16
  0,                                      !- Minute 16
  0.300761450164791,                      !- Value Until Time 16
  20,                                     !- Hour 17
  0,                                      !- Minute 17
  0.375951812705989,                      !- Value Until Time 17
  21,                                     !- Hour 18
  0,                                      !- Minute 18
  0.520066674243285,                      !- Value Until Time 18
  22,                                     !- Hour 19
  0,                                      !- Minute 19
  0.614054627419783,                      !- Value Until Time 19
  23,                                     !- Hour 20
  0,                                      !- Minute 20
  0.532598401333485,                      !- Value Until Time 20
  24,                                     !- Hour 21
  0,                                      !- Minute 21
  0.369685949160889;                      !- Value Until Time 21

OS:Schedule:Rule,
  {9aabb08e-a8de-44c9-9d97-fd8c3fdc835f}, !- Handle
  exterior lighting schedule weekday ruleset7, !- Name
  {72797b22-1a85-4884-937b-faa2094e6324}, !- Schedule Ruleset Name
  9,                                      !- Rule Order
  {aaaeac62-3367-41da-86fd-591186b4941f}, !- Day Schedule Name
  ,                                       !- Apply Sunday
  Yes,                                    !- Apply Monday
  Yes,                                    !- Apply Tuesday
  Yes,                                    !- Apply Wednesday
  Yes,                                    !- Apply Thursday
  Yes,                                    !- Apply Friday
  ,                                       !- Apply Saturday
  DateRange,                              !- Date Specification Type
  7,                                      !- Start Month
  1,                                      !- Start Day
  8,                                      !- End Month
  31;                                     !- End Day

OS:Schedule:Day,
  {aaaeac62-3367-41da-86fd-591186b4941f}, !- Handle
  exterior lighting schedule weekday7,    !- Name
  {10ce4029-b4c2-42f8-998e-362f2b524706}, !- Schedule Type Limits Name
  ,                                       !- Interpolate to Timestep
  5,                                      !- Hour 1
  0,                                      !- Minute 1
  0.286138576353373,                      !- Value Until Time 1
  6,                                      !- Hour 2
  0,                                      !- Minute 2
  0.230154941849453,                      !- Value Until Time 2
  7,                                      !- Hour 3
  0,                                      !- Minute 3
  0.217714134181915,                      !- Value Until Time 3
  8,                                      !- Hour 4
  0,                                      !- Minute 4
  0.211493730348146,                      !- Value Until Time 4
  9,                                      !- Hour 5
  0,                                      !- Minute 5
  0.205273326514377,                      !- Value Until Time 5
  10,                                     !- Hour 6
  0,                                      !- Minute 6
  0.174171307345532,                      !- Value Until Time 6
  11,                                     !- Hour 7
  0,                                      !- Minute 7
  0.136848884342918,                      !- Value Until Time 7
  12,                                     !- Hour 8
  0,                                      !- Minute 8
  0.0933060575065348,                     !- Value Until Time 8
  13,                                     !- Hour 9
  0,                                      !- Minute 9
  0.0746448460052279,                     !- Value Until Time 9
  15,                                     !- Hour 10
  0,                                      !- Minute 10
  0.0684244421714589,                     !- Value Until Time 10
  16,                                     !- Hour 11
  0,                                      !- Minute 11
  0.0746448460052279,                     !- Value Until Time 11
  17,                                     !- Hour 12
  0,                                      !- Minute 12
  0.118187672841611,                      !- Value Until Time 12
  18,                                     !- Hour 13
  0,                                      !- Minute 13
  0.230154941849453,                      !- Value Until Time 13
  19,                                     !- Hour 14
  0,                                      !- Minute 14
  0.30479978785468,                       !- Value Until Time 14
  20,                                     !- Hour 15
  0,                                      !- Minute 15
  0.404326249194984,                      !- Value Until Time 15
  21,                                     !- Hour 16
  0,                                      !- Minute 16
  0.566056748872978,                      !- Value Until Time 16
  22,                                     !- Hour 17
  0,                                      !- Minute 17
  0.653142402545744,                      !- Value Until Time 17
  23,                                     !- Hour 18
  0,                                      !- Minute 18
  0.566056748872978,                      !- Value Until Time 18
  24,                                     !- Hour 19
  0,                                      !- Minute 19
  0.391885441527446;                      !- Value Until Time 19

OS:Schedule:Rule,
  {5821d3ef-2401-4042-aec5-def180f88ad6}, !- Handle
  exterior lighting schedule weekend ruleset7, !- Name
  {72797b22-1a85-4884-937b-faa2094e6324}, !- Schedule Ruleset Name
  8,                                      !- Rule Order
  {db70e490-f0a1-45db-97c8-925b48fbdda3}, !- Day Schedule Name
  Yes,                                    !- Apply Sunday
  ,                                       !- Apply Monday
  ,                                       !- Apply Tuesday
  ,                                       !- Apply Wednesday
  ,                                       !- Apply Thursday
  ,                                       !- Apply Friday
  Yes,                                    !- Apply Saturday
  DateRange,                              !- Date Specification Type
  7,                                      !- Start Month
  1,                                      !- Start Day
  8,                                      !- End Month
  31;                                     !- End Day

OS:Schedule:Day,
  {db70e490-f0a1-45db-97c8-925b48fbdda3}, !- Handle
  exterior lighting schedule weekend7,    !- Name
  {10ce4029-b4c2-42f8-998e-362f2b524706}, !- Schedule Type Limits Name
  ,                                       !- Interpolate to Timestep
  2,                                      !- Hour 1
  0,                                      !- Minute 1
  0.286138576353373,                      !- Value Until Time 1
  4,                                      !- Hour 2
  0,                                      !- Minute 2
  0.279918172519604,                      !- Value Until Time 2
  5,                                      !- Hour 3
  0,                                      !- Minute 3
  0.286138576353373,                      !- Value Until Time 3
  6,                                      !- Hour 4
  0,                                      !- Minute 4
  0.279918172519604,                      !- Value Until Time 4
  7,                                      !- Hour 5
  0,                                      !- Minute 5
  0.273697768685836,                      !- Value Until Time 5
  8,                                      !- Hour 6
  0,                                      !- Minute 6
  0.255036557184529,                      !- Value Until Time 6
  9,                                      !- Hour 7
  0,                                      !- Minute 7
  0.223934538015684,                      !- Value Until Time 7
  10,                                     !- Hour 8
  0,                                      !- Minute 8
  0.18661211501307,                       !- Value Until Time 8
  11,                                     !- Hour 9
  0,                                      !- Minute 9
  0.149289692010456,                      !- Value Until Time 9
  12,                                     !- Hour 10
  0,                                      !- Minute 10
  0.0995264613403038,                     !- Value Until Time 10
  13,                                     !- Hour 11
  0,                                      !- Minute 11
  0.0746448460052279,                     !- Value Until Time 11
  15,                                     !- Hour 12
  0,                                      !- Minute 12
  0.0684244421714589,                     !- Value Until Time 12
  16,                                     !- Hour 13
  0,                                      !- Minute 13
  0.0746448460052279,                     !- Value Until Time 13
  17,                                     !- Hour 14
  0,                                      !- Minute 14
  0.118187672841611,                      !- Value Until Time 14
  18,                                     !- Hour 15
  0,                                      !- Minute 15
  0.236375345683222,                      !- Value Until Time 15
  19,                                     !- Hour 16
  0,                                      !- Minute 16
  0.298579384020911,                      !- Value Until Time 16
  20,                                     !- Hour 17
  0,                                      !- Minute 17
  0.373224230026139,                      !- Value Until Time 17
  21,                                     !- Hour 18
  0,                                      !- Minute 18
  0.516293518202826,                      !- Value Until Time 18
  22,                                     !- Hour 19
  0,                                      !- Minute 19
  0.609599575709361,                      !- Value Until Time 19
  23,                                     !- Hour 20
  0,                                      !- Minute 20
  0.528734325870364,                      !- Value Until Time 20
  24,                                     !- Hour 21
  0,                                      !- Minute 21
  0.36700382619237;                       !- Value Until Time 21

OS:Schedule:Rule,
  {98b7e5c7-6534-4bfb-8a2b-4439a43d6357}, !- Handle
  exterior lighting schedule weekday ruleset9, !- Name
  {72797b22-1a85-4884-937b-faa2094e6324}, !- Schedule Ruleset Name
  7,                                      !- Rule Order
  {4c2fb04d-701a-4bfd-a212-a5558f3f1a2f}, !- Day Schedule Name
  ,                                       !- Apply Sunday
  Yes,                                    !- Apply Monday
  Yes,                                    !- Apply Tuesday
  Yes,                                    !- Apply Wednesday
  Yes,                                    !- Apply Thursday
  Yes,                                    !- Apply Friday
  ,                                       !- Apply Saturday
  DateRange,                              !- Date Specification Type
  9,                                      !- Start Month
  1,                                      !- Start Day
  9,                                      !- End Month
  30;                                     !- End Day

OS:Schedule:Day,
  {4c2fb04d-701a-4bfd-a212-a5558f3f1a2f}, !- Handle
  exterior lighting schedule weekday9,    !- Name
  {10ce4029-b4c2-42f8-998e-362f2b524706}, !- Schedule Type Limits Name
  ,                                       !- Interpolate to Timestep
  5,                                      !- Hour 1
  0,                                      !- Minute 1
  0.288229723074592,                      !- Value Until Time 1
  6,                                      !- Hour 2
  0,                                      !- Minute 2
  0.231836951168693,                      !- Value Until Time 2
  7,                                      !- Hour 3
  0,                                      !- Minute 3
  0.219305224078494,                      !- Value Until Time 3
  8,                                      !- Hour 4
  0,                                      !- Minute 4
  0.213039360533394,                      !- Value Until Time 4
  9,                                      !- Hour 5
  0,                                      !- Minute 5
  0.206773496988294,                      !- Value Until Time 5
  10,                                     !- Hour 6
  0,                                      !- Minute 6
  0.175444179262795,                      !- Value Until Time 6
  11,                                     !- Hour 7
  0,                                      !- Minute 7
  0.137848997992196,                      !- Value Until Time 7
  12,                                     !- Hour 8
  0,                                      !- Minute 8
  0.0939879531764973,                     !- Value Until Time 8
  13,                                     !- Hour 9
  0,                                      !- Minute 9
  0.0751903625411979,                     !- Value Until Time 9
  15,                                     !- Hour 10
  0,                                      !- Minute 10
  0.068924498996098,                      !- Value Until Time 10
  16,                                     !- Hour 11
  0,                                      !- Minute 11
  0.0751903625411979,                     !- Value Until Time 11
  17,                                     !- Hour 12
  0,                                      !- Minute 12
  0.119051407356897,                      !- Value Until Time 12
  18,                                     !- Hour 13
  0,                                      !- Minute 13
  0.231836951168693,                      !- Value Until Time 13
  19,                                     !- Hour 14
  0,                                      !- Minute 14
  0.307027313709891,                      !- Value Until Time 14
  20,                                     !- Hour 15
  0,                                      !- Minute 15
  0.407281130431488,                      !- Value Until Time 15
  21,                                     !- Hour 16
  0,                                      !- Minute 16
  0.570193582604084,                      !- Value Until Time 16
  22,                                     !- Hour 17
  0,                                      !- Minute 17
  0.657915672235481,                      !- Value Until Time 17
  23,                                     !- Hour 18
  0,                                      !- Minute 18
  0.570193582604084,                      !- Value Until Time 18
  24,                                     !- Hour 19
  0,                                      !- Minute 19
  0.394749403341289;                      !- Value Until Time 19

OS:Schedule:Rule,
  {8769009c-81b2-4046-9f32-5017ee901907}, !- Handle
  exterior lighting schedule weekend ruleset9, !- Name
  {72797b22-1a85-4884-937b-faa2094e6324}, !- Schedule Ruleset Name
  6,                                      !- Rule Order
  {b19528aa-d026-45a9-9eca-6c271c60d1d7}, !- Day Schedule Name
  Yes,                                    !- Apply Sunday
  ,                                       !- Apply Monday
  ,                                       !- Apply Tuesday
  ,                                       !- Apply Wednesday
  ,                                       !- Apply Thursday
  ,                                       !- Apply Friday
  Yes,                                    !- Apply Saturday
  DateRange,                              !- Date Specification Type
  9,                                      !- Start Month
  1,                                      !- Start Day
  9,                                      !- End Month
  30;                                     !- End Day

OS:Schedule:Day,
  {b19528aa-d026-45a9-9eca-6c271c60d1d7}, !- Handle
  exterior lighting schedule weekend9,    !- Name
  {10ce4029-b4c2-42f8-998e-362f2b524706}, !- Schedule Type Limits Name
  ,                                       !- Interpolate to Timestep
  2,                                      !- Hour 1
  0,                                      !- Minute 1
  0.288229723074592,                      !- Value Until Time 1
  4,                                      !- Hour 2
  0,                                      !- Minute 2
  0.281963859529492,                      !- Value Until Time 2
  5,                                      !- Hour 3
  0,                                      !- Minute 3
  0.288229723074592,                      !- Value Until Time 3
  6,                                      !- Hour 4
  0,                                      !- Minute 4
  0.281963859529492,                      !- Value Until Time 4
  7,                                      !- Hour 5
  0,                                      !- Minute 5
  0.275697995984392,                      !- Value Until Time 5
  8,                                      !- Hour 6
  0,                                      !- Minute 6
  0.256900405349093,                      !- Value Until Time 6
  9,                                      !- Hour 7
  0,                                      !- Minute 7
  0.225571087623594,                      !- Value Until Time 7
  10,                                     !- Hour 8
  0,                                      !- Minute 8
  0.187975906352995,                      !- Value Until Time 8
  11,                                     !- Hour 9
  0,                                      !- Minute 9
  0.150380725082396,                      !- Value Until Time 9
  12,                                     !- Hour 10
  0,                                      !- Minute 10
  0.100253816721597,                      !- Value Until Time 10
  13,                                     !- Hour 11
  0,                                      !- Minute 11
  0.0751903625411979,                     !- Value Until Time 11
  15,                                     !- Hour 12
  0,                                      !- Minute 12
  0.068924498996098,                      !- Value Until Time 12
  16,                                     !- Hour 13
  0,                                      !- Minute 13
  0.0751903625411979,                     !- Value Until Time 13
  17,                                     !- Hour 14
  0,                                      !- Minute 14
  0.119051407356897,                      !- Value Until Time 14
  18,                                     !- Hour 15
  0,                                      !- Minute 15
  0.238102814713793,                      !- Value Until Time 15
  19,                                     !- Hour 16
  0,                                      !- Minute 16
  0.300761450164791,                      !- Value Until Time 16
  20,                                     !- Hour 17
  0,                                      !- Minute 17
  0.375951812705989,                      !- Value Until Time 17
  21,                                     !- Hour 18
  0,                                      !- Minute 18
  0.520066674243285,                      !- Value Until Time 18
  22,                                     !- Hour 19
  0,                                      !- Minute 19
  0.614054627419783,                      !- Value Until Time 19
  23,                                     !- Hour 20
  0,                                      !- Minute 20
  0.532598401333485,                      !- Value Until Time 20
  24,                                     !- Hour 21
  0,                                      !- Minute 21
  0.369685949160889;                      !- Value Until Time 21

OS:Schedule:Rule,
  {d3378717-63bd-44de-a34b-f9d455b4561e}, !- Handle
  exterior lighting schedule weekday ruleset10, !- Name
  {72797b22-1a85-4884-937b-faa2094e6324}, !- Schedule Ruleset Name
  5,                                      !- Rule Order
  {8f6a51c8-0298-49d1-bbca-d1b796ae9ee1}, !- Day Schedule Name
  ,                                       !- Apply Sunday
  Yes,                                    !- Apply Monday
  Yes,                                    !- Apply Tuesday
  Yes,                                    !- Apply Wednesday
  Yes,                                    !- Apply Thursday
  Yes,                                    !- Apply Friday
  ,                                       !- Apply Saturday
  DateRange,                              !- Date Specification Type
  10,                                     !- Start Month
  1,                                      !- Start Day
  10,                                     !- End Month
  31;                                     !- End Day

OS:Schedule:Day,
  {8f6a51c8-0298-49d1-bbca-d1b796ae9ee1}, !- Handle
  exterior lighting schedule weekday10,   !- Name
  {10ce4029-b4c2-42f8-998e-362f2b524706}, !- Schedule Type Limits Name
  ,                                       !- Interpolate to Timestep
  5,                                      !- Hour 1
  0,                                      !- Minute 1
  0.345039209001023,                      !- Value Until Time 1
  6,                                      !- Hour 2
  0,                                      !- Minute 2
  0.277531537674736,                      !- Value Until Time 2
  7,                                      !- Hour 3
  0,                                      !- Minute 3
  0.262529832935561,                      !- Value Until Time 3
  8,                                      !- Hour 4
  0,                                      !- Minute 4
  0.255028980565973,                      !- Value Until Time 4
  9,                                      !- Hour 5
  0,                                      !- Minute 5
  0.247528128196386,                      !- Value Until Time 5
  10,                                     !- Hour 6
  0,                                      !- Minute 6
  0.210023866348449,                      !- Value Until Time 6
  11,                                     !- Hour 7
  0,                                      !- Minute 7
  0.165018752130924,                      !- Value Until Time 7
  12,                                     !- Hour 8
  0,                                      !- Minute 8
  0.112512785543812,                      !- Value Until Time 8
  13,                                     !- Hour 9
  0,                                      !- Minute 9
  0.0900102284350494,                     !- Value Until Time 9
  15,                                     !- Hour 10
  0,                                      !- Minute 10
  0.082509376065462,                      !- Value Until Time 10
  16,                                     !- Hour 11
  0,                                      !- Minute 11
  0.0900102284350494,                     !- Value Until Time 11
  17,                                     !- Hour 12
  0,                                      !- Minute 12
  0.142516195022162,                      !- Value Until Time 12
  18,                                     !- Hour 13
  0,                                      !- Minute 13
  0.277531537674736,                      !- Value Until Time 13
  19,                                     !- Hour 14
  0,                                      !- Minute 14
  0.367541766109785,                      !- Value Until Time 14
  20,                                     !- Hour 15
  0,                                      !- Minute 15
  0.487555404023184,                      !- Value Until Time 15
  21,                                     !- Hour 16
  0,                                      !- Minute 16
  0.682577565632458,                      !- Value Until Time 16
  22,                                     !- Hour 17
  0,                                      !- Minute 17
  0.787589498806682,                      !- Value Until Time 17
  23,                                     !- Hour 18
  0,                                      !- Minute 18
  0.682577565632458,                      !- Value Until Time 18
  24,                                     !- Hour 19
  0,                                      !- Minute 19
  0.47255369928401;                       !- Value Until Time 19

OS:Schedule:Rule,
  {95ed95ba-d1bc-4004-9978-0debd009f02a}, !- Handle
  exterior lighting schedule weekend ruleset10, !- Name
  {72797b22-1a85-4884-937b-faa2094e6324}, !- Schedule Ruleset Name
  4,                                      !- Rule Order
  {2616f0fa-938b-4907-9c0a-23bb677ab0a5}, !- Day Schedule Name
  Yes,                                    !- Apply Sunday
  ,                                       !- Apply Monday
  ,                                       !- Apply Tuesday
  ,                                       !- Apply Wednesday
  ,                                       !- Apply Thursday
  ,                                       !- Apply Friday
  Yes,                                    !- Apply Saturday
  DateRange,                              !- Date Specification Type
  10,                                     !- Start Month
  1,                                      !- Start Day
  10,                                     !- End Month
  31;                                     !- End Day

OS:Schedule:Day,
  {2616f0fa-938b-4907-9c0a-23bb677ab0a5}, !- Handle
  exterior lighting schedule weekend10,   !- Name
  {10ce4029-b4c2-42f8-998e-362f2b524706}, !- Schedule Type Limits Name
  ,                                       !- Interpolate to Timestep
  2,                                      !- Hour 1
  0,                                      !- Minute 1
  0.345039209001023,                      !- Value Until Time 1
  4,                                      !- Hour 2
  0,                                      !- Minute 2
  0.337538356631435,                      !- Value Until Time 2
  5,                                      !- Hour 3
  0,                                      !- Minute 3
  0.345039209001023,                      !- Value Until Time 3
  6,                                      !- Hour 4
  0,                                      !- Minute 4
  0.337538356631435,                      !- Value Until Time 4
  7,                                      !- Hour 5
  0,                                      !- Minute 5
  0.330037504261848,                      !- Value Until Time 5
  8,                                      !- Hour 6
  0,                                      !- Minute 6
  0.307534947153086,                      !- Value Until Time 6
  9,                                      !- Hour 7
  0,                                      !- Minute 7
  0.270030685305148,                      !- Value Until Time 7
  10,                                     !- Hour 8
  0,                                      !- Minute 8
  0.225025571087624,                      !- Value Until Time 8
  11,                                     !- Hour 9
  0,                                      !- Minute 9
  0.180020456870099,                      !- Value Until Time 9
  12,                                     !- Hour 10
  0,                                      !- Minute 10
  0.120013637913399,                      !- Value Until Time 10
  13,                                     !- Hour 11
  0,                                      !- Minute 11
  0.0900102284350494,                     !- Value Until Time 11
  15,                                     !- Hour 12
  0,                                      !- Minute 12
  0.082509376065462,                      !- Value Until Time 12
  16,                                     !- Hour 13
  0,                                      !- Minute 13
  0.0900102284350494,                     !- Value Until Time 13
  17,                                     !- Hour 14
  0,                                      !- Minute 14
  0.142516195022162,                      !- Value Until Time 14
  18,                                     !- Hour 15
  0,                                      !- Minute 15
  0.285032390044323,                      !- Value Until Time 15
  19,                                     !- Hour 16
  0,                                      !- Minute 16
  0.360040913740198,                      !- Value Until Time 16
  20,                                     !- Hour 17
  0,                                      !- Minute 17
  0.450051142175247,                      !- Value Until Time 17
  21,                                     !- Hour 18
  0,                                      !- Minute 18
  0.622570746675759,                      !- Value Until Time 18
  22,                                     !- Hour 19
  0,                                      !- Minute 19
  0.73508353221957,                       !- Value Until Time 19
  23,                                     !- Hour 20
  0,                                      !- Minute 20
  0.637572451414934,                      !- Value Until Time 20
  24,                                     !- Hour 21
  0,                                      !- Minute 21
  0.44255028980566;                       !- Value Until Time 21

OS:Schedule:Rule,
  {90d1537e-16ff-4657-856e-97932debcc0b}, !- Handle
  exterior lighting schedule weekday ruleset11, !- Name
  {72797b22-1a85-4884-937b-faa2094e6324}, !- Schedule Ruleset Name
  3,                                      !- Rule Order
  {03b7179f-dcd1-4241-b049-6743affd5aa3}, !- Day Schedule Name
  ,                                       !- Apply Sunday
  Yes,                                    !- Apply Monday
  Yes,                                    !- Apply Tuesday
  Yes,                                    !- Apply Wednesday
  Yes,                                    !- Apply Thursday
  Yes,                                    !- Apply Friday
  ,                                       !- Apply Saturday
  DateRange,                              !- Date Specification Type
  11,                                     !- Start Month
  1,                                      !- Start Day
  11,                                     !- End Month
  30;                                     !- End Day

OS:Schedule:Day,
  {03b7179f-dcd1-4241-b049-6743affd5aa3}, !- Handle
  exterior lighting schedule weekday11,   !- Name
  {10ce4029-b4c2-42f8-998e-362f2b524706}, !- Schedule Type Limits Name
  ,                                       !- Interpolate to Timestep
  5,                                      !- Hour 1
  0,                                      !- Minute 1
  0.343993635640414,                      !- Value Until Time 1
  6,                                      !- Hour 2
  0,                                      !- Minute 2
  0.276690533015115,                      !- Value Until Time 2
  7,                                      !- Hour 3
  0,                                      !- Minute 3
  0.261734287987271,                      !- Value Until Time 3
  8,                                      !- Hour 4
  0,                                      !- Minute 4
  0.254256165473349,                      !- Value Until Time 4
  9,                                      !- Hour 5
  0,                                      !- Minute 5
  0.246778042959427,                      !- Value Until Time 5
  10,                                     !- Hour 6
  0,                                      !- Minute 6
  0.209387430389817,                      !- Value Until Time 6
  11,                                     !- Hour 7
  0,                                      !- Minute 7
  0.164518695306285,                      !- Value Until Time 7
  12,                                     !- Hour 8
  0,                                      !- Minute 8
  0.112171837708831,                      !- Value Until Time 8
  13,                                     !- Hour 9
  0,                                      !- Minute 9
  0.0897374701670644,                     !- Value Until Time 9
  15,                                     !- Hour 10
  0,                                      !- Minute 10
  0.0822593476531424,                     !- Value Until Time 10
  16,                                     !- Hour 11
  0,                                      !- Minute 11
  0.0897374701670644,                     !- Value Until Time 11
  17,                                     !- Hour 12
  0,                                      !- Minute 12
  0.142084327764519,                      !- Value Until Time 12
  18,                                     !- Hour 13
  0,                                      !- Minute 13
  0.276690533015115,                      !- Value Until Time 13
  19,                                     !- Hour 14
  0,                                      !- Minute 14
  0.36642800318218,                       !- Value Until Time 14
  20,                                     !- Hour 15
  0,                                      !- Minute 15
  0.486077963404932,                      !- Value Until Time 15
  21,                                     !- Hour 16
  0,                                      !- Minute 16
  0.680509148766905,                      !- Value Until Time 16
  22,                                     !- Hour 17
  0,                                      !- Minute 17
  0.785202863961814,                      !- Value Until Time 17
  23,                                     !- Hour 18
  0,                                      !- Minute 18
  0.680509148766905,                      !- Value Until Time 18
  24,                                     !- Hour 19
  0,                                      !- Minute 19
  0.471121718377088;                      !- Value Until Time 19

OS:Schedule:Rule,
  {8ad96fae-b693-4a2e-bd5a-f0f2a9cb88e9}, !- Handle
  exterior lighting schedule weekend ruleset11, !- Name
  {72797b22-1a85-4884-937b-faa2094e6324}, !- Schedule Ruleset Name
  2,                                      !- Rule Order
  {83632ba2-f2ca-46ee-a1b7-cf7c8927fd1c}, !- Day Schedule Name
  Yes,                                    !- Apply Sunday
  ,                                       !- Apply Monday
  ,                                       !- Apply Tuesday
  ,                                       !- Apply Wednesday
  ,                                       !- Apply Thursday
  ,                                       !- Apply Friday
  Yes,                                    !- Apply Saturday
  DateRange,                              !- Date Specification Type
  11,                                     !- Start Month
  1,                                      !- Start Day
  11,                                     !- End Month
  30;                                     !- End Day

OS:Schedule:Day,
  {83632ba2-f2ca-46ee-a1b7-cf7c8927fd1c}, !- Handle
  exterior lighting schedule weekend11,   !- Name
  {10ce4029-b4c2-42f8-998e-362f2b524706}, !- Schedule Type Limits Name
  ,                                       !- Interpolate to Timestep
  2,                                      !- Hour 1
  0,                                      !- Minute 1
  0.343993635640414,                      !- Value Until Time 1
  4,                                      !- Hour 2
  0,                                      !- Minute 2
  0.336515513126492,                      !- Value Until Time 2
  5,                                      !- Hour 3
  0,                                      !- Minute 3
  0.343993635640414,                      !- Value Until Time 3
  6,                                      !- Hour 4
  0,                                      !- Minute 4
  0.336515513126492,                      !- Value Until Time 4
  7,                                      !- Hour 5
  0,                                      !- Minute 5
  0.32903739061257,                       !- Value Until Time 5
  8,                                      !- Hour 6
  0,                                      !- Minute 6
  0.306603023070804,                      !- Value Until Time 6
  9,                                      !- Hour 7
  0,                                      !- Minute 7
  0.269212410501193,                      !- Value Until Time 7
  10,                                     !- Hour 8
  0,                                      !- Minute 8
  0.224343675417661,                      !- Value Until Time 8
  11,                                     !- Hour 9
  0,                                      !- Minute 9
  0.179474940334129,                      !- Value Until Time 9
  12,                                     !- Hour 10
  0,                                      !- Minute 10
  0.119649960222753,                      !- Value Until Time 10
  13,                                     !- Hour 11
  0,                                      !- Minute 11
  0.0897374701670644,                     !- Value Until Time 11
  15,                                     !- Hour 12
  0,                                      !- Minute 12
  0.0822593476531424,                     !- Value Until Time 12
  16,                                     !- Hour 13
  0,                                      !- Minute 13
  0.0897374701670644,                     !- Value Until Time 13
  17,                                     !- Hour 14
  0,                                      !- Minute 14
  0.142084327764519,                      !- Value Until Time 14
  18,                                     !- Hour 15
  0,                                      !- Minute 15
  0.284168655529037,                      !- Value Until Time 15
  19,                                     !- Hour 16
  0,                                      !- Minute 16
  0.358949880668258,                      !- Value Until Time 16
  20,                                     !- Hour 17
  0,                                      !- Minute 17
  0.448687350835322,                      !- Value Until Time 17
  21,                                     !- Hour 18
  0,                                      !- Minute 18
  0.620684168655529,                      !- Value Until Time 18
  22,                                     !- Hour 19
  0,                                      !- Minute 19
  0.73285600636436,                       !- Value Until Time 19
  23,                                     !- Hour 20
  0,                                      !- Minute 20
  0.635640413683373,                      !- Value Until Time 20
  24,                                     !- Hour 21
  0,                                      !- Minute 21
  0.4412092283214;                        !- Value Until Time 21

OS:Schedule:Rule,
  {d9f68f33-1a25-4352-8fa3-427b4a180033}, !- Handle
  exterior lighting schedule weekday ruleset12, !- Name
  {72797b22-1a85-4884-937b-faa2094e6324}, !- Schedule Ruleset Name
  1,                                      !- Rule Order
  {c488a06f-29b8-4a14-ac49-c683de38c7f6}, !- Day Schedule Name
  ,                                       !- Apply Sunday
  Yes,                                    !- Apply Monday
  Yes,                                    !- Apply Tuesday
  Yes,                                    !- Apply Wednesday
  Yes,                                    !- Apply Thursday
  Yes,                                    !- Apply Friday
  ,                                       !- Apply Saturday
  DateRange,                              !- Date Specification Type
  12,                                     !- Start Month
  1,                                      !- Start Day
  12,                                     !- End Month
  31;                                     !- End Day

OS:Schedule:Day,
  {c488a06f-29b8-4a14-ac49-c683de38c7f6}, !- Handle
  exterior lighting schedule weekday12,   !- Name
  {10ce4029-b4c2-42f8-998e-362f2b524706}, !- Schedule Type Limits Name
  ,                                       !- Interpolate to Timestep
  5,                                      !- Hour 1
  0,                                      !- Minute 1
  0.434958518013411,                      !- Value Until Time 1
  6,                                      !- Hour 2
  0,                                      !- Minute 2
  0.349857938402091,                      !- Value Until Time 2
  7,                                      !- Hour 3
  0,                                      !- Minute 3
  0.330946698488465,                      !- Value Until Time 3
  8,                                      !- Hour 4
  0,                                      !- Minute 4
  0.321491078531651,                      !- Value Until Time 4
  9,                                      !- Hour 5
  0,                                      !- Minute 5
  0.312035458574838,                      !- Value Until Time 5
  10,                                     !- Hour 6
  0,                                      !- Minute 6
  0.264757358790772,                      !- Value Until Time 6
  11,                                     !- Hour 7
  0,                                      !- Minute 7
  0.208023639049892,                      !- Value Until Time 7
  12,                                     !- Hour 8
  0,                                      !- Minute 8
  0.141834299352199,                      !- Value Until Time 8
  13,                                     !- Hour 9
  0,                                      !- Minute 9
  0.113467439481759,                      !- Value Until Time 9
  15,                                     !- Hour 10
  0,                                      !- Minute 10
  0.104011819524946,                      !- Value Until Time 10
  16,                                     !- Hour 11
  0,                                      !- Minute 11
  0.113467439481759,                      !- Value Until Time 11
  17,                                     !- Hour 12
  0,                                      !- Minute 12
  0.179656779179452,                      !- Value Until Time 12
  18,                                     !- Hour 13
  0,                                      !- Minute 13
  0.349857938402091,                      !- Value Until Time 13
  19,                                     !- Hour 14
  0,                                      !- Minute 14
  0.463325377883851,                      !- Value Until Time 14
  20,                                     !- Hour 15
  0,                                      !- Minute 15
  0.614615297192863,                      !- Value Until Time 15
  21,                                     !- Hour 16
  0,                                      !- Minute 16
  0.860461416070008,                      !- Value Until Time 16
  22,                                     !- Hour 17
  0,                                      !- Minute 17
  0.992840095465394,                      !- Value Until Time 17
  23,                                     !- Hour 18
  0,                                      !- Minute 18
  0.860461416070008,                      !- Value Until Time 18
  24,                                     !- Hour 19
  0,                                      !- Minute 19
  0.595704057279236;                      !- Value Until Time 19

OS:Schedule:Rule,
  {fc512f2e-bbda-4138-bb3c-efc5e39c7105}, !- Handle
  exterior lighting schedule weekend ruleset12, !- Name
  {72797b22-1a85-4884-937b-faa2094e6324}, !- Schedule Ruleset Name
  0,                                      !- Rule Order
  {e34a7adf-857b-4bf1-9bb0-d63bf1a8afb9}, !- Day Schedule Name
  Yes,                                    !- Apply Sunday
  ,                                       !- Apply Monday
  ,                                       !- Apply Tuesday
  ,                                       !- Apply Wednesday
  ,                                       !- Apply Thursday
  ,                                       !- Apply Friday
  Yes,                                    !- Apply Saturday
  DateRange,                              !- Date Specification Type
  12,                                     !- Start Month
  1,                                      !- Start Day
  12,                                     !- End Month
  31;                                     !- End Day

OS:Schedule:Day,
  {e34a7adf-857b-4bf1-9bb0-d63bf1a8afb9}, !- Handle
  exterior lighting schedule weekend12,   !- Name
  {10ce4029-b4c2-42f8-998e-362f2b524706}, !- Schedule Type Limits Name
  ,                                       !- Interpolate to Timestep
  2,                                      !- Hour 1
  0,                                      !- Minute 1
  0.434958518013411,                      !- Value Until Time 1
  4,                                      !- Hour 2
  0,                                      !- Minute 2
  0.425502898056597,                      !- Value Until Time 2
  5,                                      !- Hour 3
  0,                                      !- Minute 3
  0.434958518013411,                      !- Value Until Time 3
  6,                                      !- Hour 4
  0,                                      !- Minute 4
  0.425502898056597,                      !- Value Until Time 4
  7,                                      !- Hour 5
  0,                                      !- Minute 5
  0.416047278099784,                      !- Value Until Time 5
  8,                                      !- Hour 6
  0,                                      !- Minute 6
  0.387680418229344,                      !- Value Until Time 6
  9,                                      !- Hour 7
  0,                                      !- Minute 7
  0.340402318445278,                      !- Value Until Time 7
  10,                                     !- Hour 8
  0,                                      !- Minute 8
  0.283668598704398,                      !- Value Until Time 8
  11,                                     !- Hour 9
  0,                                      !- Minute 9
  0.226934878963519,                      !- Value Until Time 9
  12,                                     !- Hour 10
  0,                                      !- Minute 10
  0.151289919309012,                      !- Value Until Time 10
  13,                                     !- Hour 11
  0,                                      !- Minute 11
  0.113467439481759,                      !- Value Until Time 11
  15,                                     !- Hour 12
  0,                                      !- Minute 12
  0.104011819524946,                      !- Value Until Time 12
  16,                                     !- Hour 13
  0,                                      !- Minute 13
  0.113467439481759,                      !- Value Until Time 13
  17,                                     !- Hour 14
  0,                                      !- Minute 14
  0.179656779179452,                      !- Value Until Time 14
  18,                                     !- Hour 15
  0,                                      !- Minute 15
  0.359313558358904,                      !- Value Until Time 15
  19,                                     !- Hour 16
  0,                                      !- Minute 16
  0.453869757927037,                      !- Value Until Time 16
  20,                                     !- Hour 17
  0,                                      !- Minute 17
  0.567337197408797,                      !- Value Until Time 17
  21,                                     !- Hour 18
  0,                                      !- Minute 18
  0.784816456415502,                      !- Value Until Time 18
  22,                                     !- Hour 19
  0,                                      !- Minute 19
  0.926650755767701,                      !- Value Until Time 19
  23,                                     !- Hour 20
  0,                                      !- Minute 20
  0.803727696329128,                      !- Value Until Time 20
  24,                                     !- Hour 21
  0,                                      !- Minute 21
  0.557881577451983;                      !- Value Until Time 21

OS:Exterior:Lights:Definition,
  {0d431135-784f-4add-816f-c6745b36dab7}, !- Handle
  exterior lighting,                      !- Name
  58.3578190401942;                       !- Design Level {W}

OS:Exterior:Lights,
  {eeed6e3f-a51b-4776-babe-a86fd2b3ecd7}, !- Handle
  exterior lighting,                      !- Name
  {0d431135-784f-4add-816f-c6745b36dab7}, !- Exterior Lights Definition Name
  {72797b22-1a85-4884-937b-faa2094e6324}, !- Schedule Name
  ,                                       !- Control Option
  ,                                       !- Multiplier
  exterior lighting;                      !- End-Use Subcategory

OS:Schedule:Ruleset,
  {e1589d59-7fc1-4dd4-a68d-132d92f3bc66}, !- Handle
  cooling season schedule,                !- Name
  {10ce4029-b4c2-42f8-998e-362f2b524706}, !- Schedule Type Limits Name
  {f6a1703e-9332-41a1-a436-ea901ff6b78a}; !- Default Day Schedule Name

OS:Schedule:Day,
  {f6a1703e-9332-41a1-a436-ea901ff6b78a}, !- Handle
  cooling season schedule default day,    !- Name
  {10ce4029-b4c2-42f8-998e-362f2b524706}, !- Schedule Type Limits Name
  ,                                       !- Interpolate to Timestep
  24,                                     !- Hour 1
  0,                                      !- Minute 1
  0;                                      !- Value Until Time 1

OS:Schedule:Rule,
  {5185d9bb-e78b-47bf-b50d-cd323dc6f77e}, !- Handle
  cooling season schedule allday ruleset1, !- Name
  {e1589d59-7fc1-4dd4-a68d-132d92f3bc66}, !- Schedule Ruleset Name
  2,                                      !- Rule Order
  {32cd8b6a-3e77-48ce-9f55-21610e76b851}, !- Day Schedule Name
  Yes,                                    !- Apply Sunday
  Yes,                                    !- Apply Monday
  Yes,                                    !- Apply Tuesday
  Yes,                                    !- Apply Wednesday
  Yes,                                    !- Apply Thursday
  Yes,                                    !- Apply Friday
  Yes,                                    !- Apply Saturday
  DateRange,                              !- Date Specification Type
  1,                                      !- Start Month
  1,                                      !- Start Day
  2,                                      !- End Month
  28;                                     !- End Day

OS:Schedule:Day,
  {32cd8b6a-3e77-48ce-9f55-21610e76b851}, !- Handle
  cooling season schedule allday1,        !- Name
  {10ce4029-b4c2-42f8-998e-362f2b524706}, !- Schedule Type Limits Name
  ,                                       !- Interpolate to Timestep
  24,                                     !- Hour 1
  0,                                      !- Minute 1
  0;                                      !- Value Until Time 1

OS:Schedule:Rule,
  {27c5650b-72f7-449f-ab20-52b0b8c51666}, !- Handle
  cooling season schedule allday ruleset3, !- Name
  {e1589d59-7fc1-4dd4-a68d-132d92f3bc66}, !- Schedule Ruleset Name
  1,                                      !- Rule Order
  {165b3158-cff4-48c3-aa66-fcf99ebe59ab}, !- Day Schedule Name
  Yes,                                    !- Apply Sunday
  Yes,                                    !- Apply Monday
  Yes,                                    !- Apply Tuesday
  Yes,                                    !- Apply Wednesday
  Yes,                                    !- Apply Thursday
  Yes,                                    !- Apply Friday
  Yes,                                    !- Apply Saturday
  DateRange,                              !- Date Specification Type
  3,                                      !- Start Month
  1,                                      !- Start Day
  11,                                     !- End Month
  30;                                     !- End Day

OS:Schedule:Day,
  {165b3158-cff4-48c3-aa66-fcf99ebe59ab}, !- Handle
  cooling season schedule allday3,        !- Name
  {10ce4029-b4c2-42f8-998e-362f2b524706}, !- Schedule Type Limits Name
  ,                                       !- Interpolate to Timestep
  24,                                     !- Hour 1
  0,                                      !- Minute 1
  1;                                      !- Value Until Time 1

OS:Schedule:Rule,
  {3c286397-3f96-4a08-9e74-fc9040481944}, !- Handle
  cooling season schedule allday ruleset12, !- Name
  {e1589d59-7fc1-4dd4-a68d-132d92f3bc66}, !- Schedule Ruleset Name
  0,                                      !- Rule Order
  {763610a7-9f34-40bd-a404-ea4ff7d6a4a5}, !- Day Schedule Name
  Yes,                                    !- Apply Sunday
  Yes,                                    !- Apply Monday
  Yes,                                    !- Apply Tuesday
  Yes,                                    !- Apply Wednesday
  Yes,                                    !- Apply Thursday
  Yes,                                    !- Apply Friday
  Yes,                                    !- Apply Saturday
  DateRange,                              !- Date Specification Type
  12,                                     !- Start Month
  1,                                      !- Start Day
  12,                                     !- End Month
  31;                                     !- End Day

OS:Schedule:Day,
  {763610a7-9f34-40bd-a404-ea4ff7d6a4a5}, !- Handle
  cooling season schedule allday12,       !- Name
  {10ce4029-b4c2-42f8-998e-362f2b524706}, !- Schedule Type Limits Name
  ,                                       !- Interpolate to Timestep
  24,                                     !- Hour 1
  0,                                      !- Minute 1
  0;                                      !- Value Until Time 1

OS:EnergyManagementSystem:Sensor,
  {e650071f-ff8b-4644-8aa7-af58311be607}, !- Handle
  cool_season,                            !- Name
  cooling season schedule,                !- Output Variable or Output Meter Index Key Name
  Schedule Value;                         !- Output Variable or Output Meter Name

OS:EnergyManagementSystem:Sensor,
  {4921ea26-6027-4340-9173-0dd6cfb08aa7}, !- Handle
  out_pb_s,                               !- Name
  ,                                       !- Output Variable or Output Meter Index Key Name
  Site Outdoor Air Barometric Pressure;   !- Output Variable or Output Meter Name

OS:EnergyManagementSystem:Sensor,
  {ea31d2e5-020a-4fa2-baa0-2365bc46876c}, !- Handle
  out_wt_s,                               !- Name
  ,                                       !- Output Variable or Output Meter Index Key Name
  Site Outdoor Air Humidity Ratio;        !- Output Variable or Output Meter Name

OS:EnergyManagementSystem:Sensor,
  {732e4570-8a4e-4bac-9c67-1120afcefa78}, !- Handle
  win_s,                                  !- Name
  conditioned space,                      !- Output Variable or Output Meter Index Key Name
  Zone Air Humidity Ratio;                !- Output Variable or Output Meter Name

OS:EnergyManagementSystem:Sensor,
  {28630ba9-07c6-4b8c-89ef-353357b135aa}, !- Handle
  site_vw_s,                              !- Name
  ,                                       !- Output Variable or Output Meter Index Key Name
  Site Wind Speed;                        !- Output Variable or Output Meter Name

OS:EnergyManagementSystem:Sensor,
  {13ba1e4e-3f49-478d-88a7-997e79a24746}, !- Handle
  tin_s,                                  !- Name
  conditioned space,                      !- Output Variable or Output Meter Index Key Name
  Zone Mean Air Temperature;              !- Output Variable or Output Meter Name

OS:EnergyManagementSystem:Sensor,
  {3bc1183f-5222-49ad-9055-a33e9e0f0da4}, !- Handle
  tout_s,                                 !- Name
  conditioned space,                      !- Output Variable or Output Meter Index Key Name
  Zone Outdoor Air Drybulb Temperature;   !- Output Variable or Output Meter Name

OS:EnergyManagementSystem:GlobalVariable,
  {0b6a42cb-4426-4ce1-a040-b9448816c19e}, !- Handle
  air_source_heat_pump_airloop_Fan_RTF;   !- Name

OS:EnergyManagementSystem:InternalVariable,
  {0fc3a4e7-6997-46ca-a08e-a92401ec7494}, !- Handle
  air_source_heat_pump_airloop_max_sup_fan_mfr, !- Name
  air source heat pump supply fan,        !- Internal Data Index Key Name
  Fan Maximum Mass Flow Rate;             !- Internal Data Type

OS:EnergyManagementSystem:Sensor,
  {39abe606-9f15-43a6-8cab-a201feb0f257}, !- Handle
  air_source_heat_pump_airloop_Fan_RTF_s, !- Name
  air source heat pump supply fan,        !- Output Variable or Output Meter Index Key Name
  Fan Runtime Fraction Speed 1;           !- Output Variable or Output Meter Name

OS:EnergyManagementSystem:Sensor,
  {6ede6d8a-eb55-480d-adff-556218d211bc}, !- Handle
  air_source_heat_pump_airloop_Fan_RTF_s_1, !- Name
  air source heat pump supply fan,        !- Output Variable or Output Meter Index Key Name
  Fan Runtime Fraction Speed 2;           !- Output Variable or Output Meter Name

OS:ThermalZone,
  {6080e236-a9ac-440a-9b35-82712a8158f1}, !- Handle
  air source heat pump airloop ret air zone, !- Name
  1,                                      !- Multiplier
  ,                                       !- Ceiling Height {m}
  1,                                      !- Volume {m3}
  ,                                       !- Floor Area {m2}
  ,                                       !- Zone Inside Convection Algorithm
  ,                                       !- Zone Outside Convection Algorithm
  ,                                       !- Zone Conditioning Equipment List Name
  {22a68f6f-06bb-463f-bc61-7f152e233be0}, !- Zone Air Inlet Port List
  {60ec0a6c-7856-4502-9503-47af4bd73c72}, !- Zone Air Exhaust Port List
  {bb69b858-6002-4312-ae54-611c003869dc}, !- Zone Air Node Name
  {7fd3a65c-360e-4d78-9d32-981d7c65f931}, !- Zone Return Air Port List
  ,                                       !- Primary Daylighting Control Name
  ,                                       !- Fraction of Zone Controlled by Primary Daylighting Control
  ,                                       !- Secondary Daylighting Control Name
  ,                                       !- Fraction of Zone Controlled by Secondary Daylighting Control
  ,                                       !- Illuminance Map Name
  ,                                       !- Group Rendering Name
  ,                                       !- Thermostat Name
  No;                                     !- Use Ideal Air Loads

OS:Node,
  {21cc2b6c-6e13-4a6f-acad-9f63f11142ab}, !- Handle
  Node 22,                                !- Name
  {bb69b858-6002-4312-ae54-611c003869dc}, !- Inlet Port
  ;                                       !- Outlet Port

OS:Connection,
  {bb69b858-6002-4312-ae54-611c003869dc}, !- Handle
  {6080e236-a9ac-440a-9b35-82712a8158f1}, !- Source Object
  11,                                     !- Outlet Port
  {21cc2b6c-6e13-4a6f-acad-9f63f11142ab}, !- Target Object
  2;                                      !- Inlet Port

OS:PortList,
  {22a68f6f-06bb-463f-bc61-7f152e233be0}, !- Handle
  {6080e236-a9ac-440a-9b35-82712a8158f1}; !- HVAC Component

OS:PortList,
  {60ec0a6c-7856-4502-9503-47af4bd73c72}, !- Handle
  {6080e236-a9ac-440a-9b35-82712a8158f1}; !- HVAC Component

OS:PortList,
  {7fd3a65c-360e-4d78-9d32-981d7c65f931}, !- Handle
  {6080e236-a9ac-440a-9b35-82712a8158f1}; !- HVAC Component

OS:Sizing:Zone,
  {69e04e1b-fe08-432e-a5a0-eb13f657b52a}, !- Handle
  {6080e236-a9ac-440a-9b35-82712a8158f1}, !- Zone or ZoneList Name
  SupplyAirTemperature,                   !- Zone Cooling Design Supply Air Temperature Input Method
  14,                                     !- Zone Cooling Design Supply Air Temperature {C}
  11.11,                                  !- Zone Cooling Design Supply Air Temperature Difference {deltaC}
  SupplyAirTemperature,                   !- Zone Heating Design Supply Air Temperature Input Method
  40,                                     !- Zone Heating Design Supply Air Temperature {C}
  11.11,                                  !- Zone Heating Design Supply Air Temperature Difference {deltaC}
  0.0085,                                 !- Zone Cooling Design Supply Air Humidity Ratio {kg-H2O/kg-air}
  0.008,                                  !- Zone Heating Design Supply Air Humidity Ratio {kg-H2O/kg-air}
  ,                                       !- Zone Heating Sizing Factor
  ,                                       !- Zone Cooling Sizing Factor
  DesignDay,                              !- Cooling Design Air Flow Method
  ,                                       !- Cooling Design Air Flow Rate {m3/s}
  ,                                       !- Cooling Minimum Air Flow per Zone Floor Area {m3/s-m2}
  ,                                       !- Cooling Minimum Air Flow {m3/s}
  ,                                       !- Cooling Minimum Air Flow Fraction
  DesignDay,                              !- Heating Design Air Flow Method
  ,                                       !- Heating Design Air Flow Rate {m3/s}
  ,                                       !- Heating Maximum Air Flow per Zone Floor Area {m3/s-m2}
  ,                                       !- Heating Maximum Air Flow {m3/s}
  ,                                       !- Heating Maximum Air Flow Fraction
  No,                                     !- Account for Dedicated Outdoor Air System
  NeutralSupplyAir,                       !- Dedicated Outdoor Air System Control Strategy
  autosize,                               !- Dedicated Outdoor Air Low Setpoint Temperature for Design {C}
  autosize,                               !- Dedicated Outdoor Air High Setpoint Temperature for Design {C}
  Sensible Load Only No Latent Load,      !- Zone Load Sizing Method
  HumidityRatioDifference,                !- Zone Latent Cooling Design Supply Air Humidity Ratio Input Method
  ,                                       !- Zone Dehumidification Design Supply Air Humidity Ratio {kgWater/kgDryAir}
  0.005,                                  !- Zone Cooling Design Supply Air Humidity Ratio Difference {kgWater/kgDryAir}
  HumidityRatioDifference,                !- Zone Latent Heating Design Supply Air Humidity Ratio Input Method
  ,                                       !- Zone Humidification Design Supply Air Humidity Ratio {kgWater/kgDryAir}
  0.005;                                  !- Zone Humidification Design Supply Air Humidity Ratio Difference {kgWater/kgDryAir}

OS:ZoneHVAC:EquipmentList,
  {82e88604-b7f2-4c86-9421-42f51fd97c29}, !- Handle
  Zone HVAC Equipment List 3,             !- Name
  {6080e236-a9ac-440a-9b35-82712a8158f1}; !- Thermal Zone

OS:Space,
  {74c53e24-ea24-4a84-9f62-7e25dd169501}, !- Handle
  air source heat pump airloop ret air space, !- Name
  ,                                       !- Space Type Name
  ,                                       !- Default Construction Set Name
  ,                                       !- Default Schedule Set Name
  ,                                       !- Direction of Relative North {deg}
  ,                                       !- X Origin {m}
  ,                                       !- Y Origin {m}
  ,                                       !- Z Origin {m}
  ,                                       !- Building Story Name
  {6080e236-a9ac-440a-9b35-82712a8158f1}, !- Thermal Zone Name
  ,                                       !- Part of Total Floor Area
  ,                                       !- Design Specification Outdoor Air Object Name
  {7dcaef3c-28d3-43ef-882a-ae4d2e2eeb60}; !- Building Unit Name

OS:Surface,
  {c8a3bfd8-31fb-4c71-9541-65b06bb43d81}, !- Handle
  Surface 1,                              !- Name
  Floor,                                  !- Surface Type
  {667c738a-dc09-426f-9bd2-1aeab1f86847}, !- Construction Name
  {74c53e24-ea24-4a84-9f62-7e25dd169501}, !- Space Name
  Adiabatic,                              !- Outside Boundary Condition
  ,                                       !- Outside Boundary Condition Object
  NoSun,                                  !- Sun Exposure
  NoWind,                                 !- Wind Exposure
  ,                                       !- View Factor to Ground
  ,                                       !- Number of Vertices
  0, 0, 0,                                !- X,Y,Z Vertex 1 {m}
  0, 1, 0,                                !- X,Y,Z Vertex 2 {m}
  1, 1, 0,                                !- X,Y,Z Vertex 3 {m}
  1, 0, 0;                                !- X,Y,Z Vertex 4 {m}

OS:Surface,
  {de0a08b6-df51-4122-be43-92f930e1d1e6}, !- Handle
  Surface 2,                              !- Name
  Wall,                                   !- Surface Type
  {667c738a-dc09-426f-9bd2-1aeab1f86847}, !- Construction Name
  {74c53e24-ea24-4a84-9f62-7e25dd169501}, !- Space Name
  Adiabatic,                              !- Outside Boundary Condition
  ,                                       !- Outside Boundary Condition Object
  NoSun,                                  !- Sun Exposure
  NoWind,                                 !- Wind Exposure
  ,                                       !- View Factor to Ground
  ,                                       !- Number of Vertices
  0, 0, 1,                                !- X,Y,Z Vertex 1 {m}
  0, 1, 1,                                !- X,Y,Z Vertex 2 {m}
  0, 1, 0,                                !- X,Y,Z Vertex 3 {m}
  0, 0, 0;                                !- X,Y,Z Vertex 4 {m}

OS:Surface,
  {f1defe6d-54a1-4343-8a42-66d0933e6bbc}, !- Handle
  Surface 3,                              !- Name
  Wall,                                   !- Surface Type
  {667c738a-dc09-426f-9bd2-1aeab1f86847}, !- Construction Name
  {74c53e24-ea24-4a84-9f62-7e25dd169501}, !- Space Name
  Adiabatic,                              !- Outside Boundary Condition
  ,                                       !- Outside Boundary Condition Object
  NoSun,                                  !- Sun Exposure
  NoWind,                                 !- Wind Exposure
  ,                                       !- View Factor to Ground
  ,                                       !- Number of Vertices
  0, 1, 1,                                !- X,Y,Z Vertex 1 {m}
  1, 1, 1,                                !- X,Y,Z Vertex 2 {m}
  1, 1, 0,                                !- X,Y,Z Vertex 3 {m}
  0, 1, 0;                                !- X,Y,Z Vertex 4 {m}

OS:Surface,
  {33823482-e261-48d9-a9ab-b986c08db0e5}, !- Handle
  Surface 4,                              !- Name
  Wall,                                   !- Surface Type
  {667c738a-dc09-426f-9bd2-1aeab1f86847}, !- Construction Name
  {74c53e24-ea24-4a84-9f62-7e25dd169501}, !- Space Name
  Adiabatic,                              !- Outside Boundary Condition
  ,                                       !- Outside Boundary Condition Object
  NoSun,                                  !- Sun Exposure
  NoWind,                                 !- Wind Exposure
  ,                                       !- View Factor to Ground
  ,                                       !- Number of Vertices
  1, 1, 1,                                !- X,Y,Z Vertex 1 {m}
  1, 0, 1,                                !- X,Y,Z Vertex 2 {m}
  1, 0, 0,                                !- X,Y,Z Vertex 3 {m}
  1, 1, 0;                                !- X,Y,Z Vertex 4 {m}

OS:Surface,
  {fbde1cf2-b589-483b-abdd-c214c9c1099a}, !- Handle
  Surface 5,                              !- Name
  Wall,                                   !- Surface Type
  {667c738a-dc09-426f-9bd2-1aeab1f86847}, !- Construction Name
  {74c53e24-ea24-4a84-9f62-7e25dd169501}, !- Space Name
  Adiabatic,                              !- Outside Boundary Condition
  ,                                       !- Outside Boundary Condition Object
  NoSun,                                  !- Sun Exposure
  NoWind,                                 !- Wind Exposure
  ,                                       !- View Factor to Ground
  ,                                       !- Number of Vertices
  1, 0, 1,                                !- X,Y,Z Vertex 1 {m}
  0, 0, 1,                                !- X,Y,Z Vertex 2 {m}
  0, 0, 0,                                !- X,Y,Z Vertex 3 {m}
  1, 0, 0;                                !- X,Y,Z Vertex 4 {m}

OS:Surface,
  {29b32f29-b8e0-44ab-8305-298fac51a79a}, !- Handle
  Surface 6,                              !- Name
  RoofCeiling,                            !- Surface Type
  {667c738a-dc09-426f-9bd2-1aeab1f86847}, !- Construction Name
  {74c53e24-ea24-4a84-9f62-7e25dd169501}, !- Space Name
  Adiabatic,                              !- Outside Boundary Condition
  ,                                       !- Outside Boundary Condition Object
  NoSun,                                  !- Sun Exposure
  NoWind,                                 !- Wind Exposure
  ,                                       !- View Factor to Ground
  ,                                       !- Number of Vertices
  1, 0, 1,                                !- X,Y,Z Vertex 1 {m}
  1, 1, 1,                                !- X,Y,Z Vertex 2 {m}
  0, 1, 1,                                !- X,Y,Z Vertex 3 {m}
  0, 0, 1;                                !- X,Y,Z Vertex 4 {m}

OS:Material:NoMass,
  {450e2722-ba95-44d2-881b-a168e6170b2c}, !- Handle
  Adiabatic,                              !- Name
  Rough,                                  !- Roughness
  176.1;                                  !- Thermal Resistance {m2-K/W}

OS:Construction,
  {667c738a-dc09-426f-9bd2-1aeab1f86847}, !- Handle
  AdiabaticConst,                         !- Name
  ,                                       !- Surface Rendering Name
  {450e2722-ba95-44d2-881b-a168e6170b2c}; !- Layer 1

OS:SurfaceProperty:ConvectionCoefficients,
  {1cfe8885-3027-426e-a189-68e8155356b9}, !- Handle
  {c8a3bfd8-31fb-4c71-9541-65b06bb43d81}, !- Surface Name
  Inside,                                 !- Convection Coefficient 1 Location
  Value,                                  !- Convection Coefficient 1 Type
  30;                                     !- Convection Coefficient 1 {W/m2-K}

OS:SurfaceProperty:ConvectionCoefficients,
  {dbd86511-5f03-48ff-8acc-1453d69ec499}, !- Handle
  {de0a08b6-df51-4122-be43-92f930e1d1e6}, !- Surface Name
  Inside,                                 !- Convection Coefficient 1 Location
  Value,                                  !- Convection Coefficient 1 Type
  30;                                     !- Convection Coefficient 1 {W/m2-K}

OS:SurfaceProperty:ConvectionCoefficients,
  {cbf0a7fc-0628-4623-8394-6d62b5e2b115}, !- Handle
  {f1defe6d-54a1-4343-8a42-66d0933e6bbc}, !- Surface Name
  Inside,                                 !- Convection Coefficient 1 Location
  Value,                                  !- Convection Coefficient 1 Type
  30;                                     !- Convection Coefficient 1 {W/m2-K}

OS:SurfaceProperty:ConvectionCoefficients,
  {e693fe72-cc59-4adb-ba19-fc20a0b6aca9}, !- Handle
  {33823482-e261-48d9-a9ab-b986c08db0e5}, !- Surface Name
  Inside,                                 !- Convection Coefficient 1 Location
  Value,                                  !- Convection Coefficient 1 Type
  30;                                     !- Convection Coefficient 1 {W/m2-K}

OS:SurfaceProperty:ConvectionCoefficients,
  {017c6f1a-0ee1-4844-99f4-624fd2005ae4}, !- Handle
  {fbde1cf2-b589-483b-abdd-c214c9c1099a}, !- Surface Name
  Inside,                                 !- Convection Coefficient 1 Location
  Value,                                  !- Convection Coefficient 1 Type
  30;                                     !- Convection Coefficient 1 {W/m2-K}

OS:SurfaceProperty:ConvectionCoefficients,
  {bae45524-1961-48ab-9bf3-84b4411ed47d}, !- Handle
  {29b32f29-b8e0-44ab-8305-298fac51a79a}, !- Surface Name
  Inside,                                 !- Convection Coefficient 1 Location
  Value,                                  !- Convection Coefficient 1 Type
  30;                                     !- Convection Coefficient 1 {W/m2-K}

OS:AirLoopHVAC:ReturnPlenum,
  {a2829ffb-b752-4be7-92b2-3bd1c233a1ef}, !- Handle
  Air Loop HVAC Return Plenum 1,          !- Name
  {6080e236-a9ac-440a-9b35-82712a8158f1}, !- ThermalZone
  {8cce5432-4920-47b0-81e3-ab1cfdf62548}, !- Outlet Node
  ,                                       !- Induced Air Outlet Port List
  {d9dc1edb-b6ce-43a4-9bb5-2a29a7778410}; !- Inlet Node 1

OS:Node,
  {85caa3a7-432d-48a5-ab6c-98008dfccdb3}, !- Handle
  Node 24,                                !- Name
  {8cce5432-4920-47b0-81e3-ab1cfdf62548}, !- Inlet Port
  {2268a896-326b-48ce-8b65-57bceeffd4fc}; !- Outlet Port

OS:Connection,
  {d9dc1edb-b6ce-43a4-9bb5-2a29a7778410}, !- Handle
  {c3383195-6f05-42c9-bccb-f2c32b700ba6}, !- Source Object
  3,                                      !- Outlet Port
  {a2829ffb-b752-4be7-92b2-3bd1c233a1ef}, !- Target Object
  5;                                      !- Inlet Port

OS:Connection,
  {8cce5432-4920-47b0-81e3-ab1cfdf62548}, !- Handle
  {a2829ffb-b752-4be7-92b2-3bd1c233a1ef}, !- Source Object
  3,                                      !- Outlet Port
  {85caa3a7-432d-48a5-ab6c-98008dfccdb3}, !- Target Object
  2;                                      !- Inlet Port

OS:Connection,
  {2268a896-326b-48ce-8b65-57bceeffd4fc}, !- Handle
  {85caa3a7-432d-48a5-ab6c-98008dfccdb3}, !- Source Object
  3,                                      !- Outlet Port
  {a92d2825-bbe9-47ae-bc87-7c0a2aea07f8}, !- Target Object
  3;                                      !- Inlet Port

OS:EnergyManagementSystem:GlobalVariable,
  {feff3022-a14e-4ad6-9f29-bf6cc64eac1d}, !- Handle
  air_source_heat_pump_airloop_AH_MFR;    !- Name

OS:EnergyManagementSystem:Sensor,
  {89c7291d-893e-4438-a788-2b7ce267be1e}, !- Handle
  air_source_heat_pump_airloop_AH_MFR_s,  !- Name
  Node 5,                                 !- Output Variable or Output Meter Index Key Name
  System Node Mass Flow Rate;             !- Output Variable or Output Meter Name

OS:EnergyManagementSystem:GlobalVariable,
  {f839e2f6-78cb-44d5-aead-b43ade8dd901}, !- Handle
  air_source_heat_pump_airloop_AH_VFR;    !- Name

OS:EnergyManagementSystem:Sensor,
  {f7948b8b-eb15-4980-9658-8c689484e7aa}, !- Handle
  air_source_heat_pump_airloop_AH_VFR_s,  !- Name
  Node 5,                                 !- Output Variable or Output Meter Index Key Name
  System Node Current Density Volume Flow Rate; !- Output Variable or Output Meter Name

OS:EnergyManagementSystem:GlobalVariable,
  {545a2f09-0022-4785-98e9-1520b7eac936}, !- Handle
  air_source_heat_pump_airloop_AH_Tout;   !- Name

OS:EnergyManagementSystem:Sensor,
  {78abf9be-0395-41a4-81c2-f2b2a5948324}, !- Handle
  air_source_heat_pump_airloop_AH_Tout_s, !- Name
  Node 5,                                 !- Output Variable or Output Meter Index Key Name
  System Node Temperature;                !- Output Variable or Output Meter Name

OS:EnergyManagementSystem:GlobalVariable,
  {fea8fa62-a189-4362-b716-299f43934936}, !- Handle
  air_source_heat_pump_airloop_AH_Wout;   !- Name

OS:EnergyManagementSystem:Sensor,
  {32699c94-b5c2-4c42-9eb0-e6c5bdb7669d}, !- Handle
  air_source_heat_pump_airloop_AH_Wout_s, !- Name
  Node 5,                                 !- Output Variable or Output Meter Index Key Name
  System Node Humidity Ratio;             !- Output Variable or Output Meter Name

OS:EnergyManagementSystem:GlobalVariable,
  {2e16d743-d422-4b96-a26f-b9a145236ea5}, !- Handle
  air_source_heat_pump_airloop_RA_T;      !- Name

OS:EnergyManagementSystem:Sensor,
  {a3b10f6c-c222-40d3-b5f2-70b1093247cb}, !- Handle
  air_source_heat_pump_airloop_RA_T_s,    !- Name
  Node 8,                                 !- Output Variable or Output Meter Index Key Name
  System Node Temperature;                !- Output Variable or Output Meter Name

OS:EnergyManagementSystem:GlobalVariable,
  {3ed3496e-416d-4e81-a001-631796322579}, !- Handle
  air_source_heat_pump_airloop_Ra_W;      !- Name

OS:EnergyManagementSystem:Sensor,
  {76f305ae-cb7f-40ec-97a4-1331d25c8bd5}, !- Handle
  air_source_heat_pump_airloop_Ra_W_s,    !- Name
  Node 8,                                 !- Output Variable or Output Meter Index Key Name
  System Node Humidity Ratio;             !- Output Variable or Output Meter Name

OS:EnergyManagementSystem:GlobalVariable,
  {897a4286-8c0d-45b1-b463-63ba6197d2da}, !- Handle
  air_source_heat_pump_airloop_0_DZ_T;    !- Name

OS:EnergyManagementSystem:Sensor,
  {be5642e0-c59b-4aae-b19c-b092d8d8f92b}, !- Handle
  air_source_heat_pump_airloop_0_DZ_T_s,  !- Name
  attic - vented,                         !- Output Variable or Output Meter Index Key Name
  Zone Air Temperature;                   !- Output Variable or Output Meter Name

OS:EnergyManagementSystem:GlobalVariable,
  {3c301d20-715d-4ef2-93fd-706430e03980}, !- Handle
  air_source_heat_pump_airloop_0_DZ_W;    !- Name

OS:EnergyManagementSystem:Sensor,
  {070f75a4-d3f9-4871-acf0-410717afb1a1}, !- Handle
  air_source_heat_pump_airloop_0_DZ_W_s,  !- Name
  attic - vented,                         !- Output Variable or Output Meter Index Key Name
  Zone Mean Air Humidity Ratio;           !- Output Variable or Output Meter Name

OS:EnergyManagementSystem:GlobalVariable,
  {d640eecc-5492-4e3f-98fa-e5ed53bcb3a2}, !- Handle
  air_source_heat_pump_airloop_0_SupSensLkToCond; !- Name

OS:OtherEquipment:Definition,
  {7d449519-8919-4b10-910d-a5c790f61eaf}, !- Handle
  air_source_heat_pump_airloop_0_SupSensLkToCond equip, !- Name
  EquipmentLevel,                         !- Design Level Calculation Method
  0,                                      !- Design Level {W}
  ,                                       !- Watts per Space Floor Area {W/m2}
  ,                                       !- Watts per Person {W/Person}
  0,                                      !- Fraction Latent
  0,                                      !- Fraction Radiant
  0;                                      !- Fraction Lost

OS:OtherEquipment,
  {3fb1c729-aa2c-4db1-9e1b-00ac011dab70}, !- Handle
  air_source_heat_pump_airloop_0_SupSensLkToCond equip, !- Name
  {7d449519-8919-4b10-910d-a5c790f61eaf}, !- Other Equipment Definition Name
  {d42efddc-4609-4abe-98fa-02a11f0e8057}, !- Space or SpaceType Name
  {ce65d028-ae7c-4114-87b4-d70c0fc4bebf}, !- Schedule Name
  ,                                       !- Multiplier
  None,                                   !- Fuel Type
  duct load;                              !- End-Use Subcategory

OS:EnergyManagementSystem:Actuator,
  {55aaded2-445d-41c0-9026-77545423f762}, !- Handle
  air_source_heat_pump_airloop_0_SupSensLkToCond_equip_act, !- Name
  {3fb1c729-aa2c-4db1-9e1b-00ac011dab70}, !- Actuated Component Name
  OtherEquipment,                         !- Actuated Component Type
  Power Level,                            !- Actuated Component Control Type
  {d42efddc-4609-4abe-98fa-02a11f0e8057}; !- Zone or Space Name

OS:EnergyManagementSystem:GlobalVariable,
  {f5f7d20e-4543-411e-8a56-3ac03e0b905f}, !- Handle
  air_source_heat_pump_airloop_0_SupLatLkToCond; !- Name

OS:OtherEquipment:Definition,
  {7528ebab-1cf4-470e-a35f-1c7fcd8b82f4}, !- Handle
  air_source_heat_pump_airloop_0_SupLatLkToCond equip, !- Name
  EquipmentLevel,                         !- Design Level Calculation Method
  0,                                      !- Design Level {W}
  ,                                       !- Watts per Space Floor Area {W/m2}
  ,                                       !- Watts per Person {W/Person}
  1,                                      !- Fraction Latent
  0,                                      !- Fraction Radiant
  0;                                      !- Fraction Lost

OS:OtherEquipment,
  {693f411f-3136-4a48-90f8-6d1c94a78f68}, !- Handle
  air_source_heat_pump_airloop_0_SupLatLkToCond equip, !- Name
  {7528ebab-1cf4-470e-a35f-1c7fcd8b82f4}, !- Other Equipment Definition Name
  {d42efddc-4609-4abe-98fa-02a11f0e8057}, !- Space or SpaceType Name
  {ce65d028-ae7c-4114-87b4-d70c0fc4bebf}, !- Schedule Name
  ,                                       !- Multiplier
  None,                                   !- Fuel Type
  duct load;                              !- End-Use Subcategory

OS:EnergyManagementSystem:Actuator,
  {97878a6b-e4fc-4fdb-ba7d-bca39c1a7589}, !- Handle
  air_source_heat_pump_airloop_0_SupLatLkToCond_equip_act, !- Name
  {693f411f-3136-4a48-90f8-6d1c94a78f68}, !- Actuated Component Name
  OtherEquipment,                         !- Actuated Component Type
  Power Level,                            !- Actuated Component Control Type
  {d42efddc-4609-4abe-98fa-02a11f0e8057}; !- Zone or Space Name

OS:EnergyManagementSystem:GlobalVariable,
  {fe2c32ee-5529-4b4d-8577-f4124ae0d647}, !- Handle
  air_source_heat_pump_airloop_0_SupCondToLv; !- Name

OS:OtherEquipment:Definition,
  {8832635f-cf77-4b90-8bd0-5fac4e5d16fc}, !- Handle
  air_source_heat_pump_airloop_0_SupCondToLv equip, !- Name
  EquipmentLevel,                         !- Design Level Calculation Method
  0,                                      !- Design Level {W}
  ,                                       !- Watts per Space Floor Area {W/m2}
  ,                                       !- Watts per Person {W/Person}
  0,                                      !- Fraction Latent
  0,                                      !- Fraction Radiant
  0;                                      !- Fraction Lost

OS:OtherEquipment,
  {6e4d76ce-7d4b-4be4-a992-6c1e6bcf872b}, !- Handle
  air_source_heat_pump_airloop_0_SupCondToLv equip, !- Name
  {8832635f-cf77-4b90-8bd0-5fac4e5d16fc}, !- Other Equipment Definition Name
  {d42efddc-4609-4abe-98fa-02a11f0e8057}, !- Space or SpaceType Name
  {ce65d028-ae7c-4114-87b4-d70c0fc4bebf}, !- Schedule Name
  ,                                       !- Multiplier
  None,                                   !- Fuel Type
  duct load;                              !- End-Use Subcategory

OS:EnergyManagementSystem:Actuator,
  {d8cea1de-d53f-4703-abee-edc6eec51e80}, !- Handle
  air_source_heat_pump_airloop_0_SupCondToLv_equip_act, !- Name
  {6e4d76ce-7d4b-4be4-a992-6c1e6bcf872b}, !- Actuated Component Name
  OtherEquipment,                         !- Actuated Component Type
  Power Level,                            !- Actuated Component Control Type
  {d42efddc-4609-4abe-98fa-02a11f0e8057}; !- Zone or Space Name

OS:EnergyManagementSystem:GlobalVariable,
  {c078666c-d0d1-4a95-a1a7-bb5283e3d615}, !- Handle
  air_source_heat_pump_airloop_0_RetCondToRP; !- Name

OS:OtherEquipment:Definition,
  {e179ec97-cdfc-48dc-8582-14c283e94700}, !- Handle
  air_source_heat_pump_airloop_0_RetCondToRP equip, !- Name
  EquipmentLevel,                         !- Design Level Calculation Method
  0,                                      !- Design Level {W}
  ,                                       !- Watts per Space Floor Area {W/m2}
  ,                                       !- Watts per Person {W/Person}
  0,                                      !- Fraction Latent
  0,                                      !- Fraction Radiant
  0;                                      !- Fraction Lost

OS:OtherEquipment,
  {f7d38456-d736-4e11-a85b-963fa4d1004f}, !- Handle
  air_source_heat_pump_airloop_0_RetCondToRP equip, !- Name
  {e179ec97-cdfc-48dc-8582-14c283e94700}, !- Other Equipment Definition Name
  {74c53e24-ea24-4a84-9f62-7e25dd169501}, !- Space or SpaceType Name
  {ce65d028-ae7c-4114-87b4-d70c0fc4bebf}, !- Schedule Name
  ,                                       !- Multiplier
  None,                                   !- Fuel Type
  duct load;                              !- End-Use Subcategory

OS:EnergyManagementSystem:Actuator,
  {55762091-b3a9-4ed5-a2b7-95c87575a3e3}, !- Handle
  air_source_heat_pump_airloop_0_RetCondToRP_equip_act, !- Name
  {f7d38456-d736-4e11-a85b-963fa4d1004f}, !- Actuated Component Name
  OtherEquipment,                         !- Actuated Component Type
  Power Level,                            !- Actuated Component Control Type
  {74c53e24-ea24-4a84-9f62-7e25dd169501}; !- Zone or Space Name

OS:EnergyManagementSystem:GlobalVariable,
  {ea635b34-428a-496e-8d21-00dfd43ad560}, !- Handle
  air_source_heat_pump_airloop_0_RetSensLkToRP; !- Name

OS:OtherEquipment:Definition,
  {ee13e877-9bed-447c-a420-15c9ed961243}, !- Handle
  air_source_heat_pump_airloop_0_RetSensLkToRP equip, !- Name
  EquipmentLevel,                         !- Design Level Calculation Method
  0,                                      !- Design Level {W}
  ,                                       !- Watts per Space Floor Area {W/m2}
  ,                                       !- Watts per Person {W/Person}
  0,                                      !- Fraction Latent
  0,                                      !- Fraction Radiant
  0;                                      !- Fraction Lost

OS:OtherEquipment,
  {48a899e2-9deb-4011-bfb0-9a90895b6b10}, !- Handle
  air_source_heat_pump_airloop_0_RetSensLkToRP equip, !- Name
  {ee13e877-9bed-447c-a420-15c9ed961243}, !- Other Equipment Definition Name
  {74c53e24-ea24-4a84-9f62-7e25dd169501}, !- Space or SpaceType Name
  {ce65d028-ae7c-4114-87b4-d70c0fc4bebf}, !- Schedule Name
  ,                                       !- Multiplier
  None,                                   !- Fuel Type
  duct load;                              !- End-Use Subcategory

OS:EnergyManagementSystem:Actuator,
  {d40a23bc-65f7-438e-9f40-e3598e901f11}, !- Handle
  air_source_heat_pump_airloop_0_RetSensLkToRP_equip_act, !- Name
  {48a899e2-9deb-4011-bfb0-9a90895b6b10}, !- Actuated Component Name
  OtherEquipment,                         !- Actuated Component Type
  Power Level,                            !- Actuated Component Control Type
  {74c53e24-ea24-4a84-9f62-7e25dd169501}; !- Zone or Space Name

OS:EnergyManagementSystem:GlobalVariable,
  {390e7ca6-0ecd-4650-807c-fc639dcaa0d0}, !- Handle
  air_source_heat_pump_airloop_0_RetLatLkToRP; !- Name

OS:OtherEquipment:Definition,
  {a050dac4-885c-4849-a63c-27b9dcdfc3be}, !- Handle
  air_source_heat_pump_airloop_0_RetLatLkToRP equip, !- Name
  EquipmentLevel,                         !- Design Level Calculation Method
  0,                                      !- Design Level {W}
  ,                                       !- Watts per Space Floor Area {W/m2}
  ,                                       !- Watts per Person {W/Person}
  1,                                      !- Fraction Latent
  0,                                      !- Fraction Radiant
  0;                                      !- Fraction Lost

OS:OtherEquipment,
  {9810d080-5eda-4c23-a2a7-0e8fe644d7d1}, !- Handle
  air_source_heat_pump_airloop_0_RetLatLkToRP equip, !- Name
  {a050dac4-885c-4849-a63c-27b9dcdfc3be}, !- Other Equipment Definition Name
  {74c53e24-ea24-4a84-9f62-7e25dd169501}, !- Space or SpaceType Name
  {ce65d028-ae7c-4114-87b4-d70c0fc4bebf}, !- Schedule Name
  ,                                       !- Multiplier
  None,                                   !- Fuel Type
  duct load;                              !- End-Use Subcategory

OS:EnergyManagementSystem:Actuator,
  {1b1ca940-2111-41d6-90a4-78e2c819caa9}, !- Handle
  air_source_heat_pump_airloop_0_RetLatLkToRP_equip_act, !- Name
  {9810d080-5eda-4c23-a2a7-0e8fe644d7d1}, !- Actuated Component Name
  OtherEquipment,                         !- Actuated Component Type
  Power Level,                            !- Actuated Component Control Type
  {74c53e24-ea24-4a84-9f62-7e25dd169501}; !- Zone or Space Name

OS:EnergyManagementSystem:GlobalVariable,
  {2577c13c-2e2b-49b7-ad1b-1fb88d5d7b6c}, !- Handle
  air_source_heat_pump_airloop_0_SupCondToDZ; !- Name

OS:OtherEquipment:Definition,
  {8663cddb-1778-49ac-abb5-03aa530cbdbd}, !- Handle
  air_source_heat_pump_airloop_0_SupCondToDZ equip, !- Name
  EquipmentLevel,                         !- Design Level Calculation Method
  0,                                      !- Design Level {W}
  ,                                       !- Watts per Space Floor Area {W/m2}
  ,                                       !- Watts per Person {W/Person}
  0,                                      !- Fraction Latent
  0,                                      !- Fraction Radiant
  0;                                      !- Fraction Lost

OS:OtherEquipment,
  {7c1244dd-f018-424e-8a81-02ec6e35c53c}, !- Handle
  air_source_heat_pump_airloop_0_SupCondToDZ equip, !- Name
  {8663cddb-1778-49ac-abb5-03aa530cbdbd}, !- Other Equipment Definition Name
  {1a546e2e-8d60-4a4f-a952-7373f8b7f110}, !- Space or SpaceType Name
  {ce65d028-ae7c-4114-87b4-d70c0fc4bebf}, !- Schedule Name
  ,                                       !- Multiplier
  None,                                   !- Fuel Type
  General;                                !- End-Use Subcategory

OS:EnergyManagementSystem:Actuator,
  {46ea85e4-b31d-4c16-b883-39a1ddc4b541}, !- Handle
  air_source_heat_pump_airloop_0_SupCondToDZ_equip_act, !- Name
  {7c1244dd-f018-424e-8a81-02ec6e35c53c}, !- Actuated Component Name
  OtherEquipment,                         !- Actuated Component Type
  Power Level,                            !- Actuated Component Control Type
  {1a546e2e-8d60-4a4f-a952-7373f8b7f110}; !- Zone or Space Name

OS:EnergyManagementSystem:GlobalVariable,
  {ebb48566-a5cf-493d-ae4a-e564a53d4a01}, !- Handle
  air_source_heat_pump_airloop_0_RetCondToDZ; !- Name

OS:OtherEquipment:Definition,
  {c5766dc1-b13c-4f3c-abd8-a0c6c89e07e8}, !- Handle
  air_source_heat_pump_airloop_0_RetCondToDZ equip, !- Name
  EquipmentLevel,                         !- Design Level Calculation Method
  0,                                      !- Design Level {W}
  ,                                       !- Watts per Space Floor Area {W/m2}
  ,                                       !- Watts per Person {W/Person}
  0,                                      !- Fraction Latent
  0,                                      !- Fraction Radiant
  0;                                      !- Fraction Lost

OS:OtherEquipment,
  {a8ddb1e2-a635-41df-9c24-4d221c6122f3}, !- Handle
  air_source_heat_pump_airloop_0_RetCondToDZ equip, !- Name
  {c5766dc1-b13c-4f3c-abd8-a0c6c89e07e8}, !- Other Equipment Definition Name
  {1a546e2e-8d60-4a4f-a952-7373f8b7f110}, !- Space or SpaceType Name
  {ce65d028-ae7c-4114-87b4-d70c0fc4bebf}, !- Schedule Name
  ,                                       !- Multiplier
  None,                                   !- Fuel Type
  General;                                !- End-Use Subcategory

OS:EnergyManagementSystem:Actuator,
  {ccfbea29-fbf8-4d72-a584-82c010f8dae1}, !- Handle
  air_source_heat_pump_airloop_0_RetCondToDZ_equip_act, !- Name
  {a8ddb1e2-a635-41df-9c24-4d221c6122f3}, !- Actuated Component Name
  OtherEquipment,                         !- Actuated Component Type
  Power Level,                            !- Actuated Component Control Type
  {1a546e2e-8d60-4a4f-a952-7373f8b7f110}; !- Zone or Space Name

OS:EnergyManagementSystem:GlobalVariable,
  {f3599b9d-7a2b-4cd1-b981-17f965295448}, !- Handle
  air_source_heat_pump_airloop_0_SupSensLkToDZ; !- Name

OS:OtherEquipment:Definition,
  {9c00e066-2242-4f68-bbc2-532cdb217b3c}, !- Handle
  air_source_heat_pump_airloop_0_SupSensLkToDZ equip, !- Name
  EquipmentLevel,                         !- Design Level Calculation Method
  0,                                      !- Design Level {W}
  ,                                       !- Watts per Space Floor Area {W/m2}
  ,                                       !- Watts per Person {W/Person}
  0,                                      !- Fraction Latent
  0,                                      !- Fraction Radiant
  0;                                      !- Fraction Lost

OS:OtherEquipment,
  {9e70f52e-7ada-46dd-8daf-8d7e7e2a4787}, !- Handle
  air_source_heat_pump_airloop_0_SupSensLkToDZ equip, !- Name
  {9c00e066-2242-4f68-bbc2-532cdb217b3c}, !- Other Equipment Definition Name
  {1a546e2e-8d60-4a4f-a952-7373f8b7f110}, !- Space or SpaceType Name
  {ce65d028-ae7c-4114-87b4-d70c0fc4bebf}, !- Schedule Name
  ,                                       !- Multiplier
  None,                                   !- Fuel Type
  General;                                !- End-Use Subcategory

OS:EnergyManagementSystem:Actuator,
  {2ccc423f-3050-4450-800b-c77b68ca3116}, !- Handle
  air_source_heat_pump_airloop_0_SupSensLkToDZ_equip_act, !- Name
  {9e70f52e-7ada-46dd-8daf-8d7e7e2a4787}, !- Actuated Component Name
  OtherEquipment,                         !- Actuated Component Type
  Power Level,                            !- Actuated Component Control Type
  {1a546e2e-8d60-4a4f-a952-7373f8b7f110}; !- Zone or Space Name

OS:EnergyManagementSystem:GlobalVariable,
  {51dbba7a-936d-4d08-8d63-6a5094b1da69}, !- Handle
  air_source_heat_pump_airloop_0_SupLatLkToDZ; !- Name

OS:OtherEquipment:Definition,
  {837d6812-0ebe-4c4f-933f-71ad2fc77f66}, !- Handle
  air_source_heat_pump_airloop_0_SupLatLkToDZ equip, !- Name
  EquipmentLevel,                         !- Design Level Calculation Method
  0,                                      !- Design Level {W}
  ,                                       !- Watts per Space Floor Area {W/m2}
  ,                                       !- Watts per Person {W/Person}
  1,                                      !- Fraction Latent
  0,                                      !- Fraction Radiant
  0;                                      !- Fraction Lost

OS:OtherEquipment,
  {7f0e9b8a-0748-4919-8457-69459df000c0}, !- Handle
  air_source_heat_pump_airloop_0_SupLatLkToDZ equip, !- Name
  {837d6812-0ebe-4c4f-933f-71ad2fc77f66}, !- Other Equipment Definition Name
  {1a546e2e-8d60-4a4f-a952-7373f8b7f110}, !- Space or SpaceType Name
  {ce65d028-ae7c-4114-87b4-d70c0fc4bebf}, !- Schedule Name
  ,                                       !- Multiplier
  None,                                   !- Fuel Type
  General;                                !- End-Use Subcategory

OS:EnergyManagementSystem:Actuator,
  {d43f47e0-ebfb-4d2c-9591-3b040be7e7b0}, !- Handle
  air_source_heat_pump_airloop_0_SupLatLkToDZ_equip_act, !- Name
  {7f0e9b8a-0748-4919-8457-69459df000c0}, !- Actuated Component Name
  OtherEquipment,                         !- Actuated Component Type
  Power Level,                            !- Actuated Component Control Type
  {1a546e2e-8d60-4a4f-a952-7373f8b7f110}; !- Zone or Space Name

OS:EnergyManagementSystem:GlobalVariable,
  {34375b17-b1ab-478f-ad4d-a2d1d386605d}, !- Handle
  air_source_heat_pump_airloop_0_ZoneMixDZToCond; !- Name

OS:ZoneMixing,
  {f41b1f8f-0763-4d73-beac-fcbec321ad60}, !- Handle
  air_source_heat_pump_airloop_0_ZoneMixDZToCond mix, !- Name
  {996f1a03-fe34-447d-88ab-506c9e7f03bc}, !- Zone or Space Name
  {c3ff0ef3-a3fb-4ce1-a79e-e04e780b95a6}, !- Schedule Name
  Flow/Zone,                              !- Design Flow Rate Calculation Method
  0,                                      !- Design Flow Rate {m3/s}
  ,                                       !- Flow Rate per Floor Area {m3/s-m2}
  ,                                       !- Flow Rate per Person {m3/s-person}
  ,                                       !- Air Changes per Hour {1/hr}
  {05ad2b6b-0902-4a39-91ee-cee7c99fe206}, !- Source Zone or Space Name
  ,                                       !- Delta Temperature {deltaC}
  ,                                       !- Delta Temperature Schedule Name
  ,                                       !- Minimum Receiving Temperature Schedule Name
  ,                                       !- Maximum Receiving Temperature Schedule Name
  ,                                       !- Minimum Source Temperature Schedule Name
  ,                                       !- Maximum Source Temperature Schedule Name
  ,                                       !- Minimum Outdoor Temperature Schedule Name
  ;                                       !- Maximum Outdoor Temperature Schedule Name

OS:Schedule:Constant,
  {c3ff0ef3-a3fb-4ce1-a79e-e04e780b95a6}, !- Handle
  Always On Continuous,                   !- Name
  {d29f4752-be1b-4739-a4d0-33d709e1d6e9}, !- Schedule Type Limits Name
  1;                                      !- Value

OS:ScheduleTypeLimits,
  {d29f4752-be1b-4739-a4d0-33d709e1d6e9}, !- Handle
  Fractional 1,                           !- Name
  0,                                      !- Lower Limit Value
  1,                                      !- Upper Limit Value
  Continuous,                             !- Numeric Type
  ;                                       !- Unit Type

OS:EnergyManagementSystem:Actuator,
  {940d0409-c290-4238-a4c1-09427a702dda}, !- Handle
  air_source_heat_pump_airloop_0_ZoneMixDZToCond_mix_act, !- Name
  {f41b1f8f-0763-4d73-beac-fcbec321ad60}, !- Actuated Component Name
  ZoneMixing,                             !- Actuated Component Type
  Air Exchange Flow Rate,                 !- Actuated Component Control Type
  ;                                       !- Zone or Space Name

OS:AdditionalProperties,
  {3dfcb540-f7fe-4add-a8ec-6342dfadb09f}, !- Handle
  {f41b1f8f-0763-4d73-beac-fcbec321ad60}, !- Object Name
  ObjectType,                             !- Feature Name 1
  String,                                 !- Feature Data Type 1
  duct load;                              !- Feature Value 1

OS:EnergyManagementSystem:GlobalVariable,
  {f3914105-5f46-4847-8a6b-2287062dce15}, !- Handle
  air_source_heat_pump_airloop_0_ZoneMixCondToDZ; !- Name

OS:ZoneMixing,
  {9dd26391-9e9c-4da7-95df-0df4e9580444}, !- Handle
  air_source_heat_pump_airloop_0_ZoneMixCondToDZ mix, !- Name
  {05ad2b6b-0902-4a39-91ee-cee7c99fe206}, !- Zone or Space Name
  {c3ff0ef3-a3fb-4ce1-a79e-e04e780b95a6}, !- Schedule Name
  Flow/Zone,                              !- Design Flow Rate Calculation Method
  0,                                      !- Design Flow Rate {m3/s}
  ,                                       !- Flow Rate per Floor Area {m3/s-m2}
  ,                                       !- Flow Rate per Person {m3/s-person}
  ,                                       !- Air Changes per Hour {1/hr}
  {996f1a03-fe34-447d-88ab-506c9e7f03bc}, !- Source Zone or Space Name
  ,                                       !- Delta Temperature {deltaC}
  ,                                       !- Delta Temperature Schedule Name
  ,                                       !- Minimum Receiving Temperature Schedule Name
  ,                                       !- Maximum Receiving Temperature Schedule Name
  ,                                       !- Minimum Source Temperature Schedule Name
  ,                                       !- Maximum Source Temperature Schedule Name
  ,                                       !- Minimum Outdoor Temperature Schedule Name
  ;                                       !- Maximum Outdoor Temperature Schedule Name

OS:EnergyManagementSystem:Actuator,
  {f46d6749-f6b5-4ebf-8b31-ada7d3a6f933}, !- Handle
  air_source_heat_pump_airloop_0_ZoneMixCondToDZ_mix_act, !- Name
  {9dd26391-9e9c-4da7-95df-0df4e9580444}, !- Actuated Component Name
  ZoneMixing,                             !- Actuated Component Type
  Air Exchange Flow Rate,                 !- Actuated Component Control Type
  ;                                       !- Zone or Space Name

OS:AdditionalProperties,
  {090bb859-de0b-4c87-91fd-538f267a8edf}, !- Handle
  {9dd26391-9e9c-4da7-95df-0df4e9580444}, !- Object Name
  ObjectType,                             !- Feature Name 1
  String,                                 !- Feature Data Type 1
  duct load;                              !- Feature Value 1

OS:EnergyManagementSystem:Subroutine,
  {6b2de878-06b8-48c7-bdc1-ed38db006317}, !- Handle
  air_source_heat_pump_airloop_0_duct_subroutine, !- Name
  Set AH_MFR = air_source_heat_pump_airloop_AH_MFR / 1, !- Program Line 1
  If AH_MFR>0,                            !- Program Line 2
  Set AH_Tout = air_source_heat_pump_airloop_AH_Tout, !- Program Line 3
  Set AH_Wout = air_source_heat_pump_airloop_AH_Wout, !- Program Line 4
  Set RA_T = air_source_heat_pump_airloop_RA_T, !- Program Line 5
  Set RA_W = air_source_heat_pump_airloop_Ra_W, !- Program Line 6
  Set Fan_RTF = air_source_heat_pump_airloop_Fan_RTF, !- Program Line 7
  Set DZ_T = air_source_heat_pump_airloop_0_DZ_T, !- Program Line 8
  Set DZ_W = air_source_heat_pump_airloop_0_DZ_W, !- Program Line 9
  Set AH_VFR = air_source_heat_pump_airloop_AH_VFR / 1, !- Program Line 10
  Set h_SA = (@HFnTdbW AH_Tout AH_Wout),  !- Program Line 11
  Set h_RA = (@HFnTdbW RA_T RA_W),        !- Program Line 12
  Set h_fg = (@HfgAirFnWTdb AH_Wout AH_Tout), !- Program Line 13
  Set h_DZ = (@HFnTdbW DZ_T DZ_W),        !- Program Line 14
  Set air_cp = 1006.0,                    !- Program Line 15
  Set f_sup = 0.2,                        !- Program Line 16
  Set f_ret = 0.1,                        !- Program Line 17
  Set sup_lk_mfr = f_sup * AH_MFR,        !- Program Line 18
  Set ret_lk_mfr = f_ret * AH_MFR,        !- Program Line 19
  Set SupTotLkToCond = sup_lk_mfr*(h_RA - h_SA), !- Program Line 20
  Set SupLatLkToCond = sup_lk_mfr*h_fg*(RA_W-AH_Wout), !- Program Line 21
  Set SupSensLkToCond = SupTotLkToCond-SupLatLkToCond, !- Program Line 22
  Set supply_ua = 29.205,                 !- Program Line 23
  Set eTm = 0-((Fan_RTF/(AH_MFR*air_cp))*supply_ua), !- Program Line 24
  Set t_sup = DZ_T+((AH_Tout-DZ_T)*(@Exp eTm)), !- Program Line 25
  Set SupCondToCond = AH_MFR*air_cp*(t_sup-AH_Tout), !- Program Line 26
  Set SupCondToDZ = 0-SupCondToCond,      !- Program Line 27
  Set return_ua = 9.996,                  !- Program Line 28
  Set eTm = 0-((Fan_RTF/(AH_MFR*air_cp))*return_ua), !- Program Line 29
  Set t_ret = DZ_T+((RA_T-DZ_T)*(@Exp eTm)), !- Program Line 30
  Set RetCondToRP = AH_MFR*air_cp*(t_ret-RA_T), !- Program Line 31
  Set RetCondToDZ = 0-RetCondToRP,        !- Program Line 32
  Set RetLatLkToRP = 0,                   !- Program Line 33
  Set RetSensLkToRP = ret_lk_mfr*air_cp*(DZ_T-RA_T), !- Program Line 34
  Set SupTotLkToDZ = sup_lk_mfr*(h_SA-h_DZ), !- Program Line 35
  Set SupLatLkToDZ = sup_lk_mfr*h_fg*(AH_Wout-DZ_W), !- Program Line 36
  Set SupSensLkToDZ = SupTotLkToDZ-SupLatLkToDZ, !- Program Line 37
  Set f_imbalance = f_sup-f_ret,          !- Program Line 38
  Set oa_vfr = 1.0 * f_imbalance * AH_VFR, !- Program Line 39
  Set sup_lk_vfr = f_sup * AH_VFR,        !- Program Line 40
  Set ret_lk_vfr = f_ret * AH_VFR,        !- Program Line 41
  If f_sup > f_ret,                       !- Program Line 42
  Set ZoneMixCondToDZ = 0,                !- Program Line 43
  Set ZoneMixDZToCond = (sup_lk_vfr-ret_lk_vfr)-oa_vfr, !- Program Line 44
  Else,                                   !- Program Line 45
  Set ZoneMixCondToDZ = (ret_lk_vfr-sup_lk_vfr)+oa_vfr, !- Program Line 46
  Set ZoneMixDZToCond = 0,                !- Program Line 47
  EndIf,                                  !- Program Line 48
  Else,                                   !- Program Line 49
  Set SupLatLkToCond = 0,                 !- Program Line 50
  Set SupSensLkToCond = 0,                !- Program Line 51
  Set SupCondToCond = 0,                  !- Program Line 52
  Set RetCondToRP = 0,                    !- Program Line 53
  Set RetLatLkToRP = 0,                   !- Program Line 54
  Set RetSensLkToRP = 0,                  !- Program Line 55
  Set RetCondToDZ = 0,                    !- Program Line 56
  Set SupCondToDZ = 0,                    !- Program Line 57
  Set SupLatLkToDZ = 0,                   !- Program Line 58
  Set SupSensLkToDZ = 0,                  !- Program Line 59
  Set ZoneMixCondToDZ = 0,                !- Program Line 60
  Set ZoneMixDZToCond = 0,                !- Program Line 61
  EndIf,                                  !- Program Line 62
  Set air_source_heat_pump_airloop_0_SupLatLkToCond = SupLatLkToCond, !- Program Line 63
  Set air_source_heat_pump_airloop_0_SupSensLkToCond = SupSensLkToCond, !- Program Line 64
  Set air_source_heat_pump_airloop_0_SupCondToLv = SupCondToCond, !- Program Line 65
  Set air_source_heat_pump_airloop_0_RetCondToRP = RetCondToRP, !- Program Line 66
  Set air_source_heat_pump_airloop_0_RetLatLkToRP = RetLatLkToRP, !- Program Line 67
  Set air_source_heat_pump_airloop_0_RetSensLkToRP = RetSensLkToRP, !- Program Line 68
  Set air_source_heat_pump_airloop_0_RetCondToDZ = RetCondToDZ, !- Program Line 69
  Set air_source_heat_pump_airloop_0_SupCondToDZ = SupCondToDZ, !- Program Line 70
  Set air_source_heat_pump_airloop_0_SupLatLkToDZ = SupLatLkToDZ, !- Program Line 71
  Set air_source_heat_pump_airloop_0_SupSensLkToDZ = SupSensLkToDZ, !- Program Line 72
  Set air_source_heat_pump_airloop_0_ZoneMixCondToDZ = ZoneMixCondToDZ, !- Program Line 73
  Set air_source_heat_pump_airloop_0_ZoneMixDZToCond = ZoneMixDZToCond; !- Program Line 74

OS:EnergyManagementSystem:Program,
  {6cd96d34-9d23-4937-af46-faa9d8ccf7c9}, !- Handle
  air_source_heat_pump_airloop_0_duct_program, !- Name
  Set air_source_heat_pump_airloop_AH_MFR = air_source_heat_pump_airloop_AH_MFR_s, !- Program Line 1
  Set air_source_heat_pump_airloop_Fan_RTF = 0, !- Program Line 2
  Set air_source_heat_pump_airloop_Fan_RTF = air_source_heat_pump_airloop_Fan_RTF + air_source_heat_pump_airloop_Fan_RTF_s, !- Program Line 3
  Set air_source_heat_pump_airloop_Fan_RTF = air_source_heat_pump_airloop_Fan_RTF + air_source_heat_pump_airloop_Fan_RTF_s_1, !- Program Line 4
  Set air_source_heat_pump_airloop_AH_VFR = air_source_heat_pump_airloop_AH_VFR_s, !- Program Line 5
  Set air_source_heat_pump_airloop_AH_Tout = air_source_heat_pump_airloop_AH_Tout_s, !- Program Line 6
  Set air_source_heat_pump_airloop_AH_Wout = air_source_heat_pump_airloop_AH_Wout_s, !- Program Line 7
  Set air_source_heat_pump_airloop_RA_T = air_source_heat_pump_airloop_RA_T_s, !- Program Line 8
  Set air_source_heat_pump_airloop_Ra_W = air_source_heat_pump_airloop_Ra_W_s, !- Program Line 9
  Set air_source_heat_pump_airloop_0_DZ_T = air_source_heat_pump_airloop_0_DZ_T_s, !- Program Line 10
  Set air_source_heat_pump_airloop_0_DZ_W = air_source_heat_pump_airloop_0_DZ_W_s, !- Program Line 11
  Run air_source_heat_pump_airloop_0_duct_subroutine, !- Program Line 12
  Set air_source_heat_pump_airloop_0_SupSensLkToCond_equip_act = air_source_heat_pump_airloop_0_SupSensLkToCond, !- Program Line 13
  Set air_source_heat_pump_airloop_0_SupLatLkToCond_equip_act = air_source_heat_pump_airloop_0_SupLatLkToCond, !- Program Line 14
  Set air_source_heat_pump_airloop_0_SupCondToLv_equip_act = air_source_heat_pump_airloop_0_SupCondToLv, !- Program Line 15
  Set air_source_heat_pump_airloop_0_RetSensLkToRP_equip_act = air_source_heat_pump_airloop_0_RetSensLkToRP, !- Program Line 16
  Set air_source_heat_pump_airloop_0_RetLatLkToRP_equip_act = air_source_heat_pump_airloop_0_RetLatLkToRP, !- Program Line 17
  Set air_source_heat_pump_airloop_0_RetCondToRP_equip_act = air_source_heat_pump_airloop_0_RetCondToRP, !- Program Line 18
  Set air_source_heat_pump_airloop_0_RetCondToDZ_equip_act = air_source_heat_pump_airloop_0_RetCondToDZ, !- Program Line 19
  Set air_source_heat_pump_airloop_0_SupCondToDZ_equip_act = air_source_heat_pump_airloop_0_SupCondToDZ, !- Program Line 20
  Set air_source_heat_pump_airloop_0_SupSensLkToDZ_equip_act = air_source_heat_pump_airloop_0_SupSensLkToDZ, !- Program Line 21
  Set air_source_heat_pump_airloop_0_SupLatLkToDZ_equip_act = air_source_heat_pump_airloop_0_SupLatLkToDZ, !- Program Line 22
  Set air_source_heat_pump_airloop_0_ZoneMixDZToCond_mix_act = air_source_heat_pump_airloop_0_ZoneMixDZToCond, !- Program Line 23
  Set air_source_heat_pump_airloop_0_ZoneMixCondToDZ_mix_act = air_source_heat_pump_airloop_0_ZoneMixCondToDZ; !- Program Line 24

OS:EnergyManagementSystem:ProgramCallingManager,
  {6cf57773-d47f-48ac-92fe-70ba5bca8506}, !- Handle
  air_source_heat_pump_airloop_0_duct_program calling manager, !- Name
  EndOfSystemTimestepAfterHVACReporting,  !- EnergyPlus Model Calling Point
  {6cd96d34-9d23-4937-af46-faa9d8ccf7c9}; !- Program Name 1

OS:Schedule:Ruleset,
  {ad178703-707d-45df-9847-20ef285cc513}, !- Handle
  natural vent schedule,                  !- Name
  {e64daf7c-4f46-42c1-9652-4497506235b9}, !- Schedule Type Limits Name
  {95fac042-fd4d-4113-9ea3-db79bc4ad8cc}; !- Default Day Schedule Name

OS:Schedule:Day,
  {95fac042-fd4d-4113-9ea3-db79bc4ad8cc}, !- Handle
  natural vent schedule default day,      !- Name
  {e64daf7c-4f46-42c1-9652-4497506235b9}, !- Schedule Type Limits Name
  ,                                       !- Interpolate to Timestep
  24,                                     !- Hour 1
  0,                                      !- Minute 1
  0;                                      !- Value Until Time 1

OS:Schedule:Rule,
  {f060d179-ea08-4fbe-a7cc-b822642791a0}, !- Handle
  natural vent schedule rule,             !- Name
  {ad178703-707d-45df-9847-20ef285cc513}, !- Schedule Ruleset Name
  0,                                      !- Rule Order
  {018b0ec7-4dc6-45c2-917b-b5e41567ccc5}, !- Day Schedule Name
  ,                                       !- Apply Sunday
  Yes,                                    !- Apply Monday
  ,                                       !- Apply Tuesday
  Yes,                                    !- Apply Wednesday
  ,                                       !- Apply Thursday
  Yes,                                    !- Apply Friday
  ,                                       !- Apply Saturday
  DateRange,                              !- Date Specification Type
  1,                                      !- Start Month
  1,                                      !- Start Day
  12,                                     !- End Month
  31;                                     !- End Day

OS:Schedule:Day,
  {018b0ec7-4dc6-45c2-917b-b5e41567ccc5}, !- Handle
  natural vent schedule avail day,        !- Name
  {e64daf7c-4f46-42c1-9652-4497506235b9}, !- Schedule Type Limits Name
  ,                                       !- Interpolate to Timestep
  24,                                     !- Hour 1
  0,                                      !- Minute 1
  1;                                      !- Value Until Time 1

OS:EnergyManagementSystem:Sensor,
  {05efad15-bc1b-4032-97c0-0346fbfb85a5}, !- Handle
  natural_vent_s,                         !- Name
  natural vent schedule,                  !- Output Variable or Output Meter Index Key Name
  Schedule Value;                         !- Output Variable or Output Meter Name

OS:EnergyManagementSystem:Sensor,
  {4452e802-f132-4d89-bacf-5ea88bf04a94}, !- Handle
  htg_sp_s,                               !- Name
  heating setpoint,                       !- Output Variable or Output Meter Index Key Name
  Schedule Value;                         !- Output Variable or Output Meter Name

OS:EnergyManagementSystem:Sensor,
  {166cefc0-4ba1-4f5a-8ebb-bb27adc1444a}, !- Handle
  clg_sp_s,                               !- Name
  cooling setpoint,                       !- Output Variable or Output Meter Index Key Name
  Schedule Value;                         !- Output Variable or Output Meter Name

OS:SpaceInfiltration:DesignFlowRate,
  {d74143b0-0233-4d15-8174-65fc2403a392}, !- Handle
  natural vent flow,                      !- Name
  {d42efddc-4609-4abe-98fa-02a11f0e8057}, !- Space or SpaceType Name
  {ce65d028-ae7c-4114-87b4-d70c0fc4bebf}, !- Schedule Name
  Flow/Space,                             !- Design Flow Rate Calculation Method
  0,                                      !- Design Flow Rate {m3/s}
  ,                                       !- Flow per Space Floor Area {m3/s-m2}
  ,                                       !- Flow per Exterior Surface Area {m3/s-m2}
  ,                                       !- Air Changes per Hour {1/hr}
  ,                                       !- Constant Term Coefficient
  ,                                       !- Temperature Term Coefficient
  ,                                       !- Velocity Term Coefficient
  ;                                       !- Velocity Squared Term Coefficient

OS:EnergyManagementSystem:Actuator,
  {81f00650-3885-48f3-bf46-6da4c030a464}, !- Handle
  natural_vent_flow_act,                  !- Name
  {d74143b0-0233-4d15-8174-65fc2403a392}, !- Actuated Component Name
  Zone Infiltration,                      !- Actuated Component Type
  Air Exchange Flow Rate,                 !- Actuated Component Control Type
  ;                                       !- Zone or Space Name

OS:AdditionalProperties,
  {f1a1f062-2ba7-4ad9-a053-d87a9ef9fc20}, !- Handle
  {d74143b0-0233-4d15-8174-65fc2403a392}, !- Object Name
  ObjectType,                             !- Feature Name 1
  String,                                 !- Feature Data Type 1
  natural vent;                           !- Feature Value 1

OS:SpaceInfiltration:DesignFlowRate,
  {055a2054-51fe-45fc-a169-2e1f7c18d3cb}, !- Handle
  whole house fan flow,                   !- Name
  {d42efddc-4609-4abe-98fa-02a11f0e8057}, !- Space or SpaceType Name
  {ce65d028-ae7c-4114-87b4-d70c0fc4bebf}, !- Schedule Name
  Flow/Space,                             !- Design Flow Rate Calculation Method
  0,                                      !- Design Flow Rate {m3/s}
  ,                                       !- Flow per Space Floor Area {m3/s-m2}
  ,                                       !- Flow per Exterior Surface Area {m3/s-m2}
  ,                                       !- Air Changes per Hour {1/hr}
  ,                                       !- Constant Term Coefficient
  ,                                       !- Temperature Term Coefficient
  ,                                       !- Velocity Term Coefficient
  ;                                       !- Velocity Squared Term Coefficient

OS:EnergyManagementSystem:Actuator,
  {e9eaa808-4e63-4d90-9621-f6991d6551b0}, !- Handle
  whole_house_fan_flow_act,               !- Name
  {055a2054-51fe-45fc-a169-2e1f7c18d3cb}, !- Actuated Component Name
  Zone Infiltration,                      !- Actuated Component Type
  Air Exchange Flow Rate,                 !- Actuated Component Control Type
  ;                                       !- Zone or Space Name

OS:AdditionalProperties,
  {7cadbb85-ba84-4f23-9644-854ec376f6bc}, !- Handle
  {055a2054-51fe-45fc-a169-2e1f7c18d3cb}, !- Object Name
  ObjectType,                             !- Feature Name 1
  String,                                 !- Feature Data Type 1
  whole house fan;                        !- Feature Value 1

OS:ElectricEquipment:Definition,
  {9b624b65-dc8f-4d3e-91db-15101f007741}, !- Handle
  whole house fan,                        !- Name
  EquipmentLevel,                         !- Design Level Calculation Method
  0,                                      !- Design Level {W}
  ,                                       !- Watts per Space Floor Area {W/m2}
  ,                                       !- Watts per Person {W/person}
  0,                                      !- Fraction Latent
  0,                                      !- Fraction Radiant
  1;                                      !- Fraction Lost

OS:ElectricEquipment,
  {49d3666b-be58-4f04-9a5a-aa9ea4b3ac8b}, !- Handle
  whole house fan,                        !- Name
  {9b624b65-dc8f-4d3e-91db-15101f007741}, !- Electric Equipment Definition Name
  {d42efddc-4609-4abe-98fa-02a11f0e8057}, !- Space or SpaceType Name
  {ce65d028-ae7c-4114-87b4-d70c0fc4bebf}, !- Schedule Name
  ,                                       !- Multiplier
  whole house fan;                        !- End-Use Subcategory

OS:EnergyManagementSystem:Actuator,
  {248a99a4-905a-4d02-90c3-40e4817e8632}, !- Handle
  whole_house_fan_act,                    !- Name
  {49d3666b-be58-4f04-9a5a-aa9ea4b3ac8b}, !- Actuated Component Name
  ElectricEquipment,                      !- Actuated Component Type
  Electricity Rate,                       !- Actuated Component Control Type
  {d42efddc-4609-4abe-98fa-02a11f0e8057}; !- Zone or Space Name

OS:ZoneMixing,
  {242bc81a-9d51-4e6f-a91c-774bd754fd9b}, !- Handle
  whole house fan mix,                    !- Name
  {05ad2b6b-0902-4a39-91ee-cee7c99fe206}, !- Zone or Space Name
  {c3ff0ef3-a3fb-4ce1-a79e-e04e780b95a6}, !- Schedule Name
  Flow/Zone,                              !- Design Flow Rate Calculation Method
  0,                                      !- Design Flow Rate {m3/s}
  ,                                       !- Flow Rate per Floor Area {m3/s-m2}
  ,                                       !- Flow Rate per Person {m3/s-person}
  ,                                       !- Air Changes per Hour {1/hr}
  {996f1a03-fe34-447d-88ab-506c9e7f03bc}, !- Source Zone or Space Name
  ,                                       !- Delta Temperature {deltaC}
  ,                                       !- Delta Temperature Schedule Name
  ,                                       !- Minimum Receiving Temperature Schedule Name
  ,                                       !- Maximum Receiving Temperature Schedule Name
  ,                                       !- Minimum Source Temperature Schedule Name
  ,                                       !- Maximum Source Temperature Schedule Name
  ,                                       !- Minimum Outdoor Temperature Schedule Name
  ;                                       !- Maximum Outdoor Temperature Schedule Name

OS:EnergyManagementSystem:Actuator,
  {cfda5d9d-b960-4508-b208-58370369809d}, !- Handle
  whole_house_fan_mix_act,                !- Name
  {242bc81a-9d51-4e6f-a91c-774bd754fd9b}, !- Actuated Component Name
  ZoneMixing,                             !- Actuated Component Type
  Air Exchange Flow Rate,                 !- Actuated Component Control Type
  ;                                       !- Zone or Space Name

OS:EnergyManagementSystem:Program,
  {d64493ab-58b3-4e30-bb13-1fad395c7490}, !- Handle
  natural_vent_program,                   !- Name
  Set Tin = tin_s,                        !- Program Line 1
  Set Tout = tout_s,                      !- Program Line 2
  Set Wout = out_wt_s,                    !- Program Line 3
  Set Pbar = out_pb_s,                    !- Program Line 4
  Set Phiout = (@RhFnTdbWPb Tout Wout Pbar), !- Program Line 5
  Set MaxHR = 0.0115,                     !- Program Line 6
  Set MaxRH = 0.7,                        !- Program Line 7
  Set Tnvsp = (htg_sp_s + clg_sp_s) / 2,  !- Program Line 8
  Set NVavail = natural_vent_s,           !- Program Line 9
  Set ClgSsnAvail = cool_season,          !- Program Line 10
  Set natural_vent_flow_act = 0,          !- Program Line 11
  Set whole_house_fan_flow_act = 0,       !- Program Line 12
  Set whole_house_fan_mix_act = 0,        !- Program Line 13
  Set whole_house_fan_act = 0,            !- Program Line 14
  If ((Wout < MaxHR) && (Phiout < MaxRH) && (Tin > Tout) && (Tin > Tnvsp) && (ClgSsnAvail > 0)), !- Program Line 15
  Set WHF_Flow = 0,                       !- Program Line 16
  Set Adj = (Tin-Tnvsp)/(Tin-Tout),       !- Program Line 17
  Set Adj = (@Min Adj 1),                 !- Program Line 18
  Set Adj = (@Max Adj 0),                 !- Program Line 19
  If (WHF_Flow > 0),                      !- Program Line 20
  Set whole_house_fan_flow_act = WHF_Flow*Adj, !- Program Line 21
  Set whole_house_fan_mix_act = WHF_Flow*Adj, !- Program Line 22
  Set WHF_W = 0,                          !- Program Line 23
  Set whole_house_fan_act = WHF_W*Adj,    !- Program Line 24
  ElseIf (NVavail > 0),                   !- Program Line 25
  Set NVArea = 9277.000284672,            !- Program Line 26
  Set Cs = 0.00017937135914540493,        !- Program Line 27
  Set Cw = 8.70903777141566e-05,          !- Program Line 28
  Set Tdiff = Tin-Tout,                   !- Program Line 29
  Set dT = (@Abs Tdiff),                  !- Program Line 30
  Set Vwind = site_vw_s,                  !- Program Line 31
  Set SGNV = NVArea*Adj*((((Cs*dT)+(Cw*(Vwind^2)))^0.5)/1000), !- Program Line 32
  Set MaxNV = 1.5454705606656003,         !- Program Line 33
  Set natural_vent_flow_act = (@Min SGNV MaxNV), !- Program Line 34
  EndIf,                                  !- Program Line 35
  EndIf;                                  !- Program Line 36

OS:AdditionalProperties,
  {94dafe26-62a3-47de-81e1-4bd22854c3df}, !- Handle
  {d64493ab-58b3-4e30-bb13-1fad395c7490}, !- Object Name
  ObjectType,                             !- Feature Name 1
  String,                                 !- Feature Data Type 1
  natural vent;                           !- Feature Value 1

OS:EnergyManagementSystem:ProgramCallingManager,
  {28e0732a-6de3-44de-a2f2-eda7b3f1f1cc}, !- Handle
  natural_vent_program calling manager,   !- Name
  BeginZoneTimestepAfterInitHeatBalance,  !- EnergyPlus Model Calling Point
  {d64493ab-58b3-4e30-bb13-1fad395c7490}; !- Program Name 1

OS:EnergyManagementSystem:OutputVariable,
  {856cde89-bc6a-419c-b74c-cc5f47d4baef}, !- Handle
  natural_vent_flow_act_timeseries_outvar, !- Name
  natural_vent_flow_act,                  !- EMS Variable Name
  Averaged,                               !- Type of Data in Variable
  ZoneTimestep,                           !- Update Frequency
  {d64493ab-58b3-4e30-bb13-1fad395c7490}, !- EMS Program or Subroutine Name
  m^/s;                                   !- Units

OS:EnergyManagementSystem:OutputVariable,
  {5abe06b8-3dbb-4d25-9588-649ddf1750d6}, !- Handle
  whole_house_fan_flow_act_timeseries_outvar, !- Name
  whole_house_fan_flow_act,               !- EMS Variable Name
  Averaged,                               !- Type of Data in Variable
  ZoneTimestep,                           !- Update Frequency
  {d64493ab-58b3-4e30-bb13-1fad395c7490}, !- EMS Program or Subroutine Name
  m^/s;                                   !- Units

OS:SpaceInfiltration:EffectiveLeakageArea,
  {2c32c6d1-d476-4767-b125-3967ac0fc045}, !- Handle
  infil|attic - vented 1,                 !- Name
  {1a546e2e-8d60-4a4f-a952-7373f8b7f110}, !- Space or SpaceType Name
  {ce65d028-ae7c-4114-87b4-d70c0fc4bebf}, !- Schedule Name
  1901.2254104448,                        !- Effective Air Leakage Area {cm2}
  0.000514725125979466,                   !- Stack Coefficient
  4.2579963342756e-05;                    !- Wind Coefficient

OS:Schedule:Constant,
  {68f3795b-4523-4f44-bf6f-2ace851e7ad9}, !- Handle
  mech vent house fan schedule,           !- Name
  {10ce4029-b4c2-42f8-998e-362f2b524706}, !- Schedule Type Limits Name
  1;                                      !- Value

OS:ElectricEquipment:Definition,
  {902836cb-3905-40f4-90f1-092c3106a05b}, !- Handle
  mech vent house fan,                    !- Name
  EquipmentLevel,                         !- Design Level Calculation Method
  0,                                      !- Design Level {W}
  ,                                       !- Watts per Space Floor Area {W/m2}
  ,                                       !- Watts per Person {W/person}
  0,                                      !- Fraction Latent
  0,                                      !- Fraction Radiant
  1;                                      !- Fraction Lost

OS:ElectricEquipment,
  {f1569e38-39d3-42a8-b3cc-619d483b4a5c}, !- Handle
  mech vent house fan,                    !- Name
  {902836cb-3905-40f4-90f1-092c3106a05b}, !- Electric Equipment Definition Name
  {d42efddc-4609-4abe-98fa-02a11f0e8057}, !- Space or SpaceType Name
  {68f3795b-4523-4f44-bf6f-2ace851e7ad9}, !- Schedule Name
  ,                                       !- Multiplier
  mech vent;                              !- End-Use Subcategory

OS:Schedule:Constant,
  {a5226ee5-4373-4d3f-833a-713eaf64e1ef}, !- Handle
  mech vent house fan cfis schedule,      !- Name
  {10ce4029-b4c2-42f8-998e-362f2b524706}, !- Schedule Type Limits Name
  1;                                      !- Value

OS:ElectricEquipment:Definition,
  {3b4bf991-abbf-490d-ae1d-5b251b0b60fd}, !- Handle
  mech vent house fan cfis,               !- Name
  EquipmentLevel,                         !- Design Level Calculation Method
  0,                                      !- Design Level {W}
  ,                                       !- Watts per Space Floor Area {W/m2}
  ,                                       !- Watts per Person {W/person}
  0,                                      !- Fraction Latent
  0,                                      !- Fraction Radiant
  0;                                      !- Fraction Lost

OS:ElectricEquipment,
  {aeeca09d-ce31-4d44-ba20-73c1d2898d56}, !- Handle
  mech vent house fan cfis,               !- Name
  {3b4bf991-abbf-490d-ae1d-5b251b0b60fd}, !- Electric Equipment Definition Name
  {d42efddc-4609-4abe-98fa-02a11f0e8057}, !- Space or SpaceType Name
  {a5226ee5-4373-4d3f-833a-713eaf64e1ef}, !- Schedule Name
  ,                                       !- Multiplier
  mech vent;                              !- End-Use Subcategory

OS:EnergyManagementSystem:Actuator,
  {2799244e-57a6-4630-8fbe-89c58d47071f}, !- Handle
  mech_vent_house_fan_cfis_act,           !- Name
  {aeeca09d-ce31-4d44-ba20-73c1d2898d56}, !- Actuated Component Name
  ElectricEquipment,                      !- Actuated Component Type
  Electricity Rate,                       !- Actuated Component Control Type
  {d42efddc-4609-4abe-98fa-02a11f0e8057}; !- Zone or Space Name

OS:SpaceInfiltration:DesignFlowRate,
  {e087dd36-9f44-424b-8551-2867418af1a3}, !- Handle
  infil flow,                             !- Name
  {d42efddc-4609-4abe-98fa-02a11f0e8057}, !- Space or SpaceType Name
  {ce65d028-ae7c-4114-87b4-d70c0fc4bebf}, !- Schedule Name
  Flow/Space,                             !- Design Flow Rate Calculation Method
  0,                                      !- Design Flow Rate {m3/s}
  ,                                       !- Flow per Space Floor Area {m3/s-m2}
  ,                                       !- Flow per Exterior Surface Area {m3/s-m2}
  ,                                       !- Air Changes per Hour {1/hr}
  ,                                       !- Constant Term Coefficient
  ,                                       !- Temperature Term Coefficient
  ,                                       !- Velocity Term Coefficient
  ;                                       !- Velocity Squared Term Coefficient

OS:EnergyManagementSystem:Actuator,
  {b4fd5dbe-ba18-424e-a7b3-463eb6ebc4be}, !- Handle
  infil_flow_act,                         !- Name
  {e087dd36-9f44-424b-8551-2867418af1a3}, !- Actuated Component Name
  Zone Infiltration,                      !- Actuated Component Type
  Air Exchange Flow Rate,                 !- Actuated Component Control Type
  ;                                       !- Zone or Space Name

OS:AdditionalProperties,
  {d3069859-8d40-44d3-83bb-d951963414c0}, !- Handle
  {e087dd36-9f44-424b-8551-2867418af1a3}, !- Object Name
  ObjectType,                             !- Feature Name 1
  String,                                 !- Feature Data Type 1
  infil;                                  !- Feature Value 1

OS:EnergyManagementSystem:Program,
  {2f79adaf-2fb2-4296-bc6c-3f5e23c48aaf}, !- Handle
  infil_program,                          !- Name
  Set p_m = 0.14,                         !- Program Line 1
  Set p_s = 0.22,                         !- Program Line 2
  Set s_m = 270,                          !- Program Line 3
  Set s_s = 370,                          !- Program Line 4
  Set z_m = 9.99744,                      !- Program Line 5
  Set z_s = 4.8768,                       !- Program Line 6
  Set f_t = (((s_m/z_m)^p_m)*((z_s/s_s)^p_s)), !- Program Line 7
  Set Tdiff = tin_s-tout_s,               !- Program Line 8
  Set dT = @Abs Tdiff,                    !- Program Line 9
  Set c = 0.1821,                         !- Program Line 10
  Set Cs = 0.0882,                        !- Program Line 11
  Set Cw = 0.1613,                        !- Program Line 12
  Set n = 0.65,                           !- Program Line 13
  Set sft = (f_t*0.5),                    !- Program Line 14
  Set temp1 = ((c*Cw)*((sft*site_vw_s)^(2*n)))^2, !- Program Line 15
  Set Qinf = (((c*Cs*(dT^n))^2)+temp1)^0.5, !- Program Line 16
  Set Qinf = (@Max Qinf 0),               !- Program Line 17
  Set mech_vent_house_fan_sensible_load_equip_act = 0.0, !- Program Line 18
  Set mech_vent_house_fan_latent_load_equip_act = 0.0, !- Program Line 19
  Set OASupInPb = out_pb_s,               !- Program Line 20
  Set OASupInTemp = tout_s,               !- Program Line 21
  Set OASupInW = out_wt_s,                !- Program Line 22
  Set OASupRho = (@RhoAirFnPbTdbW OASupInPb OASupInTemp OASupInW), !- Program Line 23
  Set OASupCp = (@CpAirFnW OASupInW),     !- Program Line 24
  Set OASupInEnth = (@HFnTdbW OASupInTemp OASupInW), !- Program Line 25
  Set ZoneTemp = tin_s,                   !- Program Line 26
  Set ZoneW = win_s,                      !- Program Line 27
  Set ZoneCp = (@CpAirFnW ZoneW),         !- Program Line 28
  Set ZoneAirEnth = (@HFnTdbW ZoneTemp ZoneW), !- Program Line 29
  Set mech_vent_house_fan_cfis_act = 0.0, !- Program Line 30
  Set QWHV_cfis_sup = 0.0,                !- Program Line 31
  Set QWHV_cfis_suppl_sup = 0.0,          !- Program Line 32
  Set QWHV_cfis_suppl_exh = 0.0,          !- Program Line 33
  Set Qrange = 0,                         !- Program Line 34
  Set Qrange = Qrange + 0.04719 * mech_vent_range_fan_0_sch_s, !- Program Line 35
  Set Qbath = 0,                          !- Program Line 36
  Set Qbath = Qbath + 0.04719 * mech_vent_bath_fan_0_sch_s, !- Program Line 37
  Set Qdryer = 0,                         !- Program Line 38
  Set Qdryer = Qdryer + 0.06334 * clothes_dryer_exhaust_0_sch_s, !- Program Line 39
  Set QWHV_sup = 0.0,                     !- Program Line 40
  Set QWHV_exh = 0.0,                     !- Program Line 41
  Set Qexhaust = Qrange + Qbath + Qdryer + QWHV_exh + QWHV_cfis_suppl_exh, !- Program Line 42
  Set Qsupply = QWHV_sup + QWHV_cfis_sup + QWHV_cfis_suppl_sup, !- Program Line 43
  Set Qfan = (@Max Qexhaust Qsupply),     !- Program Line 44
  If Qfan > 0,                            !- Program Line 45
  Set Qavg = ((Qexhaust + Qsupply) / 2.0), !- Program Line 46
  If ((@Abs (Qexhaust - Qavg)) / Qavg) <= 0.1, !- Program Line 47
  Set phi = 1,                            !- Program Line 48
  Else,                                   !- Program Line 49
  Set phi = (Qinf / (Qinf + Qfan)),       !- Program Line 50
  EndIf,                                  !- Program Line 51
  Set Qinf_adj = phi * Qinf,              !- Program Line 52
  Else,                                   !- Program Line 53
  Set Qinf_adj = Qinf,                    !- Program Line 54
  EndIf,                                  !- Program Line 55
  Set infil_flow_act = Qinf_adj,          !- Program Line 56
  Set Qload = Qfan,                       !- Program Line 57
  Set Effectiveness_Sens = 0.0,           !- Program Line 58
  Set Effectiveness_Lat = 0.0,            !- Program Line 59
  Set Fan_MFR = Qload * OASupRho,         !- Program Line 60
  Set ZoneInEnth = OASupInEnth,           !- Program Line 61
  Set ZoneInTemp = OASupInTemp,           !- Program Line 62
  Set FanTotalToCond = Fan_MFR * (ZoneInEnth - ZoneAirEnth), !- Program Line 63
  Set FanSensToCond = Fan_MFR * ZoneCp * (ZoneInTemp - ZoneTemp), !- Program Line 64
  Set FanLatToCond = FanTotalToCond - FanSensToCond, !- Program Line 65
  Set mech_vent_house_fan_sensible_load_equip_act = mech_vent_house_fan_sensible_load_equip_act + FanSensToCond, !- Program Line 66
  Set mech_vent_house_fan_latent_load_equip_act = mech_vent_house_fan_latent_load_equip_act + FanLatToCond; !- Program Line 67

OS:AdditionalProperties,
  {bdc76ec6-27f5-4041-a510-974305811757}, !- Handle
  {2f79adaf-2fb2-4296-bc6c-3f5e23c48aaf}, !- Object Name
  ObjectType,                             !- Feature Name 1
  String,                                 !- Feature Data Type 1
  infil;                                  !- Feature Value 1

OS:OtherEquipment:Definition,
  {be108ba5-806c-4fbc-a08a-d61237fd9712}, !- Handle
  mech vent house fan sensible load equip, !- Name
  EquipmentLevel,                         !- Design Level Calculation Method
  0,                                      !- Design Level {W}
  ,                                       !- Watts per Space Floor Area {W/m2}
  ,                                       !- Watts per Person {W/Person}
  0,                                      !- Fraction Latent
  0,                                      !- Fraction Radiant
  0;                                      !- Fraction Lost

OS:OtherEquipment,
  {f533b35c-df3d-4b22-a6e3-2642adf67c3b}, !- Handle
  mech vent house fan sensible load equip, !- Name
  {be108ba5-806c-4fbc-a08a-d61237fd9712}, !- Other Equipment Definition Name
  {d42efddc-4609-4abe-98fa-02a11f0e8057}, !- Space or SpaceType Name
  {ce65d028-ae7c-4114-87b4-d70c0fc4bebf}, !- Schedule Name
  ,                                       !- Multiplier
  None,                                   !- Fuel Type
  mech vent house fan;                    !- End-Use Subcategory

OS:EnergyManagementSystem:Actuator,
  {dcac21ac-e2e0-4736-b5a8-935181be8dbe}, !- Handle
  mech_vent_house_fan_sensible_load_equip_act, !- Name
  {f533b35c-df3d-4b22-a6e3-2642adf67c3b}, !- Actuated Component Name
  OtherEquipment,                         !- Actuated Component Type
  Power Level,                            !- Actuated Component Control Type
  {d42efddc-4609-4abe-98fa-02a11f0e8057}; !- Zone or Space Name

OS:OtherEquipment:Definition,
  {b0cb958c-6c2f-4a69-977c-9fbb3782b3ff}, !- Handle
  mech vent house fan latent load equip,  !- Name
  EquipmentLevel,                         !- Design Level Calculation Method
  0,                                      !- Design Level {W}
  ,                                       !- Watts per Space Floor Area {W/m2}
  ,                                       !- Watts per Person {W/Person}
  1,                                      !- Fraction Latent
  0,                                      !- Fraction Radiant
  0;                                      !- Fraction Lost

OS:OtherEquipment,
  {cf6bc887-206b-42ba-9c26-5cff389331d9}, !- Handle
  mech vent house fan latent load equip,  !- Name
  {b0cb958c-6c2f-4a69-977c-9fbb3782b3ff}, !- Other Equipment Definition Name
  {d42efddc-4609-4abe-98fa-02a11f0e8057}, !- Space or SpaceType Name
  {ce65d028-ae7c-4114-87b4-d70c0fc4bebf}, !- Schedule Name
  ,                                       !- Multiplier
  None,                                   !- Fuel Type
  mech vent house fan;                    !- End-Use Subcategory

OS:EnergyManagementSystem:Actuator,
  {25f360b5-1743-465d-ada1-c837f9a0347b}, !- Handle
  mech_vent_house_fan_latent_load_equip_act, !- Name
  {cf6bc887-206b-42ba-9c26-5cff389331d9}, !- Actuated Component Name
  OtherEquipment,                         !- Actuated Component Type
  Power Level,                            !- Actuated Component Control Type
  {d42efddc-4609-4abe-98fa-02a11f0e8057}; !- Zone or Space Name

OS:Schedule:Ruleset,
  {9e99d14a-ddad-42f9-a2e0-f6a0f4efe75a}, !- Handle
  mech vent range fan 0 schedule,         !- Name
  {10ce4029-b4c2-42f8-998e-362f2b524706}, !- Schedule Type Limits Name
  {045286b8-f8df-4400-9a6d-2ba417df2a9c}; !- Default Day Schedule Name

OS:Schedule:Day,
  {045286b8-f8df-4400-9a6d-2ba417df2a9c}, !- Handle
  mech vent range fan 0 schedule default day, !- Name
  {10ce4029-b4c2-42f8-998e-362f2b524706}, !- Schedule Type Limits Name
  ,                                       !- Interpolate to Timestep
  24,                                     !- Hour 1
  0,                                      !- Minute 1
  0;                                      !- Value Until Time 1

OS:Schedule:Rule,
  {bf83af5b-2506-4271-b192-c625a21688dc}, !- Handle
  mech vent range fan 0 schedule allday ruleset1, !- Name
  {9e99d14a-ddad-42f9-a2e0-f6a0f4efe75a}, !- Schedule Ruleset Name
  0,                                      !- Rule Order
  {1bfbf95e-342e-4b51-bbdf-e04a0b51229a}, !- Day Schedule Name
  Yes,                                    !- Apply Sunday
  Yes,                                    !- Apply Monday
  Yes,                                    !- Apply Tuesday
  Yes,                                    !- Apply Wednesday
  Yes,                                    !- Apply Thursday
  Yes,                                    !- Apply Friday
  Yes,                                    !- Apply Saturday
  DateRange,                              !- Date Specification Type
  1,                                      !- Start Month
  1,                                      !- Start Day
  12,                                     !- End Month
  31;                                     !- End Day

OS:Schedule:Day,
  {1bfbf95e-342e-4b51-bbdf-e04a0b51229a}, !- Handle
  mech vent range fan 0 schedule allday1, !- Name
  {10ce4029-b4c2-42f8-998e-362f2b524706}, !- Schedule Type Limits Name
  ,                                       !- Interpolate to Timestep
  13,                                     !- Hour 1
  0,                                      !- Minute 1
  0,                                      !- Value Until Time 1
  14,                                     !- Hour 2
  0,                                      !- Minute 2
  1,                                      !- Value Until Time 2
  24,                                     !- Hour 3
  0,                                      !- Minute 3
  0;                                      !- Value Until Time 3

OS:EnergyManagementSystem:Sensor,
  {cfdfc966-64dd-4e47-9ca8-d221bf38a146}, !- Handle
  mech_vent_range_fan_0_sch_s,            !- Name
  mech vent range fan 0 schedule,         !- Output Variable or Output Meter Index Key Name
  Schedule Value;                         !- Output Variable or Output Meter Name

OS:ElectricEquipment:Definition,
  {ebbadb92-5559-492f-84cc-0a7b026e6dbc}, !- Handle
  mech vent range fan 0,                  !- Name
  EquipmentLevel,                         !- Design Level Calculation Method
  30,                                     !- Design Level {W}
  ,                                       !- Watts per Space Floor Area {W/m2}
  ,                                       !- Watts per Person {W/person}
  0,                                      !- Fraction Latent
  0,                                      !- Fraction Radiant
  1;                                      !- Fraction Lost

OS:ElectricEquipment,
  {be90dd93-86be-4a9b-a25a-b21d3959d6fd}, !- Handle
  mech vent range fan 0,                  !- Name
  {ebbadb92-5559-492f-84cc-0a7b026e6dbc}, !- Electric Equipment Definition Name
  {d42efddc-4609-4abe-98fa-02a11f0e8057}, !- Space or SpaceType Name
  {9e99d14a-ddad-42f9-a2e0-f6a0f4efe75a}, !- Schedule Name
  ,                                       !- Multiplier
  mech vent;                              !- End-Use Subcategory

OS:Schedule:Ruleset,
  {87ea2f84-302f-409c-9354-49d8356a4860}, !- Handle
  mech vent bath fan 0 schedule,          !- Name
  {10ce4029-b4c2-42f8-998e-362f2b524706}, !- Schedule Type Limits Name
  {5c44cc11-32f1-4cc1-a265-affea0abce0f}; !- Default Day Schedule Name

OS:Schedule:Day,
  {5c44cc11-32f1-4cc1-a265-affea0abce0f}, !- Handle
  mech vent bath fan 0 schedule default day, !- Name
  {10ce4029-b4c2-42f8-998e-362f2b524706}, !- Schedule Type Limits Name
  ,                                       !- Interpolate to Timestep
  24,                                     !- Hour 1
  0,                                      !- Minute 1
  0;                                      !- Value Until Time 1

OS:Schedule:Rule,
  {dd57d6dd-c617-416b-8a7e-7a0d0c29f070}, !- Handle
  mech vent bath fan 0 schedule allday ruleset1, !- Name
  {87ea2f84-302f-409c-9354-49d8356a4860}, !- Schedule Ruleset Name
  0,                                      !- Rule Order
  {5af3dd12-47fb-4725-800b-bad85aae7c81}, !- Day Schedule Name
  Yes,                                    !- Apply Sunday
  Yes,                                    !- Apply Monday
  Yes,                                    !- Apply Tuesday
  Yes,                                    !- Apply Wednesday
  Yes,                                    !- Apply Thursday
  Yes,                                    !- Apply Friday
  Yes,                                    !- Apply Saturday
  DateRange,                              !- Date Specification Type
  1,                                      !- Start Month
  1,                                      !- Start Day
  12,                                     !- End Month
  31;                                     !- End Day

OS:Schedule:Day,
  {5af3dd12-47fb-4725-800b-bad85aae7c81}, !- Handle
  mech vent bath fan 0 schedule allday1,  !- Name
  {10ce4029-b4c2-42f8-998e-362f2b524706}, !- Schedule Type Limits Name
  ,                                       !- Interpolate to Timestep
  13,                                     !- Hour 1
  0,                                      !- Minute 1
  0,                                      !- Value Until Time 1
  14,                                     !- Hour 2
  0,                                      !- Minute 2
  1,                                      !- Value Until Time 2
  24,                                     !- Hour 3
  0,                                      !- Minute 3
  0;                                      !- Value Until Time 3

OS:EnergyManagementSystem:Sensor,
  {e7bf5b09-d3e6-43a4-a593-6bce2ae7b88f}, !- Handle
  mech_vent_bath_fan_0_sch_s,             !- Name
  mech vent bath fan 0 schedule,          !- Output Variable or Output Meter Index Key Name
  Schedule Value;                         !- Output Variable or Output Meter Name

OS:ElectricEquipment:Definition,
  {75ab49d9-7779-4b84-b415-d79a03ab27b2}, !- Handle
  mech vent bath fan 0,                   !- Name
  EquipmentLevel,                         !- Design Level Calculation Method
  30,                                     !- Design Level {W}
  ,                                       !- Watts per Space Floor Area {W/m2}
  ,                                       !- Watts per Person {W/person}
  0,                                      !- Fraction Latent
  0,                                      !- Fraction Radiant
  1;                                      !- Fraction Lost

OS:ElectricEquipment,
  {644ff36f-9350-4f88-9570-745d9b0f924e}, !- Handle
  mech vent bath fan 0,                   !- Name
  {75ab49d9-7779-4b84-b415-d79a03ab27b2}, !- Electric Equipment Definition Name
  {d42efddc-4609-4abe-98fa-02a11f0e8057}, !- Space or SpaceType Name
  {87ea2f84-302f-409c-9354-49d8356a4860}, !- Schedule Name
  ,                                       !- Multiplier
  mech vent;                              !- End-Use Subcategory

OS:EnergyManagementSystem:Sensor,
  {fa539c46-f42d-42fc-8185-1c8279d2e51d}, !- Handle
  clothes_dryer_exhaust_0_sch_s,          !- Name
  clothes_dryer,                          !- Output Variable or Output Meter Index Key Name
  Schedule Value;                         !- Output Variable or Output Meter Name

OS:EnergyManagementSystem:OutputVariable,
  {7ee5343b-815f-483c-8bc8-462899c99a1b}, !- Handle
  Qfan_timeseries_outvar,                 !- Name
  Qfan,                                   !- EMS Variable Name
  Averaged,                               !- Type of Data in Variable
  ZoneTimestep,                           !- Update Frequency
  {2f79adaf-2fb2-4296-bc6c-3f5e23c48aaf}, !- EMS Program or Subroutine Name
  m^/s;                                   !- Units

OS:EnergyManagementSystem:OutputVariable,
  {5a001ef4-898d-44bd-b7ec-f013c7b19eba}, !- Handle
  infil_flow_act_timeseries_outvar,       !- Name
  infil_flow_act,                         !- EMS Variable Name
  Averaged,                               !- Type of Data in Variable
  ZoneTimestep,                           !- Update Frequency
  {2f79adaf-2fb2-4296-bc6c-3f5e23c48aaf}, !- EMS Program or Subroutine Name
  m^/s;                                   !- Units

OS:EnergyManagementSystem:ProgramCallingManager,
  {60898c70-26fb-466d-a86a-e4061e72a8f7}, !- Handle
  infil_program calling manager,          !- Name
  BeginZoneTimestepAfterInitHeatBalance,  !- EnergyPlus Model Calling Point
  {2f79adaf-2fb2-4296-bc6c-3f5e23c48aaf}; !- Program Name 1

OS:BuildingUnit,
  {7dcaef3c-28d3-43ef-882a-ae4d2e2eeb60}, !- Handle
  Building Unit 1,                        !- Name
  ,                                       !- Rendering Color
  ;                                       !- Building Unit Type

OS:AdditionalProperties,
  {22d050c8-af65-4931-b143-5ba8821d2a5b}, !- Handle
  {7dcaef3c-28d3-43ef-882a-ae4d2e2eeb60}, !- Object Name
  unit_num,                               !- Feature Name 1
  Integer,                                !- Feature Data Type 1
  1;                                      !- Feature Value 1

OS:AdditionalProperties,
  {76f6cb0f-d62a-4fa2-afce-64dce673fb26}, !- Handle
  {6080e236-a9ac-440a-9b35-82712a8158f1}; !- Object Name

OS:EnergyManagementSystem:Sensor,
  {79d8342a-2c57-4012-8dfe-bec4e5ae69bb}, !- Handle
  zone_htg_unmet_s,                       !- Name
  conditioned space,                      !- Output Variable or Output Meter Index Key Name
  Zone Heating Setpoint Not Met Time;     !- Output Variable or Output Meter Name

OS:EnergyManagementSystem:Sensor,
  {e37ef4a9-9cfc-4a81-b16b-06c7bbe6a708}, !- Handle
  zone_clg_unmet_s,                       !- Name
  conditioned space,                      !- Output Variable or Output Meter Index Key Name
  Zone Cooling Setpoint Not Met Time;     !- Output Variable or Output Meter Name

OS:AdditionalProperties,
  {464d12b6-164a-4481-8e1d-0fa0a0772b30}, !- Handle
  {e37ef4a9-9cfc-4a81-b16b-06c7bbe6a708}; !- Object Name

OS:AdditionalProperties,
  {2534aab1-fa98-4123-973c-791c20bb361b}, !- Handle
  {be5642e0-c59b-4aae-b19c-b092d8d8f92b}; !- Object Name

OS:AdditionalProperties,
  {603dabc5-257c-4079-b50e-6634b94d065e}, !- Handle
  {e650071f-ff8b-4644-8aa7-af58311be607}; !- Object Name

OS:AdditionalProperties,
  {81b06ebd-6ec6-4d8b-88f0-18b7886a7452}, !- Handle
  {13ba1e4e-3f49-478d-88a7-997e79a24746}; !- Object Name

OS:AdditionalProperties,
  {25cb9240-350b-49ca-8411-820e278c1374}, !- Handle
  {19126d36-7dd2-4aa8-85d0-dc64b071d87c}; !- Object Name

OS:AdditionalProperties,
  {3c4667b5-7db4-4102-ae54-f83ee572d96f}, !- Handle
  {604289e2-10d5-47b1-998c-357b00026e5c}; !- Object Name

OS:AdditionalProperties,
  {bed4f0dd-7e67-4284-8cca-44d83a49362c}, !- Handle
  {79d8342a-2c57-4012-8dfe-bec4e5ae69bb}; !- Object Name

OS:AdditionalProperties,
  {eff94e63-5c07-4717-8f81-0472e4633233}, !- Handle
  {28630ba9-07c6-4b8c-89ef-353357b135aa}; !- Object Name

OS:AdditionalProperties,
  {21bb9665-28db-46a2-8475-ad0c30e09d30}, !- Handle
  {732e4570-8a4e-4bac-9c67-1120afcefa78}; !- Object Name

OS:AdditionalProperties,
  {339f1c08-1c36-4d92-8d9b-333ca21957c3}, !- Handle
  {636eb3d4-d8fb-4736-aed3-2094ce1afb7f}; !- Object Name

OS:AdditionalProperties,
  {737a6c06-79de-4e4a-9d37-1bbc70c64211}, !- Handle
  {6ede6d8a-eb55-480d-adff-556218d211bc}; !- Object Name

OS:AdditionalProperties,
  {096e2d54-0a9e-4091-893c-2d44a4f0933a}, !- Handle
  {4452e802-f132-4d89-bacf-5ea88bf04a94}; !- Object Name

OS:AdditionalProperties,
  {1b9b3b7d-8098-45bc-bce4-1be506015ba3}, !- Handle
  {09dbd2f3-1099-4a55-8bed-34826bde75eb}; !- Object Name

OS:AdditionalProperties,
  {f216d43d-5b63-42d5-a7ea-b5357916e326}, !- Handle
  {77f22a7d-76d5-4c91-90f5-e96e77e984e6}; !- Object Name

OS:AdditionalProperties,
  {28b54baa-1494-4cfd-b41b-879e492c76d8}, !- Handle
  {ea31d2e5-020a-4fa2-baa0-2365bc46876c}; !- Object Name

OS:AdditionalProperties,
  {923e928b-f5f3-4f0a-b377-fd9b9e07d7c6}, !- Handle
  {32699c94-b5c2-4c42-9eb0-e6c5bdb7669d}; !- Object Name

OS:AdditionalProperties,
  {16d697c7-8574-4a4a-a9da-d76263bd8afe}, !- Handle
  {6329738a-8d7c-4344-b424-0a031af112f6}; !- Object Name

OS:AdditionalProperties,
  {54c0a568-e85e-4c0d-bbf2-d9c25ebaa3e3}, !- Handle
  {8b6e443f-4545-44ae-ace8-9794de6cd681}; !- Object Name

OS:AdditionalProperties,
  {3cf715ee-49a8-4848-9238-35e32cab7d13}, !- Handle
  {fa539c46-f42d-42fc-8185-1c8279d2e51d}; !- Object Name

OS:AdditionalProperties,
  {428cdc8d-8e11-413e-9d26-808843749722}, !- Handle
  {3bc1183f-5222-49ad-9055-a33e9e0f0da4}; !- Object Name

OS:AdditionalProperties,
  {5b8d1b66-13cb-4717-ad2a-dcfa7c2fd92d}, !- Handle
  {05efad15-bc1b-4032-97c0-0346fbfb85a5}; !- Object Name

OS:AdditionalProperties,
  {306a0cd4-0a82-4e46-8441-b3f57017521e}, !- Handle
  {39abe606-9f15-43a6-8cab-a201feb0f257}; !- Object Name

OS:AdditionalProperties,
  {2899c800-c265-42d8-8b6e-e7a84c23a1f9}, !- Handle
  {89c7291d-893e-4438-a788-2b7ce267be1e}; !- Object Name

OS:AdditionalProperties,
  {9f642b6b-1007-403e-9c59-51c250434557}, !- Handle
  {166cefc0-4ba1-4f5a-8ebb-bb27adc1444a}; !- Object Name

OS:AdditionalProperties,
  {feff8882-8294-48a1-a92c-36a9056cf53c}, !- Handle
  {a3b10f6c-c222-40d3-b5f2-70b1093247cb}; !- Object Name

OS:AdditionalProperties,
  {a0d64a9c-27da-43af-9efb-f97ce30bb0da}, !- Handle
  {f7948b8b-eb15-4980-9658-8c689484e7aa}; !- Object Name

OS:AdditionalProperties,
  {697616a7-8fed-46db-a169-e46a1403884a}, !- Handle
  {78abf9be-0395-41a4-81c2-f2b2a5948324}; !- Object Name

OS:AdditionalProperties,
  {e2750314-2002-486e-ae1f-86b129b94add}, !- Handle
  {4921ea26-6027-4340-9173-0dd6cfb08aa7}; !- Object Name

OS:AdditionalProperties,
  {73670e6b-2f55-4f12-a361-667ada689740}, !- Handle
  {76f305ae-cb7f-40ec-97a4-1331d25c8bd5}; !- Object Name

OS:AdditionalProperties,
  {fb63aacd-2b66-40bf-96cc-58cd5ef78ece}, !- Handle
  {070f75a4-d3f9-4871-acf0-410717afb1a1}; !- Object Name

OS:AdditionalProperties,
  {e9ad7f2e-a65b-4d15-be03-5a51c3e4f4d8}, !- Handle
  {cfdfc966-64dd-4e47-9ca8-d221bf38a146}; !- Object Name

OS:AdditionalProperties,
  {c4134934-07cc-458e-aa11-c261e41a3f50}, !- Handle
  {e7bf5b09-d3e6-43a4-a593-6bce2ae7b88f}; !- Object Name

OS:EnergyManagementSystem:Program,
  {373950bc-32ed-4eab-9bed-6a6a9612a0b8}, !- Handle
  unmet_hours_program,                    !- Name
  Set htg_unmet_hours = 0,                !- Program Line 1
  Set clg_unmet_hours = 0,                !- Program Line 2
  If ((DayOfYear >= 1) && (DayOfYear <= 365)), !- Program Line 3
  If zone_htg_unmet_s > htg_unmet_hours,  !- Program Line 4
  Set htg_unmet_hours = zone_htg_unmet_s, !- Program Line 5
  EndIf,                                  !- Program Line 6
  EndIf,                                  !- Program Line 7
  If ((DayOfYear >= 1) && (DayOfYear <= 365)), !- Program Line 8
  If zone_clg_unmet_s > clg_unmet_hours,  !- Program Line 9
  Set clg_unmet_hours = zone_clg_unmet_s, !- Program Line 10
  EndIf,                                  !- Program Line 11
  EndIf;                                  !- Program Line 12

OS:AdditionalProperties,
  {45055027-8945-4a55-8ce6-68773816750e}, !- Handle
  {373950bc-32ed-4eab-9bed-6a6a9612a0b8}, !- Object Name
  ObjectType,                             !- Feature Name 1
  String,                                 !- Feature Data Type 1
  unmet hours program;                    !- Feature Value 1

OS:EnergyManagementSystem:ProgramCallingManager,
  {5c363b1d-75a7-43f6-bbe0-daab7cb3f590}, !- Handle
  unmet_hours_program calling manager,    !- Name
  EndOfZoneTimestepBeforeZoneReporting,   !- EnergyPlus Model Calling Point
  {373950bc-32ed-4eab-9bed-6a6a9612a0b8}; !- Program Name 1

OS:EnergyManagementSystem:Sensor,
  {c13e30c2-cc5f-4e4d-8f6b-20b0afe101dc}, !- Handle
  htg_load_cond,                          !- Name
  ,                                       !- Output Variable or Output Meter Index Key Name
  Heating:EnergyTransfer:Zone:CONDITIONED SPACE; !- Output Variable or Output Meter Name

OS:EnergyManagementSystem:Sensor,
  {180e56c5-b42d-44f8-90d1-a29ba6282547}, !- Handle
  clg_load_cond,                          !- Name
  ,                                       !- Output Variable or Output Meter Index Key Name
  Cooling:EnergyTransfer:Zone:CONDITIONED SPACE; !- Output Variable or Output Meter Name

OS:EnergyManagementSystem:Sensor,
  {6620c487-0062-4ad4-abb9-e7d0f207b5af}, !- Handle
  htg_load_duct,                          !- Name
  ,                                       !- Output Variable or Output Meter Index Key Name
  Heating:EnergyTransfer:Zone:AIR SOURCE HEAT PUMP AIRLOOP RET AIR ZONE; !- Output Variable or Output Meter Name

OS:EnergyManagementSystem:Sensor,
  {07b47f8e-f312-43d6-abb5-c766a8d2ada2}, !- Handle
  clg_load_duct,                          !- Name
  ,                                       !- Output Variable or Output Meter Index Key Name
  Cooling:EnergyTransfer:Zone:AIR SOURCE HEAT PUMP AIRLOOP RET AIR ZONE; !- Output Variable or Output Meter Name

OS:EnergyManagementSystem:Program,
  {728d9027-8ad1-488d-be93-0b01d3b41485}, !- Handle
  total_loads_program,                    !- Name
  Set loads_htg_tot = 0,                  !- Program Line 1
  Set loads_clg_tot = 0,                  !- Program Line 2
  If htg_load_cond > 0,                   !- Program Line 3
  Set loads_htg_tot = loads_htg_tot + (htg_load_cond - clg_load_cond) * 1.0, !- Program Line 4
  Set loads_htg_tot = loads_htg_tot + (htg_load_duct - clg_load_duct) * 1.0, !- Program Line 5
  EndIf,                                  !- Program Line 6
  If clg_load_cond > 0,                   !- Program Line 7
  Set loads_clg_tot = loads_clg_tot + (clg_load_cond - htg_load_cond) * 1.0, !- Program Line 8
  Set loads_clg_tot = loads_clg_tot + (clg_load_duct - htg_load_duct) * 1.0, !- Program Line 9
  EndIf;                                  !- Program Line 10

OS:AdditionalProperties,
  {f89e0125-d71f-459f-a53c-e16360b7b82a}, !- Handle
  {728d9027-8ad1-488d-be93-0b01d3b41485}, !- Object Name
  ObjectType,                             !- Feature Name 1
  String,                                 !- Feature Data Type 1
  total loads program;                    !- Feature Value 1

OS:EnergyManagementSystem:ProgramCallingManager,
  {71cacad2-d2dd-4f1a-94c5-d4cd7a0aca0d}, !- Handle
  total_loads_program calling manager,    !- Name
  EndOfZoneTimestepAfterZoneReporting,    !- EnergyPlus Model Calling Point
  {728d9027-8ad1-488d-be93-0b01d3b41485}; !- Program Name 1

OS:Output:JSON,
  {8bd85e8b-7f38-4e52-810d-52fd14ab5da2}, !- Handle
  TimeSeriesAndTabular,                   !- Option Type
  No,                                     !- Output JSON
  No,                                     !- Output CBOR
  Yes;                                    !- Output MessagePack

OS:OutputControl:Files,
  {d250860d-4f75-4333-adf9-844ab9eb7768}, !- Handle
  No,                                     !- Output CSV
  No,                                     !- Output MTR
  No,                                     !- Output ESO
  No,                                     !- Output EIO
  Yes,                                    !- Output Tabular
  No,                                     !- Output SQLite
  Yes,                                    !- Output JSON
  No,                                     !- Output AUDIT
  Yes,                                    !- Output Zone Sizing
  Yes,                                    !- Output System Sizing
  Yes,                                    !- Output DXF
  No,                                     !- Output BND
  No,                                     !- Output RDD
  No,                                     !- Output MDD
  No,                                     !- Output MTD
  No,                                     !- Output SHD
  Yes,                                    !- Output DFS
  Yes,                                    !- Output GLHE
  Yes,                                    !- Output DelightIn
  Yes,                                    !- Output DelightELdmp
  Yes,                                    !- Output DelightDFdmp
  Yes,                                    !- Output EDD
  Yes,                                    !- Output DBG
  No,                                     !- Output PerfLog
  Yes,                                    !- Output SLN
  Yes,                                    !- Output SCI
  Yes,                                    !- Output WRL
  Yes,                                    !- Output Screen
  Yes,                                    !- Output ExtShd
  Yes;                                    !- Output Tarcog

OS:Building,
  {d510ca79-4b47-4773-b576-1892ae0ec758}, !- Handle
  Building 1,                             !- Name
  ,                                       !- Building Sector Type
  ,                                       !- North Axis {deg}
  ,                                       !- Nominal Floor to Floor Height {m}
  ,                                       !- Space Type Name
  ,                                       !- Default Construction Set Name
  ;                                       !- Default Schedule Set Name

OS:AdditionalProperties,
  {4951f6e0-2238-432e-a1b3-d91689ee5348}, !- Handle
  {d510ca79-4b47-4773-b576-1892ae0ec758}, !- Object Name
  hpxml_path,                             !- Feature Name 1
  String,                                 !- Feature Data Type 1
  /var/simdata/openstudio/run/home.xml,   !- Feature Value 1
  hpxml_defaults_path,                    !- Feature Name 2
  String,                                 !- Feature Data Type 2
  /var/simdata/openstudio/run/in.xml,     !- Feature Value 2
  building_id,                            !- Feature Name 3
  String,                                 !- Feature Data Type 3
  ,                                       !- Feature Value 3
  emissions_scenario_names,               !- Feature Name 4
  String,                                 !- Feature Data Type 4
  ["LRMER_LowRECost_15"&#44 "LRMER_MidCase_15"&#44 "LRMER_HighRECost_15"&#44 "LRMER_MidCase_25"], !- Feature Value 4
  emissions_scenario_types,               !- Feature Name 5
  String,                                 !- Feature Data Type 5
  ["CO2e"&#44 "CO2e"&#44 "CO2e"&#44 "CO2e"], !- Feature Value 5
  heated_zones,                           !- Feature Name 6
  String,                                 !- Feature Data Type 6
  ["conditioned space"],                  !- Feature Value 6
  cooled_zones,                           !- Feature Name 7
  String,                                 !- Feature Data Type 7
  ["conditioned space"],                  !- Feature Value 7
  is_southern_hemisphere,                 !- Feature Name 8
  Boolean,                                !- Feature Data Type 8
  false;                                  !- Feature Value 8

